ds4: warming mapped tensor pages: 80.76 GiB
ds4: warmed tensor pages in 4.437s (checksum=651939327)
ds4: Metal device Apple M5 Max, 128.00 GiB RAM
ds4: Metal 4 tensor API enabled for Tensor kernels
ds4: drift-patch flags hc_stable=on norm_unify=on kv_raw_f32=off rope_exp2_log2=off math_safe=off tensor_matmul=on
ds4: Metal model views created in 1.739 ms, residency requested in 337.169 ms, warmup 4.176 ms (mapped 82697.67 MiB from offset 5.09 MiB)
ds4: Metal mapped mmaped model as 2 overlapping shared buffers
ds4: metal backend initialized for graph diagnostics
ds4-eval: context auto-sized to 2825 tokens (largest prompt=777 tokens, case=70, generation budget=2048)
ds4-eval: model shape DeepSeek V4 Flash
ds4-eval: context buffers 296.89 MiB (ctx=2825, backend=metal, prefill_chunk=2825, raw_kv_rows=3072, compressed_kv_rows=708)

[1/92] GPQA Diamond/Physics An intelligent civilization in the Large Magellanic Cloud has
We need to compute the proper time experienced by the astronaut traveling at v = 0.99999987c. The distance from the Large Magellanic Cloud to Earth is about 160,000 light-years. However, the problem doesn't give the distance explicitly—it gives the aliens' average lifetime (150 solar years) and the astronaut's age (22 years). The question is about whether the astronaut will survive the trip.

The key is that at such high speed, the trip time in the Earth frame is roughly distance / c, but the astronaut's proper time is much shorter due to time dilation.

The Lorentz factor γ = 1 / sqrt(1 - v²/c²).  
v/c = 0.99999987 → 1 - (v/c)² = 1 - (0.99999987)² ≈ 1 - 0.9999997400000169 ≈ 2.599999831e-7.  
So γ ≈ 1 / sqrt(2.6e-7) ≈ 1 / (5.099e-4) ≈ 1961.

If the distance to LMC is about 160,000 light-years, then Earth-frame travel time ≈ 160,000 years.  
Proper time for astronaut = 160,000 / γ ≈ 160,000 / 1961 ≈ 81.6 years.

The astronaut is 22 years old, so after 81.6 years proper time, they will be about 103.6 years old. The average alien lifetime is 150 years, so they will survive.

Thus the trip takes about 81 years from the astronaut's perspective.

The choices:  
A. 72 years  
B. 81 years  
C. The astronaut will die before reaching Earth.  
D. 77 years  

The closest is B. 81 years.

Answer: B
PASSED got B expected B (10.0s, 385 tokens)

[2/92] SuperGPQA/Agronomy In production, grass powder is often pressed into pellets , and
The sentence describes a process where grass powder is pressed into pellets, and crushed hay is processed into something called "grass cake." The most logical parallel is that crushed hay is formed into a block, similar to how grass powder becomes pellets. "A block of grass" fits the pattern.

Answer: C
PASSED got C expected C (1.6s, 60 tokens)

[3/92] AIME2025/Number Theory Find the sum of all integer bases $b>9$ for which $17_b$ is a
We are told that in base \(b\), the number \(17_b\) divides \(97_b\).  
Interpretation:  
\(17_b\) means \(1\cdot b + 7 = b+7\).  
\(97_b\) means \(9\cdot b + 7 = 9b+7\).  

We need integer bases \(b > 9\) such that  
\[
b+7 \mid 9b+7.
\]

We can use modular arithmetic:  
\(9b+7 \mod (b+7)\).  
Write \(9b+7 = 9(b+7) - 56\).  
So \(b+7 \mid 9b+7\) means \(b+7 \mid -56\), i.e., \(b+7 \mid 56\).

Thus \(b+7\) must be a positive divisor of 56. Since \(b > 9\), \(b+7 > 16\).  
Divisors of 56: 1, 2, 4, 7, 8, 14, 28, 56.  
Those greater than 16 are 28 and 56.  

So \(b+7 = 28 \Rightarrow b = 21\).  
\(b+7 = 56 \Rightarrow b = 49\).

Both are > 9. Sum: \(21 + 49 = 70\).

Answer: 70
PASSED got 70 expected 70 (7.5s, 288 tokens)

[4/92] GPQA Diamond/Physics Imagine an uncharged spherical conductor of radius $R$ having a
We have a spherical conductor with a cavity. The charge +q inside the cavity will induce opposite charges on the inner surface of the cavity and an equal positive charge on the outer surface of the conductor.  
For a point outside the conductor, the conductor's outer surface behaves as if the charge +q were at its center (since the conductor is spherical and the external field is determined by the total charge and the outer radius). However, the cavity offset does not affect the field outside because the conductor redistributes charge to cancel internal field effects.  
Thus, the field at distance L from the conductor's center is simply that of a point charge +q at the center:  
\[
E = \frac{1}{4\pi\epsilon_0} \frac{q}{L^2}
\]  
This matches choice C.

Answer: C
PASSED got C expected C (4.4s, 168 tokens)

[5/92] SuperGPQA/Engineering Given a brick masonry compression member with $e / h=0.18$;
We need to consider the given parameters: eccentricity ratio e/h = 0.18, slenderness ratio β = 17, seismic intensity 7, site class II. These indicate a moderately slender, eccentrically loaded masonry member in a seismic zone. The safest and most economical choice that provides adequate strength and ductility is a composite masonry with a reinforced concrete or reinforced mortar surface layer, which improves load-bearing and seismic performance without excessive cost.

Answer: J
PASSED got J expected J (2.5s, 95 tokens)

[6/92] AIME2025/Geometry Six points $A, B, C, D, E$ and $F$ lie in a straight line in
We have six collinear points A, B, C, D, E, F in order.  
Let’s assign coordinates to simplify. Place them on the x-axis:  
Let A = 0, and let distances between consecutive points be variables:  
AB = a, BC = b, CD = c, DE = d, EF = e.  
Then coordinates:  
A = 0  
B = a  
C = a + b  
D = a + b + c  
E = a + b + c + d  
F = a + b + c + d + e  

Given lengths:  
AC = a + b = 26  
BD = (a+b+c) - a = b + c = 22  
CE = (a+b+c+d) - (a+b) = c + d = 31  
DF = (a+b+c+d+e) - (a+b+c) = d + e = 33  
AF = a + b + c + d + e = 73  

We have:  
(1) a + b = 26  
(2) b + c = 22  
(3) c + d = 31  
(4) d + e = 33  
(5) a + b + c + d + e = 73  

From (1) and (5): 26 + c + d + e = 73 → c + d + e = 47.  
From (4): d + e = 33 → c + 33 = 47 → c = 14.  
From (2): b + 14 = 22 → b = 8.  
From (1): a + 8 = 26 → a = 18.  
From (3): 14 + d = 31 → d = 17.  
From (4): 17 + e = 33 → e = 16.  

So coordinates:  
A = 0  
B = 18  
C = 26  
D = 43  
E = 60  
F = 76  

Now G is a point not on the line. Given CG = 40, DG = 30.  
C = 26, D = 43. So CD = 43 - 26 = 17.  
We have triangle CDG with sides: CG = 40, DG = 30, CD = 17.  

Check if triangle is right? 17² + 30² = 289 + 900 = 1189, 40² = 1600, not right.  
We can find the distance from G to line CD (the x-axis). Let’s place G with coordinates (x_G, y_G).  
C = (26, 0), D = (43, 0).  
Distance from G to C: √[(x_G - 26)² + y_G²] = 40  
Distance from G to D: √[(x_G - 43)² + y_G²] = 30  

Square both:  
(x_G - 26)² + y_G² = 1600  
(x_G - 43)² + y_G² = 900  

Subtract:  
(x_G - 26)² - (x_G - 43)² = 700  
Expand: (x_G² - 52x_G + 676) - (x_G² - 86x_G + 1849) = 700  
→ (-52x_G + 676) + 86x_G - 1849 = 700  
→ 34x_G - 1173 = 700  
→ 34x_G = 1873  
→ x_G = 1873/34 = 55.088235...  

Then y_G² = 1600 - (x_G - 26)²  
x_G - 26 = 1873/34 - 884/34 = (1873 - 884)/34 = 989/34 ≈ 29.088235  
Square: (989/34)² = 978121 / 1156  
1600 = 1600 * 1156/1156 = 1849600/1156  
y_G² = (1849600 - 978121)/1156 = 871479/1156  
So y_G = √(871479/1156) = √871479 / 34.  
Check 871479 factorization: 871479 = 3 * 290493 = 3*3*96831 = 9*96831 = 9*3*32277 = 27*32277 = 27*3*10759 = 81*10759. 10759? 10759/7=1537, 1537/29=53? 29*53=1537, so 10759=7*29*53. So 871479 = 81*7*29*53 = 3^4 *7*29*53. Not a perfect square. So y_G = √871479 / 34.  

We need area of triangle BGE.  
B = (18, 0), E = (60, 0), G = (x_G, y_G).  
Base BE = 60 - 18 = 42. Height = |y_G| (since B and E on x-axis).  
Area = (1/2) * base * height = (1/2)*42*y_G = 21 * y_G.  

So area = 21 * (√871479 / 34) = (21/34) * √871479.  
Simplify √871479. Factor: 871479 = 9 * 96831 = 9 * 9 * 10759 = 81 * 10759.  
10759 = 7 * 1537 = 7 * 29 * 53. So √871479 = √(81 * 7 * 29 * 53) = 9 * √(7*29*53) = 9 * √10759.  
Thus area = (21/34) * 9 * √10759 = (189/34) * √10759.  

We need integer? Possibly the triangle BGE has integer area? Let’s check if √10759 simplifies: 10759 = 7*29*53, none are squares, so area is not integer unless 189/34 times sqrt gives integer? That would require 10759 to be a square times something, but it's not.  

Maybe we misinterpret: Points A,B,C,D,E,F are in order, but maybe distances given are not necessarily consecutive? Let’s re-check: AC = 26, BD = 22, CE = 31, DF = 33, AF = 73. Our assignment gave consistent numbers.  

Alternatively, maybe G is not necessarily above the line? But height is absolute value.  

Maybe we need to compute area differently: Use coordinates and find exact expression.  

We have y_G = √(871479)/34. 871479 = 3^2 * 96831? Actually 871479 / 9 = 96831, 96831/9=10759, so 871479 = 81 * 10759. So √871479 = 9√10759.  
Area = 21 * (9√10759 / 34) = (189√10759)/34.  

But maybe the problem expects integer? Possibly we made arithmetic slip:  
Check CG=40, DG=30, CD=17.  
Let’s compute using law of cos:  
cos ∠DCG? Not needed.  
Alternatively, find height from G to line CD:  
Use formula: For triangle with sides 40,30,17, area = ?  
Semiperimeter s = (40+30+17)/2 = 87/2 = 43.5  
Area = √[43.5 * (43.5-40)*(43.5-30)*(43.5-17)] = √[43.5 * 3.5 * 13.5 * 26.5]  
43.5 = 87/2, 3.5=7/2, 13.5=27/2, 26.5=53/2.  
Product = (87*7*27*53)/(16) = (87*7=609, 27*53=1431, product=609*1431=871479) / 16.  
Area = √(871479/16) = √871479 / 4.  
Height from CD = 2*Area / CD = 2*(√871479/4)/17 = (√871479/2)/17 = √871479 / 34.  
Matches our y_G. Good.  

Now BE = 42, height = √871479 / 34, area = 21 * √871479 / 34 = (21/34)√871479.  
Simplify √871479: 871479 = 3^2 * 96831? Actually 871479 / 9 = 96831, 96831/9=10759, so =81*10759. 10759=7*29*53. So √871479 = 9√10759.  
Area = (21*9√10759)/34 = (189√10759)/34.  

Maybe the problem expects integer? Possibly we mis-ordered points? Let’s check if B, G, E are collinear? No.  

Maybe we need to compute area using coordinates directly:  
B=(18,0), E=(60,0), G=(1873/
FAIL got 1873 expected 468 (54.6s, 2048 tokens)

[7/92] GPQA Diamond/Physics Find KE of product particles in, Pi(+) = mu(+) + nu here Pi(+)
We have the decay:  
π⁺ → μ⁺ + ν  
π⁺ at rest, so initial momentum = 0.  
Masses:  
m_π = 139.6 MeV/c²  
m_μ = 105.7 MeV/c²  
Neutrino mass ≈ 0.

Energy conservation:  
m_π c² = E_μ + E_ν  
Momentum conservation:  
p_μ = p_ν (magnitudes equal, opposite directions).

For muon: E_μ² = (p c)² + (m_μ c²)²  
For neutrino: E_ν = p c (since massless).

Let p be magnitude of momentum (×c). Then:  
E_μ = √(p² + m_μ²)  
E_ν = p  
m_π = √(p² + m_μ²) + p

Solve for p:  
m_π - p = √(p² + m_μ²)  
Square:  
(m_π - p)² = p² + m_μ²  
m_π² - 2 m_π p + p² = p² + m_μ²  
m_π² - 2 m_π p = m_μ²  
2 m_π p = m_π² - m_μ²  
p = (m_π² - m_μ²) / (2 m_π)

Compute numerically:  
m_π² = (139.6)² = 19488.16  
m_μ² = (105.7)² = 11172.49  
Difference = 19488.16 - 11172.49 = 8315.67  
Divide by 2 m_π = 2 × 139.6 = 279.2  
p = 8315.67 / 279.2 ≈ 29.78 MeV/c

Then:  
E_ν = p = 29.78 MeV (kinetic energy of neutrino, since massless).  
E_μ = √(p² + m_μ²) = √(29.78² + 105.7²)  
29.78² ≈ 886.85  
105.7² = 11172.49  
Sum = 12059.34  
√ ≈ 109.81 MeV  
KE_μ = E_μ - m_μ = 109.81 - 105.7 = 4.11 MeV.

So KE: muon ≈ 4.11 MeV, neutrino ≈ 29.78 MeV.  
Closest choice: B (4.12 MeV, 29.8 MeV).

Answer: B
PASSED got B expected B (15.2s, 573 tokens)

[8/92] SuperGPQA/Engineering What is the key factor in selecting a reasonable amount of
The key factor in selecting a reasonable amount of blasting charge is primarily related to the properties of the ore that affect how it will break. Among the choices, **ore hardness** directly influences the energy required to fracture the rock, making it a critical factor in determining the charge amount.

Answer: E
PASSED got E expected E (1.6s, 60 tokens)

[9/92] AIME2025/Geometry On $triangle ABC$ points $A, D, E$, and $B$ lie in that order on
We have triangle \(ABC\) with points on side \(AB\) in order \(A, D, E, B\) and lengths  
\(AD = 4\), \(DE = 16\), \(EB = 8\). So \(AB = 4+16+8 = 28\).  

On side \(AC\) in order \(A, F, G, C\) with lengths  
\(AF = 13\), \(FG = 52\), \(GC = 26\). So \(AC = 13+52+26 = 91\).

We have \(M\) = reflection of \(D\) through \(F\), so \(F\) is midpoint of \(DM\).  
Similarly \(N\) = reflection of \(G\) through \(E\), so \(E\) is midpoint of \(GN\).

Quadrilateral \(DEGF\) has area \(288\). We need area of heptagon \(AFNBCEM\).

---

**Step 1: Coordinates setup**  
Let’s place coordinates for convenience.  
Let \(A = (0,0)\).  
Let \(B\) be on x-axis: \(B = (28,0)\).  
Let \(C\) be somewhere: \(C = (c_x, c_y)\) with \(AC = 91\). We can set \(C = (91,0)\)? That would make AC horizontal, but then triangle degenerate? Actually we need general triangle. Let’s keep \(C\) at \((91,0)\) for simplicity? But then points D, E on AB and F, G on AC are collinear with A–B and A–C. That’s fine: triangle ABC with A at origin, B at (28,0), C at (91,0) is degenerate (collinear). So we need non-collinear. Let’s set \(C = (p, q)\) with \(q>0\) and distance from A = 91. Choose \(C = (0,91)\)? Then AC vertical, AB horizontal. That works: A=(0,0), B=(28,0), C=(0,91). Then AB horizontal, AC vertical.

---

**Step 2: Coordinates of points**  
A=(0,0).  
AB: from A to B: points D, E:  
AD=4 → D=(4,0).  
DE=16 → E=(20,0).  
EB=8 → B=(28,0).  

AC: from A to C: points F, G:  
AF=13 → F=(0,13).  
FG=52 → G=(0,65).  
GC=26 → C=(0,91).

---

**Step 3: M and N**  
M = reflection of D through F: F is midpoint of DM.  
D=(4,0), F=(0,13). Let M=(x_M, y_M). Then F = ((4+x_M)/2, (0+y_M)/2) = (0,13).  
So (4+x_M)/2 = 0 → x_M = -4.  
(0+y_M)/2 = 13 → y_M = 26.  
Thus M = (-4,26).

N = reflection of G through E: E is midpoint of GN.  
G=(0,65), E=(20,0). Let N=(x_N, y_N). Then E = ((0+x_N)/2, (65+y_N)/2) = (20,0).  
So x_N/2 = 20 → x_N = 40.  
(65+y_N)/2 = 0 → y_N = -65.  
Thus N = (40, -65).

---

**Step 4: Quadrilateral DEGF**  
Vertices: D=(4,0), E=(20,0), G=(0,65), F=(0,13).  
Order DEGF: D→E→G→F? The problem says quadrilateral DEGF has area 288. Let’s compute area.

Points: D(4,0), E(20,0), G(0,65), F(0,13).  
Shoelace (order D-E-G-F):  
x: 4,20,0,0  
y: 0,0,65,13  
Sum1 = 4*0 + 20*65 + 0*13 + 0*0 = 0+1300+0+0=1300  
Sum2 = 0*20 + 0*0 + 65*0 + 13*4 = 0+0+0+52=52  
Area = |1300-52|/2 = 1248/2 = 624.  

But problem says area is 288. So our coordinates give 624, not 288. That means triangle ABC is not right-angled as we assumed; we need to scale or adjust so that DEGF area = 288.

---

**Step 5: Adjust coordinates**  
We have lengths along AB and AC fixed, but angle between AB and AC can vary. Let’s set coordinates:  
A=(0,0).  
B=(28,0) on x-axis.  
Let C = (c_x, c_y) with c_y>0, and AC = 91. So c_x^2 + c_y^2 = 91^2 = 8281.  

Points:  
D = A + (4/28)*B = (4,0) (since AB horizontal).  
E = A + (20/28)*B = (20,0).  
F = A + (13/91)*C = (13/91 * c_x, 13/91 * c_y).  
G = A + (65/91)*C = (65/91 * c_x, 65/91 * c_y).  

M = reflection of D through F: F = midpoint of D and M → M = 2F - D.  
N = reflection of G through E: E = midpoint of G and N → N = 2E - G.

---

**Step 6: Quadrilateral DEGF area**  
Vertices: D=(4,0), E=(20,0), G=(65/91 * C), F=(13/91 * C).  
Let vector C = (c_x, c_y).  
Let’s compute area via shoelace. Coordinates:  
D=(4,0), E=(20,0), G=(65c_x/91, 65c_y/91), F=(13c_x/91, 13c_y/91).  

Shoelace order D-E-G-F:  
x: 4, 20, 65c_x/91, 13c_x/91  
y: 0, 0, 65c_y/91, 13c_y/91  

Sum1 = 4*0 + 20*(65c_y/91) + (65c_x/91)*(13c_y/91) + (13c_x/91)*0  
= 0 + (1300c_y/91) + (65*13 c_x c_y)/(91^2) + 0  
= (1300c_y/91) + (845 c_x c_y)/(8281).  

Sum2 = 0*20 + 0*(65c_x/91) + (65c_y/91)*(13c_x/91) + (13c_y/91)*4  
= 0 + 0 + (65*13 c_x c_y)/(91^2) + (52c_y/91)  
= (845 c_x c_y)/(8281) + (52c_y/91).  

Area = |Sum1 - Sum2|/2 = | (1300c_y/91) - (52c_y/91) | /2  
= | (1248c_y/91) | /2 = (1248|c_y|)/(182).  

Since c_y>0, area = (1248 c_y)/(182) = simplify: divide numerator and denominator by 2: 624c_y/91.  

Given area = 288 → 624c_y/91 = 288 → c_y = 288 * 91 / 624.  
Simplify: 288/624 = 3/6.5? Let’s compute: 288/624 = divide by 48: 6/13? 48*6=288, 48*13=624 → yes 6/13.  
So c_y = (6/13)*91 = 6*7 = 42.  

Thus c_y = 42. Then AC^2 = c_x^2 + 42^2 = 91^2 = 8281 → c_x^2 = 8281 - 1764 = 6517.  
c_x = sqrt(6517). Not a nice integer, but we may not need exact c_x for final area.

---

**Step 7: Coordinates with c_y=42**  
C = (c_x, 42).  
F = (13c_x/91, 13*42/91) = (c_x/7, 6) because 13*42=546, /91=6.  
G = (65c_x/91, 65*42/91) = (5c_x/7, 30) because 65*42=2730, /91=30.  

D=(4,0), E=(20,0).  

M = 2F - D = (2c_x/7 - 4, 12 - 0) = (2c_x/7 - 
FAIL got 7 expected 588 (55.7s, 2048 tokens)

[10/92] GPQA Diamond/Physics For a magnetic field \vec{B}, parallel to Oz, with small values
We are asked to compare the paramagnetic coupling term \(\langle H \rangle\) with the transition energy \(\Delta E\) for a hydrogen atom transition with wavelength \(\lambda = 0.4861 \, \mu\text{m}\).

First, compute \(\Delta E\) from the wavelength:
\[
\Delta E = \frac{hc}{\lambda}
\]
Using \(h = 6.626 \times 10^{-34} \, \text{J·s}\), \(c = 3.0 \times 10^8 \, \text{m/s}\), \(\lambda = 0.4861 \times 10^{-6} \, \text{m}\):
\[
\Delta E = \frac{(6.626 \times 10^{-34})(3.0 \times 10^8)}{0.4861 \times 10^{-6}} \approx \frac{1.9878 \times 10^{-25}}{4.861 \times 10^{-7}} \approx 4.09 \times 10^{-19} \, \text{J}
\]
In eV (1 eV = \(1.602 \times 10^{-19} \, \text{J}\)):  
\(\Delta E \approx \frac{4.09 \times 10^{-19}}{1.602 \times 10^{-19}} \approx 2.55 \, \text{eV}\).

Now the paramagnetic coupling term (Zeeman term) for small \(m\) and \(B=1 \, \text{T}\):
\[
H_{\text{param}} = -\vec{\mu} \cdot \vec{B} = -\mu_B m B
\]
with \(\mu_B = 9.274 \times 10^{-24} \, \text{J/T}\). For small \(m\), say \(m=0\) or \(\pm 1\), the magnitude is:
\[
|\langle H \rangle| \approx \mu_B B \approx 9.274 \times 10^{-24} \, \text{J}
\]
In eV: \(9.274 \times 10^{-24} / 1.602 \times 10^{-19} \approx 5.79 \times 10^{-5} \, \text{eV}\).

Comparing:
\[
5.79 \times 10^{-5} \, \text{eV} \ll 2.55 \, \text{eV}
\]
Thus \(\langle H \rangle \ll \Delta E\).

Answer: B
PASSED got B expected B (13.8s, 508 tokens)

[11/92] SuperGPQA/Law What is the concept called that suggests crime can be reduced
The concept that suggests crime can be reduced by altering the physical features of an environment is known as "defensible space." This term was popularized by architect Oscar Newman, referring to the design of residential areas to encourage residents to naturally monitor and protect their surroundings, thereby reducing crime.

Answer: A
PASSED got A expected A (1.6s, 59 tokens)

[12/92] AIME2025/Combinatorics The 9 members of a baseball team went to an ice-cream parlor
We have 9 players, each chooses chocolate (C), vanilla (V), or strawberry (S).  
Let counts be \(c, v, s\) with \(c+v+s=9\),  
\(c > v > s \ge 1\).  

Possible triples (c,v,s) with c>v>s≥1 and sum 9:  

- If s=1: c+v=8, c>v≥2 → possible v=2,3?  
  v=2 → c=6 (6>2>1) works.  
  v=3 → c=5 (5>3>1) works.  
  v=4 → c=4 (not >). So (6,2,1) and (5,3,1).  

- If s=2: c+v=7, c>v>2 → v=3 → c=4 (4>3>2) works.  
  v=4 → c=3 (not >). So (4,3,2).  

- s=3: c+v=6, c>v>3 → v=4 → c=2 (not >). So none.  

So only three distributions:  
(6,2,1), (5,3,1), (4,3,2).  

For each, number of assignments = multinomial coefficient:  
\(\frac{9!}{c!\,v!\,s!}\).  

- (6,2,1): \(\frac{9!}{6!2!1!} = \frac{362880}{720 \cdot 2} = \frac{362880}{1440} = 252\).  
- (5,3,1): \(\frac{9!}{5!3!1!} = \frac{362880}{120 \cdot 6} = \frac{362880}{720} = 504\).  
- (4,3,2): \(\frac{9!}{4!3!2!} = \frac{362880}{24 \cdot 6 \cdot 2} = \frac{362880}{288} = 1260\).  

Sum N = 252 + 504 + 1260 = 2016.  

Remainder when divided by 1000: 2016 mod 1000 = 16.  

Answer: 16
PASSED got 16 expected 16 (13.3s, 501 tokens)

[13/92] GPQA Diamond (modified)/Physics What is the energy of the Relativistic Heavy Ion Collider (RHIC)
We need to find the kinetic energy of a lithium nucleus (Li) with 3 extra neutrons, meaning it's an isotope of lithium.  
Lithium normally has 3 protons and 4 neutrons (⁷Li) or 3 protons and 3 neutrons (⁶Li). "Li with 3 neutrons" means total neutrons = 3, so it's ⁶Li (3 protons, 3 neutrons).  

Mass of ⁶Li:  
- 3 protons: 3 × 1.007276 u = 3.021828 u  
- 3 neutrons: 3 × 1.008665 u = 3.025995 u  
Total = 6.047823 u, but actual atomic mass of ⁶Li is about 6.015 u (binding energy reduces it).  
Better: known mass of ⁶Li = 6.015122 u (from data).  

We need speed v = 0.96c.  
Relativistic kinetic energy:  
\[
\gamma = \frac{1}{\sqrt{1 - v^2/c^2}} = \frac{1}{\sqrt{1 - 0.96^2}} = \frac{1}{\sqrt{1 - 0.9216}} = \frac{1}{\sqrt{0.0784}} = \frac{1}{0.28} \approx 3.57142857
\]  
Mass energy of ⁶Li:  
\[
m c^2 = 6.015122 \, \text{u} \times 931.494 \, \text{MeV/u} \approx 5602.0 \, \text{MeV} \quad (\text{more precisely: } 6.015122 \times 931.494 = 5602.0?)
\]  
Let's compute: 6.015122 × 931.494 = (6.015122 × 931) + (6.015122 × 0.494) ≈ 5600.078 + 2.971 = 5603.049 MeV.  
Better: 6.015122 × 931.494 = 5603.0? Actually 6.015122 * 931.494 = let's do:  
6.015122 * 900 = 5413.6098  
6.015122 * 31 = 186.468782  
6.015122 * 0.494 = 2.97147  
Sum = 5413.6098 + 186.468782 = 5600.078582, + 2.97147 = 5603.050052 MeV.  
So m c² ≈ 5603.050 MeV.  

Kinetic energy = (γ - 1) m c² = (3.57142857 - 1) × 5603.050 = 2.57142857 × 5603.050.  
Compute: 2.57142857 × 5603.050 = (2.57142857 × 5600) + (2.57142857 × 3.05)  
2.57142857 × 5600 = 2.57142857 × 56 × 100 = (144.0?) Actually 2.57142857 × 5600 = 14400.0? Let's do precisely:  
2.57142857 × 5600 = 2.57142857 × 56 × 100. 2.57142857 × 56 = 2.57142857 × 50 = 128.5714285, plus 2.57142857 × 6 = 15.42857142, sum = 144.0 exactly? 128.5714285+15.42857142=144.0000. So ×100 = 14400.0.  
Then 2.57142857 × 3.05 = 2.57142857 × 3 = 7.71428571, plus 2.57142857 × 0.05 = 0.1285714285, sum = 7.8428571385.  
Total = 14400 + 7.842857 = 14407.842857 MeV ≈ 14.408 GeV. That seems too low compared to options (~20 GeV).  

Maybe the question means the total energy (including rest mass) or the kinetic energy per nucleon? Or perhaps the nucleus is accelerated as a whole, and the energy given is the kinetic energy of the entire nucleus. But 14.4 GeV is not among choices.  

Alternatively, maybe "X" is defined as Li with 3 neutrons meaning 3 extra neutrons beyond the standard? That would be ⁷Li? Actually Li has 3 protons, standard ⁷Li has 4 neutrons, so "with 3 neutrons" could mean total neutrons = 3 → ⁶Li. But if it's "Li with 3 neutrons" might be ambiguous.  

Maybe they intend the mass number = 3+3=6, but the mass is taken as 6 u exactly? If we use m = 6 u × 931.494 = 5588.964 MeV. Then γ = 3.57142857, KE = (γ-1)*5588.964 = 2.57142857*5588.964 = 2.57142857*5588.964.  
2.57142857*5588.964 = 2.57142857*5588 + 2.57142857*0.964.  
2.57142857*5588 = 2.57142857*5000=12857.14285, +2.57142857*588=1512.0? Actually 2.57142857*588 = 2.57142857*600=1542.857142, minus 2.57142857*12=30.85714284, gives 1512.0. Sum = 12857.14285+1512=14369.14285. Then 2.57142857*0.964 = 2.57142857*(1 - 0.036) = 2.57142857 - 0.092571428 = 2.478857142. Total = 14369.14285+2.478857 = 14371.6217 MeV ≈ 14.372 GeV. Still not matching.

Maybe they want total energy E = γ m c² = 3.57142857 * 5588.964 = 19960.0? Compute: 3.57142857*5588.964 = 3.57142857*5588 + 3.57142857*0.964.  
3.57142857*5588 = 3.57142857*5000=17857.14285, +3.57142857*588=2100.0? 3.57142857*588 = 3.57142857*600=2142.857142, minus 3.57142857*12=42.85714284, gives 2100.0. Sum = 17857.14285+2100=19957.14285. Then 3.57142857*0.964 = 3.57142857*(1-0.036)=3.57142857-0.128571428=3.442857142. Total = 19957.14285+3.442857=19960.5857 MeV ≈ 19.961 GeV. That is close to 20.011 GeV? Slight difference.  

If we use exact mass of ⁶Li = 6.015122 u, total energy = γ * 5603.050 = 3.57142857*5603.050 = 3.57142857*5600=20000.0? Actually 3.57142857*5600 = 3.57142857*56*100 = (200.0? Let's compute: 3.57142857*56 = 3.57142857*50=178.5714285, +3.57142857*6=21.42857142, sum=200.0 exactly. So *100 = 20000.0. Then 3.57142857*3.05 = 10.8928571? Actually 3.57142857*3 = 10.71428571, +3.57142857*0.05=0.1785714285, sum=10.89285714. Total = 20010.892857 MeV ≈ 20.011 GeV. That matches option A exactly.  

Thus the energy is total energy (kinetic + rest) of the nucleus, and the mass used is the actual atomic mass of ⁶Li.  

Therefore answer is A.  

Answer: A
PASSED got A expected A (50.6s, 1887 tokens)

[14/92] SuperGPQA/Literature and Arts Which character book did the Eastern Han person Xu Shen innovate
The Eastern Han person Xu Shen is famous for his character dictionary "Shuowen Jiezi" (說文解字), which organized characters by radicals. The correct answer is "Shuowen Jiezi".

Answer: J
PASSED got J expected J (1.3s, 49 tokens)

[15/92] AIME2025/Combinatorics Four unit squares form a $2times 2$ grid. Each of the $12$ unit
We have a 2×2 grid of unit squares. There are 12 unit segments (edges) in total.  
Each square must have exactly 2 red sides and 2 blue sides.  

We need to count the number of colorings of the 12 edges (each either red or blue) satisfying that condition for all 4 squares.

---

**Step 1 – Understanding constraints**  
Label the squares:  
- Square A: bottom-left (coordinates (0,0) to (1,1))  
- Square B: bottom-right (1,0) to (2,1)  
- Square C: top-left (0,1) to (1,2)  
- Square D: top-right (1,1) to (2,2)  

Edges:  
- Outer boundary: 8 edges (top, bottom, left, right of whole grid)  
- Inner edges: 4 edges (vertical and horizontal middle lines)

---

**Step 2 – Condition per square**  
Each square has 4 edges. Exactly 2 red, 2 blue.  
So for each square, the number of red edges = 2.

---

**Step 3 – Relating constraints**  
Let’s denote variables for each edge:  
- Outer edges: a1 (bottom-left horizontal), a2 (bottom-right horizontal), a3 (top-left horizontal), a4 (top-right horizontal), b1 (left vertical bottom), b2 (left vertical top), b3 (right vertical bottom), b4 (right vertical top)  
- Inner edges: c1 (vertical middle between left and right squares, bottom half), c2 (vertical middle, top half), d1 (horizontal middle between bottom and top squares, left half), d2 (horizontal middle, right half)

---

**Step 4 – Equations**  
For square A (bottom-left): edges are a1, b1, c1, d1.  
Red count: a1 + b1 + c1 + d1 = 2 (mod 2 not needed, exact equality).  

Square B (bottom-right): edges a2, b3, c1, d2 → a2 + b3 + c1 + d2 = 2.  

Square C (top-left): edges a3, b2, c2, d1 → a3 + b2 + c2 + d1 = 2.  

Square D (top-right): edges a4, b4, c2, d2 → a4 + b4 + c2 + d2 = 2.

---

**Step 5 – Symmetry and counting**  
We can try to count systematically. Each edge is binary (0=blue, 1=red).  
Total assignments: \(2^{12} = 4096\).  
We need to count those satisfying the 4 equations.

---

**Step 6 – Solve linear equations over integers**  
Let’s treat variables as 0/1.  
Equations:  
(1) a1 + b1 + c1 + d1 = 2  
(2) a2 + b3 + c1 + d2 = 2  
(3) a3 + b2 + c2 + d1 = 2  
(4) a4 + b4 + c2 + d2 = 2  

We can sum all four:  
(a1+a2+a3+a4) + (b1+b2+b3+b4) + 2c1 + 2c2 + 2d1 + 2d2 = 8.  
Let S_outer = sum of all 8 outer edges. Then S_outer + 2(c1+c2+d1+d2) = 8.  
So S_outer must be even. Also c1+c2+d1+d2 = (8 - S_outer)/2.

---

**Step 7 – Count by cases**  
We can brute force logically:  
Let x = c1, y = c2, u = d1, v = d2.  
Then equations become:  
(1) a1 + b1 = 2 - x - u  
(2) a2 + b3 = 2 - x - v  
(3) a3 + b2 = 2 - y - u  
(4) a4 + b4 = 2 - y - v  

Each right-hand side must be between 0 and 2 inclusive, and each pair (a_i, b_j) are independent binary variables summing to that value.

---

**Step 8 – Count assignments for given (x,y,u,v)**  
For a sum s (0,1,2), number of ways to assign two bits to sum s:  
- s=0: 1 way (0,0)  
- s=1: 2 ways (1,0) or (0,1)  
- s=2: 1 way (1,1)  

So each equation contributes factor f(s) where s = 2 - x - u etc.

---

**Step 9 – Enumerate (x,y,u,v) ∈ {0,1}^4**  
We need each s in {0,1,2}. So 2 - x - u ∈ {0,1,2} ⇒ x+u ∈ {0,1,2}. Since x,u ∈ {0,1}, x+u ∈ {0,1,2} always possible. Similarly for others.

List all 16 combos and compute product of f values.

---

**Step 10 – Compute**  
Let’s do systematically:

Case (x,y,u,v):  
- (0,0,0,0): s1=2, s2=2, s3=2, s4=2 → 1*1*1*1 = 1  
- (0,0,0,1): s1=2, s2=1, s3=2, s4=1 → 1*2*1*2 = 4  
- (0,0,1,0): s1=1, s2=2, s3=1, s4=2 → 2*1*2*1 = 4  
- (0,0,1,1): s1=1, s2=1, s3=1, s4=1 → 2*2*2*2 = 16  
- (0,1,0,0): s1=2, s2=2, s3=1, s4=1 → 1*1*2*2 = 4  
- (0,1,0,1): s1=2, s1? Wait careful:  
  x=0,y=1,u=0,v=1:  
  s1=2-0-0=2 →1  
  s2=2-0-1=1 →2  
  s3=2-1-0=1 →2  
  s4=2-1-1=0 →1  
  product = 1*2*2*1 = 4  
- (0,1,1,0): x=0,y=1,u=1,v=0:  
  s1=2-0-1=1 →2  
  s2=2-0-0=2 →1  
  s3=2-1-1=0 →1  
  s4=2-1-0=1 →2  
  product = 2*1*1*2 = 4  
- (0,1,1,1): x=0,y=1,u=1,v=1:  
  s1=1 →2, s2=1 →2, s3=0 →1, s4=0 →1 → 2*2*1*1 = 4  
- (1,0,0,0): x=1,y=0,u=0,v=0:  
  s1=2-1-0=1 →2  
  s2=2-1-0=1 →2  
  s3=2-0-0=2 →1  
  s4=2-0-0=2 →1 → 2*2*1*1 = 4  
- (1,0,0,1): x=1,y=0,u=0,v=1:  
  s1=1→2, s2=0→1, s3=2→1, s4=1→2 → 2*1*1*2 = 4  
- (1,0,1,0): x=1,y=0,u=1,v=0:  
  s1=0→1, s2=1→2, s3=1→2, s4=2→1 → 1*2*2*1 = 4  
- (1,0,1,1): x=1,y=0,u=1,v=1:  
  s1=0→1, s2=0→1, s3=1→2, s4=1→2 → 1*1*2*2 = 4  
- (1,1,0,0): x=1,y=1,u=0,v=0:  
  s1=1→2, s2=1→2, s3=1→2, s4=1→2 → 16  
- (1,1,0,1): x=1,y=1,u=0,v=1:  
  s1=1→2, s2=0→1, s3=1→2
FAIL got 2 expected 82 (54.3s, 2048 tokens)

[16/92] GPQA Diamond/Chemistry Determine the pH of the solution of 500 mL of 0.1 M CH3COOH, 400
We need to determine the pH after mixing the three solutions.

**Step 1: Calculate moles of each species.**

- CH₃COOH: 0.500 L × 0.1 M = 0.050 mol (weak acid, will not fully dissociate)
- HCl: 0.400 L × 0.2 M = 0.080 mol (strong acid, gives H⁺)
- Ba(OH)₂: 0.300 L × 0.3 M = 0.090 mol (strong base, gives 2 OH⁻ per Ba(OH)₂ → 0.180 mol OH⁻)

**Step 2: Neutralization.**  
H⁺ from HCl: 0.080 mol  
OH⁻ from Ba(OH)₂: 0.180 mol  
Excess OH⁻ = 0.180 – 0.080 = 0.100 mol OH⁻

**Step 3: Reaction with acetic acid.**  
CH₃COOH + OH⁻ → CH₃COO⁻ + H₂O  
0.050 mol CH₃COOH reacts with 0.050 mol OH⁻, leaving 0.050 mol CH₃COO⁻.  
Remaining OH⁻ = 0.100 – 0.050 = 0.050 mol OH⁻.

**Step 4: Total volume.**  
500 + 400 + 300 = 1200 mL = 1.200 L

**Step 5: Concentrations.**  
[OH⁻] = 0.050 / 1.200 = 0.0416667 M  
pOH = –log(0.0416667) ≈ 1.38  
pH = 14 – 1.38 = 12.62

**Final answer:**  
Answer: D. 12.62

**Final line:**  
Answer: D
PASSED got D expected D (10.1s, 389 tokens)

[17/92] SuperGPQA/Medicine Fresh Rehmannia has a light orange exterior and a fleshy
The description of Fresh Rehmannia indicates it has a fleshy texture and is easy to break. Among the choices, the most fitting continuation is about its taste, which is known to be slightly sweet and slightly bitter.

Answer: I
PASSED got I expected I (1.3s, 48 tokens)

[18/92] AIME2025/Algebra Find the number of ordered pairs $(x,y)$, where both $x$ and $y$
We have the equation:

\[
12x^2 - xy - 6y^2 = 0
\]

Factor it as a quadratic in \(x\) and \(y\).  
Treat it as:

\[
12x^2 - xy - 6y^2 = (3x + 2y)(4x - 3y) = 0
\]

Check:  
\((3x+2y)(4x-3y) = 12x^2 -9xy + 8xy -6y^2 = 12x^2 - xy - 6y^2\). Yes.

So either:

\[
3x + 2y = 0 \quad \text{or} \quad 4x - 3y = 0
\]

**Case 1:** \(3x + 2y = 0 \implies y = -\frac{3}{2}x\).  
For integer \(x\) and \(y\), \(x\) must be even. Let \(x = 2k\), then \(y = -3k\).  
Range: \(-100 \le 2k \le 100\) and \(-100 \le -3k \le 100\).  
From \(2k\): \(-50 \le k \le 50\).  
From \(-3k\): \(-100 \le -3k \le 100\) → multiply by -1 (flip inequalities): \( -100 \le 3k \le 100\) → \(-33.33... \le k \le 33.33...\).  
So integer \(k\) from \(-33\) to \(33\). That gives \(33 - (-33) + 1 = 67\) values.

**Case 2:** \(4x - 3y = 0 \implies y = \frac{4}{3}x\).  
For integer \(y\), \(x\) must be multiple of 3. Let \(x = 3m\), then \(y = 4m\).  
Range: \(-100 \le 3m \le 100\) → \(-33.33... \le m \le 33.33...\) → integer \(m\) from \(-33\) to \(33\).  
Also \(-100 \le 4m \le 100\) → \(-25 \le m \le 25\).  
So \(m\) from \(-25\) to \(25\) gives \(25 - (-25) + 1 = 51\) values.

**Overlap:** Solutions satisfying both \(3x+2y=0\) and \(4x-3y=0\)? Solve system:  
\(3x+2y=0\) and \(4x-3y=0\) → from second: \(y = \frac{4}{3}x\), plug into first: \(3x + 2\cdot\frac{4}{3}x = 3x + \frac{8}{3}x = \frac{17}{3}x = 0\) → \(x=0\), then \(y=0\). So only \((0,0)\) is common.  
Counted in both cases, so subtract 1.

Total ordered pairs: \(67 + 51 - 1 = 117\).

Answer: 117

**Final line:**  
Answer: 117
PASSED got 117 expected 117 (17.8s, 686 tokens)

[19/92] GPQA Diamond/Physics The universe is filled with the Cosmic Microwave Background.
We need the threshold energy for pair production:  
A photon of energy \(E_\gamma\) collides with a CMB photon of average energy \(\epsilon \approx 10^{-3} \,\text{eV}\).  
The threshold condition for \(\gamma\gamma \to e^+e^-\) is  
\[
E_\gamma \epsilon \gtrsim (m_e c^2)^2
\]  
in natural units, or more precisely:  
\[
E_\gamma \ge \frac{(m_e c^2)^2}{\epsilon}
\]  
with \(m_e c^2 = 0.511 \,\text{MeV} = 5.11\times 10^5 \,\text{eV}\).  
So  
\[
E_\gamma \ge \frac{(5.11\times 10^5)^2}{10^{-3}} \,\text{eV}
= \frac{2.61\times 10^{11}}{10^{-3}} \,\text{eV}
= 2.61\times 10^{14} \,\text{eV}.
\]  
Converting to GeV: \(10^{14} \,\text{eV} = 10^5 \,\text{GeV}\), so  
\[
E_\gamma \approx 2.61\times 10^5 \,\text{GeV}.
\]  
That matches choice B.

**Final answer:**  
Answer: B
PASSED got B expected B (7.6s, 293 tokens)

[20/92] SuperGPQA/Engineering Given the system $H(s)=(s+k)/(s^2+2s+k)$ is
We are told the system is minimum phase. For a transfer function to be minimum phase, all poles and zeros must be in the open left-half plane (strictly negative real parts).  

Given:  
\[
H(s) = \frac{s+k}{s^2 + 2s + k}
\]  

**Zeros:**  
Zero at \(s = -k\). For minimum phase, we need \(-k < 0\) → \(k > 0\).  

**Poles:**  
Denominator: \(s^2 + 2s + k = 0\).  
For poles to be strictly left-half plane, the quadratic must have positive coefficients and no right-half plane roots.  
- Coefficient of \(s\) is 2 > 0.  
- Constant term \(k\) must be > 0 for stability (since Routh test: all coefficients positive ensures no sign changes).  
Also, if \(k\) is positive, the real parts are \(-1 \pm \sqrt{1 - k}\). For \(0 < k \le 1\), roots are real and negative; for \(k > 1\), roots are complex with real part \(-1\) (still negative). So poles are stable for \(k > 0\).  

Thus both conditions require \(k > 0\).  

The correct choice is **E. \(k>0\)**.

Answer: E
PASSED got E expected E (7.4s, 285 tokens)

[21/92] AIME2025/Algebra The product $$prod_{k=4}^{63} frac{log_k left(5^{k^2 -
We are given the product:

\[
\prod_{k=4}^{63} \frac{\log_k \left(5^{k^2 - 1}\right)}{\log_{k+1} \left(5^{k^2 - 4}\right)}
\]

First, simplify each term using the change of base property. Recall:

\[
\log_a (b^c) = c \cdot \log_a b
\]

So:

\[
\log_k (5^{k^2 - 1}) = (k^2 - 1) \log_k 5
\]
\[
\log_{k+1} (5^{k^2 - 4}) = (k^2 - 4) \log_{k+1} 5
\]

Thus each factor becomes:

\[
\frac{(k^2 - 1) \log_k 5}{(k^2 - 4) \log_{k+1} 5}
\]

Now use the change of base: \(\log_k 5 = \frac{\ln 5}{\ln k}\), \(\log_{k+1} 5 = \frac{\ln 5}{\ln (k+1)}\). The \(\ln 5\) cancels, leaving:

\[
\frac{k^2 - 1}{k^2 - 4} \cdot \frac{\ln(k+1)}{\ln k}
\]

So the product is:

\[
\prod_{k=4}^{63} \frac{k^2 - 1}{k^2 - 4} \cdot \prod_{k=4}^{63} \frac{\ln(k+1)}{\ln k}
\]

The second product telescopes:

\[
\frac{\ln 64}{\ln 4}
\]

Now the first product:

\[
\prod_{k=4}^{63} \frac{k^2 - 1}{k^2 - 4} = \prod_{k=4}^{63} \frac{(k-1)(k+1)}{(k-2)(k+2)}
\]

Write out terms to see cancellation:

For \(k=4\): \(\frac{3\cdot5}{2\cdot6}\)  
\(k=5\): \(\frac{4\cdot6}{3\cdot7}\)  
\(k=6\): \(\frac{5\cdot7}{4\cdot8}\)  
...  
\(k=63\): \(\frac{62\cdot64}{61\cdot65}\)

Notice:

- Numerator factors: from \(k=4\) to \(63\), we get \((k-1)\) from 3 to 62, \((k+1)\) from 5 to 64.
- Denominator factors: \((k-2)\) from 2 to 61, \((k+2)\) from 6 to 65.

Cancelling:

- Numerator's 3..62 cancels with denominator's 3..62? Let's check carefully.

Denominator has (k-2) for k=4..63 → values 2,3,...,61.  
Numerator has (k-1) for k=4..63 → values 3,4,...,62.

So numerator's 3..61 cancels denominator's 3..61, leaving numerator factor 62 and denominator factor 2.

Similarly, numerator (k+1) for k=4..63 → 5,6,...,64.  
Denominator (k+2) for k=4..63 → 6,7,...,65.

So numerator's 6..64 cancels denominator's 6..64, leaving numerator factor 5 and denominator factor 65.

Thus the product simplifies to:

\[
\frac{62 \cdot 5}{2 \cdot 65} \cdot \frac{\ln 64}{\ln 4}
\]

Simplify \(\frac{62 \cdot 5}{2 \cdot 65} = \frac{310}{130} = \frac{31}{13}\).

Now \(\frac{\ln 64}{\ln 4} = \frac{\ln(2^6)}{\ln(2^2)} = \frac{6 \ln 2}{2 \ln 2} = 3\).

So total product = \(\frac{31}{13} \cdot 3 = \frac{93}{13}\).

Thus \(m=93\), \(n=13\), relatively prime, sum = \(93+13 = 106\).

Answer: 106
PASSED got 106 expected 106 (23.8s, 916 tokens)

[22/92] GPQA Diamond/Chemistry You are analyzing a small peptidic compound that has been
The NMR shows two peaks for the same alpha-proton with equal integrals, ruling out coupling. LC-MS at elevated temperature shows two peaks with identical mass spectra, ruling out impurities or enantiomers (which are not separable by LC). The most likely explanation is a mixture of diastereoisomers, which have different physical properties and can be separated by LC, and their alpha-protons can have slightly different chemical shifts in NMR.

Answer: B
PASSED got B expected B (2.3s, 89 tokens)

[23/92] SuperGPQA/Sociology Which unit initially hosted the 'Ethnic Research' journal,
The journal "Ethnic Research" (民族研究) is a well-known academic journal in China, originally hosted by the Institute of Ethnology and Anthropology (民族研究所) under the Chinese Academy of Social Sciences. The correct name is "Institute of Ethnology and Anthropology, Chinese Academy of Social Sciences."

Answer: B
PASSED got B expected B (1.6s, 63 tokens)

[24/92] AIME2025/Combinatorics, Number Theory There are $8!= 40320$ eight-digit positive integers that use
We need to count 8-digit numbers using digits 1–8 exactly once that are divisible by 22.  
Divisible by 22 means divisible by 2 and by 11.

**Step 1 – Divisibility by 2**  
The last digit must be even. Even digits among {1,...,8} are {2,4,6,8}. So last digit ∈ {2,4,6,8}.

**Step 2 – Divisibility by 11**  
For an 8-digit number with digits \(d_1 d_2 \dots d_8\), the alternating sum  
\((d_1 - d_2 + d_3 - d_4 + d_5 - d_6 + d_7 - d_8)\) must be a multiple of 11 (0, ±11, …).  
Since digits are 1–8, the sum of all digits is \(1+2+\cdots+8 = 36\).  
Let \(S_{\text{odd}} = d_1+d_3+d_5+d_7\) and \(S_{\text{even}} = d_2+d_4+d_6+d_8\).  
Then \(S_{\text{odd}} - S_{\text{even}} \equiv 0 \pmod{11}\).  
Also \(S_{\text{odd}} + S_{\text{even}} = 36\).  
So \(S_{\text{odd}} - S_{\text{even}} = 2S_{\text{odd}} - 36\).  
We need \(2S_{\text{odd}} - 36 \equiv 0 \pmod{11}\) → \(2S_{\text{odd}} \equiv 36 \pmod{11}\).  
36 mod 11 = 3, so \(2S_{\text{odd}} \equiv 3 \pmod{11}\). Multiply both sides by inverse of 2 mod 11 (which is 6):  
\(S_{\text{odd}} \equiv 3 \cdot 6 = 18 \equiv 7 \pmod{11}\).  
So \(S_{\text{odd}} \equiv 7 \pmod{11}\).  
Possible \(S_{\text{odd}}\) values: Since 4 distinct digits from 1..8, min sum = 1+2+3+4=10, max = 5+6+7+8=26.  
Numbers ≡ 7 mod 11 in that range: 18? 7, 18, 29... Only 18 fits.  
Thus \(S_{\text{odd}} = 18\) and \(S_{\text{even}} = 36-18 = 18\).  
So both odd and even position sums must be 18.

**Step 3 – Counting with last digit even**  
We need to count permutations of {1..8} into positions 1..8 such that:  
- Sum of digits in odd positions = 18  
- Sum of digits in even positions = 18  
- Last digit (position 8) is even.

Let’s denote positions: odd: 1,3,5,7; even: 2,4,6,8.

We need to choose 4 digits for odd positions summing to 18, the rest go to even positions summing to 18. Then arrange within each set.

**Step 4 – Count subsets summing to 18**  
Total digits 1..8 sum 36, so any 4-digit subset summing to 18 works.  
List all 4-element subsets of {1,...,8} with sum 18.

Possible subsets (sorted):  
- {1,2,7,8}=18  
- {1,3,6,8}=18  
- {1,4,5,8}=18  
- {1,4,6,7}=18  
- {1,5,6,6? no}  
- {2,3,5,8}=18  
- {2,3,6,7}=18  
- {2,4,5,7}=18  
- {2,4,6,6? no}  
- {3,4,5,6}=18  

Check systematically:  
1+2+7+8=18  
1+3+6+8=18  
1+4+5+8=18  
1+4+6+7=18  
2+3+5+8=18  
2+3+6+7=18  
2+4+5+7=18  
3+4+5+6=18  

That’s 8 subsets.

**Step 5 – Assign to odd/even positions**  
For each subset, it can be the odd-position set or the even-position set. But we also have the last digit constraint: position 8 (even) must be even. So we need to count arrangements where the even-position set contains at least one even digit in position 8.

We can count total arrangements without last-digit restriction, then subtract those with odd last digit.

**Total arrangements for a given subset assignment**:  
If we fix which 4 digits go to odd positions, the other 4 go to even positions.  
Odd positions can be arranged in \(4!\) ways, even positions in \(4!\) ways.  
For each subset choice, we can assign it to odd positions or to even positions (2 ways). So total permutations for a given subset = \(2 \times 4! \times 4! = 2 \times 24 \times 24 = 1152\).  
With 8 subsets, total without last-digit condition = \(8 \times 1152 = 9216\).

**Step 6 – Apply last-digit even condition**  
We need position 8 (last digit) to be even. Let’s count how many of the 9216 have last digit even.

We can count directly: For each subset, we assign to odd/even positions. The even positions are {2,4,6,8}. We need the digit in position 8 to be even.

Approach: Count total arrangements with last digit even.

We can instead count: For each valid subset, the even-position set has 4 digits. Among those, some are even. We need to count permutations where position 8 gets an even digit.

Let’s do systematically:

List the 8 subsets and their even digits:

Subsets (4 digits) – we consider them as possible even-position sets (since odd/even assignment is symmetric except for last digit constraint). Actually both assignments possible, but we can handle by counting for each subset as even set, then multiply by arrangements.

Better: For each of the 8 subsets, consider it as the set for even positions. Then count permutations of even positions with last digit even. Then multiply by arrangements of odd positions (4! = 24). Then also consider the subset as odd set (then even set is complement), and count similarly.

Let’s list subsets and their complements (the even-position set if subset is odd set):

Subsets S (odd set) and complement C (even set):

1. S={1,2,7,8}, C={3,4,5,6} → even digits in C: 4,6 → 2 evens  
2. S={1,3,6,8}, C={2,4,5,7} → evens in C: 2,4 → 2 evens  
3. S={1,4,5,8}, C={2,3,6,7} → evens in C: 2,6 → 2 evens  
4. S={1,4,6,7}, C={2,3,5,8} → evens in C: 2,8 → 2 evens  
5. S={2,3,5,8}, C={1,4,6,7} → evens in C: 4,6 → 2 evens  
6. S={2,3,6,7}, C={1,4,5,8} → evens in C: 4,8 → 2 evens  
7. S={2,4,5,7}, C={1,3,6,8} → evens in C: 6,8 → 2 evens  
8. S={3,4,5,6}, C={1,2,7,8} → evens in C: 2,8 → 2 evens  

So each complement (even set) has exactly 2 even digits.

Now count arrangements for even positions (4 positions) with last digit even:  
We have 4 digits in even set, with exactly 2 even digits.  
Number of permutations where position 8 (last of even positions) is even:  
Total permutations of 4 digits = 24.  
Probability last digit is even = (# even digits)/4 = 2/4 = 1/2. So count = 24 × 1/2 = 12.

Thus for each subset as odd set, even-set arrangements with last even = 12. Odd-set arrangements = 4! = 24. So per subset (as odd set) = 12 × 24 = 288.

Similarly, if we take subset as even set (swap roles), then the even set is the subset itself. Each subset also has exactly 2 even digits (check:  
Subset1: evens 2,8 → 2; Subset2: evens 6,8 → 2; Subset3: evens 4,8 → 2; Subset4: evens 4,6 → 2;
FAIL got 2 expected 279 (54.4s, 2048 tokens)

[25/92] GPQA Diamond/Chemistry Substance X, known for incorporating a heavier isotope of one of
We need to identify Substance X.  
- It incorporates a heavier isotope of one of its constituent elements.  
- Reacts violently with liquid Y, releasing gas W whose molecule has equal numbers of neutrons and protons.  
- A precipitate G forms; when heated, G releases B.  
- Melting point of B under normal conditions is very close to 277 K (which is about 4°C, so B is likely water? 273 K is freezing, 277 K is ~4°C, density maximum of water).  
- The product of reaction of a certain keto acid with X contains 2 oxygen atoms.  
- X and its close analog are used as reagents in organic chemistry.  

Equal neutrons and protons in W: For a diatomic molecule, each atom must have equal protons and neutrons. That means the atom is likely \( ^{12}C \) (6p,6n) or \( ^{16}O \) (8p,8n) or \( ^{14}N \) (7p,7n). But W is a gas. Common gas with equal p and n: CO? CO has C and O; C has 6p,6n; O has 8p,8n → not equal per molecule? Actually molecule total: CO has 14p,14n? C:6p6n, O:8p8n → total 14p14n, yes equal. So W could be CO.  

Reaction: X + liquid Y → gas W (CO) + precipitate G. G when heated releases B (water, mp ~277K). So G likely a hydroxide or hydrated compound that decomposes to water.  

X incorporates heavier isotope: Possibly deuterium? Or maybe lithium? Heavier isotope of hydrogen is deuterium. X could be LiAlH4? But that contains H, not necessarily heavier isotope. Or maybe NaBH4?  

Keto acid reaction with X gives product with 2 oxygen atoms. Keto acid + reducing agent? If X is a reducing agent like LiAlH4 or NaBH4, reduction of keto acid gives alcohol? But alcohol has 3 oxygens? Actually keto acid has -COOH and C=O, reduction gives -OH and CHOH, still 3 oxygens? Wait, if it's a keto acid like pyruvic acid (CH3COCOOH), reduction with LiAlH4 gives CH3CHOHCOOH? That has 3 oxygens. But product contains 2 atoms of oxygen? Possibly decarboxylation?  

Alternatively, X might be a Grignard reagent? But Grignard reagents contain Mg and halogen. Heavier isotope? Could be Mg with heavier isotope?  

Let's think: "very close analog is used as a reagent in organic chemistry" – maybe DIBAL-H? Or something like that.  

Substance X incorporates heavier isotope: Could be D2O? But D2O reacts violently with liquid Y? D2O + something gives CO? Not likely.  

Maybe X is "heavy" water? But heavy water reacts with something to give CO? No.  

Consider: X = CaC2? Calcium carbide? Heavier isotope of carbon? CaC2 reacts with water to give C2H2 (acetylene). Acetylene molecule: C2H2 has 12p,12n? C:6p6n each, H:1p0n → total 14p12n, not equal. So not.  

X = Mg? Heavier isotope Mg? Mg reacts with CO2? No.  

Let's decode: Gas W molecule has same number of neutrons and protons. That is true for CO (14 each), also for N2 (14p,14n), also for H2? H2 has 2p,0n, not equal. So W could be CO or N2.  

Precipitate G heated releases B with mp ~277K → water. So G likely a metal hydroxide that decomposes to oxide + water.  

Reaction: X + liquid Y → CO + metal hydroxide. Liquid Y could be water? But water is liquid Y? Then X reacts violently with water to give CO and a precipitate? That seems unlikely.  

Maybe Y is an acid? Or Y is something else.  

Consider: X = LiAlH4? It reacts with water violently: LiAlH4 + 4H2O → LiOH + Al(OH)3 + 4H2. Gas is H2, not CO. Not.  

X = NaBH4? Similar.  

X = DIBAL-H? (diisobutylaluminum hydride) reacts with water?  

Maybe X is a compound with heavier isotope of chlorine? Or bromine?  

Another clue: "product of reaction of a certain keto acid with substance X contains 2 atoms of oxygen." Keto acid has at least 3 oxygens (COOH and C=O). Reduction might remove one oxygen? If X is a reducing agent that removes CO to CH2? That would give 2 oxygens? For example, pyruvic acid (C3H4O3) reduced to lactic acid (C3H6O3) still 3 oxygens. If decarboxylation occurs, product could have 2 oxygens.  

Maybe X is a decarboxylating agent?  

Consider: X = "heavy" water? D2O? Reaction with keto acid? Not.  

Let's think of known reagents: "Substance X and its very close analog is used as a reagent in organic chemistry." Close analog could be something like LiAlH4 and NaBH4? But those don't incorporate heavier isotope.  

Maybe X is "deuterated" version of a common reagent, like D2O? But D2O is not violently reactive with liquid Y.  

Perhaps X is "deuterium gas"? D2? Reacts with something?  

Wait: "heavier isotope of one of its constituent elements" – could be carbon-13 or carbon-14? But then X might be a compound with labeled carbon.  

Let's search for a reaction: violent reaction with liquid Y, release CO, precipitate G that on heating gives water. That sounds like a reaction of a metal carbonate with acid? But carbonate + acid gives CO2, not CO. CO is produced from formic acid dehydration? Or from oxalic acid?  

Maybe X is a metal formate? But formate + acid gives formic acid, not CO directly.  

Consider: X = "heavy" calcium carbide? CaC2 with heavier carbon? But reaction with water gives C2H2, not CO.  

Another possibility: X = "heavy" magnesium? Mg reacts with CO2? Mg + CO2 → MgO + C? But that gives carbon, not CO.  

Let's think systematically: Gas W with equal p and n: CO (14p,14n), N2 (14p,14n), also possibly C2H2? C2H2: 12p+2p=14p, 12n+0=12n, not equal. So only CO or N2.  

Precipitate G heated gives water: likely a hydroxide. So G is M(OH)x.  

Reaction: X + Y → CO + M(OH)x.  

What X contains heavier isotope? Could be a metal hydride with deuterium? But then gas would be HD or D2, not CO.  

Maybe X is a cyanide? Cyanide + acid gives HCN? HCN has 1p+6p+7p=14p, 0n+6n+7n=13n, not equal.  

Consider: X = "heavy" sodium cyanide? NaCN with heavier carbon? Reaction with acid gives HCN, not CO.  

Another idea: X = "heavy" oxalic acid? But oxalic acid is solid, not violently reactive.  

Let's look at the melting point of B: 277 K = 4°C. That is water's density maximum temperature, but melting point of water is 273 K. So B is not water; it's something with mp ~277 K. What has mp ~4°C? Possibly something like acetic acid? mp 16.6°C, no. Maybe something like "heavy water"? D2O mp 3.82°C (276.97 K). Yes! Heavy water melts at about 277 K. So B is D2O! That fits: B is heavy water.  

So precipitate G when heated releases heavy water (D2O). That means G contains deuterium. And X incorporates a heavier isotope, likely deuterium. So X is a deuterated compound.  

Now, gas W molecule has same number of neutrons and protons. If W is CO, then C and O both have equal p and n? For CO, total p=14, n=14. But if deuterium is involved, maybe W is something like D2? D2 has 2p,2n? Actually deuterium: 1p,1n. So D2 molecule: 2p,2n → equal! Yes! D2 gas has equal protons and neutrons (2 each). So W could be D2.  

Thus: X reacts violently with liquid Y, releasing D2 gas, and forming precipitate G which on heating releases D2O.  

So X likely is a metal deuteride? Or a deuterated compound that reacts with water? But liquid Y could be water? Then X + H2O → D2 + metal hydroxide? That would require X to contain deuterium and metal. For example, if X is a metal deuteride like LiD? LiD + H2O → LiOH + D2? But
FAIL got D expected C (55.1s, 2048 tokens)

[26/92] SuperGPQA/Science Evaluate the definite integral of the absolute logarithm
We need to evaluate  
\[
\int_{1/e}^{e} |\ln x| \, dx.
\]  
The function \(|\ln x|\) changes at \(x=1\) because \(\ln x\) is negative for \(x<1\) and positive for \(x>1\). So split the integral:

\[
\int_{1/e}^{1} (-\ln x) \, dx + \int_{1}^{e} \ln x \, dx.
\]

First part:  
\[
\int_{1/e}^{1} -\ln x \, dx = \left[ -x \ln x + x \right]_{1/e}^{1}.
\]  
At \(x=1\): \(-1\cdot 0 + 1 = 1\).  
At \(x=1/e\): \(-\frac{1}{e} \ln(1/e) + \frac{1}{e} = -\frac{1}{e}(-1) + \frac{1}{e} = \frac{1}{e} + \frac{1}{e} = \frac{2}{e}\).  
So the first part is \(1 - \frac{2}{e}\).

Second part:  
\[
\int_{1}^{e} \ln x \, dx = \left[ x \ln x - x \right]_{1}^{e}.
\]  
At \(x=e\): \(e\cdot 1 - e = 0\).  
At \(x=1\): \(1\cdot 0 - 1 = -1\).  
So the second part is \(0 - (-1) = 1\).

Total:  
\[
\left(1 - \frac{2}{e}\right) + 1 = 2 - \frac{2}{e}.
\]

Thus the answer is \(2 - 2/e\), which corresponds to choice C.

Answer: C
PASSED got C expected C (10.3s, 388 tokens)

[27/92] AIME2025/Geometry An isosceles trapezoid has an inscribed circle tangent to each
We have an isosceles trapezoid with an inscribed circle (incircle) of radius \(3\) and area \(72\).  
Let the parallel sides be \(r\) and \(s\) (\(r \neq s\)), and the non-parallel sides equal.

For a tangential quadrilateral (one with an incircle), the sum of lengths of opposite sides are equal.  
If the legs are each length \(L\), then  
\[
r + s = L + L = 2L
\]  
So  
\[
L = \frac{r+s}{2}
\]

The area of a trapezoid with parallel sides \(r, s\) and height \(h\) is  
\[
A = \frac{r+s}{2} \cdot h
\]  
Given \(A = 72\), we have  
\[
\frac{r+s}{2} \cdot h = 72
\]

For an incircle of radius \(3\) in a tangential quadrilateral, the area also equals  
\[
A = \frac{\text{perimeter}}{2} \cdot r_{\text{in}}
\]  
The perimeter \(P = r + s + 2L = r + s + (r+s) = 2(r+s)\).  
Thus  
\[
72 = \frac{2(r+s)}{2} \cdot 3 = (r+s) \cdot 3
\]  
So  
\[
r+s = 24
\]

Now from area:  
\[
\frac{24}{2} \cdot h = 12h = 72 \implies h = 6
\]

The legs have length \(L = \frac{24}{2} = 12\).  
In an isosceles trapezoid, the horizontal projection of each leg is \(\frac{|s-r|}{2}\).  
By Pythagoras:  
\[
L^2 = h^2 + \left( \frac{s-r}{2} \right)^2
\]  
\[
12^2 = 6^2 + \frac{(s-r)^2}{4}
\]  
\[
144 = 36 + \frac{(s-r)^2}{4}
\]  
\[
108 = \frac{(s-r)^2}{4} \implies (s-r)^2 = 432
\]  
We have \(r+s=24\) and \((s-r)^2 = 432\).  
Then  
\[
r^2 + s^2 = \frac{(r+s)^2 + (s-r)^2}{2} = \frac{24^2 + 432}{2} = \frac{576 + 432}{2} = \frac{1008}{2} = 504
\]

Answer: 504
PASSED got 504 expected 504 (14.8s, 555 tokens)

[28/92] GPQA Diamond/Chemistry Identify the possible product when
We are given a bicyclic system: (1S,4R)-2-vinyl-2-azabicyclo[2.2.1]hept-5-ene.  
The Cope rearrangement is a [3,3]-sigmatropic rearrangement. Here, the vinyl group is attached to the nitrogen, and the system contains a double bond in the bridge. The rearrangement will involve the vinyl and the double bond in the ring, forming a new ring system.

Drawing the structure:  
The bicyclic system has a nitrogen at position 2, with a vinyl substituent. The [2.2.1] hept-5-ene means there is a double bond between C5 and C6. The Cope rearrangement will connect the vinyl to the other end of the diene system, expanding the ring.

After rearrangement, the product is a fused cyclopenta[c]pyridine system. The stereochemistry (1S,4R) influences which tetrahydro isomer forms. The correct product from the given options is the one with the double bond in the 7,7a position relative to the pyridine ring, which corresponds to **4,4a,7,7a-tetrahydro-1H-cyclopenta[c]pyridine**.

Thus the answer is D.

Answer: D
PASSED got D expected D (7.1s, 268 tokens)

[29/92] SuperGPQA/Engineering On a certain satellite channel, the sender transmits frames with
We need to compute throughput for different window sizes.  
Given:  
- Frame length = 512 bytes = 4096 bits  
- Data rate = 64 kb/s  
- Propagation delay = 270 ms  
- Acknowledgment is very short (negligible transmission time).  

First, transmission time for one frame:  
\( t_{tx} = \frac{4096 \text{ bits}}{64{,}000 \text{ b/s}} = 0.064 \text{ s} = 64 \text{ ms} \)  

Round-trip time (RTT) = 2 × propagation delay = 540 ms.  

For stop-and-wait (window size = 1):  
Throughput = \(\frac{\text{frame size}}{\text{total cycle time}}\)  
Total cycle time = \( t_{tx} + \text{RTT} = 64 + 540 = 604 \text{ ms} \)  
Throughput = \(\frac{4096}{0.604} \approx 6781.5 \text{ b/s} \approx 6.8 \text{ kb/s}\)  

For window size \(W\), throughput = \(\frac{W \times \text{frame size}}{t_{tx} + \text{RTT}}\) if \(W\) is small enough that the sender is not always transmitting. But we must check if the window fills the pipe.  

Bandwidth-delay product:  
Data rate × RTT = 64 kb/s × 0.54 s = 34.56 kb = 34,560 bits.  
Frame size = 4096 bits.  
Number of frames to fill pipe = \(\frac{34,560}{4096} \approx 8.44\). So window sizes 1, 7 are below pipe capacity; 17 and 117 are above.  

For W=7:  
Throughput = \(\frac{7 \times 4096}{0.604} \approx \frac{28672}{0.604} \approx 47470 \text{ b/s} \approx 47.5 \text{ kb/s}\)  

For W=17 and W=117, the sender transmits continuously at 64 kb/s (since window > pipe capacity). So throughput = 64 kb/s.  

Thus results:  
W=1: 6.8 kb/s  
W=7: 47.5 kb/s  
W=17: 64 kb/s  
W=117: 64 kb/s  

This matches option C.  

Answer: C
PASSED got C expected C (13.9s, 529 tokens)

[30/92] AIME2025/Algebra, Geometry Circle $omega_1$ with radius $6$ centered at point $A$ is
We are told:

- ω₁ radius = 6, center A.
- ω₂ radius = 15, internally tangent to ω₁ at B.
- BC is a diameter of ω₂, BC ⟂ AD.
- Rectangle EFGH inscribed in ω₁, EF ⟂ BC.
- Triangles DGF and CHG have equal area.
- Find area of rectangle EFGH as m/n reduced, then m+n.

---

**Step 1 – Coordinates setup**

Let A = (0,0). ω₁: x² + y² = 36.

ω₂ radius 15, internally tangent at B. Since BC is diameter of ω₂, B is on ω₂ and ω₁.  
The distance AB = 6. For internal tangency, centers are along line from A to B. Let O₂ be center of ω₂. Then O₂B = 15, AB = 6, and O₂A = 15 - 6 = 9. So O₂ is 9 units from A, opposite direction from B? Wait: B is point of tangency, so A, B, O₂ collinear with B between A and O₂? For internal tangency, the smaller circle inside larger, so A is inside ω₂. Actually ω₁ radius 6 inside ω₂ radius 15, tangent at B. So A is inside ω₂, B is on both circles. The line from O₂ through B to A: O₂B = 15, BA = 6, so O₂A = 15 - 6 = 9. So O₂ is 9 from A, B is between A and O₂? Let’s set coordinates: Let A = (0,0). Let B = (6,0) (so AB = 6 along positive x). Then O₂ must be along AB line, but B between A and O₂? Actually O₂B = 15, so O₂ is 15 from B. Since AB = 6, O₂ is 15 - 6 = 9 from A, but in direction from B away from A? If B = (6,0), then O₂ = (6+15,0) = (21,0) gives O₂A = 21, not 9. So B must be between A and O₂: A to B is 6, B to O₂ is 15, so O₂ is 9 from A? No: A to O₂ = 15 - 6 = 9, so O₂ is 9 from A, but B is between them? That would put B at distance 6 from A, O₂ at distance 9 from A, so B is between A and O₂? Then AB=6, AO₂=9, so BO₂ = 3, not 15. Contradiction.  

So internal tangency: ω₁ inside ω₂, tangent at B. So A is inside ω₂, B on both. The line from O₂ through B to A: O₂ to B is radius 15, B to A is 6, so O₂ to A is 15 - 6 = 9. So O₂ is 9 from A, B is between O₂ and A? Actually O₂—B—A: O₂B=15, BA=6, so O₂A = 9. So O₂ is 9 from A, B is 6 from A, so B is between A and O₂? No: if O₂—B—A, then O₂A = O₂B + BA = 15+6=21. So that’s not it. If A—B—O₂, then AB=6, BO₂=15, AO₂=21. That gives AO₂=21, not 9. So the only way AO₂=9 is if O₂—A—B? Then O₂A=9, AB=6, O₂B=15? That works: O₂A=9, AB=6 gives O₂B=15. So O₂, A, B collinear with A between O₂ and B. So O₂ is 9 from A opposite direction from B. Let’s set A=(0,0), B=(6,0). Then O₂ is at (-9,0). Check: O₂A = 9, AB=6, O₂B = 9+6=15. Good.

So ω₂ center O₂ = (-9,0), radius 15.

BC is a diameter of ω₂, so C is opposite B on ω₂: B=(6,0), O₂=(-9,0), so C = (-9 - (6 - (-9)?) Actually vector from O₂ to B is (15,0). So opposite is (-15,0) from O₂: C = (-9-15,0)=(-24,0). So C = (-24,0).

BC ⟂ AD. BC is horizontal, so AD is vertical. D lies on ω₂. ω₂: (x+9)² + y² = 225. AD vertical through A=(0,0): x=0. Plug: (0+9)² + y² = 225 → 81 + y² = 225 → y² = 144 → y = ±12. Which one? Diagram shows D above, so D=(0,12).

---

**Step 2 – Rectangle EFGH in ω₁**

ω₁: x²+y²=36. EF ⟂ BC, BC horizontal, so EF vertical. Rectangle sides vertical/horizontal. So EFGH has vertical sides EF and GH, horizontal sides FG and EH. Inscribed: vertices on circle.

Let rectangle width = 2a (horizontal), height = 2b (vertical). Center at A=(0,0) for symmetry? Not necessarily, but rectangle inscribed in circle centered at origin with sides vertical/horizontal means center is at origin. Because symmetry: if rectangle with vertical/horizontal sides is inscribed in circle centered at origin, its center must be origin. So vertices: (±a, ±b). Which labeling? Diagram: E=(5,-3.3166), F=(5,3.3166), G=(-5,3.3166), H=(-5,-3.3166). So a=5, b≈3.3166. Indeed a²+b²=36 → 25+11=36, b=√11 ≈ 3.3166. So rectangle is symmetric about origin.

Given: EF ⟂ BC (vertical), C is closer to GH than to EF, D is closer to FG than to EH. Check: C=(-24,0), GH is left side x=-5, EF is right side x=5. C is left, so closer to GH (distance 19) than to EF (distance 29). D=(0,12), FG is top side y= b, EH is bottom y=-b. D is above, so closer to FG (distance 12-b) than to EH (distance 12+b). So consistent.

---

**Step 3 – Triangles DGF and CHG equal area**

Vertices: D=(0,12), G=(-5,b), F=(5,b). Triangle DGF: points D, G, F.  
C=(-24,0), H=(-5,-b), G=(-5,b). Triangle CHG: points C, H, G.

Area condition: area(DGF) = area(CHG).

Compute area using coordinates.

Area(DGF): vertices D(0,12), G(-5,b), F(5,b).  
Base GF horizontal length = 10, height from D to line GF: GF is y=b, D y=12, vertical distance = 12-b. So area = (1/2)*10*(12-b) = 5(12-b).

Area(CHG): vertices C(-24,0), H(-5,-b), G(-5,b).  
Base GH vertical length = 2b, from x=-5. C x=-24, horizontal distance to line GH: GH is x=-5, so distance = 19. Area = (1/2)*2b*19 = 19b.

Set equal: 5(12-b) = 19b → 60 - 5b = 19b → 60 = 24b → b = 60/24 = 5/2 = 2.5.

But earlier from circle: a²+b²=36 → a² = 36 - (2.5)² = 36 - 6.25 = 29.75 = 119/4. So a = √(119)/2. Then rectangle area = (2a)(2b) = 4ab = 4*(√119/2)*(5/2) = 4*(5√119/4) = 5√119. That’s not rational m/n. So something off: b from area equality gave b=2.5, but diagram b≈3.3166. So maybe rectangle not centered? Let’s re-evaluate.

---

**Step 4 – Rectangle not necessarily centered**

If rectangle EFGH inscribed in ω₁ with sides vertical/horizontal, but not necessarily centered at origin, then vertices are (x₀±a, y₀±b) with (x₀,y₀) center. Condition: all four points on circle: (x₀±a)² + (y₀±b)² = 36. This gives two equations: (x₀+a)²+(y₀+b)²=36 and (x₀-a)²
FAIL got 36 expected 293 (54.8s, 2048 tokens)

[31/92] GPQA Diamond/Chemistry In an experiment, a researcher reacted
Let’s analyze the reaction step-by-step.

The starting material is ((2,2-dimethylbut-3-en-1-yl)oxy)benzene. This is an aryl ether with an alkene in the alkyl chain.  
When treated with HBr, the alkene can undergo electrophilic addition. However, the oxygen of the ether can also participate in a rearrangement under acidic conditions (similar to a Claisen rearrangement or protonation-driven cyclization).

Given the structure:  
- The alkene is at the 3,4-position relative to the oxygen.  
- Under HBr, the alkene can add Br⁻ and H⁺, but the carbocation formed can rearrange (due to the gem-dimethyl group) or be attacked by the oxygen lone pair to form a cyclic product.

The two new spots on TLC suggest two distinct products.  
Option C shows **3,3,4-trimethylchromane** and **3-isopropyl-3-methyl-2,3-dihydrobenzofuran** — these are cyclic products formed via intramolecular attack of the oxygen on a carbocation intermediate, followed by rearrangement. This is a classic acid-catalyzed cyclization of an unsaturated aryl ether.

The other options (A, B, D) are linear addition or substitution products, which are less likely under these conditions because the oxygen can stabilize a nearby carbocation and cyclize.

Thus, the correct answer is **C**.

Answer: C
PASSED got C expected C (7.6s, 295 tokens)

[32/92] SuperGPQA/Engineering What is the diffusion coefficient for coper in aluminum at 600
We need the diffusion coefficient for copper in aluminum at 600°C.  
Given:  
- Preexponential \( D_0 = 6.5 \times 10^{-5} \, \text{m}^2/\text{s} \)  
- Activation energy \( Q = 136,000 \, \text{J/mol} \)  
- Temperature \( T = 600^\circ\text{C} = 873.15 \, \text{K} \)  
- Gas constant \( R = 8.314 \, \text{J/(mol·K)} \)  

The diffusion coefficient is:  
\[
D = D_0 \exp\left(-\frac{Q}{RT}\right)
\]  
Compute exponent:  
\[
\frac{Q}{RT} = \frac{136000}{8.314 \times 873.15} \approx \frac{136000}{7260.5} \approx 18.73
\]  
So:  
\[
D = 6.5 \times 10^{-5} \times e^{-18.73}
\]  
\( e^{-18.73} \approx 7.5 \times 10^{-9} \) (more precisely, using calculation: \( e^{-18.73} \approx 7.2 \times 10^{-9} \)).  
Then:  
\[
D \approx 6.5 \times 10^{-5} \times 7.2 \times 10^{-9} = 4.68 \times 10^{-13} \, \text{m}^2/\text{s}
\]  
This matches choice J: \( 4.7 \times 10^{-13} \).  

Answer: J
PASSED got J expected J (9.0s, 349 tokens)

[33/92] AIME2025/Combinatorics The twelve letters $A$,$B$,$C$,$D$,$E$,$F$,$G$,$H$,$I$,$J$,$K$,
We are grouping 12 distinct letters into 6 unordered pairs.  
Each pair is ordered alphabetically, then the 6 pairs are sorted alphabetically as words.  
We want probability that the last word (alphabetically largest) contains G.

**Step 1: Total number of pairings**  
Number of ways to partition 12 distinct items into 6 unordered pairs:  
\[
\frac{12!}{(2!)^6 \cdot 6!} = \frac{479001600}{64 \cdot 720} = \frac{479001600}{46080} = 10395
\]  
Check:  
\[
\frac{12!}{2^6 \cdot 6!} = \frac{479001600}{64 \cdot 720} = \frac{479001600}{46080} = 10395
\]  
Yes.

**Step 2: Counting favorable outcomes**  
We want the last word (largest alphabetically among the 6 two-letter words) to contain G.  
Since words are alphabetically ordered, the last word is the one with the largest first letter; if there is a tie on first letter, then larger second letter decides.

The letters are A–L. The largest possible first letter is L. If L is paired with something, that word will start with L and be last unless there is another word starting with L (impossible since only one L). So the last word will be the pair containing L, unless L is not in a pair? But L is always in some pair. So the last word is always the pair containing L.  
Wait: Could a pair starting with K beat a pair starting with L? No, L > K. So indeed the last word is always the pair containing L.  
Thus the last word contains G iff G is paired with L.

**Step 3: Probability**  
We need probability that G and L are paired together.  
Total number of pairings: 10395.  
Number of pairings where G and L are together: First pair G and L, then pair the remaining 10 letters into 5 pairs. Number of ways:  
\[
\frac{10!}{(2!)^5 \cdot 5!} = \frac{3628800}{32 \cdot 120} = \frac{3628800}{3840} = 945
\]  
So probability = \( \frac{945}{10395} \). Simplify:  
Divide numerator and denominator by 105: 945/105 = 9, 10395/105 = 99? Let's check: 10395 / 105 = 99 exactly? 105*99 = 10395 yes. So = 9/99 = 1/11.  
Thus m=1, n=11, m+n=12.

**Step 4: Final answer**  
Answer: 12

We must output exactly:  
Answer: 12
FAIL got 12 expected 821 (15.7s, 611 tokens)

[34/92] GPQA Diamond/Physics A synchrocyclotron is a special type of cyclotron. A proton is
We need to determine the number of revolutions a proton makes in a synchrocyclotron to reach 950 MeV from rest, given an accelerating voltage of 190 kV per turn and an initial phase of π/4.

In a synchrocyclotron, the frequency is modulated to keep resonance, but here the voltage is alternating with a phase. The energy gain per acceleration is \( qU_0 \cos(\Phi_0) \) for the first acceleration if the phase is fixed. However, the problem says "two accelerations" to reach 950 MeV, which might mean two separate accelerating gaps per revolution? Actually, a synchrocyclotron typically has one accelerating gap per revolution. The phrasing "undergoes two accelerations" might mean the proton is accelerated twice in total? But that would give only 2 × 190 kV = 380 keV, far less than 950 MeV. So it must be that each revolution it passes the accelerating gap once, gaining up to \( qU_0 \) per turn, but the effective gain depends on phase.

Given \( U_0 = 190 \text{ kV} \) and \( \Phi_0 = \pi/4 \), the maximum energy gain per turn if the phase were zero would be 190 keV. But with phase π/4, the gain per turn is \( qU_0 \cos(\pi/4) = 190 \times 0.7071 \approx 134.35 \text{ keV} \). However, the problem says the proton undergoes two accelerations to reach 950 MeV. Possibly "two accelerations" means it goes through the accelerating region twice per revolution? Or it means the proton is accelerated in two stages? Let's read carefully: "A proton is injected at t=0 with negligible kinetic energy, i.e. T≃0 undergoes two accelerations in the accelerator to reach the kinetic energy T1=950MeV." This might mean that the proton is accelerated twice (maybe in two separate gaps) per revolution, so each revolution it gets 2 × 190 kV × cos(π/4) = 268.7 keV. Then number of revolutions = 950 MeV / 0.2687 MeV ≈ 3536. That matches choice B.

Alternatively, if only one acceleration per revolution, then gain per turn = 190 × cos(π/4) = 134.35 keV, revolutions = 950 / 0.13435 ≈ 7071, not in choices. So the interpretation of "two accelerations" likely means two gaps per revolution, each with voltage U0, so total gain per revolution = 2U0 cos(Φ0) = 2 × 190 × 0.7071 = 268.7 kV. Then number of revolutions = 950 MeV / 0.2687 MeV ≈ 3536.

Thus answer is B.

Answer: B
PASSED got B expected B (15.5s, 602 tokens)

[35/92] SuperGPQA/Engineering A channel samples once every 1/8 second, and the transmission
We are told the channel samples once every 1/8 second, so the sampling rate is 8 samples per second.  
Each sample can represent one of 16 different states.  
With 16 states, each sample carries log₂(16) = 4 bits of information.  
Thus the maximum data rate is 8 samples/s × 4 bits/sample = 32 bits per second.

Answer: I
PASSED got I expected I (2.2s, 85 tokens)

[36/92] AIME2025/Number Theory Let $A$ be the set of positive integer divisors of $2025$. Let
We are asked:  
Let \(A\) be the set of positive integer divisors of \(2025\). Let \(B\) be a randomly selected subset of \(A\). The probability that \(B\) is a nonempty set with the property that the least common multiple of its elements is \(2025\) is \(\frac{m}{n}\), where \(m\) and \(n\) are relatively prime positive integers. Find \(m + n\).

---

**Step 1: Prime factorization of 2025**  
\(2025 = 3^4 \cdot 5^2\).

Divisors of \(2025\) are numbers of the form \(3^a \cdot 5^b\) where \(0 \le a \le 4\), \(0 \le b \le 2\).  
Total number of divisors: \((4+1)(2+1) = 5 \times 3 = 15\).

---

**Step 2: Condition for LCM = 2025**  
For a subset \(B\) of divisors, \(\operatorname{lcm}(B) = 2025\) means:

- For prime 3: the maximum exponent among elements in \(B\) must be exactly 4.
- For prime 5: the maximum exponent among elements in \(B\) must be exactly 2.

Thus, \(B\) must contain at least one divisor with \(3^4\) (i.e., \(3^4 \cdot 5^b\) for some \(b\)) and at least one divisor with \(5^2\) (i.e., \(3^a \cdot 5^2\) for some \(a\)). Also, no element can have exponent >4 for 3 or >2 for 5 (impossible anyway since all are divisors).

---

**Step 3: Counting subsets satisfying condition**  

Let’s categorize divisors by exponent pairs \((a,b)\):

- \(a=0,1,2,3,4\)  
- \(b=0,1,2\)

We need at least one element with \(a=4\) and at least one with \(b=2\).

Divisors with \(a=4\): \((4,0), (4,1), (4,2)\) → 3 divisors.  
Divisors with \(b=2\): \((0,2), (1,2), (2,2), (3,2), (4,2)\) → 5 divisors.  
Note: \((4,2)\) is in both sets.

---

**Step 4: Inclusion-Exclusion**  

Total subsets (nonempty) = \(2^{15} - 1 = 32768 - 1 = 32767\).

We want subsets that contain at least one from the \(a=4\) set and at least one from the \(b=2\) set.

Let \(U\) = all subsets (including empty).  
Let \(X\) = subsets with no element having \(a=4\).  
Let \(Y\) = subsets with no element having \(b=2\).

We want subsets with at least one \(a=4\) AND at least one \(b=2\):

Count = total subsets - subsets missing \(a=4\) - subsets missing \(b=2\) + subsets missing both.

Total subsets (including empty) = \(2^{15}\).

Subsets missing \(a=4\): we remove the 3 divisors with \(a=4\), leaving \(15-3=12\) divisors. So \(2^{12}\) subsets.

Subsets missing \(b=2\): remove the 5 divisors with \(b=2\), leaving \(15-5=10\) divisors. So \(2^{10}\) subsets.

Subsets missing both \(a=4\) and \(b=2\): remove all 3 with \(a=4\) and all 5 with \(b=2\). But \((4,2)\) is in both, so total removed = \(3+5-1 = 7\). Left with \(15-7=8\) divisors. So \(2^8\) subsets.

Thus number of subsets satisfying condition =  
\(2^{15} - 2^{12} - 2^{10} + 2^8\).

---

**Step 5: Compute**  
\(2^{15}=32768\), \(2^{12}=4096\), \(2^{10}=1024\), \(2^8=256\).

So count = \(32768 - 4096 - 1024 + 256 = 32768 - 5120 + 256 = 27648 + 256?\) Wait carefully:

\(32768 - 4096 = 28672\).  
\(28672 - 1024 = 27648\).  
\(27648 + 256 = 27904\).

So 27904 subsets (including empty? No, this count includes empty? Let's check:  
We started from total subsets including empty. The condition "at least one a=4 and at least one b=2" excludes empty set automatically, so this count already excludes empty. So this is the number of subsets (possibly empty? Actually empty set has no a=4 and no b=2, so it's excluded by both conditions, so it's not counted. So this count is exactly subsets satisfying condition.)

Thus favorable = 27904.

---

**Step 6: Probability**  
Probability = favorable / total nonempty subsets = \(27904 / 32767\).

Check gcd: 32767 = \(2^{15}-1 = 32767\).  
27904 factors? 27904 / 2 = 13952, /2 = 6976, /2 = 3488, /2 = 1744, /2 = 872, /2 = 436, /2 = 218, /2 = 109. So \(27904 = 2^8 \cdot 109\).  
32767 = ? 32767 = \(2^{15}-1 = 32767\). Check divisibility by 109: 109*300=32700, remainder 67, not divisible. So gcd=1.

Thus \(m=27904\), \(n=32767\).  
\(m+n = 27904 + 32767 = 60671\).

---

**Final answer**  
Answer: 60671
FAIL got 60671 expected 237 (33.8s, 1307 tokens)

[37/92] GPQA Diamond/Chemistry Complete the following reactions and select the major products
We have two separate reactions to analyze.

**First reaction:**  
2-ethyl-2,6-dimethylcyclohexan-1-one + ethyl acrylate with t-BuOK.  
This is a Michael addition. The base (t-BuOK) deprotonates the ketone at the most hindered but also most stabilized α-carbon. The cyclohexanone has substituents at positions 2 and 6. The α-carbon at position 2 is more substituted (ethyl and methyl) than at position 6 (only methyl). However, steric hindrance from the ethyl group at C2 makes attack at that α-carbon less favorable. The less hindered α-carbon at C6 is preferred.  
Thus, the enolate forms at C6, and the Michael addition occurs there, placing the ethyl acrylate side chain at C6. The product is ethyl 3-(3-ethyl-3,5-dimethyl-4-oxocyclohexyl)propanoate (ketone at C4, side chain at C6). That matches choices B and C.

**Second reaction:**  
1-nitropropane + (KOH, (E)-but-2-enenitrile, H2O).  
This is a nitro-Michael addition followed by hydrolysis? Actually, the conditions (KOH, H2O) suggest a Henry-type or Michael addition of the nitronate to the α,β-unsaturated nitrile. The nitro group adds to the β-carbon of the enenitrile, and the resulting nitronate is protonated. The product is 3-methyl-4-nitrohexanenitrile (the nitro group at C4, methyl at C3 from the nitropropane). That matches choices A and B.

Combining:  
A = ethyl 3-(3-ethyl-3,5-dimethyl-4-oxocyclohexyl)propanoate  
B = 3-methyl-4-nitrohexanenitrile  
That is option B.

Answer: B
FAIL got B expected A (10.5s, 407 tokens)

[38/92] SuperGPQA/Medicine The paranasal sinuses opening in the upper nasal canal are ().
The paranasal sinuses that open into the upper nasal canal (also known as the superior meatus) are the posterior ethmoidal sinus group. The other sinuses open into different meatuses.

Answer: E
PASSED got E expected E (1.2s, 45 tokens)

[39/92] AIME2025/Algebra Let $k$ be a real number such that the system begin{align*}
We have the system:

\[
|25+20i - z| = 5
\]
\[
|z - 4 - k| = |z - 3i - k|
\]

The first equation says \(z\) lies on a circle centered at \(25+20i\) with radius 5.

The second equation says the distances from \(z\) to \(4+k\) and to \(3i+k\) are equal, so \(z\) lies on the perpendicular bisector of the segment joining \(4+k\) and \(3i+k\).

Let’s denote \(A = 4+k\) and \(B = 3i+k\). The midpoint is:
\[
\frac{(4+k)+(3i+k)}{2} = \frac{4+3i+2k}{2} = 2 + \frac{3}{2}i + k
\]
The direction vector from \(A\) to \(B\) is:
\[
(3i+k) - (4+k) = -4 + 3i
\]
So the perpendicular bisector direction is perpendicular to \(-4+3i\), i.e., direction vector \(3+4i\) (since dot product zero: (-4)(3)+(3)(4)= -12+12=0). So the line is:
\[
z = \left(2 + \frac{3}{2}i + k\right) + t(3+4i), \quad t \in \mathbb{R}.
\]

We need exactly one intersection of this line with the circle centered at \(C=25+20i\) radius 5.

The circle: \(|z - (25+20i)| = 5\).

Parameterize the line:
\[
z = (2+k) + \frac{3}{2}i + t(3+4i)
\]
Write real and imaginary parts:
\[
x = 2+k + 3t, \quad y = \frac{3}{2} + 4t
\]

The center \(C\): \(x_c=25, y_c=20\).

Distance squared from a point on line to center:
\[
(x-25)^2 + (y-20)^2
\]
Compute:
\[
x-25 = (2+k+3t) - 25 = k + 3t - 23
\]
\[
y-20 = \left(\frac{3}{2}+4t\right) - 20 = 4t - \frac{37}{2}
\]

So squared distance:
\[
(k+3t-23)^2 + \left(4t - \frac{37}{2}\right)^2
\]

We want exactly one solution \(t\) such that this equals \(25\).

This is a quadratic in \(t\). For exactly one intersection, the quadratic must have discriminant zero.

Expand:
First term: \((k-23+3t)^2 = (k-23)^2 + 6(k-23)t + 9t^2\).

Second term: \((4t - 37/2)^2 = 16t^2 - 2\cdot 4t \cdot \frac{37}{2} + \left(\frac{37}{2}\right)^2 = 16t^2 - 148t + \frac{1369}{4}\).

Sum:
\[
9t^2+16t^2 = 25t^2
\]
\[
6(k-23)t - 148t = [6(k-23)-148]t
\]
Constant: \((k-23)^2 + \frac{1369}{4}\).

Set equal to 25:
\[
25t^2 + [6(k-23)-148]t + (k-23)^2 + \frac{1369}{4} - 25 = 0
\]

Simplify constant: \(\frac{1369}{4} - 25 = \frac{1369}{4} - \frac{100}{4} = \frac{1269}{4}\).

So quadratic:
\[
25t^2 + [6(k-23)-148]t + (k-23)^2 + \frac{1269}{4} = 0
\]

Discriminant \(\Delta = 0\):
\[
[6(k-23)-148]^2 - 4\cdot 25 \cdot \left((k-23)^2 + \frac{1269}{4}\right) = 0
\]

Let \(u = k-23\). Then:
\[
(6u - 148)^2 - 100\left(u^2 + \frac{1269}{4}\right) = 0
\]

Compute:
\[
36u^2 - 2\cdot 6u\cdot 148 + 148^2 - 100u^2 - 100\cdot\frac{1269}{4} = 0
\]

\(148^2 = 21904\).  
\(100\cdot\frac{1269}{4} = 25\cdot 1269 = 31725\).

So:
\[
(36u^2 - 100u^2) = -64u^2
\]
Linear term: \(-1776u\) (since \(2\cdot 6\cdot 148 = 1776\)).
Constant: \(21904 - 31725 = -9821\).

Thus:
\[
-64u^2 - 1776u - 9821 = 0
\]
Multiply by -1:
\[
64u^2 + 1776u + 9821 = 0
\]

Solve for \(u\):
\[
u = \frac{-1776 \pm \sqrt{1776^2 - 4\cdot 64\cdot 9821}}{2\cdot 64}
\]

Compute discriminant:
\(1776^2 = (1776)(1776)\).  
\(1776 = 16\cdot 111\), so \(1776^2 = 256\cdot 12321 = 256\cdot 12321\).  
\(4\cdot 64\cdot 9821 = 256\cdot 9821\).

So discriminant = \(256(12321 - 9821) = 256\cdot 2500 = 640000\).

\(\sqrt{640000} = 800\).

Thus:
\[
u = \frac{-1776 \pm 800}{128}
\]

Two values:
\[
u_1 = \frac{-1776+800}{128} = \frac{-976}{128} = -\frac{61}{8}
\]
\[
u_2 = \frac{-1776-800}{128} = \frac{-2576}{128} = -\frac{161}{8}
\]

Recall \(u = k-23\), so:
\[
k = 23 - \frac{61}{8} = \frac{184}{8} - \frac{61}{8} = \frac{123}{8}
\]
\[
k = 23 - \frac{161}{8} = \frac{184}{8} - \frac{161}{8} = \frac{23}{8}
\]

Possible \(k\) values: \(\frac{123}{8}\) and \(\frac{23}{8}\).

Sum: \(\frac{123+23}{8} = \frac{146}{8} = \frac{73}{4}\).

Thus \(m=73, n=4\), relatively prime. \(m+n = 77\).

Answer: 77
PASSED got 77 expected 77 (40.5s, 1565 tokens)

[40/92] GPQA Diamond/Physics Calculate the eigenvector of a quantum mechanical operator
We are given the Pauli matrices for spin:  
\[
P_x = \frac{\hbar}{2} \begin{pmatrix}0&1\\1&0\end{pmatrix},\quad
P_y = \frac{\hbar}{2} \begin{pmatrix}0&-i\\i&0\end{pmatrix},\quad
P_z = \frac{\hbar}{2} \begin{pmatrix}1&0\\0&-1\end{pmatrix}.
\]  
The operator along direction \(\vec{n}\) in the x-z plane means \(n_y=0\), so  
\[
\vec{n} = (\sin\theta, 0, \cos\theta).
\]  
The operator is  
\[
\vec{P}\cdot\vec{n} = \frac{\hbar}{2} \begin{pmatrix}\cos\theta & \sin\theta \\ \sin\theta & -\cos\theta\end{pmatrix}.
\]  
We want eigenvector for eigenvalue \(+\hbar/2\). The equation:  
\[
\frac{\hbar}{2} \begin{pmatrix}\cos\theta & \sin\theta \\ \sin\theta & -\cos\theta\end{pmatrix} \begin{pmatrix}a\\b\end{pmatrix} = \frac{\hbar}{2} \begin{pmatrix}a\\b\end{pmatrix}.
\]  
Dividing by \(\hbar/2\):  
\[
\begin{pmatrix}\cos\theta & \sin\theta \\ \sin\theta & -\cos\theta\end{pmatrix} \begin{pmatrix}a\\b\end{pmatrix} = \begin{pmatrix}a\\b\end{pmatrix}.
\]  
This gives:  
\[
a\cos\theta + b\sin\theta = a, \quad a\sin\theta - b\cos\theta = b.
\]  
From first: \(b\sin\theta = a(1-\cos\theta)\). Using \(1-\cos\theta = 2\sin^2(\theta/2)\) and \(\sin\theta = 2\sin(\theta/2)\cos(\theta/2)\), we get  
\[
b\cdot 2\sin(\theta/2)\cos(\theta/2) = a\cdot 2\sin^2(\theta/2) \implies b\cos(\theta/2) = a\sin(\theta/2).
\]  
So \(a = \cos(\theta/2)\), \(b = \sin(\theta/2)\) (up to normalization). Normalized:  
\[
\sqrt{\cos^2(\theta/2)+\sin^2(\theta/2)} = 1,
\]  
so the normalized eigenvector is \((\cos(\theta/2), \sin(\theta/2))\).  

That matches choice B.

Answer: B
PASSED got B expected B (13.5s, 525 tokens)

[41/92] SuperGPQA/Military Science In military logistics, the minimum requirement theory is
The minimum requirement theory in military logistics typically refers to ensuring that essential supplies are available at the minimum necessary levels to sustain operations, often applied to **ammunition distribution** to avoid overstock while preventing shortages.

Answer: E
FAIL got E expected H (1.2s, 45 tokens)

[42/92] AIME2025/Algebra The parabola with equation $y = x^2 - 4$ is rotated $60^circ$
We are rotating the parabola \(y = x^2 - 4\) by \(60^\circ\) counterclockwise around the origin.  
We need the intersection point in the fourth quadrant of the original and rotated parabola, and its \(y\)-coordinate is given as \(\frac{a - \sqrt{b}}{c}\) with \(a,b,c\) positive integers, \(\gcd(a,c)=1\). Find \(a+b+c\).

---

**Step 1: Rotation formulas**  
Rotation by \(60^\circ\) counterclockwise:  
\[
(x,y) \to (x\cos 60^\circ - y\sin 60^\circ,\; x\sin 60^\circ + y\cos 60^\circ)
\]  
\(\cos 60^\circ = \frac12\), \(\sin 60^\circ = \frac{\sqrt3}{2}\).  
So a point \((x,y)\) maps to  
\[
\left( \frac{x}{2} - \frac{\sqrt3}{2} y,\; \frac{\sqrt3}{2} x + \frac{y}{2} \right).
\]

---

**Step 2: Equation of rotated parabola**  
Original: \(y = x^2 - 4\).  
If we rotate the *entire parabola*, the image consists of points \((X,Y)\) that are the rotation of some \((x,y)\) satisfying \(y = x^2 - 4\).  
That is:  
\[
X = \frac{x}{2} - \frac{\sqrt3}{2} y,\quad Y = \frac{\sqrt3}{2} x + \frac{y}{2}.
\]  
We need to express \(Y\) in terms of \(X\) for the rotated curve.

From the rotation formulas, we can invert:  
Rotation by \(-60^\circ\) (clockwise) sends \((X,Y)\) back to \((x,y)\):  
\[
x = \frac{X}{2} + \frac{\sqrt3}{2} Y,\quad y = -\frac{\sqrt3}{2} X + \frac{Y}{2}.
\]  
Since original satisfies \(y = x^2 - 4\), substitute:  
\[
-\frac{\sqrt3}{2} X + \frac{Y}{2} = \left( \frac{X}{2} + \frac{\sqrt3}{2} Y \right)^2 - 4.
\]

---

**Step 3: Equation of rotated parabola in \((X,Y)\)**  
Multiply by 2 to simplify:  
\[
-\sqrt3 X + Y = \left( X + \sqrt3 Y \right)^2 / 2 - 8.
\]  
Wait carefully:  
\[
-\frac{\sqrt3}{2} X + \frac{Y}{2} = \left( \frac{X}{2} + \frac{\sqrt3}{2} Y \right)^2 - 4.
\]  
Multiply both sides by 4:  
\[
-2\sqrt3 X + 2Y = (X + \sqrt3 Y)^2 - 16.
\]  
So:  
\[
(X + \sqrt3 Y)^2 = -2\sqrt3 X + 2Y + 16.
\]

---

**Step 4: Intersection condition**  
We want points \((x,y)\) that satisfy both original \(y = x^2 - 4\) and rotated equation. But easier: The intersection of original parabola and its rotated image means a point \((x,y)\) satisfies both  
\[
y = x^2 - 4
\]  
and also, when rotated by \(60^\circ\), it lies on the original parabola. That is: the rotated point \((X,Y)\) satisfies \(Y = X^2 - 4\).  

So:  
\[
\frac{\sqrt3}{2} x + \frac{y}{2} = \left( \frac{x}{2} - \frac{\sqrt3}{2} y \right)^2 - 4.
\]

---

**Step 5: Substitute \(y = x^2 - 4\)**  
Let’s do that:  
\[
\frac{\sqrt3}{2} x + \frac{x^2 - 4}{2} = \left( \frac{x}{2} - \frac{\sqrt3}{2}(x^2 - 4) \right)^2 - 4.
\]  
Multiply both sides by 2 to simplify:  
\[
\sqrt3 x + x^2 - 4 = \left( x - \sqrt3 (x^2 - 4) \right)^2 / 2 - 8.
\]  
Better multiply by 2:  
\[
2\sqrt3 x + 2x^2 - 8 = \left( x - \sqrt3 (x^2 - 4) \right)^2 - 16.
\]  
So:  
\[
\left( x - \sqrt3 (x^2 - 4) \right)^2 = 2\sqrt3 x + 2x^2 + 8.
\]

---

**Step 6: Expand left side**  
Let \(u = x - \sqrt3 (x^2 - 4) = x - \sqrt3 x^2 + 4\sqrt3\).  
Square:  
\[
u^2 = (x - \sqrt3 x^2 + 4\sqrt3)^2.
\]  
Expand:  
\[
= x^2 + 3x^4 + 48 - 2\sqrt3 x^3 + 8\sqrt3 x - 8\sqrt3 x^2\cdot?  
\]  
Let’s do systematically:  
\((A + B + C)^2\) with \(A = x\), \(B = -\sqrt3 x^2\), \(C = 4\sqrt3\).  
\(A^2 = x^2\)  
\(B^2 = 3x^4\)  
\(C^2 = 48\)  
\(2AB = 2(x)(-\sqrt3 x^2) = -2\sqrt3 x^3\)  
\(2AC = 2(x)(4\sqrt3) = 8\sqrt3 x\)  
\(2BC = 2(-\sqrt3 x^2)(4\sqrt3) = 2(-4\cdot 3 x^2) = -24 x^2\).  

So:  
\[
u^2 = x^2 + 3x^4 + 48 - 2\sqrt3 x^3 + 8\sqrt3 x - 24x^2.
\]  
Combine \(x^2 - 24x^2 = -23x^2\).  
Thus:  
\[
u^2 = 3x^4 - 23x^2 - 2\sqrt3 x^3 + 8\sqrt3 x + 48.
\]

---

**Step 7: Equation**  
We have:  
\[
3x^4 - 23x^2 - 2\sqrt3 x^3 + 8\sqrt3 x + 48 = 2\sqrt3 x + 2x^2 + 8.
\]  
Cancel \(8\sqrt3 x\) on left with \(2\sqrt3 x\) on right? Wait careful: Right side is \(2\sqrt3 x + 2x^2 + 8\).  
So bring all terms:  
\[
3x^4 - 23x^2 - 2\sqrt3 x^3 + 8\sqrt3 x + 48 - 2\sqrt3 x - 2x^2 - 8 = 0.
\]  
Simplify:  
\(8\sqrt3 x - 2\sqrt3 x = 6\sqrt3 x\).  
\(-23x^2 - 2x^2 = -25x^2\).  
\(48 - 8 = 40\).  
So:  
\[
3x^4 - 2\sqrt3 x^3 - 25x^2 + 6\sqrt3 x + 40 = 0.
\]

---

**Step 8: Look for rational/nicely shaped roots**  
Since the intersection is in fourth quadrant, \(x>0\), \(y<0\). Original \(y = x^2 - 4\) negative means \(0 < x < 2\).  
Try \(x=1\): \(3 - 2\sqrt3 -25 + 6\sqrt3 +40 = 18 + 4\sqrt3 \neq 0\).  
Try \(x=2\): \(48 - 16\sqrt3 -100 + 12\sqrt3 +40 = -12 -4\sqrt3 \neq 0\).  
Maybe \(x = \sqrt{?}\).  

Let’s try \(x = \sqrt{2}\): \(3(4) - 2\sqrt3\cdot 2\sqrt2 -25(2) + 6\sqrt3\sqrt2 +40 = 12 -4\sqrt6 -50 +6\sqrt6+40 = 2 + 2\sqrt6 \neq 0\).  

Maybe \(x = \sqrt{5}\)? Not nice.

---

**Step 9: Alternative approach**  
Instead of solving messy quartic, note symmetry: Rotating parabola by \(60^\circ\) and intersecting with original: The intersection points are fixed points of the composition of the rotation and reflection? Actually, the intersection of a curve and its rotated copy often has symmetry: The intersection points lie on the rotation axis bisector?  

The rotation is \(60^\circ\). The intersection points are symmetric with respect to the rotation: If \(P\) is intersection, then rotating \(P\) by \(60^\circ\) gives another intersection point. So the set is closed under \(60^\circ\) rotation. The origin is not on parabola (\(0^2-4=-4\)).  

We can solve by using that the point satisfies both
FAIL got 4 expected 62 (53.1s, 2048 tokens)

[43/92] GPQA Diamond/Biology You want to study the role of the GADD45G protein in a mouse
Let’s analyze the sequence. The construct starts with an ATG (start codon), followed by a sequence encoding an influenza hemagglutinin (HA) tag:  
`TACCCATACGATGTTCCAGATTACGCC` — this is the standard HA tag sequence (YPYDVPDYA).  

Right after that, we see `AAATGA` — the TGA here is a stop codon. That means translation would stop immediately after the HA tag, before the GADD45G coding sequence even begins.  

So the problem is that an early stop codon (TGA) appears right after the tag, causing premature termination. That matches choice A: "The ribosome terminated the translation early."  

Answer: A
PASSED got A expected A (3.9s, 150 tokens)

[44/92] SuperGPQA/Science Among the following compounds, which one has the highest
The reactivity in hydrolysis under alkaline conditions depends on the ease of nucleophilic aromatic substitution (SNAr). This is favored by electron-withdrawing groups (especially nitro groups) that stabilize the intermediate Meisenheimer complex, and by leaving groups that are good (chloride is moderate). The more nitro groups and their positions (ortho/para) increase reactivity.  

Among the options, **2,4-dinitrochlorobenzene** (A) has two nitro groups in ortho and para positions relative to chlorine, strongly activating the ring for SNAr. **2,6-dinitrochlorobenzene** (H) also has two nitro groups but both are ortho, which is slightly less activating than ortho+para. However, A is the classic highly reactive compound for alkaline hydrolysis.  

Thus, the highest reactivity is for **A**.

Answer: A
PASSED got A expected A (4.5s, 176 tokens)

[45/92] AIME2025/Algebra There are $n$ values of $x$ in the interval $0 < x < 2pi$ where
We need to solve for \( x \) in \( 0 < x < 2\pi \) such that  
\[
f(x) = \sin(7\pi \sin(5x)) = 0.
\]  
The sine function is zero when its argument is an integer multiple of \(\pi\):  
\[
7\pi \sin(5x) = k\pi \quad \Rightarrow \quad 7 \sin(5x) = k,
\]  
where \(k\) is an integer. Since \(\sin(5x) \in [-1,1]\), we have  
\[
7 \sin(5x) \in [-7,7],
\]  
so \(k\) can be \(-7,-6,\dots,6,7\).  

For each integer \(k\) in that range,  
\[
\sin(5x) = \frac{k}{7}.
\]  
For \(|k| \le 7\), the equation \(\sin(5x) = c\) with \(|c| \le 1\) has solutions.  

We need to count distinct \(x\) in \(0 < x < 2\pi\). Since \(5x\) ranges over \(0 < 5x < 10\pi\), the equation \(\sin(5x) = c\) has, for \(|c| < 1\), two solutions per period of length \(2\pi\) in \(5x\). Over \(0 < 5x < 10\pi\) (5 full periods), that gives \(5 \times 2 = 10\) solutions for each such \(c\). For \(|c| = 1\), there is one solution per period, so \(5\) solutions.  

Thus:
- For \(k = \pm 7\), \(c = \pm 1\) → 5 solutions each.
- For \(k = -6,\dots,6\) (excluding 0? Actually all \(|k| \le 6\) have \(|c| < 1\)), each gives 10 solutions.

But careful: \(k=0\) gives \(\sin(5x)=0\), which has 2 solutions per period (since 0 is not ±1), so also 10 solutions.

Count of \(k\) values: from \(-7\) to \(7\) inclusive → 15 values.  
For \(k = \pm 7\): \(2 \times 5 = 10\) solutions.  
For the other 13 values: \(13 \times 10 = 130\) solutions.  
Total \(n = 10 + 130 = 140\).

Now we need \(t\): the number of these \(x\) where the graph is tangent to the x-axis. Tangency occurs when \(f(x)=0\) and \(f'(x)=0\) simultaneously.

Derivative:  
\[
f'(x) = \cos(7\pi \sin(5x)) \cdot 7\pi \cos(5x) \cdot 5.
\]  
So \(f'(x)=0\) when either \(\cos(7\pi \sin(5x))=0\) or \(\cos(5x)=0\).

Case 1: \(\cos(7\pi \sin(5x))=0\) means  
\[
7\pi \sin(5x) = \frac{\pi}{2} + m\pi \quad \Rightarrow \quad 7\sin(5x) = \frac{1}{2} + m.
\]  
But at \(f(x)=0\) we have \(7\sin(5x)=k\) integer. So we need integer \(k = m + 1/2\), impossible. So no tangency from this case.

Case 2: \(\cos(5x)=0\) means \(5x = \frac{\pi}{2} + p\pi\). Then \(\sin(5x) = \pm 1\). So \(7\sin(5x) = \pm 7\), which is integer, so \(f(x)=0\) holds. So tangency occurs exactly at those \(x\) where \(\cos(5x)=0\) and \(f(x)=0\).

How many such \(x\) in \(0 < x < 2\pi\)?  
\(5x = \frac{\pi}{2} + p\pi\) for integer \(p\).  
Over \(0 < 5x < 10\pi\), we have \(p = 0,1,\dots,9\) gives 10 values. But check: \(p=0\) gives \(5x=\pi/2\) → \(x=\pi/10\), inside. \(p=9\) gives \(5x = \pi/2 + 9\pi = 19\pi/2\), which is < 10π? 19π/2 = 9.5π < 10π, yes. So 10 values total.  

Thus \(t = 10\).

So \(n + t = 140 + 10 = 150\).

Answer: 150

**Answer: 150**
FAIL got 150 expected 149 (26.8s, 1039 tokens)

[46/92] GPQA Diamond/Physics Astronomers are studying two binary star systems: system_1 and
We can use Kepler's third law for binary systems. For a spectroscopic binary, the relation between total mass \(M\), orbital period \(P\), and radial velocity amplitudes \(K_1, K_2\) is:

\[
M \propto \frac{(K_1 + K_2)^3 P}{\sin^3 i}
\]

If we assume the inclination \(i\) is similar for both systems (since both show eclipses, they are likely edge-on, so \(\sin i \approx 1\)), then the mass ratio between systems is:

\[
\frac{M_1}{M_2} = \frac{(K_{1,1} + K_{2,1})^3 P_1}{(K_{1,2} + K_{2,2})^3 P_2}
\]

For system_1: \(K_1=10\), \(K_2=5\), sum = 15 km/s, period = 2 years.  
For system_2: \(K_1=15\), \(K_2=10\), sum = 25 km/s, period = 1 year.

Thus:

\[
\frac{M_1}{M_2} = \frac{15^3 \times 2}{25^3 \times 1} = \frac{3375 \times 2}{15625} = \frac{6750}{15625} \approx 0.432
\]

That is about 0.4.

Answer: C
PASSED got C expected C (7.9s, 308 tokens)

[47/92] SuperGPQA/Science For $\mathbf{p}=\uparrow\uparrow$ and $\mathbf{q}=1 7$ and
We are given:  
p = ↑↑ (which likely means 11, since two arrows might represent concatenation or just "11")  
q = 17  
e = 7  
Cipher message = 11  

We need to find plaintext.  

First, compute n = p * q = 11 * 17 = 187.  
φ(n) = (11-1)*(17-1) = 10 * 16 = 160.  
e = 7, gcd(7,160)=1, so valid.  

We need d such that e*d ≡ 1 mod 160.  
7*d ≡ 1 mod 160 → d = 23 because 7*23=161 ≡ 1 mod 160.  

Ciphertext c = 11.  
Plaintext m = c^d mod n = 11^23 mod 187.  

Compute stepwise:  
11^1 = 11 mod 187  
11^2 = 121 mod 187  
11^4 = 121^2 = 14641 mod 187. 187*78=14586, remainder 55.  
11^8 = 55^2 = 3025 mod 187. 187*16=2992, remainder 33.  
11^16 = 33^2 = 1089 mod 187. 187*5=935, remainder 154.  

Now 23 = 16+4+2+1.  
11^23 = 11^16 * 11^4 * 11^2 * 11^1 mod 187.  
= 154 * 55 * 121 * 11 mod 187.  

First 154*55 = 8470 mod 187. 187*45=8415, remainder 55.  
Then 55*121 = 6655 mod 187. 187*35=6545, remainder 110.  
Then 110*11 = 1210 mod 187. 187*6=1122, remainder 88.  

So plaintext = 88.  

Answer: A
PASSED got A expected A (11.5s, 444 tokens)

[48/92] AIME2025/Combinatorics The $27$ cells of a $3 times 9$ grid are filled in using the
We are essentially counting the number of ways to fill a \(3 \times 9\) grid with numbers 1–9 such that:

- Each row has all numbers 1–9 (so each row is a permutation of 1–9).
- Each of the three \(3 \times 3\) blocks (columns 1–3, 4–6, 7–9) contains all numbers 1–9 (so each block is a Latin square of order 3, but with rows from the three rows).

This is equivalent to completing a 3-row Sudoku (the first three rows of a full 9×9 Sudoku). The number of such completions is known: For the first band (rows 1–3) of a Sudoku, the number of ways to fill the first row is \(9!\). Then the second row must be a permutation that is a derangement relative to the first row in each of the three 3×3 blocks, and similarly the third row must be a derangement relative to both rows in each block.

The known count for the number of ways to complete the top band (3 rows × 9 columns) of a Sudoku is:

\[
9! \times 2 \times (3!)^3 \times 3^3 \times 7 \times 2^3
\]

Let’s verify:  
- First row: \(9!\) ways.  
- For the second row: In each 3×3 block, the second row must be a permutation of the three numbers in that block that does not repeat the position of any number from the first row. For a block of size 3, the number of derangements of 3 elements is 2 (the two cyclic permutations). So for three blocks: \(2^3\).  
- For the third row: In each block, the third row must be the unique permutation that puts each number in the only remaining position (since each column must have all three numbers). However, there is a factor: The arrangement of the three numbers within each block for the third row is forced once the first two rows are set, but there is a factor of \(3!\) for each block? Wait, careful.

Actually, the standard count for the top band of a Sudoku (3 rows, 9 columns, each 3×3 block must contain 1–9) is:

\[
9! \times 2 \times (3!)^3 \times 3^3 \times 7 \times 2^3
\]

Let’s break it down step by step:

1. Fill first row: \(9!\) ways.
2. For the second row: In each of the three 3×3 blocks, the second row must be a permutation of the three numbers in that block that is a derangement relative to the first row. For 3 elements, there are exactly 2 derangements (the two 3-cycles). So \(2^3\) ways for the second row.
3. For the third row: In each block, the third row must contain the three numbers, each in the column not used by the first two rows. Since each column must have all three numbers, the third row is forced uniquely once the first two rows are set. So no extra factor? But wait, there is a factor from the fact that the three blocks can be permuted? Actually, the blocks are fixed positions (columns 1–3, 4–6, 7–9). So no permutation of blocks.

But the known formula includes factors \((3!)^3\) and \(3^3\) and \(7\) and \(2^3\). Let’s think: The standard count for the number of Sudoku bands (top 3 rows) is \(9! \times 2 \times (3!)^3 \times 3^3 \times 7 \times 2^3\). This equals \(9! \times 2 \times 6^3 \times 27 \times 7 \times 8\). Let’s compute:

\(9! = 362880\)  
\(6^3 = 216\)  
\(27 \times 7 = 189\)  
\(2 \times 8 = 16\)  
Multiply: \(362880 \times 216 = 78382080\)  
Then \(78382080 \times 189 = 148141...\) Actually let's do systematically:

\(362880 \times 216 = 362880 \times 200 + 362880 \times 16 = 72576000 + 5806080 = 78382080\)  
\(78382080 \times 189 = 78382080 \times 200 - 78382080 \times 11 = 15676416000 - 862202880 = 14814213120\)  
Then multiply by 16: \(14814213120 \times 16 = 237027409920\)? That seems huge but plausible.

But we need the prime factorization of this number.

Let’s factor stepwise:

\(9! = 2^7 \cdot 3^4 \cdot 5 \cdot 7\) (since 9! = 362880 = \(2^7 \cdot 3^4 \cdot 5 \cdot 7\)).

Then \(2\) (from the factor 2) gives another \(2^1\).

\((3!)^3 = 6^3 = (2 \cdot 3)^3 = 2^3 \cdot 3^3\).

\(3^3 = 3^3\).

\(7\) is prime 7.

\(2^3\) gives \(2^3\).

Now combine exponents:

- For prime 2: from 9! we have \(2^7\), from the extra factor 2 we have \(2^1\), from \((3!)^3\) we have \(2^3\), from \(2^3\) we have \(2^3\). Total exponent: \(7+1+3+3 = 14\). So \(2^{14}\).

- For prime 3: from 9! we have \(3^4\), from \((3!)^3\) we have \(3^3\), from \(3^3\) we have \(3^3\). Total: \(4+3+3 = 10\). So \(3^{10}\).

- For prime 5: from 9! we have \(5^1\). So \(5^1\).

- For prime 7: from 9! we have \(7^1\), and extra factor 7 gives \(7^1\). Total: \(7^2\).

Thus the number is \(2^{14} \cdot 3^{10} \cdot 5^1 \cdot 7^2\).

So \(p=2, a=14; q=3, b=10; r=5, c=1; s=7, d=2\).

Then compute \(p \cdot a + q \cdot b + r \cdot c + s \cdot d = 2 \cdot 14 + 3 \cdot 10 + 5 \cdot 1 + 7 \cdot 2 = 28 + 30 + 5 + 14 = 77\).

Thus the answer is 77.

Final format:

Answer: 77
FAIL got 77 expected 81 (40.0s, 1535 tokens)

[49/92] GPQA Diamond/Chemistry cyclohexanone is treated with LDA at low temperature, followed
We start with cyclohexanone. LDA at low temperature deprotonates at the α-position (kinetic enolate). That enolate attacks benzaldehyde, giving an aldol addition product. After acidification, we get a β-hydroxy ketone (product 1).  

Product 1 is then treated with excess diethylaminosulfur trifluoride (DAST). DAST converts alcohols to alkyl fluorides with inversion, and also can convert carbonyls to geminal difluorides. Here, the ketone carbonyl will be converted to a CF₂ group, and the alcohol will be replaced by fluorine with inversion.  

Thus, the final product has a cyclohexane ring with two fluorines at the former carbonyl carbon (C2, geminal difluoride) and a fluorine on the side chain at the former alcohol carbon, with inversion of stereochemistry. The relative stereochemistry depends on the initial aldol. The major aldol product from cyclohexanone enolate and benzaldehyde gives the (R)-alcohol at the side chain and (S) at the ring (relative anti configuration). After DAST, the alcohol carbon inverts, so the side chain fluorine becomes (R) if the alcohol was (R) originally? Actually, careful: The alcohol carbon is the benzylic position. Inversion means the configuration changes. The original aldol gives (R)-alcohol (if we assume Felkin-Anh or similar). After inversion, that becomes (S)-fluoride. The ring carbon that was the ketone becomes a quaternary center with two fluorines; the stereochemistry at that carbon is not specified because it's geminal difluoride, but the ring substituent (the side chain) gives chirality. The product is a difluorocyclohexane with a fluoromethylbenzene substituent.  

Looking at the choices, A and B are difluorocyclohexyl-fluoromethylbenzene structures with specific absolute configurations. The correct relative configuration from the aldol and inversion leads to the (S)-fluoromethyl and (R)-difluorocyclohexyl? Actually, the ring carbon that bears the side chain is chiral because the two fluorines are not equivalent? Wait, geminal difluoride at C2 means that carbon is not chiral (two identical substituents). The chirality comes from the ring carbon that bears the side chain (C1? Actually, the numbering: cyclohexanone carbonyl is C1? Usually, the α-carbon is C2. After aldol, the side chain is at C2. After DAST, C2 becomes CF₂, so no chirality there. The ring carbon that was the α-carbon (C2) now has two fluorines, so it's achiral. The side chain carbon (benzylic) is chiral. So product 2 is a single chiral center on the side chain. The choices A and B show two chiral centers: one on the ring (the carbon bearing the side chain) and one on the side chain. But that ring carbon is actually C1? Wait, the product is named as ((R)-2,2-difluorocyclohexyl)fluoromethyl)benzene — that means the ring carbon that bears the side chain is C1? In a substituted cyclohexane, the substituent is at C1. But here the ring has two fluorines at C2. So the ring carbon bearing the side chain is C1, which is chiral if the ring is not symmetric. However, with geminal difluoride at C2, C1 is still a chiral center because it has four different substituents: H, the rest of the ring, the side chain, and the C2 with two fluorines (but C2 is not a substituent, it's part of the ring). Actually, C1 has: H, the side chain, and the ring bonds to C2 and C6. C2 has two fluorines, so C1's substituents are: H, the side chain, the C2-C1 bond (with C2 having two F's), and the C6-C1 bond. Those are all different, so C1 is chiral. So product 2 has two chiral centers: one at C1 (ring) and one at the benzylic carbon.  

The initial aldol gives a specific relative configuration between the ring α-carbon (C2) and the alcohol carbon. After DAST, C2 becomes CF₂ (achiral), but the stereochemistry at C1 is set by the ring conformation and the side chain. The major aldol from cyclohexanone and benzaldehyde gives the anti product with (R)-OH and (S)-C2? Actually, the enolate from cyclohexanone is planar; the attack on benzaldehyde gives the (R)-alcohol and the ring α-carbon has (S) configuration if the ring is numbered appropriately. But after conversion, the ring carbon that bears the side chain (C1) will have a specific configuration relative to the side chain. The side chain fluorine after inversion will be opposite to the original alcohol. So the final product has specific absolute configurations.  

Given the choices, A and B are difluorocyclohexyl-fluoromethylbenzene with two chiral descriptors. The correct one is likely A or B. The typical outcome from such a sequence gives the (S)-fluoromethyl and (R)-cyclohexyl configuration? I recall a known reaction: cyclohexanone → aldol with benzaldehyde → DAST gives a product with two fluorines on the ring and one on the side chain, and the relative configuration is anti, leading to (R,R) or (S,R)? Let's reason: The aldol gives (R)-alcohol and (S)-C2 (the α-carbon). After DAST, the alcohol inverts to (S)-fluoride. The ring C2 becomes CF₂, but the ring C1 retains its configuration from the ring. The side chain is attached to C1? Actually, the aldol adds the side chain to C2 (the α-carbon). So the side chain is at C2. After DAST, C2 becomes CF₂, so the side chain is still attached to that carbon. That carbon is now achiral (geminal difluoride). So the chirality at the ring is not at C2 but at C1? Wait, the side chain is attached to C2, not C1. So the ring carbon bearing the side chain is C2, which becomes achiral. So there is only one chiral center: the benzylic carbon. Then choices A and B would be wrong because they show two chiral centers. But the naming in A and B says ((R)-2,2-difluorocyclohexyl)fluoromethyl)benzene — that means the substituent on the ring is at C1? Actually, "2,2-difluorocyclohexyl" means the substituent is attached to the ring at C1? The name "2,2-difluorocyclohexyl" means the cyclohexane ring has two fluorines at position 2, and the whole ring is a substituent attached at position 1? That is ambiguous. Typically, "cyclohexyl" means the substituent is attached at C1. So "2,2-difluorocyclohexyl" means the ring has fluorines at C2, and the point of attachment is C1. So the side chain is attached to C1, not C2. That means the aldol reaction actually added the side chain to the α-carbon (C2), but after DAST, the carbonyl at C1 becomes CF₂? Wait, cyclohexanone: carbonyl at C1. LDA deprotonates at C2 (α). The enolate attacks benzaldehyde, giving a new bond between C2 and the benzylic carbon. The carbonyl remains at C1. After acidification, we have a β-hydroxy ketone: OH at the benzylic carbon, and carbonyl at C1. Then DAST: The carbonyl at C1 becomes CF₂ (geminal difluoride at C1). The alcohol at the benzylic carbon becomes fluoride with inversion. So the product has a difluorocyclohexane with fluorines at C1, and the side chain attached to C2. So the ring carbon bearing the side chain is C2, which is not geminal difluoride; C1 is geminal difluoride. So C2 is chiral because it has H, the side chain, and the ring bonds to C1 (with two F's) and C3. So C2 is chiral. And the benzylic carbon is chiral. So two chiral centers. The naming in A and B: ((R)-2,2-difluorocyclohexyl)fluoromethyl)benzene — that means the ring is 2,2-difluorocyclohexyl, so the fluorines are at C2, and the substituent is attached at C1. That matches: C1 has the side chain, C2 has two fluorines. So C1 is chiral (the attachment point), and the side chain benzylic carbon is chiral. So A and B are correct in that.  

Now, the stereochemistry: The aldol from cyclohexanone enolate and benzaldehyde typically gives the anti product with (R)-OH and (S)-C2? Actually, the enolate is planar; the attack from the less hindered side gives the (R)-alcohol if the ring is considered. The relative configuration between C2 and the benzylic carbon is anti. So C2 has (S) configuration if the benzylic carbon has (R)-OH? Let's assign: After aldol, the product is (2S,1'R) if we number the
FAIL got C expected B (53.2s, 2048 tokens)

[50/92] SuperGPQA/Sociology What is the mediator in the formation of a person's individual
The question asks for the "mediator" in the formation of individual character traits. In psychological and sociological contexts, a mediator is something that transmits or facilitates the influence of other factors. While many factors listed contribute to character, the one that actively mediates—shaping and refining traits through ongoing interaction—is interpersonal relationships. They act as the conduit through which environmental, cultural, and biological influences are interpreted and internalized.

Answer: E
FAIL got E expected H (2.2s, 87 tokens)

[51/92] AIME2025/Combinatorics Sixteen chairs are arranged in a row. Eight people each select a
We have 16 chairs in a row.  
We need to count subsets of chairs (size 8) such that no person sits next to two other people.  
That means: in the selected set, no chair has both neighbors also selected.  

Interpretation: We choose 8 chairs out of 16. Condition: No selected chair is adjacent to two selected chairs.  
Equivalently: In the selected pattern, we cannot have three consecutive chairs all selected.  
So the binary string of length 16 with exactly 8 ones must avoid the pattern "111".  

We need number of binary strings of length 16 with exactly 8 ones and no three consecutive ones.

Let’s denote positions 1..16.  
We need to count sequences of length 16 with exactly 8 ones, no "111".  

We can use recurrence or combinatorial methods.

Let \(f(n,k)\) = number of binary strings of length \(n\) with exactly \(k\) ones and no three consecutive ones.

Recurrence:  
Consider last digit:  
- If last digit is 0: then first n-1 have k ones, no 111 → \(f(n-1,k)\).  
- If last digit is 1: then we look at preceding digits.  
  - If second-last is 0: then first n-2 have k-1 ones → \(f(n-2, k-1)\).  
  - If second-last is 1: then third-last must be 0 (to avoid 111). Then first n-3 have k-2 ones → \(f(n-3, k-2)\).  

So:  
\(f(n,k) = f(n-1,k) + f(n-2, k-1) + f(n-3, k-2)\)  
with base:  
- \(f(n,0)=1\) for n≥0.  
- \(f(n,k)=0\) if k<0 or k>n.  
- Also for small n:  
  n=1: f(1,0)=1, f(1,1)=1.  
  n=2: f(2,0)=1, f(2,1)=2, f(2,2)=1 (11 allowed? 11 has no three consecutive, so yes).  
  n=3: f(3,0)=1, f(3,1)=3, f(3,2)=3 (110,101,011), f(3,3)=0 (111 not allowed).  

We need f(16,8). Let's compute systematically.

We can build table for n from 0 to 16, k from 0 to 8.

Initialize:

n=0:  
k=0: 1  
others 0.

n=1:  
k=0:1, k=1:1.

n=2:  
k=0:1, k=1:2, k=2:1.

n=3:  
k=0:1, k=1:3, k=2:3, k=3:0.

Now recurrence: f(n,k) = f(n-1,k) + f(n-2,k-1) + f(n-3,k-2).

We'll compute row by row.

n=4:  
k=0: f(3,0)=1  
k=1: f(3,1)+f(2,0)+f(1,-1)=3+1+0=4  
k=2: f(3,2)+f(2,1)+f(1,0)=3+2+1=6  
k=3: f(3,3)+f(2,2)+f(1,1)=0+1+1=2  
k=4: f(3,4)+f(2,3)+f(1,2)=0+0+0=0

n=5:  
k=0: f(4,0)=1  
k=1: f(4,1)+f(3,0)+f(2,-1)=4+1+0=5  
k=2: f(4,2)+f(3,1)+f(2,0)=6+3+1=10  
k=3: f(4,3)+f(3,2)+f(2,1)=2+3+2=7  
k=4: f(4,4)+f(3,3)+f(2,2)=0+0+1=1  
k=5: 0

n=6:  
k=0:1  
k=1: f(5,1)+f(4,0)+f(3,-1)=5+1+0=6  
k=2: f(5,2)+f(4,1)+f(3,0)=10+4+1=15  
k=3: f(5,3)+f(4,2)+f(3,1)=7+6+3=16  
k=4: f(5,4)+f(4,3)+f(3,2)=1+2+3=6  
k=5: f(5,5)+f(4,4)+f(3,3)=0+0+0=0  
k=6:0

n=7:  
k=0:1  
k=1: f(6,1)+f(5,0)+f(4,-1)=6+1+0=7  
k=2: f(6,2)+f(5,1)+f(4,0)=15+5+1=21  
k=3: f(6,3)+f(5,2)+f(4,1)=16+10+4=30  
k=4: f(6,4)+f(5,3)+f(4,2)=6+7+6=19  
k=5: f(6,5)+f(5,4)+f(4,3)=0+1+2=3  
k=6:0  
k=7:0

n=8:  
k=0:1  
k=1: f(7,1)+f(6,0)+f(5,-1)=7+1+0=8  
k=2: f(7,2)+f(6,1)+f(5,0)=21+6+1=28  
k=3: f(7,3)+f(6,2)+f(5,1)=30+15+5=50  
k=4: f(7,4)+f(6,3)+f(5,2)=19+16+10=45  
k=5: f(7,5)+f(6,4)+f(5,3)=3+6+7=16  
k=6: f(7,6)+f(6,5)+f(5,4)=0+0+1=1  
k=7:0  
k=8:0

n=9:  
k=0:1  
k=1: f(8,1)+f(7,0)+f(6,-1)=8+1+0=9  
k=2: f(8,2)+f(7,1)+f(6,0)=28+7+1=36  
k=3: f(8,3)+f(7,2)+f(6,1)=50+21+6=77  
k=4: f(8,4)+f(7,3)+f(6,2)=45+30+15=90  
k=5: f(8,5)+f(7,4)+f(6,3)=16+19+16=51  
k=6: f(8,6)+f(7,5)+f(6,4)=1+3+6=10  
k=7: f(8,7)+f(7,6)+f(6,5)=0+0+0=0  
k=8:0

n=10:  
k=0:1  
k=1: f(9,1)+f(8,0)+f(7,-1)=9+1+0=10  
k=2: f(9,2)+f(8,1)+f(7,0)=36+8+1=45  
k=3: f(9,3)+f(8,2)+f(7,1)=77+28+7=112  
k=4: f(9,4)+f(8,3)+f(7,2)=90+50+21=161  
k=5: f(9,5)+f(8,4)+f(7,3)=51+45+30=126  
k=6: f(9,6)+f(8,5)+f(7,4)=10+16+19=45  
k=7: f(9,7)+f(8,6)+f(7,5)=0+1+3=4  
k=8: f(9,8)+f(8,7)+f(7,6)=0+0+0=0

n=11:  
k=0:1  
k=1: f(10,1)+f(9,0)+f(8,-1)=10+1+0=11  
k=2: f(10,2)+f(9,
FAIL got 9 expected 907 (53.1s, 2048 tokens)

[52/92] GPQA Diamond/Biology You come across an algorithm that gives the following output
We need to figure out the encoding rule from the two examples.

First: AGG → 115  
Second: TGCTGA → 176  

Let's assign numbers to letters:  
A=1, C=3, G=7, T=20? That doesn't match.  
Maybe it's based on position in alphabet? A=1, C=3, G=7, T=20.  
Check AGG: 1 + 7 + 7 = 15, not 115.  
Maybe it's concatenation? 1,7,7 → 177, not 115.  

Another idea: maybe each letter corresponds to a prime?  
A=2, C=3, G=7, T=11?  
AGG: 2+7+7=16, not 115.  
Product? 2*7*7=98, not 115.  

Maybe it's ASCII? A=65, G=71, G=71 → sum=207, not 115.  

Perhaps it's base 26 or something?  

Let's try mapping to numbers differently:  
A=1, C=3, G=7, T=20?  
AGG: 1*100 + 7*10 + 7? That gives 177, not 115.  

Maybe it's the sum of squares? 1^2+7^2+7^2=1+49+49=99, not 115.  

Another approach: maybe it's the number of strokes in writing? Not likely.  

Look at TGCTGA: T=20, G=7, C=3, T=20, G=7, A=1 → sum=58, not 176.  
Product? 20*7*3*20*7*1 = huge.  

Maybe it's a code where each letter maps to a value that when summed gives the number.  
Let’s solve for values:  
Let A=a, C=c, G=g, T=t.  
AGG: a + g + g = 115 → a + 2g = 115.  
TGCTGA: t + g + c + t + g + a = 176 → 2t + 2g + c + a = 176.  

We have 2 equations, 4 unknowns. Not enough.  

Maybe it's not sum but something else like product?  
a*g*g = 115 → a*g^2 = 115. 115=5*23, not product of integers likely.  

Maybe it's base conversion? A=1, G=7, but 1,7,7 in base something?  

Another idea: maybe it's the number of the letter in a 4-letter alphabet? A=0, C=1, G=2, T=3?  
AGG: 0,2,2 → 0*? Not 115.  

Maybe it's a cipher where each letter corresponds to a number based on its position in the word "DNA"?  

Let's try mapping to atomic numbers? Not likely.  

Perhaps it's the sum of the positions in the alphabet squared?  
A=1^2=1, G=7^2=49, sum=1+49+49=99, not 115.  
T=20^2=400, too big.  

Maybe it's the sum of the letters' values in some code like A=1, C=3, G=7, T=20 but then multiply by something?  

Check TGCTGA: 20+7+3+20+7+1=58. 176/58 ≈ 3.034, not integer.  
AGG: 1+7+7=15, 115/15≈7.666.  

Maybe it's the sum of the letters' values times something?  

Another thought: maybe it's the number of the string in a base-4 system?  
A=0, C=1, G=2, T=3?  
AGG: 0,2,2 → base4 number 0*4^2+2*4+2=0+8+2=10, not 115.  
TGCTGA: T=3,G=2,C=1,T=3,G=2,A=0 → 3*4^5+2*4^4+1*4^3+3*4^2+2*4+0 = 3*1024+2*256+1*64+3*16+2*4 = 3072+512+64+48+8=3704, not 176.  

Maybe base 10? A=1, C=3, G=7, T=20?  
AGG: 1,7,7 → 177, not 115.  
TGCTGA: 20,7,3,20,7,1 → 20732071? No.  

Maybe it's the sum of the letters' values in a different mapping:  
Let's try to find a mapping that makes both sums work.  
Let A=x, C=y, G=z, T=w.  
From AGG: x+2z=115.  
From TGCTGA: w+z+y+w+z+x = 2w+2z+y+x = 176.  
Subtract first from second: (2w+2z+y+x) - (x+2z) = 2w+y = 176-115=61.  
So 2w+y=61.  
We have x+2z=115, and 2w+y=61.  
We need ACAGTGACC: A, C, A, G, T, G, A, C, C.  
That's: x + y + x + z + w + z + x + y + y = 3x + 3y + 2z + w.  
We need to find that value.  
We have x+2z=115, and 2w+y=61.  
We don't have individual values, but maybe we can express 3x+3y+2z+w in terms of known sums?  
3x+3y+2z+w = (x+2z) + (2x+3y+w). Not directly.  
Alternatively, (x+2z) + (2w+y) = 115+61=176. That's x+2z+2w+y.  
We need 3x+3y+2z+w. That's different.  

Maybe there's a pattern: the output might be the sum of the values of the letters, but the values are not integers? Or maybe it's the product?  

Another idea: maybe it's the number of the string in a base where letters correspond to digits, but the base is not constant?  

Let's try to see if the numbers 115 and 176 relate to the strings in some way.  
AGG has 3 letters, TGCTGA has 6 letters.  
115/3 ≈ 38.33, 176/6 ≈ 29.33. Not constant.  

Maybe it's the sum of the positions in the alphabet but with A=1, C=3, G=7, T=20, then multiply by something?  
115/15=7.666, 176/58=3.034, not same.  

Maybe it's the sum of squares? A=1, C=9, G=49, T=400.  
AGG: 1+49+49=99, not 115.  
TGCTGA: 400+49+9+400+49+1=908, not 176.  

Maybe it's the sum of cubes? 1+343+343=687, too big.  

Another thought: maybe it's the ASCII code in some base?  
A=65, G=71, G=71 → sum=207, not 115.  
T=84, G=71, C=67, T=84, G=71, A=65 → sum=442, not 176.  

Maybe it's the difference?  

Perhaps it's a code where each letter corresponds to a number based on its position in the word "DNA" or "genetic code"?  
A=1, C=2, G=3, T=4?  
AGG: 1+3+3=7, not 115.  
TGCTGA: 4+3+2+4+3+1=17, not 176.  

Maybe it's the product? 1*3*3=9, not 115. 4*3*2*4*3*1=288, not 176.  

Another idea: maybe it's the sum of the letters' values in a different mapping like A=1, C=2, G=3, T=4 but then multiplied by something?  

Let's try to see if the numbers are multiples of something.  
115 and 176, difference 61.  
Maybe the mapping is such that A=1, C=3, G=7, T=20, but then the sum is multiplied by something?  
115/15=7.666, 176/58=3.034, not same multiplier.  

Maybe it's the sum of the letters' values in a base where each letter has a value, but the sum is not linear?  

Another approach: maybe it's the number of the string in a base-26 system where A=1, B=2, ..., Z=26?  
AGG: A=1, G=7, G=7 → 
FAIL got A expected C (53.2s, 2048 tokens)

[53/92] SuperGPQA/Agronomy The lactation yield of Shanghai cows is 12% higher than that of
We are told that the difference in lactation yield and butterfat content each involves about 10 pairs of genes (microallelic polygenic). That means each trait is controlled by 10 independently segregating loci, each with additive alleles.  

For a cross between two pure lines differing in 10 pairs of genes, the F1 is heterozygous at all 10 loci. In the F2, the probability of an individual being homozygous for the "Shanghai" alleles at all 10 loci for one trait is \((1/4)^{10}\). Since we need both traits (lactation and butterfat) to be like Shanghai, and they are independent, the probability is \((1/4)^{10} \times (1/4)^{10} = (1/4)^{20}\).

Compute \((1/4)^{20} = 1 / 4^{20}\).  
\(4^{10} = 1,048,576\), so \(4^{20} = (1,048,576)^2 = 1,099,511,627,776\).  
Thus probability = \(1 / 1,099,511,627,776 \approx 9.095 \times 10^{-13}\).

That matches choice I exactly.

Answer: I
PASSED got I expected I (6.7s, 256 tokens)

[54/92] AIME2025/Combinatorics Let $S$ be the set of vertices of a regular $24$-gon. Find the
We have a regular 24-gon, vertices labeled 0 through 23 in order.  
We need to partition the 24 vertices into 12 pairs, each pair connected by a segment of equal length.  
Since the polygon is regular, "equal length" means the chord length is fixed.  

In a regular 24-gon, chords of a given length correspond to a fixed step size \(d\) (mod 24).  
If we connect vertices with step \(d\), the chord length depends only on the smaller of \(d\) and \(24-d\).  
We need all 12 segments to have the same chord length, so all pairs must have the same step size \(d\) (or \(24-d\), which gives same length).  

We must pair up all vertices such that each pair has difference \(d\) modulo 24.  
This is possible only if \(d\) is coprime with 24? Actually, pairing all vertices into cycles of length 2 requires that the permutation \(i \to i+d\) (mod 24) has all cycles of length 2.  
That happens exactly when \(2d \equiv 0 \pmod{24}\), i.e., \(d\) is a multiple of 12.  
So \(d = 12\) is the only step that pairs vertices into 12 disjoint edges of equal length (the diameter).  

If \(d=12\), each vertex pairs with the opposite vertex. There is exactly 1 way to do this pairing (up to labeling), but since vertices are distinct, the pairing is fixed: each vertex i pairs with i+12. That gives exactly 1 way.  

But wait: Could there be other lengths? For a regular 24-gon, chords of equal length can also come from step sizes that are not necessarily the same mod direction?  
If we pick step size \(k\) with \(1 \le k \le 11\), the chord length is determined by \(k\).  
To pair all vertices into edges of step \(k\), we need the permutation \(i \to i+k\) to consist of cycles of length 2. That requires \(2k \equiv 0 \pmod{24}\), so \(k=12\) is the only possibility.  
Thus only the diameter works.  

So the number of ways is 1.  

**Answer:** 1
FAIL got 1 expected 113 (12.5s, 485 tokens)

[55/92] GPQA Diamond/Chemistry If an equimolar mixture X of two liquids, which decolorizes
We have an equimolar mixture X of two liquids that decolorize bromine water → they are unsaturated (likely alkenes or alkynes, but no conjugated multiple bonds).  
After heating with Pt, disproportionation gives mixture Y (two other liquids) that do not decolorize bromine water → saturated compounds.  
Hydrogenation of both X and Y under severe conditions gives only one hydrocarbon Z (H mass fraction 14.28%).  
Z is a constituent of Y, widely used as solvent, and does not react further with H₂ → fully saturated.  

Mass fraction of H = 14.28% → for CₙH₂ₙ₊₂ (alkane), H fraction = (2n+2)/(12n+2n+2) = (2n+2)/(14n+2).  
Set (2n+2)/(14n+2) = 0.1428 → solve: 2n+2 = 0.1428(14n+2) → 2n+2 = 2n + 0.2856 → 2 = 0.2856? That doesn't work. Let's do exactly:  
14.28% = 1/7 exactly (since 1/7 ≈ 0.142857). So (2n+2)/(14n+2) = 1/7 → 7(2n+2) = 14n+2 → 14n+14 = 14n+2 → 14=2 → impossible. So it's not an alkane. Try cycloalkane CₙH₂ₙ: H fraction = 2n/(12n+2n)=2n/14n=1/7 exactly. So Z is cycloalkane CₙH₂ₙ with n? Widely used solvent: cyclohexane (C₆H₁₂) fits. So Z = cyclohexane.

Thus Z = C₆H₁₂. Hydrogenation of X and Y both give only cyclohexane → X and Y must be C₆ hydrocarbons that can hydrogenate to cyclohexane.  
X decolorizes Br₂, no conjugated multiple bonds → likely cyclohexene (C₆H₁₀) and another? But mixture X is equimolar two liquids. Disproportionation gives Y (two liquids, saturated, no Br₂ decolorization).  
Disproportionation of cyclohexene? Possibly cyclohexene + something? Actually, cyclohexene can disproportionate to cyclohexane + benzene? But benzene has conjugated bonds, not allowed? Wait, benzene decolorizes Br₂? No, benzene doesn't decolorize bromine water under normal conditions. But benzene has conjugated multiple bonds, but problem says no conjugated multiple bonds in X. So X cannot have benzene.  
Alternatively, X could be 1-hexene and another? But hydrogenation gives only cyclohexane? That would require ring formation. So X must be cyclic compounds.  
Possible: X = cyclohexene (C₆H₁₀) and 1,3-cyclohexadiene? But 1,3-cyclohexadiene has conjugated bonds → not allowed. So X = cyclohexene and another C₆H₁₀ isomer without conjugated bonds? Only cyclohexene and methylcyclopentenes? But hydrogenation of methylcyclopentene gives methylcyclopentane, not cyclohexane. So must be both give cyclohexane.  
Thus both liquids in X must be C₆H₁₀ isomers that hydrogenate to cyclohexane → only cyclohexene and possibly 1-methylcyclopentene? No, that gives methylcyclopentane. So only cyclohexene itself? But mixture X has two liquids equimolar → maybe cyclohexene and another C₆H₁₀ that also gives cyclohexane? That's impossible unless it's also cyclohexene. So maybe X is not only C₆?  
Wait: Hydrogenation of both mixtures gives only one substance Z = cyclohexane. So all components in X and Y must be C₆ hydrocarbons that can become cyclohexane.  
Possible: X = benzene (C₆H₆) and cyclohexene? But benzene has conjugated bonds, not allowed. So X cannot have benzene.  
Maybe X = cyclohexene (C₆H₁₀) and 1,4-cyclohexadiene? 1,4-cyclohexadiene has isolated double bonds, not conjugated, so allowed. Hydrogenation gives cyclohexane. So X = cyclohexene (C₆H₁₀) and 1,4-cyclohexadiene (C₆H₈). Equimolar.  
Disproportionation with Pt heat: cyclohexene + 1,4-cyclohexadiene can disproportionate to cyclohexane and benzene? But benzene has conjugated bonds, but Y does not decolorize Br₂ → benzene does not decolorize Br₂ under normal conditions (requires catalyst). So Y could be cyclohexane and benzene? But benzene is not saturated, but doesn't decolorize Br₂. However, problem says Y does not decolorize bromine water → benzene fits. And Z is a constituent of Y, widely used solvent → cyclohexane is solvent, benzene also solvent but Z does not react further with H₂ → cyclohexane is saturated, benzene would react further with H₂ under severe conditions. So Z must be cyclohexane. So Y contains cyclohexane and benzene? But benzene can be hydrogenated to cyclohexane under severe conditions, so hydrogenation of Y gives only cyclohexane. That fits: Y = cyclohexane + benzene.  
Then X = cyclohexene + 1,4-cyclohexadiene. Check: Disproportionation: 2 cyclohexene → cyclohexane + cyclohexadiene? Not exactly. Known reaction: cyclohexene can disproportionate to cyclohexane and benzene. Also 1,4-cyclohexadiene can disproportionate to benzene and cyclohexane? Possibly. So equimolar mixture of cyclohexene and 1,4-cyclohexadiene upon heating with Pt gives equimolar mixture of cyclohexane and benzene? That would be Y.  
Now count H atoms in two liquids of X: cyclohexene C₆H₁₀ (10 H), 1,4-cyclohexadiene C₆H₈ (8 H). Total = 10+8 = 18.  
Thus answer D.  

Answer: D
PASSED got D expected D (36.3s, 1398 tokens)

[56/92] SuperGPQA/Engineering The transfer function of the system is g(s)=(s^2+3s+2)
We have  
\[
g(s) = \frac{s^2+3s+2}{s(s^2+7s+12)}.
\]  
Factor denominator:  
\[
s^2+7s+12 = (s+3)(s+4).
\]  
So  
\[
g(s) = \frac{s^2+3s+2}{s(s+3)(s+4)}.
\]  
Partial fraction decomposition:  
\[
\frac{s^2+3s+2}{s(s+3)(s+4)} = \frac{A}{s} + \frac{B}{s+3} + \frac{C}{s+4}.
\]  
Multiply through:  
\[
s^2+3s+2 = A(s+3)(s+4) + B s(s+4) + C s(s+3).
\]  

For \(s=0\):  
\(2 = A(3)(4) = 12A \Rightarrow A = 1/6\).  

For \(s=-3\):  
\(9 - 9 + 2 = 2 = B(-3)(1) = -3B \Rightarrow B = -2/3\).  

For \(s=-4\):  
\(16 - 12 + 2 = 6 = C(-4)(-1) = 4C \Rightarrow C = 3/2\).  

Thus:  
\[
g(s) = \frac{1/6}{s} + \frac{-2/3}{s+3} + \frac{3/2}{s+4}.
\]  
That matches choice J.

Answer: J
PASSED got J expected J (9.0s, 347 tokens)

[57/92] AIME2025/Algebra The set of points in $3$-dimensional coordinate space that lie
We are given the plane \(x+y+z=75\) and inequalities:

\[
x - yz < y - zx < z - xy
\]

We need to find the finite area region among three disjoint convex regions formed by these inequalities in the plane.

---

**Step 1: Rewrite inequalities**

First inequality:  
\(x - yz < y - zx\)  
\(\Rightarrow x - yz - y + zx < 0\)  
\(\Rightarrow (x - y) + z(x - y) < 0\)  
\(\Rightarrow (x - y)(1 + z) < 0\).

Second inequality:  
\(y - zx < z - xy\)  
\(\Rightarrow y - zx - z + xy < 0\)  
\(\Rightarrow (y - z) + x(y - z) < 0\)  
\(\Rightarrow (y - z)(1 + x) < 0\).

So the inequalities become:

\[
(x - y)(1 + z) < 0, \quad (y - z)(1 + x) < 0
\]

---

**Step 2: Sign analysis**

We have \(x+y+z=75\). The factors \(1+z\) and \(1+x\) are positive unless \(z<-1\) or \(x<-1\). But since sum is 75, likely all coordinates are large positive? Not necessarily, but we can check.

If \(1+z > 0\) and \(1+x > 0\), then inequalities reduce to:

\(x - y < 0\) and \(y - z < 0\)  
\(\Rightarrow x < y < z\).

If \(1+z < 0\) and \(1+x < 0\), then both factors negative, product positive? Wait: \((x-y)(1+z)<0\) with \(1+z<0\) means \(x-y>0\). Similarly \((y-z)(1+x)<0\) with \(1+x<0\) means \(y-z>0\). So \(x>y>z\).

If one factor positive and the other negative, we get mixed cases.

---

**Step 3: Regions in plane**

The plane \(x+y+z=75\) is 2D. The inequalities split it into regions by sign patterns of \((x-y)\) and \((y-z)\) relative to signs of \((1+z)\) and \((1+x)\).

The lines \(x=y\) and \(y=z\) are boundaries. Also lines \(z=-1\) and \(x=-1\) are boundaries, but since sum is 75, \(z=-1\) implies \(x+y=76\), possible; similarly \(x=-1\) implies \(y+z=76\).

The three disjoint convex regions correspond to the three sign patterns where both inequalities hold. The finite area region is likely the bounded one among them.

---

**Step 4: Find bounded region**

Consider \(x<y<z\) case: This requires \(1+z>0\) and \(1+x>0\), which is true for large enough coordinates. But on plane \(x+y+z=75\), if \(x<y<z\), then \(x\) is smallest, \(z\) largest. The region is unbounded because you can let \(x\to -\infty\)? But sum fixed, if \(x\) very negative, \(y\) and \(z\) large positive, still \(x<y<z\) possible? Yes, so unbounded.

Consider \(x>y>z\) case: similarly unbounded.

Mixed case: Suppose \(1+z>0\) and \(1+x<0\). Then first inequality: \((x-y)(1+z)<0\) with \(1+z>0\) gives \(x-y<0\) i.e. \(x<y\). Second: \((y-z)(1+x)<0\) with \(1+x<0\) gives \(y-z>0\) i.e. \(y>z\). So we have \(x<y\) and \(y>z\). No ordering between x and z. This is a wedge region.

Similarly other mixed case: \(1+z<0\) and \(1+x>0\) gives \(x>y\) and \(y<z\).

---

**Step 5: Which is bounded?**

The bounded region likely comes from constraints \(x<y\) and \(y>z\) with \(1+x<0\) and \(1+z>0\).  
\(1+x<0 \Rightarrow x<-1\).  
\(1+z>0 \Rightarrow z>-1\).  
Also plane \(x+y+z=75\). Since \(x<-1\) and \(z>-1\), \(y = 75 - x - z\). With \(x\) very negative, \(y\) becomes large positive, but we also have \(x<y\) and \(y>z\). This seems unbounded as \(x\to -\infty\).

Wait, maybe the bounded region comes from the case where both \(1+x\) and \(1+z\) are negative? Then \(x<-1\), \(z<-1\). Then inequalities give \(x>y>z\). But then \(y\) between two numbers less than -1, sum \(x+y+z=75\) forces large positive? Contradiction: if all three less than -1, sum < -3, cannot be 75. So impossible. So that case yields empty region.

Similarly both positive case: \(x>-1\), \(z>-1\), \(x<y<z\). Then all three > -1, sum > -3, possible. But unbounded as \(x\to -1^+\)? Actually if \(x\) near -1, \(y\) and \(z\) large positive, still possible. Unbounded.

---

**Step 6: Find bounded intersection**

The bounded region likely comes from the intersection of the two mixed cases? But they are disjoint convex regions. Let's solve explicitly.

Inequalities:

(1) \((x-y)(1+z) < 0\)  
(2) \((y-z)(1+x) < 0\)

We consider sign of \((1+z)\) and \((1+x)\).

Case A: \(1+z>0\), \(1+x>0\) → \(x<y\) and \(y<z\) → \(x<y<z\).  
Case B: \(1+z<0\), \(1+x<0\) → \(x>y\) and \(y>z\) → \(x>y>z\).  
Case C: \(1+z>0\), \(1+x<0\) → \(x<y\) and \(y>z\).  
Case D: \(1+z<0\), \(1+x>0\) → \(x>y\) and \(y<z\).

Cases C and D are the mixed ones.

---

**Step 7: Check boundedness**

Case C: \(x<-1\), \(z>-1\), \(x<y\), \(y>z\).  
Plane: \(y = 75 - x - z\).  
Constraints: \(x<-1\), \(z>-1\), \(x < 75 - x - z\) and \(75 - x - z > z\).  
First: \(x < 75 - x - z \Rightarrow 2x + z < 75\).  
Second: \(75 - x - z > z \Rightarrow 75 - x > 2z \Rightarrow x + 2z < 75\).

Also \(x<-1\), \(z>-1\).

These are linear inequalities in \(x,z\) (since y determined). The region in \(x,z\) is bounded? Let's check:  
\(2x+z < 75\), \(x+2z < 75\), \(x<-1\), \(z>-1\).  
As \(x\to -\infty\), \(2x+z<75\) holds, but \(x+2z<75\) also holds for large negative x? Yes, so unbounded in x direction. Similarly z can go large positive? \(x+2z<75\) limits z to < (75 - x)/2, but if x very negative, z can be large. So unbounded.

Case D: \(x>-1\), \(z<-1\), \(x>y\), \(y<z\).  
Plane: \(y = 75 - x - z\).  
Constraints: \(x>-1\), \(z<-1\), \(x > 75 - x - z\) and \(75 - x - z < z\).  
First: \(x > 75 - x - z \Rightarrow 2x + z > 75\).  
Second: \(75 - x - z < z \Rightarrow 75 - x < 2z \Rightarrow x + 2z > 75\).

Also \(x>-1\), \(z<-1\).

As \(z\to -\infty\), \(2x+z>75\) forces x large positive, but \(x+2z>75\) also forces x large? Actually if z very negative, x must be very positive to satisfy both. So region extends to infinity in both directions? Possibly unbounded.

---

**Step 8: Finite area region**

Maybe the finite region is the intersection of both mixed cases? But they are disjoint. Let's check if one of them is actually bounded by the plane and inequalities.

Consider Case C: \(x<-1\), \(z>-1\), \(x<y\), \(y>z\).  
Also from plane, \(y = 75 - x - z\). The inequalities \(x<y\) and \(y>z\) gave \(2x+z<75\) and \(x+2z<75\).  
Also \(x<-1\) and \(z>-1\).  
The intersection of half-planes: \(2x+z \le 75\), \(x+2z \le 75\), \(x \le -1\), \(z \ge -1\).  
This
FAIL got 1 expected 510 (53.3s, 2048 tokens)

[58/92] GPQA Diamond/Chemistry 3-(hydroxymethyl)-5-(prop-1-en-2-yl)cyclohexan-1-one is treated
We need to trace the transformations step by step.

**Step 1:**  
Starting compound: 3-(hydroxymethyl)-5-(prop-1-en-2-yl)cyclohexan-1-one.  
Treatment with NaH deprotonates the alcohol, then benzyl bromide adds a benzyl protecting group to the hydroxymethyl, giving a benzyl ether. The ketone remains unchanged. So product 1 is a benzyl-protected alcohol with the ketone and the alkene still present.

**Step 2:**  
Product 1 + p-toluenesulfonyl hydrazide + catalytic HCl → formation of a tosylhydrazone from the ketone. So product 2 is the tosylhydrazone derivative.

**Step 3:**  
Product 2 + n-BuLi at low temperature → Shapiro reaction (or Bamford–Stevens type elimination). The tosylhydrazone decomposes to form an alkene via elimination, and the n-butyllithium can also act as a base. After quenching with NH₄Cl, the alkene is formed, and the benzyl ether remains. The original exocyclic double bond (prop-1-en-2-yl) is still there, and the ketone-derived carbon becomes a double bond (likely exocyclic or endocyclic depending on ring). In this case, the Shapiro reaction on a cyclohexanone tosylhydrazone typically gives an exocyclic alkene (methylene) or an endocyclic double bond. Given the substituents, the most likely outcome is formation of an exocyclic methylene at the former carbonyl position. So product 3 has two double bonds: one from the original isopropenyl and one from the carbonyl conversion.

**Step 4:**  
Product 3 + Pd/C + H₂ → hydrogenation reduces all double bonds. The exocyclic methylene becomes a methyl group (so the former carbonyl carbon becomes CH₂), and the isopropenyl becomes an isopropyl group. The benzyl ether remains. So product 4 is a cyclohexane with a benzyl-protected hydroxymethyl and an isopropyl group. That matches choice D: (((3-isopropylcyclohexyl)methoxy)methyl)benzene.

Thus the answer is D.

**Final answer:**  
Answer: D
FAIL got D expected C (12.7s, 492 tokens)

[59/92] SuperGPQA/Engineering Assuming the signal x(t)=(sin(50*pi*t)/(pi*t))^2
We have  
\[
x(t) = \left( \frac{\sin(50\pi t)}{\pi t} \right)^2
\]  
The Fourier transform of \(\frac{\sin(50\pi t)}{\pi t}\) is a rectangle of height 1 from \(-50\pi\) to \(50\pi\). Squaring in time corresponds to convolution in frequency:  
\[
X(j\omega) = \text{triangular shape}, \text{ nonzero from } -100\pi \text{ to } 100\pi, \text{ peak } 50\pi \text{ at } \omega=0.
\]  
Specifically, the convolution of two rectangles of width \(100\pi\) gives a triangle with base from \(-100\pi\) to \(100\pi\) and maximum height \(50\pi\) (since area under each rectangle is \(100\pi\), convolution at zero gives \(100\pi\), but scaling from FT of squared sinc yields \(50\pi\) at zero).  

Sampling frequency \(\omega_s = 150\pi\) rad/s, so sampling period \(T = \frac{2\pi}{\omega_s} = \frac{2\pi}{150\pi} = \frac{1}{75}\) seconds.  

The sampled signal \(g(t) = x(t) \cdot \sum \delta(t - nT)\) has Fourier transform  
\[
G(j\omega) = \frac{1}{T} \sum_{k=-\infty}^{\infty} X(j(\omega - k\omega_s)).
\]  
Here \(\frac{1}{T} = 75\). So  
\[
G(j\omega) = 75 \sum_{k=-\infty}^{\infty} X(j(\omega - k \cdot 150\pi)).
\]  

We want \(G(j\omega) = 75 X(j\omega)\) for \(|\omega| \leq \omega_0\). This means no aliasing in that band. The baseband copy \(75 X(j\omega)\) extends from \(-100\pi\) to \(100\pi\). The nearest replicas are centered at \(\pm 150\pi\), so their edges start at \(150\pi - 100\pi = 50\pi\) and \(-150\pi + 100\pi = -50\pi\).  

Thus the maximum \(\omega_0\) without overlap is the point where the baseband triangle meets the first replica: at \(\omega = 50\pi\). So  
\[
\omega_0 = 50\pi.
\]  

Final answer:  
Answer: A
PASSED got A expected A (13.0s, 505 tokens)

[60/92] AIME2025/Geometry Let $A_1 A_2 A_3 ldots A_{11}$ be an $11$-sided non-convex
We are told that for each \(i = 2,\dots,10\), triangle \(A_i A_1 A_{i+1}\) has area 1 and  
\(\cos(\angle A_i A_1 A_{i+1}) = \frac{12}{13}\).  

Let’s denote \(A_1\) as the common vertex. For each such triangle, sides from \(A_1\) to \(A_i\) and \(A_1\) to \(A_{i+1}\) have lengths we can denote.  

Let \(x_i = A_1 A_i\) for \(i=2,\dots,11\).  
For each \(i=2,\dots,10\), triangle \(A_i A_1 A_{i+1}\) has sides \(x_i\) and \(x_{i+1}\) from \(A_1\), and the included angle \(\theta\) with \(\cos\theta = 12/13\), \(\sin\theta = \sqrt{1-(12/13)^2} = \sqrt{1-144/169} = \sqrt{25/169} = 5/13\).

Area formula:  
\[
\frac12 x_i x_{i+1} \sin\theta = 1
\]
So  
\[
\frac12 x_i x_{i+1} \cdot \frac{5}{13} = 1
\]
\[
x_i x_{i+1} \cdot \frac{5}{26} = 1
\]
\[
x_i x_{i+1} = \frac{26}{5}
\]

Thus for each \(i=2,\dots,10\), the product of consecutive lengths from \(A_1\) is constant:  
\[
x_2 x_3 = x_3 x_4 = \cdots = x_{10} x_{11} = \frac{26}{5}.
\]

This implies \(x_2 = x_4 = x_6 = \dots\) and \(x_3 = x_5 = \dots\) possibly alternating. More precisely, from \(x_i x_{i+1} = c\) constant, we get \(x_{i+2} = c / x_{i+1} = c / (c/x_i) = x_i\). So indeed the sequence alternates:  
\(x_2 = x_4 = x_6 = x_8 = x_{10}\)  
\(x_3 = x_5 = x_7 = x_9 = x_{11}\).

Let \(a = x_2 = x_4 = x_6 = x_8 = x_{10}\)  
and \(b = x_3 = x_5 = x_7 = x_9 = x_{11}\).  
Then \(ab = \frac{26}{5}\).

The polygon perimeter is \(A_1 A_2 + A_2 A_3 + \dots + A_{11} A_1\).  
We know \(A_1 A_i =\) either \(a\) or \(b\).  
The other edges are the polygon sides not involving \(A_1\). For each triangle \(A_i A_1 A_{i+1}\), the third side \(A_i A_{i+1}\) can be found via law of cosines:  
\[
(A_i A_{i+1})^2 = x_i^2 + x_{i+1}^2 - 2 x_i x_{i+1} \cos\theta
\]
Since \(\cos\theta = 12/13\), \(x_i x_{i+1} = 26/5\).  
So  
\[
(A_i A_{i+1})^2 = x_i^2 + x_{i+1}^2 - 2\cdot\frac{26}{5}\cdot\frac{12}{13}
= x_i^2 + x_{i+1}^2 - \frac{48}{5}
\]

Now for \(i=2,\dots,10\), the pairs \((x_i, x_{i+1})\) are either \((a,b)\) or \((b,a)\). So each such side length squared is  
\[
a^2 + b^2 - \frac{48}{5}
\]
Thus all these 9 sides are equal. Let’s denote \(s = \sqrt{a^2 + b^2 - 48/5}\).

The perimeter is:  
\[
P = (A_1 A_2 + A_1 A_{11}) + \sum_{i=2}^{10} A_i A_{i+1}
\]
We have \(A_1 A_2 = a\), \(A_1 A_{11} = b\) (since \(x_{11}=b\)).  
The sum of the 9 sides \(A_i A_{i+1}\) is \(9s\).

So  
\[
a + b + 9s = 20
\]

We also have \(ab = 26/5\).

We need \(a+b\) and \(s\) in terms of \(a,b\).  
Let \(S = a+b\), \(P = ab = 26/5\).  
Then \(a^2+b^2 = S^2 - 2P = S^2 - 52/5\).  
So  
\[
s = \sqrt{ S^2 - \frac{52}{5} - \frac{48}{5} } = \sqrt{ S^2 - \frac{100}{5} } = \sqrt{ S^2 - 20 }
\]

Equation:  
\[
S + 9\sqrt{S^2 - 20} = 20
\]

Solve:  
\[
9\sqrt{S^2 - 20} = 20 - S
\]
Square:  
\[
81(S^2 - 20) = (20 - S)^2 = 400 - 40S + S^2
\]
\[
81S^2 - 1620 = S^2 - 40S + 400
\]
\[
80S^2 + 40S - 2020 = 0
\]
Divide by 20:  
\[
4S^2 + 2S - 101 = 0
\]
\[
S = \frac{-2 \pm \sqrt{4 + 1616}}{8} = \frac{-2 \pm \sqrt{1620}}{8}
\]
\(\sqrt{1620} = \sqrt{4\cdot 405} = 2\sqrt{405} = 2\sqrt{81\cdot5} = 18\sqrt{5}\).  
So  
\[
S = \frac{-2 \pm 18\sqrt{5}}{8} = \frac{-1 \pm 9\sqrt{5}}{4}
\]

Since \(S = a+b > 0\), take positive:  
\[
S = \frac{9\sqrt{5} - 1}{4}
\]

Thus \(A_1 A_2 + A_1 A_{11} = a + b = S = \frac{9\sqrt{5} - 1}{4}\).

We need to express as \(\frac{m\sqrt{n} - p}{q}\) with \(m,n,p,q\) positive integers, \(n\) squarefree, no prime dividing all of \(m,p,q\).  
Here \(m=9\), \(n=5\), \(p=1\), \(q=4\). Check: gcd(9,1,4)=1, fine.  
So \(m+n+p+q = 9+5+1+4 = 19\).

Answer: 19
PASSED got 19 expected 19 (41.4s, 1592 tokens)

[61/92] GPQA Diamond/Chemistry The Michael reaction is a chemical process in organic chemistry
We need to determine the Michael addition products.

**First reaction:**  
The Michael donor is methyl 2-oxocyclohexane-1-carboxylate (a β-keto ester). Under NaOEt, it forms an enolate. The acceptor is 2,4-dimethyl-1-(vinylsulfinyl)benzene (a vinyl sulfoxide). The enolate adds to the β-carbon of the vinyl group, giving a new C–C bond at the α-position of the keto ester. That means the addition occurs at the carbon *adjacent* to the ester/ketone, which is the 1-position of the cyclohexane ring. So the product is methyl 1-(2-((2,4-dimethylphenyl)sulfinyl)ethyl)-2-oxocyclohexane-1-carboxylate.

**Second reaction:**  
Ethyl 2-ethylbutanoate is the donor (α-position to the carbonyl). NaH deprotonates it. The acceptor is methyl 2-cyclopentylidene-2-phenylacetate (an α,β-unsaturated ester). The enolate adds to the β-carbon of the unsaturated ester, forming a new bond at the α-carbon of the acceptor. The product is ethyl 2-ethyl-2-(1-(2-methoxy-2-oxo-1-phenylethyl)cyclopentyl)butanoate.

Comparing with choices, that matches option A.

**Final answer:**  
Answer: A
PASSED got A expected A (7.9s, 304 tokens)

[62/92] SuperGPQA/Science The $\mathrm{p} K_{a}^{\prime}$ values for aquatic mammals
We are given pK_a' values for two forms:  
- For HHbO₂ (oxyhemoglobin): pK_a' = 6.62  
- For HHb (deoxyhemoglobin): pK_a' = 8.18  

At pH 7.4, the difference in proton binding per O₂ released comes from the Henderson-Hasselbalch equation. The fraction of protonated form for each is:

For HHbO₂:  
\[
\alpha_{HHbO2} = \frac{1}{1+10^{\mathrm{pH} - \mathrm{p}K_a'}} = \frac{1}{1+10^{7.4-6.62}} = \frac{1}{1+10^{0.78}} \approx \frac{1}{1+6.026} \approx 0.1423
\]  
So moles H⁺ bound per mole HHbO₂ = 0.1423.

For HHb:  
\[
\alpha_{HHb} = \frac{1}{1+10^{7.4-8.18}} = \frac{1}{1+10^{-0.78}} = \frac{1}{1+0.166} \approx 0.8577
\]  
So moles H⁺ bound per mole HHb = 0.8577.

When O₂ is released, HHbO₂ → HHb + O₂, the net H⁺ bound increases by:  
\[
0.8577 - 0.1423 = 0.7154
\]  
That is approximately 0.716 H⁺ per O₂.

Thus the answer is **F**.

Answer: F
PASSED got F expected F (9.3s, 359 tokens)

[63/92] AIME2025/Combinatorics Alex divides a disk into four quadrants with two perpendicular
We are told:  
- Start with 2 perpendicular diameters → 4 quadrants, 4 initial regions.  
- Then add 25 more line segments, each connecting two random points on the perimeter in different quadrants.  
- Total 27 line segments.  
- Need expected number of regions formed.

---

**Key idea:**  
For a planar arrangement of lines (chords) inside a circle, the number of regions \(R\) is given by:

\[
R = 1 + E + V
\]

where \(E\) is number of edges (segments between intersection points), \(V\) is number of intersection points (including boundary points).  
But a simpler incremental formula: Each new chord increases number of regions by \(1\) plus the number of intersections it makes with previous chords.

---

**Initial state:**  
2 diameters → 4 chords, dividing circle into 4 regions.  
These 4 chords intersect at center (1 intersection point).  
Each diameter is split into 2 edges by center.

---

**Adding chords one by one:**  
When we add the \(k\)-th chord (connecting two random points in different quadrants), it will intersect some previous chords.  
Expected number of intersections with previous chords depends on how endpoints are chosen.

---

**Endpoint selection:**  
Perimeter points uniformly distributed.  
Quadrants are fixed by the two diameters.  
We pick two points in *different* quadrants uniformly at random.

---

**Intersection condition for two chords:**  
Two chords intersect inside the circle iff their endpoints are in alternating order around the circle.  
Given 4 quadrants, the probability that a new chord intersects a given previous chord depends on quadrant choices.

---

**Simplify via linearity:**  
Let \(X\) = total number of interior intersection points among all chords (excluding center).  
Each intersection point increases region count by 1 (since each crossing adds one region).  
Also, each new chord adds 1 region for itself (the base increase).  
So total regions = initial 4 + (number of chords added) + (number of interior intersections created).

Initial chords: 4. Added chords: 25.  
So base increase from chords = 25.  
Initial regions = 4.  
Thus:

\[
R = 4 + 25 + X = 29 + X
\]

where \(X\) = number of intersection points among all chords (excluding the center intersection of diameters).

---

**Compute expected \(X\):**  
Total chords = 27.  
We have 2 diameters fixed, plus 25 random chords.

We need expected number of intersections among all pairs of chords.

---

**Intersections among fixed diameters:**  
The two diameters intersect at center (1). That's already counted separately? Wait: Our \(X\) excludes center? Yes, we said "excluding center". So we ignore that intersection for \(X\).  
The diameters themselves: each diameter is a chord; they intersect only at center, so no other intersections among them. So no contribution from diameter-diameter pairs.

---

**Intersections between a diameter and a random chord:**  
A random chord connects two points in different quadrants.  
A diameter divides circle into two halves.  
For a chord to intersect a diameter, its endpoints must lie on opposite sides of that diameter.  
Given quadrants: each diameter separates two pairs of opposite quadrants.  
Probability that a random chord (with endpoints in different quadrants) crosses a given diameter:  
There are 4 quadrants labeled 1–4 in order. A diameter separates {1,2} from {3,4} (vertical) or {1,4} from {2,3} (horizontal).  
If endpoints are in different quadrants, they could be adjacent or opposite.  
We need probability they are on opposite sides of a given diameter.

For vertical diameter: quadrants 1&2 are left, 3&4 right.  
If endpoints are in quadrants from different sides → intersection.  
Given endpoints in different quadrants, probability they are from opposite sides:  
Total pairs of different quadrants: \(\binom{4}{2} = 6\).  
Pairs from opposite sides of vertical: (1,3), (1,4), (2,3), (2,4) → 4 pairs.  
So probability = \(4/6 = 2/3\).

Similarly for horizontal diameter: also 2/3.

Thus each random chord intersects a given diameter with probability 2/3.

There are 2 diameters, 25 random chords → expected intersections = \(25 \times 2 \times (2/3) = 100/3\).

---

**Intersections among random chords:**  
Number of random chords = 25.  
Number of pairs = \(\binom{25}{2} = 300\).  
For two random chords, each has endpoints in different quadrants.  
We need probability they intersect.

---

**Intersection probability for two random chords:**  
Given 4 quadrants, each chord picks two distinct quadrants uniformly from the 6 possible pairs.  
Two chords intersect iff their endpoints are in alternating order around the circle.

We can compute:  
Pick 4 endpoints (2 per chord) from 4 quadrants, each chord’s quadrants are distinct.  
Total ways to assign quadrants to 4 endpoints (order around circle matters):  
Label quadrants 1,2,3,4 in order.  
Each chord picks 2 quadrants. For two chords, we have 4 endpoints, each in a quadrant (could repeat? No, endpoints are distinct points, but quadrants can repeat if chords share a quadrant? Wait: endpoints are on perimeter, quadrants are regions; two different points can be in same quadrant. But condition "different quadrants" for each chord means each chord’s two endpoints are in different quadrants, but across chords, quadrants can repeat. So we need to consider distribution of 4 endpoints among 4 quadrants with constraint that each chord’s two are in different quadrants.

---

Simplify: Known result: For two random chords with endpoints uniformly on circle, intersection probability = 1/3.  
But here endpoints are restricted to different quadrants. Does that change? Possibly.

We can compute directly:  
Pick first chord: choose 2 distinct quadrants out of 4 (6 ways).  
Pick second chord: also choose 2 distinct quadrants out of 4.  
Given the 4 quadrants chosen (possibly with overlap), the endpoints are placed uniformly within each chosen quadrant. The order around circle is determined by quadrant order.

For intersection, the 4 endpoints must alternate around circle: A, B, C, D in order such that one chord connects A–C and the other B–D (or A–D and B–C).  
Given quadrants, the alternating condition depends on whether the two chords use exactly 4 distinct quadrants or share one.

---

Case analysis:

- **Case 1:** Both chords use the same pair of quadrants (e.g., both (1,3)). Then endpoints: two in quadrant 1, two in quadrant 3. On circle, order: all quadrant 1 points then all quadrant 3 points (since quadrants are contiguous). No alternating possible → intersection probability 0.

- **Case 2:** They share exactly one quadrant (e.g., first (1,2), second (1,3)). Then endpoints: two in quadrant 1, one in 2, one in 3. Order: quadrant 1 block, then 2, then 3. Alternating would require endpoints from different chords to interlace. With two points in same quadrant, they are adjacent in order; cannot alternate → intersection probability 0.

- **Case 3:** They use four distinct quadrants. Then each chord connects two opposite quadrants? Not necessarily; could be adjacent.  
If both chords connect opposite quadrants (e.g., (1,3) and (2,4)), then endpoints order: 1,2,3,4 → chords are (1,3) and (2,4) → they intersect (alternating).  
If one chord connects adjacent (1,2) and other connects opposite (3,4)? Then order: 1,2,3,4 → chords (1,2) and (3,4) → they do NOT intersect (non-alternating).  
If both connect adjacent pairs: e.g., (1,2) and (3,4) → no intersection. (1,2) and (2,3) share quadrant → case 2. So only intersecting case is when both are opposite pairs.

Thus intersection occurs iff both chords connect opposite quadrants.

---

Probability a random chord connects opposite quadrants:  
Out of 6 possible quadrant pairs, opposite pairs are (1,3) and (2,4) → 2 pairs. So probability = 2/6 = 1/3.

Thus for two random chords:  
P(both opposite) = (1/3)*(1/3) = 1/9.  
Given both opposite → intersection probability = 1 (since alternating).  
Otherwise → 0.

So intersection probability = 1/9.

---

Thus expected intersections among random chords = \(\binom{25}{2} \times (1/9) = 300/9 = 100/3\).

---

**Total expected \(X\):**  
From diameter–random: \(100/3\)  
From random–random: \(100/3\)  
Total \(X = 200/3\).

---

**Expected regions:**  
\(R = 29 + X = 29 + 200/3 = (87 + 200)/3 = 287/3\).

But must be integer? Expected value can be fractional. However problem likely expects integer? Let's check: 287/
FAIL got 287 expected 204 (53.3s, 2048 tokens)

[64/92] GPQA Diamond/Chemistry "1,2-Rearrangement reaction in which vicinal diols are allowed
We need to determine the pinacol rearrangement products. The key is that the more stable carbocation forms, and the migrating group is the one that can best stabilize the positive charge (often via a phenyl shift if aryl groups are present).  

**For A**: 3-methyl-4-phenylhexane-3,4-diol.  
- The diol has two tertiary carbons. Under acid, one OH leaves, forming a carbocation. The more stable carbocation is at the carbon bearing the phenyl group (since phenyl stabilizes via resonance). So the carbocation forms at C4 (the one with Ph). Then the methyl group at C3 (or the ethyl? Actually the other substituent at C3 is methyl and ethyl) can shift. But here the phenyl group is at C4, so the shift likely is of the methyl from C3 to C4, giving a ketone after deprotonation. The product is 3-ethyl-3-phenylpentan-2-one (methyl shift from C3 to C4, then loss of H+ from the OH at C3 gives carbonyl).  

**For B**: 3-(4-hydroxyphenyl)-2-phenylpentane-2,3-diol.  
- The more stable carbocation forms at the carbon with two phenyl groups? Actually C2 has Ph and Me, C3 has Ph and 4-hydroxyphenyl. The carbocation at C3 is stabilized by two aryl groups (one with OH), so likely forms there. Then the shift: the phenyl at C2 can migrate to C3, giving a ketone at C2. The product is 3-(4-hydroxyphenyl)-3-phenylpentan-2-one.  

**For C**: 1,1,2-tris(4-methoxyphenyl)-2-phenylethane-1,2-diol.  
- The carbocation forms at the carbon with more aryl groups: C1 has three 4-methoxyphenyl groups, C2 has one Ph and one 4-methoxyphenyl? Actually C2 has Ph and one 4-methoxyphenyl? Wait: The name says 1,1,2-tris(4-methoxyphenyl)-2-phenylethane-1,2-diol. So C1 has two 4-methoxyphenyl? Actually "1,1,2-tris" means at C1 there are two 4-methoxyphenyl, and at C2 there is one 4-methoxyphenyl and one phenyl? Let's parse: 1,1,2-tris(4-methoxyphenyl)-2-phenylethane-1,2-diol. So C1 has two 4-methoxyphenyl groups, C2 has one 4-methoxyphenyl and one phenyl. The carbocation at C1 is stabilized by two electron-donating aryl groups, so it forms there. Then the phenyl at C2 can migrate to C1, giving a ketone at C2. The product is 2,2,2-tris(4-methoxyphenyl)-1-phenylethan-1-one (the phenyl shifts, leaving the three methoxyphenyls at the same carbon).  

Comparing with choices:  
- A matches choice A: 3-ethyl-3-phenylpentan-2-one  
- B matches choice A: 3-(4-hydroxyphenyl)-3-phenylpentan-2-one  
- C matches choice A: 2,2,2-tris(4-methoxyphenyl)-1-phenylethan-1-one  

Thus answer is A.  

Answer: A
PASSED got A expected A (19.9s, 768 tokens)

[65/92] SuperGPQA/Science Compute the limit: $$ \lim_{x \to 0} \left( \frac{ x-1 }{ 2
We need to compute:

\[
\lim_{x \to 0} \left( \frac{x-1}{2x^2} + \frac{1}{x(e^{2x}-1)} \right).
\]

First, note that as \(x\to 0\), the first term \(\frac{x-1}{2x^2}\) diverges like \(-1/(2x^2)\) plus something, and the second term also diverges. We combine them.

Write the second term using series expansion:  
\(e^{2x} = 1 + 2x + 2x^2 + \frac{4}{3}x^3 + O(x^4)\).  
So \(e^{2x} - 1 = 2x + 2x^2 + \frac{4}{3}x^3 + O(x^4)\).  
Then  
\[
\frac{1}{x(e^{2x}-1)} = \frac{1}{x \cdot \left(2x + 2x^2 + \frac{4}{3}x^3 + O(x^4)\right)} = \frac{1}{2x^2} \cdot \frac{1}{1 + x + \frac{2}{3}x^2 + O(x^3)}.
\]  
Expand \(1/(1+u) = 1 - u + u^2 - \cdots\) with \(u = x + \frac{2}{3}x^2 + O(x^3)\):  
\[
\frac{1}{1+u} = 1 - (x + \frac{2}{3}x^2) + (x^2) + O(x^3) = 1 - x - \frac{2}{3}x^2 + x^2 + O(x^3) = 1 - x + \frac{1}{3}x^2 + O(x^3).
\]  
Thus  
\[
\frac{1}{x(e^{2x}-1)} = \frac{1}{2x^2} \left(1 - x + \frac{1}{3}x^2 + O(x^3)\right) = \frac{1}{2x^2} - \frac{1}{2x} + \frac{1}{6} + O(x).
\]

Now the first term:  
\[
\frac{x-1}{2x^2} = \frac{1}{2x} - \frac{1}{2x^2}.
\]

Summing:  
\[
\frac{x-1}{2x^2} + \frac{1}{x(e^{2x}-1)} = \left(\frac{1}{2x} - \frac{1}{2x^2}\right) + \left(\frac{1}{2x^2} - \frac{1}{2x} + \frac{1}{6} + O(x)\right) = \frac{1}{6} + O(x).
\]

Thus the limit as \(x\to 0\) is \(\frac{1}{6}\).

Answer: H. 1/6

Final line:  
Answer: H
PASSED got H expected H (17.2s, 666 tokens)

[66/92] AIME2025/Number Theory Let $x_1, x_2, x_3, ldots$ be a sequence of rational numbers
We are given  
\( x_1 = \frac{25}{11} \) and  
\( x_{k+1} = \frac{1}{3}\left(x_k + \frac{1}{x_k} - 1\right) \).  

We need \( x_{2025} \) as reduced fraction \( m/n \), then compute \( (m+n) \bmod 1000 \).

---

**Step 1: Look for pattern or transformation**  
Let’s try to see if the recurrence can be simplified.  
Define \( y_k = \frac{x_k - 1}{x_k + 1} \) or something similar?  

Alternatively, note the recurrence:  
\( x_{k+1} = \frac{1}{3}(x_k + \frac{1}{x_k} - 1) \).  

Multiply numerator/denominator? Let’s try substitution:  
Let \( x_k = \frac{a_k}{b_k} \) in reduced form.  

---

**Step 2: Try to find invariant**  
Consider \( x_k = \frac{p_k}{q_k} \). Then  
\( x_{k+1} = \frac{1}{3}\left( \frac{p_k}{q_k} + \frac{q_k}{p_k} - 1 \right) \)  
= \( \frac{1}{3} \cdot \frac{p_k^2 + q_k^2 - p_k q_k}{p_k q_k} \).  

So  
\( x_{k+1} = \frac{p_k^2 - p_k q_k + q_k^2}{3 p_k q_k} \).  

---

**Step 3: Check initial**  
\( x_1 = \frac{25}{11} \), so \( p_1=25, q_1=11 \).  
Then  
\( x_2 = \frac{25^2 - 25\cdot 11 + 11^2}{3\cdot 25\cdot 11} = \frac{625 - 275 + 121}{825} = \frac{471}{825} \).  
Reduce: 471 = 3·157, 825 = 3·275 → \( \frac{157}{275} \).  

So \( x_2 = \frac{157}{275} \).  

---

**Step 4: Next**  
\( p_2=157, q_2=275 \).  
\( x_3 = \frac{157^2 - 157\cdot 275 + 275^2}{3\cdot 157\cdot 275} \).  
Compute numerator:  
157² = 24649, 275² = 75625, product 157·275 = 43175.  
So numerator = 24649 - 43175 + 75625 = 24649+75625=100274, minus 43175 = 57099.  
Denominator: 3·157·275 = 3·43175 = 129525.  
Reduce? 57099 and 129525. Check gcd: 57099 mod 3 = 0? 5+7+0+9+9=30 divisible by 3, yes. 129525 sum digits=1+2+9+5+2+5=24 divisible by 3. Divide by 3: 57099/3=19033, 129525/3=43175. So \( x_3 = \frac{19033}{43175} \).  

---

**Step 5: Pattern emerges**  
Notice:  
\( x_1 = 25/11 \)  
\( x_2 = 157/275 \)  
\( x_3 = 19033/43175 \)  

Check if these numerators/denominators follow something like \( p_{k+1} = p_k^2 - p_k q_k + q_k^2 \) and \( q_{k+1} = 3 p_k q_k \).  

---

**Step 6: Try transformation to simplify**  
Let \( t_k = \frac{x_k+1}{x_k-1} \) or something.  
Alternatively, set \( y_k = \frac{x_k+1}{1-x_k} \) maybe?  

Check:  
If \( x_{k+1} = \frac{1}{3}(x_k + 1/x_k - 1) \), multiply numerator/denominator by something.  

Let’s try \( u_k = \frac{x_k - 1}{x_k + 1} \). Compute:  
\( u_k = \frac{x_k-1}{x_k+1} \). Then  
\( x_k = \frac{1+u_k}{1-u_k} \).  

Plug into recurrence:  
\( x_{k+1} = \frac{1}{3}\left( \frac{1+u_k}{1-u_k} + \frac{1-u_k}{1+u_k} - 1 \right) \).  

Compute sum:  
\( \frac{1+u_k}{1-u_k} + \frac{1-u_k}{1+u_k} = \frac{(1+u_k)^2 + (1-u_k)^2}{(1-u_k)(1+u_k)} = \frac{1+2u_k+u_k^2 + 1-2u_k+u_k^2}{1-u_k^2} = \frac{2+2u_k^2}{1-u_k^2} = \frac{2(1+u_k^2)}{1-u_k^2} \).  

Then subtract 1:  
\( \frac{2(1+u_k^2)}{1-u_k^2} - 1 = \frac{2(1+u_k^2) - (1-u_k^2)}{1-u_k^2} = \frac{2+2u_k^2 -1 + u_k^2}{1-u_k^2} = \frac{1+3u_k^2}{1-u_k^2} \).  

So  
\( x_{k+1} = \frac{1}{3} \cdot \frac{1+3u_k^2}{1-u_k^2} = \frac{1+3u_k^2}{3(1-u_k^2)} \).  

Now compute \( u_{k+1} = \frac{x_{k+1}-1}{x_{k+1}+1} \):  
\( u_{k+1} = \frac{ \frac{1+3u_k^2}{3(1-u_k^2)} - 1 }{ \frac{1+3u_k^2}{3(1-u_k^2)} + 1 } \).  

Numerator: \( \frac{1+3u_k^2 - 3(1-u_k^2)}{3(1-u_k^2)} = \frac{1+3u_k^2 -3 +3u_k^2}{3(1-u_k^2)} = \frac{-2+6u_k^2}{3(1-u_k^2)} = \frac{2(3u_k^2-1)}{3(1-u_k^2)} \).  

Denominator: \( \frac{1+3u_k^2 + 3(1-u_k^2)}{3(1-u_k^2)} = \frac{1+3u_k^2+3-3u_k^2}{3(1-u_k^2)} = \frac{4}{3(1-u_k^2)} \).  

So  
\( u_{k+1} = \frac{2(3u_k^2-1)}{3(1-u_k^2)} \cdot \frac{3(1-u_k^2)}{4} = \frac{2(3u_k^2-1)}{4} = \frac{3u_k^2-1}{2} \).  

Nice! So  
\( u_{k+1} = \frac{3u_k^2 - 1}{2} \).  

---

**Step 7: Recognize recurrence**  
This is reminiscent of Chebyshev or cosine doubling:  
If \( u_k = \cosh \theta \) or \( \cos \theta \) maybe?  
Recall: \( \cos 3\theta = 4\cos^3\theta - 3\cos\theta \) not matching.  
But \( \cosh \) identity: \( \cosh 2\theta = 2\cosh^2\theta - 1 \).  
Here we have \( u_{k+1} = \frac{3u_k^2-1}{2} \). That’s not exactly \( 2u_k^2-1 \).  

Try \( v_k = 2u_k \)? Then  
\( v_{k+1} = 2u_{k+1} = 2\cdot \frac{3u_k^2-1}{2} = 3u_k^2-1 = 3(v_k/2)^2 - 1 = \frac{3v_k^2}{4} - 1 \). Not nice.  

---

**Step 8: Try another substitution**  
Let \( u_k = \frac{1}{2}(t_k + 1/t_k) \) maybe?  
If \( u_k = \frac{t_k + t_k^{-1}}{2} \), then  
\( u_k^2 = \frac{t_k^2 + 2 + t_k^{-2}}{4}
FAIL got 4 expected 248 (53.3s, 2048 tokens)

[67/92] GPQA Diamond/Biology In an inactive state, a transcription factor subunit awaits an
We have a transcription factor subunit that normally dimerizes after phosphorylation. Mutation Y is in the dimerization domain and acts as a dominant-negative. That means the mutant protein can still interact with the wild-type protein but prevents it from forming functional dimers, leading to loss of function even in the presence of a wild-type allele. The most likely molecular phenotype is loss of dimerization, resulting in a loss-of-function (mutant) phenotype, not wild-type.

Answer: B
FAIL got B expected C (2.5s, 95 tokens)

[68/92] SuperGPQA/Science We now define an algorithm: The definition of a(n) is a
We need to understand the algorithm:  
It defines a self-inverse permutation of positive integers where 1 is fixed, followed by infinite adjacent transpositions (n, n+1).  

This sounds like the sequence of swaps:  
- Start with identity permutation.  
- Then repeatedly swap pairs (n, n+1) for n = 1, 2, 3, ... in order.  

But "self-inverse" and "1 is fixed" suggests a known permutation:  
It is the "inverse permutation" of the sequence where we swap adjacent pairs in order:  
First swap (1,2), then (2,3), then (3,4), ... infinitely.  

Actually, the well-known "infinite adjacent swap" process yields a permutation where each number eventually moves. The description: "a(n) is a self-inverse permutation of the positive integers where 1 is fixed, followed by an infinite number of adjacent transpositions (n, n+1)" matches OEIS A065190 or similar.  

Let’s test small values manually:  
Start: 1,2,3,4,5,6,...  
Swap (1,2): 2,1,3,4,5,6,...  
Swap (2,3): 2,3,1,4,5,6,...  
Swap (3,4): 2,3,4,1,5,6,...  
Swap (4,5): 2,3,4,5,1,6,...  
...  
So after infinite swaps, 1 goes to infinity? But they say 1 is fixed. That suggests the permutation is the inverse of that process?  

Actually, the known permutation: a(n) = n XOR 1 for n>1? Not exactly.  

Let’s check the given input range 63–72. The output choices show numbers like 62, 63, 64, 65, 66, 67, 68, 69, 70, 71, 72, 73. So likely the mapping is:  
For n ≥ 2, a(n) = n if n is odd? No.  

Let’s test with small n to see pattern:  
If we take the process: start with identity, then for k=1,2,3,... swap positions k and k+1. After infinite swaps, the permutation stabilizes? Actually each swap moves numbers gradually.  

But "self-inverse" and "1 fixed" suggests the permutation is:  
a(1)=1; for n>1, a(n) = n+1 if n even? Let's test:  
If a(2)=3, a(3)=2, a(4)=5, a(5)=4,... That is swapping each pair (2,3), (4,5), ... But they said adjacent transpositions (n, n+1) for all n, not just pairs.  

Maybe it's the permutation where you swap every adjacent pair starting from 1 repeatedly, but the result after infinite steps is that each number ends up swapped with its neighbor? Actually infinite swaps would move numbers arbitrarily far.  

Another interpretation: The definition might be: a(n) is defined by:  
- a(1)=1  
- For n≥1, apply transposition (n, n+1) to the current permutation, starting from identity, and continue indefinitely. The resulting permutation is the limit? But limit doesn't exist because numbers keep moving.  

Wait, maybe it's the inverse of that process: The permutation such that applying those swaps in order yields identity? That would be the "undo" order.  

Let’s check known sequence: OEIS A065190: "Self-inverse permutation of the positive integers: a(n) = n XOR 1 for n>1, a(1)=1." That gives:  
1→1, 2→3, 3→2, 4→5, 5→4, 6→7, 7→6, ...  
So for n≥2, pairs (even, odd) are swapped.  

Check input 63 (odd): 63 XOR 1 = 62.  
64 (even): 64 XOR 1 = 65.  
65 (odd): 65 XOR 1 = 64.  
66 (even): 66 XOR 1 = 67.  
67 (odd): 67 XOR 1 = 66.  
68 (even): 68 XOR 1 = 69.  
69 (odd): 69 XOR 1 = 68.  
70 (even): 70 XOR 1 = 71.  
71 (odd): 71 XOR 1 = 70.  
72 (even): 72 XOR 1 = 73.  

So output: [62, 65, 64, 67, 66, 69, 68, 71, 70, 73].  

Check choices: That matches option H exactly: [62, 65, 64, 67, 66, 69, 68, 71, 70, 73].  

Thus answer is H.  

Answer: H
PASSED got H expected H (28.4s, 1091 tokens)

[69/92] AIME2025/Geometry Let $triangle ABC$ be a right triangle with $angle A = 90^circ$
We have a right triangle \(ABC\) with \(\angle A = 90^\circ\), \(BC = 38\).  
Points \(K\) and \(L\) inside satisfy  
\(AK = AL = BK = CL = KL = 14\).

We need area of quadrilateral \(BKLC\) expressed as \(n\sqrt{3}\), find \(n\).

---

**Step 1 – Interpret geometry**  
Since \(AK = AL = 14\) and \(KL = 14\), triangle \(AKL\) is equilateral with side 14.  
Similarly, \(BK = 14\) and \(CL = 14\).

---

**Step 2 – Place coordinates**  
Let \(A = (0,0)\). Let \(B = (b,0)\) on x-axis, \(C = (0,c)\) on y-axis.  
Right angle at \(A\) means \(AB\) horizontal, \(AC\) vertical.

Then \(BC = \sqrt{b^2 + c^2} = 38\).

---

**Step 3 – Locate K and L**  
Since \(AK = 14\) and \(AL = 14\) and \(KL = 14\), points \(K\) and \(L\) are vertices of an equilateral triangle with \(A\).  
We can place \(K\) and \(L\) symmetrically around \(A\)? But they must be inside triangle \(ABC\).

Let’s set coordinates:  
Let \(K\) and \(L\) be such that triangle \(AKL\) is equilateral.  
One natural placement: Let \(K = (14,0)\)? That would put \(AK=14\) along AB, but then \(BK\) would be \(|b-14|\). For \(BK=14\), we need \(b=28\) or \(b=0\) (impossible). So not that.

Better: Place \(A\) at origin, let \(K\) and \(L\) be at positions rotated ±60° from some direction.

Let \(K = (7, 7\sqrt{3})\) and \(L = (14,0)\)? That gives \(AK=14\), \(AL=14\), \(KL=14\)? Check:  
\(K=(7,7\sqrt{3})\), \(L=(14,0)\):  
\(AK = \sqrt{7^2+(7\sqrt{3})^2} = \sqrt{49+147} = \sqrt{196}=14\).  
\(AL = \sqrt{14^2+0}=14\).  
\(KL = \sqrt{(14-7)^2+(0-7\sqrt{3})^2} = \sqrt{49+147}=14\). Yes.

So set \(K=(7,7\sqrt{3})\), \(L=(14,0)\).

---

**Step 4 – Determine B and C**  
We have \(B=(b,0)\) on x-axis, \(C=(0,c)\) on y-axis.  
\(BK = 14\): distance from \(B=(b,0)\) to \(K=(7,7\sqrt{3})\) is  
\(\sqrt{(b-7)^2 + (7\sqrt{3})^2} = \sqrt{(b-7)^2 + 147} = 14\).  
So \((b-7)^2 + 147 = 196 \Rightarrow (b-7)^2 = 49 \Rightarrow b-7 = \pm 7\).  
So \(b=14\) or \(b=0\). \(b=0\) would put B at A, impossible. So \(b=14\).  
Thus \(B=(14,0)\).

\(CL=14\): distance from \(C=(0,c)\) to \(L=(14,0)\) is  
\(\sqrt{14^2 + c^2} = \sqrt{196 + c^2} = 14 \Rightarrow 196 + c^2 = 196 \Rightarrow c=0\).  
That gives C at A, impossible. So our placement fails for L.

---

**Step 5 – Adjust orientation**  
We need \(K\) and \(L\) such that \(AK=AL=KL=14\) and also \(BK=14\), \(CL=14\) with B on x-axis, C on y-axis.

Let’s keep \(A=(0,0)\). Let \(K\) and \(L\) be placed symmetrically about the angle bisector of A? Since triangle ABC is right, maybe K and L are symmetric with respect to line y=x? Not necessarily.

Let’s use general coordinates:  
Let \(K = (u,v)\), \(L = (p,q)\).  
Conditions:  
\(u^2+v^2 = 196\) (AK=14)  
\(p^2+q^2 = 196\) (AL=14)  
\((u-p)^2+(v-q)^2 = 196\) (KL=14).  
So triangle AKL equilateral.

Also \(B=(b,0)\), \(C=(0,c)\).  
\(BK=14\): \((u-b)^2+v^2 = 196\).  
\(CL=14\): \(p^2+(q-c)^2 = 196\).

And \(b^2+c^2 = 38^2 = 1444\).

---

**Step 6 – Solve**  
From \(u^2+v^2=196\) and \((u-b)^2+v^2=196\), subtract:  
\((u-b)^2 - u^2 = 0 \Rightarrow (u^2 -2ub + b^2) - u^2 = -2ub + b^2 = 0 \Rightarrow b(b-2u)=0\).  
Since \(b>0\), \(b=2u\).

Similarly, from \(p^2+q^2=196\) and \(p^2+(q-c)^2=196\): subtract:  
\((q-c)^2 - q^2 = 0 \Rightarrow -2qc + c^2 = 0 \Rightarrow c(c-2q)=0\). Since \(c>0\), \(c=2q\).

So \(b=2u\), \(c=2q\).

---

**Step 7 – Equilateral condition**  
We have \(u^2+v^2=196\), \(p^2+q^2=196\), and \((u-p)^2+(v-q)^2=196\).

Also \(b=2u\), \(c=2q\).  
And \(b^2+c^2 = 4u^2+4q^2 = 1444 \Rightarrow u^2+q^2 = 361\).

From \(u^2+v^2=196\) and \(p^2+q^2=196\), we have \(v^2 = 196-u^2\), \(p^2 = 196-q^2\).

Equilateral condition:  
\((u-p)^2+(v-q)^2 = 196\).  
Expand: \(u^2 -2up + p^2 + v^2 -2vq + q^2 = 196\).  
But \(u^2+v^2=196\), \(p^2+q^2=196\), so sum = 392.  
Thus \(392 -2up -2vq = 196 \Rightarrow 2up+2vq = 196 \Rightarrow up+vq = 98\).

---

**Step 8 – Use \(u^2+q^2=361\)**  
We have unknowns \(u,v,p,q\) with:  
\(u^2+v^2=196\)  
\(p^2+q^2=196\)  
\(u^2+q^2=361\)  
\(up+vq=98\).

From \(u^2+q^2=361\) and \(u^2+v^2=196\), subtract: \(v^2 - q^2 = -165 \Rightarrow q^2 - v^2 = 165\).  
From \(p^2+q^2=196\) and \(u^2+q^2=361\), subtract: \(p^2 - u^2 = -165 \Rightarrow u^2 - p^2 = 165\).

So \(q^2 = v^2+165\), \(p^2 = u^2-165\).

Since \(p^2 \ge 0\), \(u^2 \ge 165\). Also \(u^2 \le 196\), so \(165 \le u^2 \le 196\).  
Similarly \(v^2 = 196-u^2\), so \(0 \le v^2 \le 31\).

---

**Step 9 – Solve for u, v, p, q**  
We have \(up+vq=98\). Also \(u^2+q^2=361\), \(v^2=196-u^2\), \(p^2=196-q^2\).

Let’s try to find numeric values.  
From \(u^2+q^2=361\) and \(u^2+v^2=196\), we have \(v^2 = 196-u^2\), \(q^2 = 361-u^2\).  
Also \(p^2 = 196 - q^2 = 196 - (361-u^2) = u^2 -165\).

So \(p = \pm \sqrt{u^2-165}\), \(q = \pm \sqrt{361-u^2}\), \(v = \pm \sqrt{196-u^2}\).

We also have \(up+vq=98\). Since points inside triangle, likely positive coordinates.

Let’s try \(u= \sqrt{?}\). Try \(u^2=175\)? Then \(v^2=21\), \(q^2=186\), \(p^2=10\). Not nice.

Try \(u^2
FAIL got 2 expected 104 (53.3s, 2048 tokens)

[70/92] GPQA Diamond/Chemistry cyclooctatetraene was heated with maleic anhydride in a 1:1
We have a sequence:  
1. Cyclooctatetraene + maleic anhydride (1:1) → product 1.  
2. Product 1 + MeOH / H₂SO₄ → product 2 (dimethyl ester).  
3. Product 2 + cyclopentadiene → final product 3 (Diels–Alder adduct).  

Cyclooctatetraene reacts with maleic anhydride via a *trans* addition (it is not aromatic; it undergoes Diels–Alder as a diene). The initial adduct has a bicyclic structure with two fused rings. After methanolysis, the anhydride becomes a dimethyl ester.  

Then cyclopentadiene adds to the remaining double bond(s) in the eight-membered ring portion. The stereochemistry is determined by the *endo* rule and the existing chiral centers.  

Comparing the SMILES and names, the correct major isomer has the *endo* configuration with the ester groups on the concave side relative to the new bridge. That matches choice **A** (the SMILES shows the correct stereochemistry pattern).  

Answer: A
FAIL got A expected C (6.1s, 236 tokens)

[71/92] SuperGPQA/Science In $\Delta G=-177$ K cal for $(1)$ $2
We are given:

(1) \( 2Fe(s) + \frac{3}{2}O_2(g) \rightarrow Fe_2O_3(s) \) with \(\Delta G = -177\) kcal  
(2) \( 4Fe_2O_3(s) + Fe(s) \rightarrow 3Fe_3O_4(s) \) with \(\Delta G = -19\) kcal  

We need the Gibbs free energy of formation of \(Fe_3O_4\) (per mole).  
The formation reaction is:  
\( 3Fe(s) + 2O_2(g) \rightarrow Fe_3O_4(s) \)

We can combine reactions to get this.

Let \(\Delta G_f(Fe_2O_3) = -177\) kcal for 1 mole of \(Fe_2O_3\)? Wait careful: Reaction (1) produces 1 mole \(Fe_2O_3\) from 2 Fe and 1.5 O₂, so \(\Delta G_f(Fe_2O_3) = -177\) kcal/mol.

Now reaction (2): \(4Fe_2O_3 + Fe \rightarrow 3Fe_3O_4\), \(\Delta G = -19\) kcal for that reaction.

We want \(\Delta G_f(Fe_3O_4)\). Write formation of 3 moles \(Fe_3O_4\) from elements:

\( 3Fe + 2O_2 \rightarrow Fe_3O_4 \) (for 1 mole, but we can scale).

We can get it by:

Take 4 × reaction (1): \(8Fe + 6O_2 \rightarrow 4Fe_2O_3\), \(\Delta G = 4 \times (-177) = -708\) kcal.  
Add reaction (2): \(4Fe_2O_3 + Fe \rightarrow 3Fe_3O_4\), \(\Delta G = -19\) kcal.  
Sum: \(8Fe + Fe + 6O_2 \rightarrow 3Fe_3O_4\) → \(9Fe + 6O_2 \rightarrow 3Fe_3O_4\), \(\Delta G = -708 -19 = -727\) kcal.

That is for 3 moles \(Fe_3O_4\). Per mole: \(-727/3 \approx -242.333...\) kcal/mol.

That matches choice D: \(-242.3\) kcal/mol (rounded).

Answer: D
FAIL got D expected F (13.7s, 529 tokens)

[72/92] AIME2025/Number Theory Let $N$ denote the numbers of ordered triples of positive
We are counting ordered triples \((a,b,c)\) with \(1 \le a,b,c \le 3^6\) such that  
\(a^3+b^3+c^3 \equiv 0 \pmod{3^7}\).

Let \(n = 3^6 = 729\).  
We want \(a,b,c \in \{1,\dots,729\}\) and \(a^3+b^3+c^3 \equiv 0 \pmod{3^7}\).

---

### Step 1: Structure modulo powers of 3

We can write \(a = 3^k \cdot u\) where \(u\) not divisible by 3.  
But here the modulus is \(3^7\), and the range is up to \(3^6\).  
We can use the fact that for \(x\) modulo \(3^m\), the cube map has certain properties.

---

### Step 2: Cube map modulo \(3^7\)

For integers modulo \(3^7\), the cube map \(x \to x^3\) is not injective.  
We can use Hensel lifting: For \(p=3\), the derivative \(3x^2\) is divisible by 3, so the map has many preimages.

Better: Use the fact that for \(x\) modulo \(3^7\),  
\(x^3 \equiv 0 \pmod{3^7}\) iff \(x\) divisible by \(3^{\lceil 7/3\rceil} = 3^3 = 27\).  
But we need sum ≡ 0 mod \(3^7\).

---

### Step 3: Approach via p-adic valuation

Let \(v_3(x)\) denote exponent of 3 dividing \(x\).  
For \(x\) in 1..729, \(v_3(x) \in \{0,1,\dots,6\}\).  
Write \(a = 3^{v_a} a'\) with \(a'\) not divisible by 3, similarly for b,c.

Then \(a^3 = 3^{3v_a} a'^3\).  
So \(v_3(a^3) = 3v_a\).

We need \(a^3+b^3+c^3\) divisible by \(3^7\).

---

### Step 4: Cases by minimal valuation

Let \(m = \min(3v_a, 3v_b, 3v_c)\).  
If \(m > 7\), sum automatically divisible by \(3^7\).  
If \(m < 7\), the term(s) with smallest valuation determine the sum modulo higher powers.

We need to consider valuations:

- \(v_a\) can be 0,...,6 → \(3v_a\) can be 0,3,6,9,12,15,18.
- \(3^7 = 2187\).

---

### Step 5: Cases

**Case 1:** All \(3v_a,3v_b,3v_c \ge 7\).  
That means \(3v_a \ge 7 \Rightarrow v_a \ge 3\) (since integer). So \(v_a \ge 3\), i.e., a divisible by \(27\). Similarly b,c divisible by 27.  
Count numbers ≤ 729 divisible by 27: floor(729/27)=27. So 27 choices each.  
Total triples: \(27^3 = 19683\).

**Case 2:** Exactly one has valuation <7, others ≥7.  
Suppose \(3v_a < 7\) and \(3v_b,3v_c \ge 7\). Then \(a^3\) mod \(3^7\) is nonzero, but b^3,c^3 ≡ 0 mod \(3^7\). So we need \(a^3 \equiv 0 \pmod{3^7}\) → impossible because \(3v_a<7\) means \(v_a \le 2\) → \(3v_a \le 6\), so \(a^3\) not divisible by \(3^7\). So no solutions.

**Case 3:** Exactly two have valuation <7, one ≥7.  
Then sum ≡ \(a^3+b^3 \pmod{3^7}\) with \(c^3\) ≡ 0. Need \(a^3+b^3 \equiv 0 \pmod{3^7}\).  
Let \(v_a, v_b \le 2\). Write \(a=3^{v_a} a', b=3^{v_b} b'\) with \(a',b'\) not divisible by 3.

Then \(a^3+b^3 = 3^{3v_a} a'^3 + 3^{3v_b} b'^3\).  
Let \(m = \min(3v_a,3v_b)\). Factor out \(3^m\):  
\(3^m( \cdots )\). For sum to be divisible by \(3^7\), we need \(m \ge 7\) or the bracket divisible by \(3^{7-m}\).  
But \(m \le 6\) here, so need bracket divisible by \(3^{7-m}\).

If \(v_a = v_b\): then \(m=3v_a\). Bracket = \(a'^3 + b'^3\). Need \(a'^3+b'^3 \equiv 0 \pmod{3^{7-3v_a}}\).  
If \(v_a \ne v_b\), say \(v_a < v_b\), then \(m=3v_a\), bracket = \(a'^3 + 3^{3(v_b-v_a)} b'^3\). Since \(3(v_b-v_a) \ge 3\), the second term is divisible by \(3^3\). So bracket ≡ \(a'^3 \pmod{3^3}\) at least. For divisibility by \(3^{7-3v_a}\), need \(a'^3 \equiv 0 \pmod{3^{7-3v_a}}\). But \(a'\) not divisible by 3, so \(a'^3\) not divisible by 3. So impossible unless \(7-3v_a \le 0\) → \(v_a \ge 3\), contradiction. So only possible if \(v_a = v_b\).

Thus \(v_a = v_b = v\) with \(v \le 2\). Then we need \(a'^3+b'^3 \equiv 0 \pmod{3^{7-3v}}\).

---

### Step 6: Solve for v=0,1,2

- **v=0**: \(a,b\) not divisible by 3, range 1..729. Count numbers not divisible by 3: total 729 - floor(729/3)=729-243=486.  
Need \(a'^3+b'^3 \equiv 0 \pmod{3^7}\). Mod 3^7, cubes of numbers not divisible by 3: we need to count pairs (x,y) mod 3^7 with x,y in [1,729] not divisible by 3, and x^3+y^3 ≡ 0 mod 3^7.

We can use the fact that for p=3, the cube map on units mod 3^k is a bijection for k≥1? Check: For p=3, derivative 3x^2 ≡ 0 mod 3, so not a bijection. Actually mod 3, cubes: 1^3=1, 2^3=8≡2 mod3, so it's bijection mod3. For higher powers, Hensel: Since derivative divisible by 3, the map may have multiple preimages. But we can count differently.

We can instead use that for \(x\) not divisible by 3, \(x^3 \equiv x \pmod{3}\) but not mod higher. However, we can use the fact that the multiplicative group modulo 3^7 is cyclic of order \(\phi(3^7)=2\cdot 3^6\). Cubing is a group homomorphism on units. Its image size = order / gcd(3, order). Since order = 2·3^6, gcd(3, order)=3, so image size = 2·3^6 / 3 = 2·3^5 = 486. Kernel size = 3. So each cube value has exactly 3 preimages among units mod 3^7.

But our x range is 1..729, not all units mod 3^7. However, numbers 1..729 cover exactly one complete set of residues mod 3^7? No, 3^7=2187, so 1..729 covers only a third of residues. But we can use symmetry.

Better: Count pairs (a,b) with a,b in 1..729, not divisible by 3, such that a^3+b^3 ≡ 0 mod 3^7.

Let S = set of residues mod 3^7 of numbers 1..729 not divisible by 3. Since 729 = 3^6, the residues 1..729 cover exactly one residue from each class mod 3^7? Actually mod 3^7, there are 2187 residues. The numbers 1..729 cover exactly the residues 1,...,729. Among these, those not divisible by 3: count = 729 - 243 = 486. So S has size 486.

We need pairs (x,y) in S such that x^3 ≡ -y^3 mod 3^7.  
Let T = { x^3 mod 3^7 : x in S }. Since
FAIL got 7 expected 735 (53.4s, 2048 tokens)

[73/92] GPQA Diamond/Physics Consider an oscillating charge distribution, which is spheroid
We need to determine the angular dependence and wavelength scaling for radiation from an oscillating spheroidal charge distribution.  
For a radiating source that is not a simple dipole, the angular distribution can vary.  
If the spheroid oscillates along its symmetry axis (z-axis), the lowest-order radiation is likely electric dipole radiation, which has a \(\sin^2\theta\) angular dependence.  
The power per unit solid angle for dipole radiation is proportional to \(\sin^2\theta\).  
At \(\theta = 30^\circ\), \(\sin^2 30^\circ = (1/2)^2 = 1/4\).  
Thus the fraction of maximum power (which occurs at \(\theta=90^\circ\)) is \(1/4\).  

For the wavelength dependence: dipole radiation power scales as \(\lambda^{-4}\) (from \(P \propto \omega^4\) and \(\omega \propto 1/\lambda\)).  

Thus the fraction is \(1/4\) and the form is \(\lambda^{-4}\).  

Answer: A
FAIL got A expected B (5.6s, 215 tokens)

[74/92] SuperGPQA/Sociology In 1814, 15 British individuals settled on T Island in the
The scenario describes a small founding population (15 British individuals) with one carrier of a recessive gene. Over time, the isolated island population grew to 240, showing a much higher frequency of the recessive allele than expected. This is a classic example of the **founder effect**, where a small group establishes a new population and carries only a subset of the original genetic diversity, leading to allele frequencies that differ from the source population.

Answer: J
FAIL got J expected H (2.3s, 89 tokens)

[75/92] AIME2025/Algebra There are exactly three positive real numbers $k$ such that the
We are told that  
\[
f(x) = \frac{(x - 18)(x - 72)(x - 98)(x - k)}{x}
\]  
defined for \(x>0\) achieves its minimum at exactly two positive \(x\) values.  
We need the three positive \(k\) for which this happens, and their sum.

---

**Step 1: Simplify the function**  
Let  
\[
g(x) = (x-18)(x-72)(x-98)(x-k)
\]  
so  
\[
f(x) = \frac{g(x)}{x}.
\]  
We can write  
\[
f(x) = x^3 - (18+72+98+k)x^2 + (\text{sum pairwise products})x - (\text{product of all four})/x.
\]  
But better:  
\[
f(x) = \frac{P(x)}{x}
\]  
where \(P(x)\) is a degree-4 polynomial.

---

**Step 2: Condition for minimum at two points**  
For a differentiable function on \((0,\infty)\), minima occur at critical points where derivative = 0.  
We have  
\[
f'(x) = \frac{P'(x) x - P(x)}{x^2}.
\]  
Set numerator = 0:  
\[
x P'(x) - P(x) = 0.
\]  
This is a polynomial equation of degree 4 (since \(P\) degree 4, \(P'\) degree 3, \(x P'\) degree 4).  
We want exactly two positive roots where \(f\) attains its *minimum* (not just critical points).  
Since \(f(x) \to +\infty\) as \(x\to 0^+\) and \(x\to +\infty\), the minimum must occur at some interior critical points.  
If exactly two positive \(x\) give the *same* minimum value, then the function has two distinct minima (a "double-well" shape). That means the derivative equation has two positive roots where the second derivative is positive, and the function values equal at those two points.

---

**Step 3: Symmetry trick**  
Notice the numbers 18, 72, 98. Their product? Not obviously symmetric. But note:  
\(18 = 2\cdot 9\), \(72 = 8\cdot 9\), \(98 = 2\cdot 49\).  
Maybe the condition for two minima is that the four roots of \(P(x)\) are symmetric in some way?  
Actually, the function  
\[
f(x) = \frac{(x-a)(x-b)(x-c)(x-d)}{x}
\]  
with \(a,b,c,d > 0\).  
We want two minima. This often happens when the four roots are in two pairs with some relation.

---

**Step 4: Known trick**  
For such rational functions, the condition for two equal minima is that the four numbers \(a,b,c,d\) can be paired such that their reciprocals sum to something?  
Alternatively, consider transformation \(x \to \frac{1}{x}\)? Not directly.

Better: Let’s set \(t = \sqrt{x}\)? Not.

Another approach: The derivative condition \(x P'(x) - P(x)=0\) is equivalent to  
\[
\sum_{i=1}^4 \frac{1}{x - r_i} = \frac{1}{x}
\]  
where \(r_i\) are 18,72,98,k. Because  
\(P(x) = \prod (x - r_i)\),  
\(P'(x)/P(x) = \sum 1/(x - r_i)\).  
Then  
\[
x P'(x) - P(x) = P(x) \left( \sum \frac{x}{x - r_i} - 1 \right) = P(x) \left( \sum \frac{r_i}{x - r_i} \right) = 0.
\]  
So critical points satisfy  
\[
\sum_{i=1}^4 \frac{r_i}{x - r_i} = 0.
\]  
That’s a rational equation.

---

**Step 5: Two equal minima condition**  
If the minimum occurs at two distinct \(x_1, x_2\), then at those points \(f'(x)=0\) and \(f''(x)>0\), and \(f(x_1)=f(x_2)\).  
The equality of values:  
\[
\frac{\prod (x_1 - r_i)}{x_1} = \frac{\prod (x_2 - r_i)}{x_2}.
\]  
Also, from the derivative condition, both satisfy  
\[
\sum \frac{r_i}{x - r_i} = 0.
\]  
This is reminiscent of the condition for the four numbers to be symmetric about some transformation.

---

**Step 6: Known result**  
There is a known problem: For  
\[
f(x) = \frac{(x-a)(x-b)(x-c)(x-d)}{x}
\]  
to have two minima at distinct positive \(x\), the numbers \(a,b,c,d\) must satisfy that they can be paired such that the product of each pair equals some constant?  
Let’s test: Suppose \(a=18, b=72, c=98, d=k\).  
Notice \(18\cdot 98 = 1764\), \(72\cdot ?\) If \(k\) such that \(72\cdot k = 1764\) then \(k = 1764/72 = 24.5\). That’s not integer but possible.  
Also \(18\cdot 72 = 1296\), \(98\cdot k = 1296 \Rightarrow k = 1296/98 = 648/49 \approx 13.224\).  
Or \(18\cdot k = 72\cdot 98 = 7056 \Rightarrow k = 7056/18 = 392\).  
These are three candidates.

---

**Step 7: Check symmetry**  
If the four numbers can be split into two pairs with equal products, then the function often has symmetric minima. Indeed, if \(ab = cd\), then the substitution \(x \to \frac{ab}{x}\) maps roots and gives symmetry.  
Let’s test:  
Pair1: (18,98) product=1764, pair2: (72,k) product must be 1764 → k=24.5.  
Pair1: (18,72) product=1296, pair2: (98,k) product=1296 → k=1296/98 = 648/49.  
Pair1: (18,k) product = 72*98=7056 → k=7056/18=392.  
These are three positive numbers.

---

**Step 8: Verify condition**  
If \(ab=cd\), then the transformation \(x \to \frac{ab}{x}\) sends roots: \(a \to b\)? Actually if \(ab=cd\), then mapping \(x \to \frac{ab}{x}\) sends \(a\) to \(b\), \(b\) to \(a\), \(c\) to \(d\), \(d\) to \(c\). Then \(f(x) = f(ab/x)\)? Let’s check:  
\(f(ab/x) = \frac{(ab/x - a)(ab/x - b)(ab/x - c)(ab/x - d)}{ab/x}\).  
Multiply numerator: \((ab/x - a) = a(b/x - 1) = a(b-x)/x\). Similarly \((ab/x - b) = b(a-x)/x\).  
So numerator = \(ab(a-x)(b-x)(ab/x - c)(ab/x - d)/x^2\).  
Denominator: \(ab/x\). So overall = \( (a-x)(b-x)(ab/x - c)(ab/x - d) / x\).  
Now \((ab/x - c) = (ab - cx)/x\), \((ab/x - d) = (ab - dx)/x\). Their product = \((ab-cx)(ab-dx)/x^2\).  
So \(f(ab/x) = \frac{(a-x)(b-x)(ab-cx)(ab-dx)}{x^3}\).  
Original \(f(x) = \frac{(x-a)(x-b)(x-c)(x-d)}{x}\).  
These are not obviously equal unless \(c,d\) relate. But if \(cd=ab\), then \(ab-cx = c(d-x)\)? Actually \(ab = cd\), so \(ab - cx = c(d-x)\). Similarly \(ab - dx = d(c-x)\). Then product = cd (d-x)(c-x). So numerator becomes \((a-x)(b-x) cd (d-x)(c-x) = cd (x-a)(x-b)(x-c)(x-d)\). Denominator \(x^3\). So \(f(ab/x) = cd \cdot f(x)/x^2\). Not equal generally. But if we also have \(cd=ab\), then \(cd = ab\), so \(f(ab/x) = ab f(x)/x^2\). For equality \(f(x)=f(ab/x)\) we need \(ab/x^2 = 1\) i.e. \(x=\sqrt{ab}\). That gives symmetry about that point, not two minima.

---

**Step 9: Correct symmetry condition**  
Actually the known problem: For  
\[
f(x) = \frac{(x-a)(x-b)(x-c)(x-d)}{x}
\]  
to have two minima at distinct \(x\), the numbers must satisfy that the sum of two equals sum of other two? Let’s test:  
If \(a+b =
FAIL got 9 expected 240 (53.3s, 2048 tokens)

[76/92] COMPSEC/FreeBSD / librpcsec_gss rpcsec_gss_validate() reduction
The vulnerability is a stack buffer overflow on line 20. The `scratch` buffer is fixed at `AUTH_STACK_MAX` (256 bytes), but `encoded_len` is attacker-controlled and can exceed that size, causing `memcpy` to overflow the stack.

The bug is introduced at line 10 where the buffer is declared with a fixed size, but the overflow occurs at line 20. However, the primary line where the bug becomes exploitable is line 20, as that's where the unsafe copy happens.

Answer: 20
PASSED got 20 expected 17-20 (2.9s, 112 tokens)

[77/92] COMPSEC/GNU Inetutils telnetd add_slc() reduction
The vulnerability is a buffer overflow. The function `add_slc` writes three bytes into `s->buf` without checking if there is enough space. The buffer size is `SLCBUF_SIZE` (108), but `s->used` can exceed that limit, causing an out-of-bounds write.

The bug is introduced at lines 18-20, where the writes occur without a bounds check. However, the primary issue is the missing check before writing. The smallest set of lines that clearly show the bug are lines 18, 19, and 20.

Answer: 18,19,20
PASSED got 18,19,20 expected 18-20 (3.3s, 126 tokens)

[78/92] COMPSEC/Botan sm2_decrypt_and_check_c3() reduction
The vulnerability is that `ct->c3.data` may have a length different from `SM3_DIGEST_LEN`, but the comparison on line 11 always compares exactly `SM3_DIGEST_LEN` bytes. If `ct->c3.data` is shorter, this reads past its allocated memory; if longer, the extra bytes are ignored, potentially allowing a false acceptance.

The bug is introduced at line 11, where the length used in `ct_memcmp` is fixed to `SM3_DIGEST_LEN` instead of using the actual length of `ct->c3`.

Answer: 11
PASSED got 11 expected 11 (3.3s, 129 tokens)

[79/92] COMPSEC/Botan tls13_server_handle_record() reduction
The primary bug is that the function does not check if the connection has already reached the `Established` state before processing `ApplicationData`. This allows application data to be processed before client authentication is complete, violating TLS 1.3 requirements.

The missing check is on line 18, where `ApplicationData` is processed without verifying `c->state == Established`.

Answer: 18
PASSED got 18 expected 18-19 (2.0s, 78 tokens)

[80/92] COMPSEC/Botan validate_path_step() reduction
The vulnerability is introduced at line 8. The function `find_issuer_for(cert)` could return a default-constructed or invalid `Certificate` object if no issuer is found. Then line 9 attempts to verify the signature using `issuer.public_key()`, which would dereference an invalid or null public key, causing undefined behavior or a crash.

Answer: 8
FAIL got 8 expected 5-6 (2.0s, 78 tokens)

[81/92] COMPSEC/uds-c send_diagnostic_request() reduction
The vulnerability is a buffer overflow. The `req` buffer has a maximum size of `MAX_DIAG_PAYLOAD` (6 bytes). However, the function allows `payload_len` up to `MAX_REQUEST_PAYLOAD` (7 bytes). The total size written is `1 + pid_len + payload_len`, which can be up to `1 + 2 + 7 = 10` bytes, exceeding the 6-byte buffer.

The bug is introduced at the definition of `req` on line 8, but the overflow is triggered by the unchecked size on lines 14-15. The primary issue is that the buffer is too small for the allowed payload length. The line where the buffer size is set incorrectly is line 8.

Answer: 8
FAIL got 8 expected 10-15 (4.1s, 159 tokens)

[82/92] COMPSEC/Firebird xdr_datum() reduction
The vulnerability is a buffer overflow on line 10. The function writes a null terminator at `dst[n]`, but `dst` points to a slice within `base` with a specific `desc->offset`. The check on line 6 only ensures `n` does not exceed available bytes in the XDR stream, but does not verify that `dst` has enough space for `n + 1` bytes relative to the slice's bounds. If `desc->offset` plus `n` exceeds the allocated size of the slice, writing `dst[n]` can overflow.

Answer: 10
PASSED got 10 expected 9-10 (3.2s, 123 tokens)

[83/92] COMPSEC/Firebird decode_specific_data_segments() reduction
The vulnerability is a buffer overflow or out-of-bounds write on line 11. The `segno` value is used directly as an index into `a->segments` without checking if it's within bounds after the `grow` call. The `grow` only ensures capacity for `missing` additional elements starting from the current size, but `segno` could be much larger than `a->segments.size() + missing`, leading to an out-of-bounds write.

Answer: 11
PASSED got 11 expected 9-11 (2.7s, 104 tokens)

[84/92] COMPSEC/PHP php_url_decode() reduction
The vulnerability is that `isxdigit` is called with `char` arguments that may be negative (since plain `char` is signed). This can cause out-of-bounds access in the ctype lookup table. The fix would be to cast to `unsigned char` before calling `isxdigit`.

The bug is introduced at line 7, where `isxdigit(s[r + 1])` and `isxdigit(s[r + 2])` are called without casting to `unsigned char`.

Answer: 7
PASSED got 7 expected 6-7 (2.8s, 108 tokens)

[85/92] COMPSEC/PHP PDO Firebird pdo_firebird_quote_token() reduction
The primary bug is that `strncat` does not properly handle embedded NUL bytes in `tok`. It treats NUL as the end of the string, so if `tok` contains embedded NULs, only the portion up to the first NUL is appended, and the rest is ignored. This can lead to an incomplete or incorrect SQL token.

The issue is introduced at line 5, where `strncat` is used instead of a function that handles arbitrary byte sequences.

Answer: 5
PASSED got 5 expected 5 (2.7s, 104 tokens)

[86/92] COMPSEC/libexpat doContent() tag-buffer reduction
The vulnerability is an integer overflow on line 3. The sum `prefix_len + name_len + 3` can overflow when both lengths are large, wrapping to a small value. This bypasses the capacity check and leads to a heap buffer overflow in the subsequent `memcpy` calls.

Answer: 3
PASSED got 3 expected 3,13-15 (1.6s, 63 tokens)

[87/92] COMPSEC/Mbed TLS x509_inet_pton_ipv6() reduction
The bug is introduced at line 8. The pointer `tp` is decremented before any bytes have been written to `tmp`, so `colonp` points to one byte before the start of `tmp`. This causes an out-of-bounds write when `memmove` and `memset` are later used with `colonp` as the destination.

Answer: 8
PASSED got 8 expected 8,20-22 (2.0s, 77 tokens)

[88/92] COMPSEC/Mbed TLS mbedtls_dhm_export_public() reduction
The vulnerability is that `ylen` can be larger than `plen`, causing a buffer underflow when computing `out + (plen - ylen)`. This occurs because there's no check that `ylen <= plen` before the subtraction.

The primary bug is introduced at line 11, where the pointer arithmetic assumes `ylen <= plen`.

Answer: 11
PASSED got 11 expected 11 (2.0s, 79 tokens)

[89/92] COMPSEC/Mbed TLS mbedtls_ccm_finish() reduction
The vulnerability is that `tag_len` is not validated before use in `memcpy` at line 10. If `tag_len` is larger than 16 (the size of `full_tag`), it will cause a buffer overflow. The bug is introduced at line 10, where the unchecked `tag_len` is used.

Answer: 10
PASSED got 10 expected 10 (1.9s, 72 tokens)

[90/92] COMPSEC/Linux kernel handle_one_ule_extension() reduction
The vulnerability is a buffer overflow on line 12. The `mandatory_handlers` array has 255 elements (indices 0–254), but `htype` can be any value from 0 to 255. When `htype` is 255, it accesses an index beyond the array bounds.

Answer: 12
PASSED got 12 expected 12-13 (1.8s, 70 tokens)

[91/92] COMPSEC/Linux kernel USB gadget storage check_command_size() reduction
The vulnerability is a potential integer overflow on line 3. When `blocks` is large and `blkbits` is also large, the left shift can overflow the `uint32_t` type, wrapping to a smaller value. This bypasses the size check on line 5, allowing an out-of-bounds write.

Answer: 3
PASSED got 3 expected 3 (1.8s, 70 tokens)

[92/92] COMPSEC/Linux kernel AppArmor verify_dfa() reduction
The vulnerability is that the loop at line 9 follows parent pointers without checking if they form a cycle. If `default_table` creates a cycle among differential states, the while loop will never terminate, causing an infinite loop or stack overflow.

The primary bug is introduced at line 11, where `j` is set to `parent` without any cycle detection or bound check. However, the issue stems from the loop structure starting at line 9, which lacks a termination guarantee. The minimal set of lines that introduce the bug are lines 9-11, but the critical missing check is at line 11.

Given the instruction to reply with the smallest comma-separated set of exact line numbers where the primary bug is introduced, and considering that the loop's lack of cycle protection is the core issue, the bug is introduced at line 11 (the assignment without validation). However, the loop condition at line 9 also contributes. The most precise single line is line 11.

Answer: 11
PASSED got 11 expected 10-14 (5.3s, 203 tokens)
ds4-eval: 60/92 passed, 32 failed, runtime 00h:29m
#   state      prompt      gen    total given    correct  test
  1 PASSED        201      385      586 B        B        GPQA Diamond/recNu3MXkvWUzHZr9
  2 PASSED        149       60      209 C        C        SuperGPQA/001b51d76b4d422988f2c11f104a2c6c
  3 PASSED         81      288      369 70       70       AIME2025/aime2025-01
  4 PASSED        313      168      481 C        C        GPQA Diamond/recoiTJPGUmzAkief
  5 PASSED        272       95      367 J        J        SuperGPQA/b7e20eac98764fb0bf30e8366d951daa
  6 FAILED        146     2048     2194 1873     468      AIME2025/aime2025-16
  7 PASSED        156      573      729 B        B        GPQA Diamond/rec4UqStf9WUVif1f
  8 PASSED        127       60      187 E        E        SuperGPQA/4a1d1780a93f4093b6fb7d3c314cbea8
  9 FAILED        633     2048     2681 7        588      AIME2025/aime2025-02
 10 PASSED        182      508      690 B        B        GPQA Diamond/recgI6tUQ7RLJRWGx
 11 PASSED        137       59      196 A        A        SuperGPQA/6082513c8dba4ec68aa68f1bf5854d09
 12 PASSED        165      501      666 16       16       AIME2025/aime2025-03
 13 PASSED        149     1887     2036 A        A        GPQA Diamond (modified)/recDytVnNYZe2HuUU
 14 PASSED        167       49      216 J        J        SuperGPQA/bebf1ed45ae14ad7b4f205f3909cb58a
 15 FAILED        305     2048     2353 2        82       AIME2025/aime2025-18
 16 PASSED        131      389      520 D        D        GPQA Diamond/recNFJjE5PPTqVJGv
 17 PASSED        175       48      223 I        I        SuperGPQA/7ca71b86327744b78e93185a45bc5cef
 18 PASSED        102      686      788 117      117      AIME2025/aime2025-04
 19 PASSED        187      293      480 B        B        GPQA Diamond/rec2UlKqC6RFHdcro
 20 PASSED        173      285      458 E        E        SuperGPQA/d44b94f7749345a39a65f6312bda8764
 21 PASSED        229      916     1145 106      106      AIME2025/aime2025-19
 22 PASSED        250       89      339 B        B        GPQA Diamond/recv7GsQg3f0fvB1f
 23 PASSED        232       63      295 B        B        SuperGPQA/febe406f44d74a40b50bb5b7c69d5dc1
 24 FAILED        126     2048     2174 2        279      AIME2025/aime2025-05
 25 FAILED        229     2048     2277 D        C        GPQA Diamond/recrHBEJJoDTV05JR
 26 PASSED        160      388      548 C        C        SuperGPQA/31950dc80ded400a9181f50626d1f75c
 27 PASSED        124      555      679 504      504      AIME2025/aime2025-06
 28 PASSED        198      268      466 D        D        GPQA Diamond/recb80OwMgNnceA9t
 29 PASSED        602      529     1131 C        C        SuperGPQA/0f14cd17be174618af6d60227e7dca9f
 30 FAILED        753     2048     2801 36       293      AIME2025/aime2025-21
 31 PASSED        254      295      549 C        C        GPQA Diamond/recA1i5ZAh0Uzclxp
 32 PASSED        394      349      743 J        J        SuperGPQA/cef9bcc087434cc2b4e354a9baef55eb
 33 FAILED        196      611      807 12       821      AIME2025/aime2025-07
 34 PASSED        216      602      818 B        B        GPQA Diamond/recqGD3fxPCI59vPQ
 35 PASSED        159       85      244 I        I        SuperGPQA/9f93aa2cfdb547b5b3a4623f80f7fff6
 36 FAILED        137     1307     1444 60671    237      AIME2025/aime2025-22
 37 FAILED        306      407      713 B        A        GPQA Diamond/rechKl68Uc6H7vU0N
 38 PASSED        157       45      202 E        E        SuperGPQA/97ad69dda7b2462c98638b79e78aea0b
 39 PASSED        156     1565     1721 77       77       AIME2025/aime2025-08
 40 PASSED        369      525      894 B        B        GPQA Diamond/rec1zl5LvaatzGhFt
 41 FAILED        128       45      173 E        H        SuperGPQA/e78e4e539d6f4e379ac140d923d7b1be
 42 FAILED        147     2048     2195 4        62       AIME2025/aime2025-09
 43 PASSED        585      150      735 A        A        GPQA Diamond/recTs7qzfJs6kfLUK
 44 PASSED        182      176      358 A        A        SuperGPQA/8483667a25e74fdfa3188de4ea734f03
 45 FAILED        140     1039     1179 150      149      AIME2025/aime2025-24
 46 PASSED        238      308      546 C        C        GPQA Diamond/rec32C1ZEapBnCC0E
 47 PASSED        153      444      597 A        A        SuperGPQA/e5ed76ef98144f06843125daf1bccd35
 48 FAILED        335     1535     1870 77       81       AIME2025/aime2025-10
 49 FAILED        225     2048     2273 C        B        GPQA Diamond/recZWeueB7lSPR6wN
 50 FAILED        127       87      214 E        H        SuperGPQA/fd7924876c4845cd83d95d61dfa0b236
 51 FAILED        117     2048     2165 9        907      AIME2025/aime2025-25
 52 FAILED        115     2048     2163 A        C        GPQA Diamond/recVvpD8miVjmmyfe
 53 PASSED        336      256      592 I        I        SuperGPQA/6bfe7d19299d4b3184636e1f51694306
 54 FAILED        106      485      591 1        113      AIME2025/aime2025-26
 55 PASSED        225     1398     1623 D        D        GPQA Diamond/recAAJoHMW45Lv5je
 56 PASSED        410      347      757 J        J        SuperGPQA/e1825d70c5844c22933087eafa89e39c
 57 FAILED        160     2048     2208 1        510      AIME2025/aime2025-12
 58 FAILED        267      492      759 D        C        GPQA Diamond/reckEnrOPFT9Ru7tW
 59 PASSED        239      505      744 A        A        SuperGPQA/ab430ac3f18e4e02a2cb3f35498c6b30
 60 PASSED        284     1592     1876 19       19       AIME2025/aime2025-27
 61 PASSED        495      304      799 A        A        GPQA Diamond/rec8nshandHARTkrg
 62 PASSED        389      359      748 F        F        SuperGPQA/e8c5da5ca40647158b0c91dd695c6243
 63 FAILED        129     2048     2177 287      204      AIME2025/aime2025-13
 64 PASSED        449      768     1217 A        A        GPQA Diamond/recFaL6j8UMhutXrc
 65 PASSED        190      666      856 H        H        SuperGPQA/05efdc6fb2404ddc8dd5729bb68c74e5
 66 FAILED        182     2048     2230 4        248      AIME2025/aime2025-28
 67 FAILED        207       95      302 B        C        GPQA Diamond/reczQ4I0VpENdMtIj
 68 PASSED        470     1091     1561 H        H        SuperGPQA/ba52e06cbe1a4310a77a7d12cd1db943
 69 FAILED        141     2048     2189 2        104      AIME2025/aime2025-29
 70 FAILED        777      236     1013 A        C        GPQA Diamond/recWxGU8Q4YReJ1tb
 71 FAILED        277      529      806 D        F        SuperGPQA/591a77df21324272914be82ac6583399
 72 FAILED        127     2048     2175 7        735      AIME2025/aime2025-15
 73 FAILED        220      215      435 A        B        GPQA Diamond/recMicVBcqy1xM1jq
 74 FAILED        202       89      291 J        H        SuperGPQA/e780f37a5baa4fe094cd9c157486664d
 75 FAILED        128     2048     2176 9        240      AIME2025/aime2025-30
 76 PASSED        411      112      523 20       17-20    COMPSEC/compsec-076
 77 PASSED        350      126      476 18,19,20 18-20    COMPSEC/compsec-077
 78 PASSED        358      129      487 11       11       COMPSEC/compsec-078
 79 PASSED        383       78      461 18       18-19    COMPSEC/compsec-079
 80 FAILED        307       78      385 8        5-6      COMPSEC/compsec-080
 81 FAILED        347      159      506 8        10-15    COMPSEC/compsec-081
 82 PASSED        296      123      419 10       9-10     COMPSEC/compsec-082
 83 PASSED        323      104      427 11       9-11     COMPSEC/compsec-083
 84 PASSED        321      108      429 7        6-7      COMPSEC/compsec-084
 85 PASSED        247      104      351 5        5        COMPSEC/compsec-085
 86 PASSED        372       63      435 3        3,13-15  COMPSEC/compsec-086
 87 PASSED        462       77      539 8        8,20-22  COMPSEC/compsec-087
 88 PASSED        327       79      406 11       11       COMPSEC/compsec-088
 89 PASSED        268       72      340 10       10       COMPSEC/compsec-089
 90 PASSED        359       70      429 12       12-13    COMPSEC/compsec-090
 91 PASSED        259       70      329 3        3        COMPSEC/compsec-091
 92 PASSED        327      203      530 11       10-14    COMPSEC/compsec-092
