stratum,round,order_position,selector,layer,gpu_ms
0,0,0,0,0,0.249750
0,0,0,0,1,0.248833
0,0,0,0,2,0.249875
0,0,0,0,3,0.248708
0,0,0,0,4,0.250042
0,0,0,0,5,0.245792
0,0,0,0,6,0.249250
0,0,0,0,7,0.248750
0,0,0,0,8,0.249292
0,0,0,0,9,0.249708
0,0,0,0,10,0.248750
0,0,0,0,11,0.249875
0,0,0,0,12,0.251667
0,0,0,0,13,0.249625
0,0,0,0,14,0.252292
0,0,0,0,15,0.249250
0,0,0,0,16,0.249000
0,0,0,0,17,0.249375
0,0,0,0,18,0.250250
0,0,0,0,19,0.249917
0,0,0,0,20,0.248750
0,0,0,0,21,0.249500
0,0,0,0,22,0.249917
0,0,0,0,23,0.249250
0,0,0,0,24,0.249083
0,0,0,0,25,0.249000
0,0,0,0,26,0.249625
0,0,0,0,27,0.249042
0,0,0,0,28,0.249375
0,0,0,0,29,0.249625
0,0,0,0,30,0.249000
0,0,0,0,31,0.249542
0,0,0,0,32,0.250000
0,0,0,0,33,0.248375
0,0,0,0,34,0.248333
0,0,0,0,35,0.249750
0,0,0,0,36,0.249208
0,0,0,0,37,0.248792
0,0,0,0,38,0.249500
0,0,0,0,39,0.248792
0,0,0,0,40,0.250667
0,0,0,0,41,0.249000
0,0,0,0,42,0.249375
0,0,1,2,0,0.248958
0,0,1,2,1,0.248042
0,0,1,2,2,0.251875
0,0,1,2,3,0.249708
0,0,1,2,4,0.249042
0,0,1,2,5,0.246250
0,0,1,2,6,0.247625
0,0,1,2,7,0.249000
0,0,1,2,8,0.249083
0,0,1,2,9,0.249375
0,0,1,2,10,0.249750
0,0,1,2,11,0.249583
0,0,1,2,12,0.249042
0,0,1,2,13,0.249583
0,0,1,2,14,0.250750
0,0,1,2,15,0.249875
0,0,1,2,16,0.249500
0,0,1,2,17,0.248917
0,0,1,2,18,0.249500
0,0,1,2,19,0.249208
0,0,1,2,20,0.248750
0,0,1,2,21,0.248792
0,0,1,2,22,0.249125
0,0,1,2,23,0.249000
0,0,1,2,24,0.248750
0,0,1,2,25,0.249167
0,0,1,2,26,0.249875
0,0,1,2,27,0.249750
0,0,1,2,28,0.250250
0,0,1,2,29,0.249375
0,0,1,2,30,0.249250
0,0,1,2,31,0.249667
0,0,1,2,32,0.250083
0,0,1,2,33,0.249125
0,0,1,2,34,0.249500
0,0,1,2,35,0.249875
0,0,1,2,36,0.249333
0,0,1,2,37,0.249500
0,0,1,2,38,0.250708
0,0,1,2,39,0.262500
0,0,1,2,40,0.250083
0,0,1,2,41,0.259375
0,0,1,2,42,0.250625
0,0,2,1,0,0.253625
0,0,2,1,1,0.254292
0,0,2,1,2,0.252958
0,0,2,1,3,0.254042
0,0,2,1,4,0.255333
0,0,2,1,5,0.254125
0,0,2,1,6,0.251625
0,0,2,1,7,0.254500
0,0,2,1,8,0.254292
0,0,2,1,9,0.252625
0,0,2,1,10,0.252250
0,0,2,1,11,0.253167
0,0,2,1,12,0.253500
0,0,2,1,13,0.252625
0,0,2,1,14,0.251875
0,0,2,1,15,0.253500
0,0,2,1,16,0.252875
0,0,2,1,17,0.252667
0,0,2,1,18,0.253042
0,0,2,1,19,0.253458
0,0,2,1,20,0.251875
0,0,2,1,21,0.252833
0,0,2,1,22,0.251000
0,0,2,1,23,0.252542
0,0,2,1,24,0.253958
0,0,2,1,25,0.252167
0,0,2,1,26,0.253958
0,0,2,1,27,0.253458
0,0,2,1,28,0.254417
0,0,2,1,29,0.253042
0,0,2,1,30,0.251083
0,0,2,1,31,0.253417
0,0,2,1,32,0.251667
0,0,2,1,33,0.252417
0,0,2,1,34,0.252958
0,0,2,1,35,0.251208
0,0,2,1,36,0.252167
0,0,2,1,37,0.252667
0,0,2,1,38,0.251417
0,0,2,1,39,0.252750
0,0,2,1,40,0.253625
0,0,2,1,41,0.252292
0,0,2,1,42,0.253625
0,0,3,32,0,0.368917
0,0,3,32,1,0.367417
0,0,3,32,2,0.368417
0,0,3,32,3,0.370375
0,0,3,32,4,0.370625
0,0,3,32,5,0.358208
0,0,3,32,6,0.359625
0,0,3,32,7,0.369667
0,0,3,32,8,0.368917
0,0,3,32,9,0.370625
0,0,3,32,10,0.369250
0,0,3,32,11,0.368250
0,0,3,32,12,0.368750
0,0,3,32,13,0.362042
0,0,3,32,14,0.370042
0,0,3,32,15,0.370458
0,0,3,32,16,0.369750
0,0,3,32,17,0.369750
0,0,3,32,18,0.370750
0,0,3,32,19,0.366500
0,0,3,32,20,0.367917
0,0,3,32,21,0.370583
0,0,3,32,22,0.370042
0,0,3,32,23,0.368750
0,0,3,32,24,0.368542
0,0,3,32,25,0.363833
0,0,3,32,26,0.370542
0,0,3,32,27,0.370458
0,0,3,32,28,0.371042
0,0,3,32,29,0.369625
0,0,3,32,30,0.366000
0,0,3,32,31,0.369250
0,0,3,32,32,0.369500
0,0,3,32,33,0.370875
0,0,3,32,34,0.355250
0,0,3,32,35,0.366750
0,0,3,32,36,0.369792
0,0,3,32,37,0.370500
0,0,3,32,38,0.370625
0,0,3,32,39,0.363375
0,0,3,32,40,0.364917
0,0,3,32,41,0.366333
0,0,3,32,42,0.369958
0,0,4,128,0,0.814667
0,0,4,128,1,0.815375
0,0,4,128,2,0.814750
0,0,4,128,3,0.816250
0,0,4,128,4,0.815750
0,0,4,128,5,0.806625
0,0,4,128,6,0.814375
0,0,4,128,7,0.815375
0,0,4,128,8,0.816875
0,0,4,128,9,0.816750
0,0,4,128,10,0.815375
0,0,4,128,11,0.815583
0,0,4,128,12,0.815375
0,0,4,128,13,0.814083
0,0,4,128,14,0.814958
0,0,4,128,15,0.815250
0,0,4,128,16,0.814667
0,0,4,128,17,0.815333
0,0,4,128,18,0.815250
0,0,4,128,19,0.815250
0,0,4,128,20,0.814375
0,0,4,128,21,0.814458
0,0,4,128,22,0.815250
0,0,4,128,23,0.815125
0,0,4,128,24,0.815000
0,0,4,128,25,0.815250
0,0,4,128,26,0.815042
0,0,4,128,27,0.814667
0,0,4,128,28,0.814667
0,0,4,128,29,0.818792
0,0,4,128,30,0.779708
0,0,4,128,31,0.814833
0,0,4,128,32,0.815750
0,0,4,128,33,0.815875
0,0,4,128,34,0.815667
0,0,4,128,35,0.815000
0,0,4,128,36,0.815542
0,0,4,128,37,0.814500
0,0,4,128,38,0.814625
0,0,4,128,39,0.815208
0,0,4,128,40,0.815292
0,0,4,128,41,0.815458
0,0,4,128,42,0.815500
0,1,0,2,0,0.249292
0,1,0,2,1,0.248875
0,1,0,2,2,0.249250
0,1,0,2,3,0.249125
0,1,0,2,4,0.248750
0,1,0,2,5,0.247542
0,1,0,2,6,0.249250
0,1,0,2,7,0.248625
0,1,0,2,8,0.249375
0,1,0,2,9,0.248958
0,1,0,2,10,0.249875
0,1,0,2,11,0.250125
0,1,0,2,12,0.249542
0,1,0,2,13,0.250750
0,1,0,2,14,0.249500
0,1,0,2,15,0.249625
0,1,0,2,16,0.249125
0,1,0,2,17,0.250792
0,1,0,2,18,0.249250
0,1,0,2,19,0.249042
0,1,0,2,20,0.248000
0,1,0,2,21,0.249667
0,1,0,2,22,0.248875
0,1,0,2,23,0.249708
0,1,0,2,24,0.249542
0,1,0,2,25,0.248458
0,1,0,2,26,0.250000
0,1,0,2,27,0.248750
0,1,0,2,28,0.248542
0,1,0,2,29,0.249875
0,1,0,2,30,0.248375
0,1,0,2,31,0.250000
0,1,0,2,32,0.249125
0,1,0,2,33,0.249625
0,1,0,2,34,0.249500
0,1,0,2,35,0.250625
0,1,0,2,36,0.247875
0,1,0,2,37,0.248875
0,1,0,2,38,0.250417
0,1,0,2,39,0.249417
0,1,0,2,40,0.249958
0,1,0,2,41,0.249000
0,1,0,2,42,0.248667
0,1,1,1,0,0.253583
0,1,1,1,1,0.252750
0,1,1,1,2,0.252750
0,1,1,1,3,0.253458
0,1,1,1,4,0.254000
0,1,1,1,5,0.248667
0,1,1,1,6,0.256542
0,1,1,1,7,0.255792
0,1,1,1,8,0.254583
0,1,1,1,9,0.254375
0,1,1,1,10,0.253500
0,1,1,1,11,0.253042
0,1,1,1,12,0.252958
0,1,1,1,13,0.253500
0,1,1,1,14,0.252792
0,1,1,1,15,0.253458
0,1,1,1,16,0.251833
0,1,1,1,17,0.252458
0,1,1,1,18,0.253500
0,1,1,1,19,0.250542
0,1,1,1,20,0.253083
0,1,1,1,21,0.252250
0,1,1,1,22,0.253083
0,1,1,1,23,0.251375
0,1,1,1,24,0.253208
0,1,1,1,25,0.252667
0,1,1,1,26,0.254250
0,1,1,1,27,0.253000
0,1,1,1,28,0.252875
0,1,1,1,29,0.250708
0,1,1,1,30,0.252625
0,1,1,1,31,0.253375
0,1,1,1,32,0.253000
0,1,1,1,33,0.250875
0,1,1,1,34,0.253708
0,1,1,1,35,0.252125
0,1,1,1,36,0.252667
0,1,1,1,37,0.252500
0,1,1,1,38,0.248917
0,1,1,1,39,0.251667
0,1,1,1,40,0.253375
0,1,1,1,41,0.251250
0,1,1,1,42,0.254833
0,1,2,32,0,0.370000
0,1,2,32,1,0.369875
0,1,2,32,2,0.368875
0,1,2,32,3,0.370667
0,1,2,32,4,0.372083
0,1,2,32,5,0.353583
0,1,2,32,6,0.370125
0,1,2,32,7,0.371167
0,1,2,32,8,0.369292
0,1,2,32,9,0.371208
0,1,2,32,10,0.368625
0,1,2,32,11,0.369750
0,1,2,32,12,0.368417
0,1,2,32,13,0.368750
0,1,2,32,14,0.371083
0,1,2,32,15,0.367500
0,1,2,32,16,0.367875
0,1,2,32,17,0.369125
0,1,2,32,18,0.370250
0,1,2,32,19,0.368458
0,1,2,32,20,0.366125
0,1,2,32,21,0.367750
0,1,2,32,22,0.367125
0,1,2,32,23,0.366875
0,1,2,32,24,0.368333
0,1,2,32,25,0.370375
0,1,2,32,26,0.366042
0,1,2,32,27,0.369750
0,1,2,32,28,0.369708
0,1,2,32,29,0.365625
0,1,2,32,30,0.366000
0,1,2,32,31,0.371000
0,1,2,32,32,0.369375
0,1,2,32,33,0.367917
0,1,2,32,34,0.353375
0,1,2,32,35,0.370500
0,1,2,32,36,0.368250
0,1,2,32,37,0.371542
0,1,2,32,38,0.369000
0,1,2,32,39,0.370042
0,1,2,32,40,0.370167
0,1,2,32,41,0.366875
0,1,2,32,42,0.366500
0,1,3,128,0,0.815625
0,1,3,128,1,0.815292
0,1,3,128,2,0.815375
0,1,3,128,3,0.814417
0,1,3,128,4,0.814500
0,1,3,128,5,0.809250
0,1,3,128,6,0.814625
0,1,3,128,7,0.814792
0,1,3,128,8,0.814250
0,1,3,128,9,0.814625
0,1,3,128,10,0.814667
0,1,3,128,11,0.814625
0,1,3,128,12,0.814875
0,1,3,128,13,0.815625
0,1,3,128,14,0.814417
0,1,3,128,15,0.813917
0,1,3,128,16,0.815208
0,1,3,128,17,0.814625
0,1,3,128,18,0.815125
0,1,3,128,19,0.815000
0,1,3,128,20,0.816125
0,1,3,128,21,0.814625
0,1,3,128,22,0.814375
0,1,3,128,23,0.815500
0,1,3,128,24,0.815000
0,1,3,128,25,0.813667
0,1,3,128,26,0.814750
0,1,3,128,27,0.814125
0,1,3,128,28,0.815625
0,1,3,128,29,0.816917
0,1,3,128,30,0.819292
0,1,3,128,31,0.813625
0,1,3,128,32,0.814500
0,1,3,128,33,0.815375
0,1,3,128,34,0.815042
0,1,3,128,35,0.814167
0,1,3,128,36,0.815458
0,1,3,128,37,0.814917
0,1,3,128,38,0.815000
0,1,3,128,39,0.814208
0,1,3,128,40,0.814875
0,1,3,128,41,0.815917
0,1,3,128,42,0.816125
0,1,4,0,0,0.250750
0,1,4,0,1,0.250375
0,1,4,0,2,0.249750
0,1,4,0,3,0.249750
0,1,4,0,4,0.249625
0,1,4,0,5,0.246042
0,1,4,0,6,0.250417
0,1,4,0,7,0.249125
0,1,4,0,8,0.250292
0,1,4,0,9,0.248875
0,1,4,0,10,0.249042
0,1,4,0,11,0.249083
0,1,4,0,12,0.248875
0,1,4,0,13,0.249125
0,1,4,0,14,0.249250
0,1,4,0,15,0.248958
0,1,4,0,16,0.249125
0,1,4,0,17,0.248708
0,1,4,0,18,0.249708
0,1,4,0,19,0.249125
0,1,4,0,20,0.249375
0,1,4,0,21,0.249417
0,1,4,0,22,0.248875
0,1,4,0,23,0.248458
0,1,4,0,24,0.249000
0,1,4,0,25,0.249375
0,1,4,0,26,0.248917
0,1,4,0,27,0.248375
0,1,4,0,28,0.249583
0,1,4,0,29,0.248125
0,1,4,0,30,0.261042
0,1,4,0,31,0.249875
0,1,4,0,32,0.258375
0,1,4,0,33,0.248542
0,1,4,0,34,0.248750
0,1,4,0,35,0.249042
0,1,4,0,36,0.249500
0,1,4,0,37,0.247625
0,1,4,0,38,0.249875
0,1,4,0,39,0.249500
0,1,4,0,40,0.248750
0,1,4,0,41,0.248083
0,1,4,0,42,0.249000
0,2,0,1,0,0.252708
0,2,0,1,1,0.253792
0,2,0,1,2,0.253083
0,2,0,1,3,0.253167
0,2,0,1,4,0.253000
0,2,0,1,5,0.248000
0,2,0,1,6,0.254875
0,2,0,1,7,0.256500
0,2,0,1,8,0.254458
0,2,0,1,9,0.252750
0,2,0,1,10,0.251667
0,2,0,1,11,0.252083
0,2,0,1,12,0.253000
0,2,0,1,13,0.252208
0,2,0,1,14,0.253000
0,2,0,1,15,0.253250
0,2,0,1,16,0.251167
0,2,0,1,17,0.253375
0,2,0,1,18,0.252625
0,2,0,1,19,0.250750
0,2,0,1,20,0.251167
0,2,0,1,21,0.252333
0,2,0,1,22,0.253625
0,2,0,1,23,0.252000
0,2,0,1,24,0.253625
0,2,0,1,25,0.252750
0,2,0,1,26,0.255125
0,2,0,1,27,0.253625
0,2,0,1,28,0.251917
0,2,0,1,29,0.251250
0,2,0,1,30,0.250708
0,2,0,1,31,0.253792
0,2,0,1,32,0.252708
0,2,0,1,33,0.253000
0,2,0,1,34,0.252333
0,2,0,1,35,0.251750
0,2,0,1,36,0.251958
0,2,0,1,37,0.252750
0,2,0,1,38,0.252625
0,2,0,1,39,0.250375
0,2,0,1,40,0.253375
0,2,0,1,41,0.253917
0,2,0,1,42,0.253083
0,2,1,32,0,0.359042
0,2,1,32,1,0.369750
0,2,1,32,2,0.368000
0,2,1,32,3,0.370375
0,2,1,32,4,0.369375
0,2,1,32,5,0.353125
0,2,1,32,6,0.363125
0,2,1,32,7,0.370375
0,2,1,32,8,0.372375
0,2,1,32,9,0.370667
0,2,1,32,10,0.368417
0,2,1,32,11,0.370208
0,2,1,32,12,0.370167
0,2,1,32,13,0.368125
0,2,1,32,14,0.366250
0,2,1,32,15,0.370417
0,2,1,32,16,0.368792
0,2,1,32,17,0.369000
0,2,1,32,18,0.368625
0,2,1,32,19,0.362625
0,2,1,32,20,0.364125
0,2,1,32,21,0.369833
0,2,1,32,22,0.367625
0,2,1,32,23,0.368875
0,2,1,32,24,0.371167
0,2,1,32,25,0.368000
0,2,1,32,26,0.369583
0,2,1,32,27,0.365125
0,2,1,32,28,0.369250
0,2,1,32,29,0.368458
0,2,1,32,30,0.369250
0,2,1,32,31,0.360375
0,2,1,32,32,0.369000
0,2,1,32,33,0.370250
0,2,1,32,34,0.369792
0,2,1,32,35,0.371625
0,2,1,32,36,0.356667
0,2,1,32,37,0.370875
0,2,1,32,38,0.370417
0,2,1,32,39,0.370125
0,2,1,32,40,0.368833
0,2,1,32,41,0.370375
0,2,1,32,42,0.368750
0,2,2,128,0,0.815250
0,2,2,128,1,0.815042
0,2,2,128,2,0.814875
0,2,2,128,3,0.815458
0,2,2,128,4,0.815250
0,2,2,128,5,0.809125
0,2,2,128,6,0.815250
0,2,2,128,7,0.814042
0,2,2,128,8,0.814250
0,2,2,128,9,0.815500
0,2,2,128,10,0.815125
0,2,2,128,11,0.815333
0,2,2,128,12,0.981250
0,2,2,128,13,0.794125
0,2,2,128,14,0.814375
0,2,2,128,15,0.814708
0,2,2,128,16,0.815792
0,2,2,128,17,0.816250
0,2,2,128,18,0.814500
0,2,2,128,19,0.815375
0,2,2,128,20,0.814625
0,2,2,128,21,0.815000
0,2,2,128,22,0.815625
0,2,2,128,23,0.815500
0,2,2,128,24,0.793917
0,2,2,128,25,0.815167
0,2,2,128,26,0.815208
0,2,2,128,27,0.814750
0,2,2,128,28,0.815875
0,2,2,128,29,0.815125
0,2,2,128,30,0.818500
0,2,2,128,31,0.775875
0,2,2,128,32,0.913417
0,2,2,128,33,0.871167
0,2,2,128,34,0.815250
0,2,2,128,35,0.816125
0,2,2,128,36,0.815000
0,2,2,128,37,0.816083
0,2,2,128,38,0.985750
0,2,2,128,39,0.814375
0,2,2,128,40,0.816667
0,2,2,128,41,0.815875
0,2,2,128,42,0.814500
0,2,3,0,0,0.250000
0,2,3,0,1,0.249125
0,2,3,0,2,0.249208
0,2,3,0,3,0.251750
0,2,3,0,4,0.251583
0,2,3,0,5,0.245958
0,2,3,0,6,0.248667
0,2,3,0,7,0.248625
0,2,3,0,8,0.249000
0,2,3,0,9,0.432500
0,2,3,0,10,0.250833
0,2,3,0,11,0.249875
0,2,3,0,12,0.249667
0,2,3,0,13,0.253625
0,2,3,0,14,0.249792
0,2,3,0,15,0.249625
0,2,3,0,16,0.249875
0,2,3,0,17,0.250625
0,2,3,0,18,0.249750
0,2,3,0,19,0.249000
0,2,3,0,20,0.249250
0,2,3,0,21,0.250458
0,2,3,0,22,0.250333
0,2,3,0,23,0.249750
0,2,3,0,24,0.249625
0,2,3,0,25,0.249958
0,2,3,0,26,0.407625
0,2,3,0,27,0.244750
0,2,3,0,28,0.249750
0,2,3,0,29,0.248000
0,2,3,0,30,0.249625
0,2,3,0,31,0.250958
0,2,3,0,32,0.254375
0,2,3,0,33,0.246000
0,2,3,0,34,0.251000
0,2,3,0,35,0.248875
0,2,3,0,36,0.249042
0,2,3,0,37,0.249583
0,2,3,0,38,0.250792
0,2,3,0,39,0.249333
0,2,3,0,40,0.250250
0,2,3,0,41,0.251125
0,2,3,0,42,0.249333
0,2,4,2,0,0.251000
0,2,4,2,1,0.248375
0,2,4,2,2,0.409625
0,2,4,2,3,0.249333
0,2,4,2,4,0.248125
0,2,4,2,5,0.249167
0,2,4,2,6,0.253292
0,2,4,2,7,0.252250
0,2,4,2,8,0.256917
0,2,4,2,9,0.250375
0,2,4,2,10,0.251000
0,2,4,2,11,0.250875
0,2,4,2,12,0.250750
0,2,4,2,13,0.249000
0,2,4,2,14,0.249250
0,2,4,2,15,0.250000
0,2,4,2,16,0.250542
0,2,4,2,17,0.249625
0,2,4,2,18,0.249667
0,2,4,2,19,0.249958
0,2,4,2,20,0.250333
0,2,4,2,21,0.417375
0,2,4,2,22,0.251083
0,2,4,2,23,0.250375
0,2,4,2,24,0.248583
0,2,4,2,25,0.249250
0,2,4,2,26,0.250125
0,2,4,2,27,0.254625
0,2,4,2,28,0.253125
0,2,4,2,29,0.251000
0,2,4,2,30,0.249167
0,2,4,2,31,0.250792
0,2,4,2,32,0.249083
0,2,4,2,33,0.249250
0,2,4,2,34,0.249000
0,2,4,2,35,0.250542
0,2,4,2,36,0.249250
0,2,4,2,37,0.248833
0,2,4,2,38,0.248875
0,2,4,2,39,0.251167
0,2,4,2,40,0.249625
0,2,4,2,41,0.410500
0,2,4,2,42,0.246333
0,3,0,32,0,0.367750
0,3,0,32,1,0.370000
0,3,0,32,2,0.371708
0,3,0,32,3,0.370000
0,3,0,32,4,0.369375
0,3,0,32,5,0.356833
0,3,0,32,6,0.362708
0,3,0,32,7,0.371375
0,3,0,32,8,0.368875
0,3,0,32,9,0.369750
0,3,0,32,10,0.370375
0,3,0,32,11,0.366833
0,3,0,32,12,0.370750
0,3,0,32,13,0.528875
0,3,0,32,14,0.356875
0,3,0,32,15,0.365250
0,3,0,32,16,0.364875
0,3,0,32,17,0.370250
0,3,0,32,18,0.369667
0,3,0,32,19,0.369750
0,3,0,32,20,0.368583
0,3,0,32,21,0.365125
0,3,0,32,22,0.370208
0,3,0,32,23,0.369958
0,3,0,32,24,0.368208
0,3,0,32,25,0.369708
0,3,0,32,26,0.370875
0,3,0,32,27,0.368250
0,3,0,32,28,0.368958
0,3,0,32,29,0.369625
0,3,0,32,30,0.370000
0,3,0,32,31,0.370583
0,3,0,32,32,0.365458
0,3,0,32,33,0.370750
0,3,0,32,34,0.369875
0,3,0,32,35,0.368292
0,3,0,32,36,0.371042
0,3,0,32,37,0.370542
0,3,0,32,38,0.369583
0,3,0,32,39,0.351000
0,3,0,32,40,0.371625
0,3,0,32,41,0.374750
0,3,0,32,42,0.370375
0,3,1,128,0,0.817458
0,3,1,128,1,0.797417
0,3,1,128,2,0.816875
0,3,1,128,3,0.820750
0,3,1,128,4,0.814708
0,3,1,128,5,0.815125
0,3,1,128,6,0.814500
0,3,1,128,7,0.813917
0,3,1,128,8,0.820375
0,3,1,128,9,0.823875
0,3,1,128,10,0.803250
0,3,1,128,11,0.816167
0,3,1,128,12,0.817708
0,3,1,128,13,0.815958
0,3,1,128,14,0.815542
0,3,1,128,15,0.815250
0,3,1,128,16,0.815250
0,3,1,128,17,0.815167
0,3,1,128,18,0.955875
0,3,1,128,19,0.815875
0,3,1,128,20,0.816250
0,3,1,128,21,0.814333
0,3,1,128,22,0.815083
0,3,1,128,23,0.813875
0,3,1,128,24,0.815000
0,3,1,128,25,0.954083
0,3,1,128,26,0.815875
0,3,1,128,27,0.818125
0,3,1,128,28,0.819625
0,3,1,128,29,0.848167
0,3,1,128,30,0.814500
0,3,1,128,31,0.815292
0,3,1,128,32,0.814667
0,3,1,128,33,0.815125
0,3,1,128,34,0.959125
0,3,1,128,35,0.816250
0,3,1,128,36,0.817750
0,3,1,128,37,0.814375
0,3,1,128,38,0.814583
0,3,1,128,39,0.814500
0,3,1,128,40,0.814625
0,3,1,128,41,0.815000
0,3,1,128,42,0.817583
0,3,2,0,0,0.250250
0,3,2,0,1,0.249000
0,3,2,0,2,0.246917
0,3,2,0,3,0.254417
0,3,2,0,4,0.253208
0,3,2,0,5,0.251208
0,3,2,0,6,0.250500
0,3,2,0,7,0.250208
0,3,2,0,8,0.250458
0,3,2,0,9,0.250250
0,3,2,0,10,0.250292
0,3,2,0,11,0.250042
0,3,2,0,12,0.250583
0,3,2,0,13,0.259583
0,3,2,0,14,0.249375
0,3,2,0,15,0.411500
0,3,2,0,16,0.249125
0,3,2,0,17,0.250542
0,3,2,0,18,0.249125
0,3,2,0,19,0.248708
0,3,2,0,20,0.248917
0,3,2,0,21,0.250625
0,3,2,0,22,0.247833
0,3,2,0,23,0.253292
0,3,2,0,24,0.249625
0,3,2,0,25,0.250708
0,3,2,0,26,0.248750
0,3,2,0,27,0.249750
0,3,2,0,28,0.250625
0,3,2,0,29,0.249583
0,3,2,0,30,0.249542
0,3,2,0,31,0.251292
0,3,2,0,32,0.251583
0,3,2,0,33,0.252833
0,3,2,0,34,0.249250
0,3,2,0,35,0.414958
0,3,2,0,36,0.249583
0,3,2,0,37,0.249000
0,3,2,0,38,0.250458
0,3,2,0,39,0.249750
0,3,2,0,40,0.251875
0,3,2,0,41,0.252375
0,3,2,0,42,0.251000
0,3,3,2,0,0.249000
0,3,3,2,1,0.253167
0,3,3,2,2,0.252750
0,3,3,2,3,0.249500
0,3,3,2,4,0.250875
0,3,3,2,5,0.248250
0,3,3,2,6,0.249292
0,3,3,2,7,0.250167
0,3,3,2,8,0.248583
0,3,3,2,9,0.249458
0,3,3,2,10,0.251375
0,3,3,2,11,0.290958
0,3,3,2,12,0.251708
0,3,3,2,13,0.250292
0,3,3,2,14,0.248875
0,3,3,2,15,0.250417
0,3,3,2,16,0.251125
0,3,3,2,17,0.252375
0,3,3,2,18,0.250042
0,3,3,2,19,0.250000
0,3,3,2,20,0.252500
0,3,3,2,21,0.253833
0,3,3,2,22,0.251333
0,3,3,2,23,0.249167
0,3,3,2,24,0.249750
0,3,3,2,25,0.249583
0,3,3,2,26,0.249750
0,3,3,2,27,0.250667
0,3,3,2,28,0.249542
0,3,3,2,29,0.250083
0,3,3,2,30,0.308375
0,3,3,2,31,0.250000
0,3,3,2,32,0.249125
0,3,3,2,33,0.249875
0,3,3,2,34,0.248792
0,3,3,2,35,0.250958
0,3,3,2,36,0.252000
0,3,3,2,37,0.253625
0,3,3,2,38,0.249792
0,3,3,2,39,0.246542
0,3,3,2,40,0.256000
0,3,3,2,41,0.250542
0,3,3,2,42,0.250875
0,3,4,1,0,0.253375
0,3,4,1,1,0.253542
0,3,4,1,2,0.253833
0,3,4,1,3,0.252000
0,3,4,1,4,0.253250
0,3,4,1,5,0.251875
0,3,4,1,6,0.418625
0,3,4,1,7,0.253625
0,3,4,1,8,0.253500
0,3,4,1,9,0.253458
0,3,4,1,10,0.252292
0,3,4,1,11,0.252917
0,3,4,1,12,0.256875
0,3,4,1,13,0.255750
0,3,4,1,14,0.252250
0,3,4,1,15,0.253708
0,3,4,1,16,0.252250
0,3,4,1,17,0.254167
0,3,4,1,18,0.253708
0,3,4,1,19,0.253000
0,3,4,1,20,0.253250
0,3,4,1,21,0.254000
0,3,4,1,22,0.253375
0,3,4,1,23,0.253500
0,3,4,1,24,0.413750
0,3,4,1,25,0.251292
0,3,4,1,26,0.251292
0,3,4,1,27,0.253625
0,3,4,1,28,0.252667
0,3,4,1,29,0.252958
0,3,4,1,30,0.253000
0,3,4,1,31,0.246833
0,3,4,1,32,0.254375
0,3,4,1,33,0.254583
0,3,4,1,34,0.245500
0,3,4,1,35,0.250250
0,3,4,1,36,0.255333
0,3,4,1,37,0.254000
0,3,4,1,38,0.252917
0,3,4,1,39,0.252792
0,3,4,1,40,0.253917
0,3,4,1,41,0.252542
0,3,4,1,42,0.253125
0,4,0,128,0,0.955875
0,4,0,128,1,0.814583
0,4,0,128,2,0.815875
0,4,0,128,3,0.817750
0,4,0,128,4,0.815125
0,4,0,128,5,0.815500
0,4,0,128,6,0.815167
0,4,0,128,7,0.818750
0,4,0,128,8,0.893042
0,4,0,128,9,0.814542
0,4,0,128,10,0.817750
0,4,0,128,11,0.816875
0,4,0,128,12,0.813333
0,4,0,128,13,0.814500
0,4,0,128,14,0.816458
0,4,0,128,15,0.815500
0,4,0,128,16,0.964500
0,4,0,128,17,0.815875
0,4,0,128,18,0.816500
0,4,0,128,19,0.777250
0,4,0,128,20,0.774375
0,4,0,128,21,0.814375
0,4,0,128,22,0.815375
0,4,0,128,23,0.814292
0,4,0,128,24,0.817792
0,4,0,128,25,0.793917
0,4,0,128,26,0.814167
0,4,0,128,27,0.818125
0,4,0,128,28,0.816000
0,4,0,128,29,0.817083
0,4,0,128,30,0.818375
0,4,0,128,31,0.814250
0,4,0,128,32,0.978000
0,4,0,128,33,0.813708
0,4,0,128,34,0.814750
0,4,0,128,35,0.817917
0,4,0,128,36,0.815750
0,4,0,128,37,0.815375
0,4,0,128,38,0.814625
0,4,0,128,39,0.815917
0,4,0,128,40,0.978250
0,4,0,128,41,0.805708
0,4,0,128,42,0.815375
0,4,1,0,0,0.249125
0,4,1,0,1,0.249875
0,4,1,0,2,0.249250
0,4,1,0,3,0.253750
0,4,1,0,4,0.250167
0,4,1,0,5,0.246417
0,4,1,0,6,0.249500
0,4,1,0,7,0.249875
0,4,1,0,8,0.249583
0,4,1,0,9,0.249958
0,4,1,0,10,0.250792
0,4,1,0,11,0.250875
0,4,1,0,12,0.249167
0,4,1,0,13,0.338000
0,4,1,0,14,0.249125
0,4,1,0,15,0.248750
0,4,1,0,16,0.249250
0,4,1,0,17,0.250750
0,4,1,0,18,0.249417
0,4,1,0,19,0.248292
0,4,1,0,20,0.249875
0,4,1,0,21,0.249625
0,4,1,0,22,0.250417
0,4,1,0,23,0.251583
0,4,1,0,24,0.248958
0,4,1,0,25,0.249208
0,4,1,0,26,0.250333
0,4,1,0,27,0.249500
0,4,1,0,28,0.251375
0,4,1,0,29,0.249750
0,4,1,0,30,0.248792
0,4,1,0,31,0.248750
0,4,1,0,32,0.248875
0,4,1,0,33,0.415375
0,4,1,0,34,0.249458
0,4,1,0,35,0.251083
0,4,1,0,36,0.250000
0,4,1,0,37,0.250167
0,4,1,0,38,0.249833
0,4,1,0,39,0.253000
0,4,1,0,40,0.250333
0,4,1,0,41,0.250625
0,4,1,0,42,0.255208
0,4,2,2,0,0.248750
0,4,2,2,1,0.249375
0,4,2,2,2,0.250125
0,4,2,2,3,0.250750
0,4,2,2,4,0.251333
0,4,2,2,5,0.254792
0,4,2,2,6,0.252125
0,4,2,2,7,0.249750
0,4,2,2,8,0.249292
0,4,2,2,9,0.407250
0,4,2,2,10,0.250292
0,4,2,2,11,0.250417
0,4,2,2,12,0.250000
0,4,2,2,13,0.251167
0,4,2,2,14,0.250125
0,4,2,2,15,0.252417
0,4,2,2,16,0.250583
0,4,2,2,17,0.250042
0,4,2,2,18,0.251250
0,4,2,2,19,0.249250
0,4,2,2,20,0.248667
0,4,2,2,21,0.249500
0,4,2,2,22,0.250167
0,4,2,2,23,0.249458
0,4,2,2,24,0.249833
0,4,2,2,25,0.249500
0,4,2,2,26,0.248125
0,4,2,2,27,0.248875
0,4,2,2,28,0.409625
0,4,2,2,29,0.244333
0,4,2,2,30,0.249250
0,4,2,2,31,0.249250
0,4,2,2,32,0.250000
0,4,2,2,33,0.248917
0,4,2,2,34,0.249042
0,4,2,2,35,0.248875
0,4,2,2,36,0.249000
0,4,2,2,37,0.247083
0,4,2,2,38,0.247417
0,4,2,2,39,0.253750
0,4,2,2,40,0.250000
0,4,2,2,41,0.249500
0,4,2,2,42,0.250250
0,4,3,1,0,0.253750
0,4,3,1,1,0.252833
0,4,3,1,2,0.252458
0,4,3,1,3,0.252917
0,4,3,1,4,0.250458
0,4,3,1,5,0.248292
0,4,3,1,6,0.251625
0,4,3,1,7,0.273250
0,4,3,1,8,0.288083
0,4,3,1,9,0.253000
0,4,3,1,10,0.250292
0,4,3,1,11,0.254708
0,4,3,1,12,0.254625
0,4,3,1,13,0.253875
0,4,3,1,14,0.252458
0,4,3,1,15,0.253000
0,4,3,1,16,0.252000
0,4,3,1,17,0.253167
0,4,3,1,18,0.253250
0,4,3,1,19,0.251250
0,4,3,1,20,0.253083
0,4,3,1,21,0.253750
0,4,3,1,22,0.254083
0,4,3,1,23,0.412625
0,4,3,1,24,0.245000
0,4,3,1,25,0.254458
0,4,3,1,26,0.251000
0,4,3,1,27,0.252583
0,4,3,1,28,0.252958
0,4,3,1,29,0.254125
0,4,3,1,30,0.255792
0,4,3,1,31,0.252583
0,4,3,1,32,0.251000
0,4,3,1,33,0.252958
0,4,3,1,34,0.251500
0,4,3,1,35,0.253000
0,4,3,1,36,0.253125
0,4,3,1,37,0.252208
0,4,3,1,38,0.252417
0,4,3,1,39,0.251875
0,4,3,1,40,0.256125
0,4,3,1,41,0.256542
0,4,3,1,42,0.439250
0,4,4,32,0,0.357375
0,4,4,32,1,0.371000
0,4,4,32,2,0.368792
0,4,4,32,3,0.370000
0,4,4,32,4,0.366875
0,4,4,32,5,0.353875
0,4,4,32,6,0.369250
0,4,4,32,7,0.369083
0,4,4,32,8,0.370833
0,4,4,32,9,0.367625
0,4,4,32,10,0.371708
0,4,4,32,11,0.370708
0,4,4,32,12,0.369792
0,4,4,32,13,0.370250
0,4,4,32,14,0.527417
0,4,4,32,15,0.370375
0,4,4,32,16,0.369500
0,4,4,32,17,0.367167
0,4,4,32,18,0.366667
0,4,4,32,19,0.368625
0,4,4,32,20,0.368500
0,4,4,32,21,0.370333
0,4,4,32,22,0.368958
0,4,4,32,23,0.366750
0,4,4,32,24,0.370250
0,4,4,32,25,0.369583
0,4,4,32,26,0.370875
0,4,4,32,27,0.368917
0,4,4,32,28,0.363833
0,4,4,32,29,0.370125
0,4,4,32,30,0.369917
0,4,4,32,31,0.369833
0,4,4,32,32,0.365500
0,4,4,32,33,0.369500
0,4,4,32,34,0.371000
0,4,4,32,35,0.370958
0,4,4,32,36,0.371208
0,4,4,32,37,0.367000
0,4,4,32,38,0.363250
0,4,4,32,39,0.370375
0,4,4,32,40,0.370250
0,4,4,32,41,0.371917
0,4,4,32,42,0.367125
0,5,0,0,0,0.248500
0,5,0,0,1,0.249500
0,5,0,0,2,0.250667
0,5,0,0,3,0.249875
0,5,0,0,4,0.249042
0,5,0,0,5,0.246583
0,5,0,0,6,0.248625
0,5,0,0,7,0.249792
0,5,0,0,8,0.248375
0,5,0,0,9,0.249500
0,5,0,0,10,0.249875
0,5,0,0,11,0.250458
0,5,0,0,12,0.249792
0,5,0,0,13,0.249125
0,5,0,0,14,0.250000
0,5,0,0,15,0.248958
0,5,0,0,16,0.250708
0,5,0,0,17,0.250375
0,5,0,0,18,0.249500
0,5,0,0,19,0.250208
0,5,0,0,20,0.248625
0,5,0,0,21,0.248708
0,5,0,0,22,0.249500
0,5,0,0,23,0.252125
0,5,0,0,24,0.250167
0,5,0,0,25,0.251542
0,5,0,0,26,0.250500
0,5,0,0,27,0.249625
0,5,0,0,28,0.250958
0,5,0,0,29,0.250625
0,5,0,0,30,0.247708
0,5,0,0,31,0.249875
0,5,0,0,32,0.249375
0,5,0,0,33,0.250292
0,5,0,0,34,0.249250
0,5,0,0,35,0.250917
0,5,0,0,36,0.249500
0,5,0,0,37,0.249292
0,5,0,0,38,0.249875
0,5,0,0,39,0.249125
0,5,0,0,40,0.250250
0,5,0,0,41,0.249583
0,5,0,0,42,0.250708
0,5,1,128,0,0.815500
0,5,1,128,1,0.817000
0,5,1,128,2,0.815208
0,5,1,128,3,0.813833
0,5,1,128,4,0.815625
0,5,1,128,5,0.809000
0,5,1,128,6,0.815250
0,5,1,128,7,0.816125
0,5,1,128,8,0.818583
0,5,1,128,9,0.814000
0,5,1,128,10,0.814583
0,5,1,128,11,0.814375
0,5,1,128,12,0.814375
0,5,1,128,13,0.814708
0,5,1,128,14,0.815292
0,5,1,128,15,0.814750
0,5,1,128,16,0.815250
0,5,1,128,17,0.815292
0,5,1,128,18,0.814875
0,5,1,128,19,0.814750
0,5,1,128,20,0.814542
0,5,1,128,21,0.815000
0,5,1,128,22,0.814958
0,5,1,128,23,0.814792
0,5,1,128,24,0.815417
0,5,1,128,25,0.817208
0,5,1,128,26,0.817792
0,5,1,128,27,0.815250
0,5,1,128,28,0.814500
0,5,1,128,29,0.814875
0,5,1,128,30,0.815000
0,5,1,128,31,0.814625
0,5,1,128,32,0.814500
0,5,1,128,33,0.814333
0,5,1,128,34,0.815125
0,5,1,128,35,0.815417
0,5,1,128,36,0.814917
0,5,1,128,37,0.816333
0,5,1,128,38,0.814833
0,5,1,128,39,0.813875
0,5,1,128,40,0.815250
0,5,1,128,41,0.815083
0,5,1,128,42,0.814208
0,5,2,32,0,0.368125
0,5,2,32,1,0.369000
0,5,2,32,2,0.370375
0,5,2,32,3,0.368292
0,5,2,32,4,0.367750
0,5,2,32,5,0.347458
0,5,2,32,6,0.366625
0,5,2,32,7,0.368250
0,5,2,32,8,0.368292
0,5,2,32,9,0.370625
0,5,2,32,10,0.367375
0,5,2,32,11,0.371000
0,5,2,32,12,0.369958
0,5,2,32,13,0.370208
0,5,2,32,14,0.369500
0,5,2,32,15,0.367375
0,5,2,32,16,0.367542
0,5,2,32,17,0.369083
0,5,2,32,18,0.369375
0,5,2,32,19,0.369417
0,5,2,32,20,0.369500
0,5,2,32,21,0.369000
0,5,2,32,22,0.370583
0,5,2,32,23,0.367375
0,5,2,32,24,0.370208
0,5,2,32,25,0.368958
0,5,2,32,26,0.359000
0,5,2,32,27,0.369542
0,5,2,32,28,0.369042
0,5,2,32,29,0.369375
0,5,2,32,30,0.359583
0,5,2,32,31,0.371000
0,5,2,32,32,0.368000
0,5,2,32,33,0.364500
0,5,2,32,34,0.366500
0,5,2,32,35,0.366000
0,5,2,32,36,0.365083
0,5,2,32,37,0.368458
0,5,2,32,38,0.369625
0,5,2,32,39,0.364875
0,5,2,32,40,0.370875
0,5,2,32,41,0.366250
0,5,2,32,42,0.369750
0,5,3,1,0,0.254542
0,5,3,1,1,0.253292
0,5,3,1,2,0.252750
0,5,3,1,3,0.253625
0,5,3,1,4,0.253750
0,5,3,1,5,0.246208
0,5,3,1,6,0.251917
0,5,3,1,7,0.253375
0,5,3,1,8,0.253292
0,5,3,1,9,0.252042
0,5,3,1,10,0.253208
0,5,3,1,11,0.252417
0,5,3,1,12,0.253208
0,5,3,1,13,0.249750
0,5,3,1,14,0.252250
0,5,3,1,15,0.252000
0,5,3,1,16,0.251583
0,5,3,1,17,0.252750
0,5,3,1,18,0.252417
0,5,3,1,19,0.249125
0,5,3,1,20,0.251708
0,5,3,1,21,0.250458
0,5,3,1,22,0.252833
0,5,3,1,23,0.253125
0,5,3,1,24,0.253000
0,5,3,1,25,0.253000
0,5,3,1,26,0.253458
0,5,3,1,27,0.252708
0,5,3,1,28,0.253000
0,5,3,1,29,0.251458
0,5,3,1,30,0.251875
0,5,3,1,31,0.252042
0,5,3,1,32,0.250708
0,5,3,1,33,0.252958
0,5,3,1,34,0.252250
0,5,3,1,35,0.250958
0,5,3,1,36,0.251083
0,5,3,1,37,0.252875
0,5,3,1,38,0.251250
0,5,3,1,39,0.252250
0,5,3,1,40,0.252250
0,5,3,1,41,0.252417
0,5,3,1,42,0.252750
0,5,4,2,0,0.250083
0,5,4,2,1,0.249000
0,5,4,2,2,0.248792
0,5,4,2,3,0.249125
0,5,4,2,4,0.249083
0,5,4,2,5,0.246250
0,5,4,2,6,0.249375
0,5,4,2,7,0.249833
0,5,4,2,8,0.249375
0,5,4,2,9,0.247875
0,5,4,2,10,0.250125
0,5,4,2,11,0.251125
0,5,4,2,12,0.249125
0,5,4,2,13,0.248417
0,5,4,2,14,0.248417
0,5,4,2,15,0.248750
0,5,4,2,16,0.248500
0,5,4,2,17,0.249333
0,5,4,2,18,0.249750
0,5,4,2,19,0.248667
0,5,4,2,20,0.249458
0,5,4,2,21,0.249417
0,5,4,2,22,0.249583
0,5,4,2,23,0.252125
0,5,4,2,24,0.252583
0,5,4,2,25,0.252958
0,5,4,2,26,0.250000
0,5,4,2,27,0.249500
0,5,4,2,28,0.250042
0,5,4,2,29,0.250000
0,5,4,2,30,0.248292
0,5,4,2,31,0.248667
0,5,4,2,32,0.249500
0,5,4,2,33,0.248875
0,5,4,2,34,0.248458
0,5,4,2,35,0.249250
0,5,4,2,36,0.249375
0,5,4,2,37,0.249875
0,5,4,2,38,0.249500
0,5,4,2,39,0.249708
0,5,4,2,40,0.248375
0,5,4,2,41,0.249250
0,5,4,2,42,0.250250
0,6,0,2,0,0.249917
0,6,0,2,1,0.249750
0,6,0,2,2,0.248792
0,6,0,2,3,0.248583
0,6,0,2,4,0.249167
0,6,0,2,5,0.247208
0,6,0,2,6,0.248625
0,6,0,2,7,0.249542
0,6,0,2,8,0.249333
0,6,0,2,9,0.248375
0,6,0,2,10,0.249250
0,6,0,2,11,0.248375
0,6,0,2,12,0.249042
0,6,0,2,13,0.249750
0,6,0,2,14,0.249417
0,6,0,2,15,0.247833
0,6,0,2,16,0.249917
0,6,0,2,17,0.249917
0,6,0,2,18,0.249917
0,6,0,2,19,0.248750
0,6,0,2,20,0.250500
0,6,0,2,21,0.248750
0,6,0,2,22,0.248167
0,6,0,2,23,0.249250
0,6,0,2,24,0.249125
0,6,0,2,25,0.250125
0,6,0,2,26,0.249042
0,6,0,2,27,0.250083
0,6,0,2,28,0.248500
0,6,0,2,29,0.249250
0,6,0,2,30,0.248667
0,6,0,2,31,0.246750
0,6,0,2,32,0.249167
0,6,0,2,33,0.250583
0,6,0,2,34,0.247750
0,6,0,2,35,0.248542
0,6,0,2,36,0.247417
0,6,0,2,37,0.249792
0,6,0,2,38,0.250875
0,6,0,2,39,0.248875
0,6,0,2,40,0.249125
0,6,0,2,41,0.248750
0,6,0,2,42,0.249875
0,6,1,0,0,0.249750
0,6,1,0,1,0.249708
0,6,1,0,2,0.249500
0,6,1,0,3,0.250000
0,6,1,0,4,0.250333
0,6,1,0,5,0.244625
0,6,1,0,6,0.248875
0,6,1,0,7,0.248625
0,6,1,0,8,0.250667
0,6,1,0,9,0.249125
0,6,1,0,10,0.250125
0,6,1,0,11,0.250500
0,6,1,0,12,0.250208
0,6,1,0,13,0.249125
0,6,1,0,14,0.250375
0,6,1,0,15,0.249625
0,6,1,0,16,0.249000
0,6,1,0,17,0.249875
0,6,1,0,18,0.250417
0,6,1,0,19,0.254542
0,6,1,0,20,0.252250
0,6,1,0,21,0.252792
0,6,1,0,22,0.251083
0,6,1,0,23,0.249000
0,6,1,0,24,0.249333
0,6,1,0,25,0.249083
0,6,1,0,26,0.249375
0,6,1,0,27,0.249500
0,6,1,0,28,0.249625
0,6,1,0,29,0.249000
0,6,1,0,30,0.250750
0,6,1,0,31,0.248917
0,6,1,0,32,0.250250
0,6,1,0,33,0.249292
0,6,1,0,34,0.249125
0,6,1,0,35,0.250083
0,6,1,0,36,0.249083
0,6,1,0,37,0.249083
0,6,1,0,38,0.250250
0,6,1,0,39,0.250042
0,6,1,0,40,0.249250
0,6,1,0,41,0.249250
0,6,1,0,42,0.250375
0,6,2,128,0,0.814625
0,6,2,128,1,0.815083
0,6,2,128,2,0.815125
0,6,2,128,3,0.814292
0,6,2,128,4,0.815083
0,6,2,128,5,0.807792
0,6,2,128,6,0.814792
0,6,2,128,7,0.814958
0,6,2,128,8,0.816750
0,6,2,128,9,0.815000
0,6,2,128,10,0.813500
0,6,2,128,11,0.814750
0,6,2,128,12,0.814500
0,6,2,128,13,0.815125
0,6,2,128,14,0.816000
0,6,2,128,15,0.814917
0,6,2,128,16,0.815000
0,6,2,128,17,0.814625
0,6,2,128,18,0.814958
0,6,2,128,19,0.815208
0,6,2,128,20,0.813833
0,6,2,128,21,0.815625
0,6,2,128,22,0.814625
0,6,2,128,23,0.817500
0,6,2,128,24,0.820000
0,6,2,128,25,0.813875
0,6,2,128,26,0.816250
0,6,2,128,27,0.814833
0,6,2,128,28,0.816208
0,6,2,128,29,0.815250
0,6,2,128,30,0.814792
0,6,2,128,31,0.814750
0,6,2,128,32,0.815583
0,6,2,128,33,0.813875
0,6,2,128,34,0.815125
0,6,2,128,35,0.815333
0,6,2,128,36,0.814542
0,6,2,128,37,0.815000
0,6,2,128,38,0.815125
0,6,2,128,39,0.815292
0,6,2,128,40,0.815542
0,6,2,128,41,0.814125
0,6,2,128,42,0.815292
0,6,3,32,0,0.370000
0,6,3,32,1,0.369708
0,6,3,32,2,0.367792
0,6,3,32,3,0.369417
0,6,3,32,4,0.367125
0,6,3,32,5,0.351250
0,6,3,32,6,0.363583
0,6,3,32,7,0.370500
0,6,3,32,8,0.368958
0,6,3,32,9,0.369792
0,6,3,32,10,0.363667
0,6,3,32,11,0.369583
0,6,3,32,12,0.371083
0,6,3,32,13,0.367750
0,6,3,32,14,0.369750
0,6,3,32,15,0.369875
0,6,3,32,16,0.371042
0,6,3,32,17,0.370625
0,6,3,32,18,0.369333
0,6,3,32,19,0.370250
0,6,3,32,20,0.366333
0,6,3,32,21,0.361500
0,6,3,32,22,0.363750
0,6,3,32,23,0.368208
0,6,3,32,24,0.369250
0,6,3,32,25,0.366042
0,6,3,32,26,0.370625
0,6,3,32,27,0.369667
0,6,3,32,28,0.373125
0,6,3,32,29,0.372500
0,6,3,32,30,0.368750
0,6,3,32,31,0.370000
0,6,3,32,32,0.362167
0,6,3,32,33,0.368875
0,6,3,32,34,0.368750
0,6,3,32,35,0.369125
0,6,3,32,36,0.365125
0,6,3,32,37,0.368375
0,6,3,32,38,0.369000
0,6,3,32,39,0.370417
0,6,3,32,40,0.369708
0,6,3,32,41,0.369625
0,6,3,32,42,0.370417
0,6,4,1,0,0.252958
0,6,4,1,1,0.252500
0,6,4,1,2,0.252833
0,6,4,1,3,0.253000
0,6,4,1,4,0.253208
0,6,4,1,5,0.246333
0,6,4,1,6,0.252000
0,6,4,1,7,0.254000
0,6,4,1,8,0.252375
0,6,4,1,9,0.269125
0,6,4,1,10,0.253333
0,6,4,1,11,0.260750
0,6,4,1,12,0.253250
0,6,4,1,13,0.250375
0,6,4,1,14,0.252542
0,6,4,1,15,0.252625
0,6,4,1,16,0.252583
0,6,4,1,17,0.252875
0,6,4,1,18,0.252875
0,6,4,1,19,0.251292
0,6,4,1,20,0.252333
0,6,4,1,21,0.253125
0,6,4,1,22,0.251833
0,6,4,1,23,0.251750
0,6,4,1,24,0.252958
0,6,4,1,25,0.251875
0,6,4,1,26,0.251750
0,6,4,1,27,0.253167
0,6,4,1,28,0.252333
0,6,4,1,29,0.253000
0,6,4,1,30,0.252542
0,6,4,1,31,0.252792
0,6,4,1,32,0.252708
0,6,4,1,33,0.253667
0,6,4,1,34,0.253125
0,6,4,1,35,0.253125
0,6,4,1,36,0.251042
0,6,4,1,37,0.253083
0,6,4,1,38,0.249250
0,6,4,1,39,0.251708
0,6,4,1,40,0.253833
0,6,4,1,41,0.251542
0,6,4,1,42,0.252750
0,7,0,1,0,0.253417
0,7,0,1,1,0.251375
0,7,0,1,2,0.252125
0,7,0,1,3,0.251750
0,7,0,1,4,0.252375
0,7,0,1,5,0.248542
0,7,0,1,6,0.253042
0,7,0,1,7,0.252750
0,7,0,1,8,0.254292
0,7,0,1,9,0.253208
0,7,0,1,10,0.250333
0,7,0,1,11,0.251167
0,7,0,1,12,0.252750
0,7,0,1,13,0.253167
0,7,0,1,14,0.252167
0,7,0,1,15,0.252083
0,7,0,1,16,0.251667
0,7,0,1,17,0.253375
0,7,0,1,18,0.254875
0,7,0,1,19,0.255750
0,7,0,1,20,0.252667
0,7,0,1,21,0.252250
0,7,0,1,22,0.251708
0,7,0,1,23,0.250500
0,7,0,1,24,0.252250
0,7,0,1,25,0.252125
0,7,0,1,26,0.252667
0,7,0,1,27,0.252708
0,7,0,1,28,0.253625
0,7,0,1,29,0.252375
0,7,0,1,30,0.254000
0,7,0,1,31,0.252625
0,7,0,1,32,0.251125
0,7,0,1,33,0.251583
0,7,0,1,34,0.254000
0,7,0,1,35,0.251875
0,7,0,1,36,0.253417
0,7,0,1,37,0.253792
0,7,0,1,38,0.251167
0,7,0,1,39,0.252125
0,7,0,1,40,0.252375
0,7,0,1,41,0.253625
0,7,0,1,42,0.252375
0,7,1,2,0,0.248833
0,7,1,2,1,0.249042
0,7,1,2,2,0.249375
0,7,1,2,3,0.250125
0,7,1,2,4,0.249750
0,7,1,2,5,0.244750
0,7,1,2,6,0.249625
0,7,1,2,7,0.248875
0,7,1,2,8,0.249708
0,7,1,2,9,0.248500
0,7,1,2,10,0.250000
0,7,1,2,11,0.248375
0,7,1,2,12,0.249500
0,7,1,2,13,0.249875
0,7,1,2,14,0.248375
0,7,1,2,15,0.248958
0,7,1,2,16,0.250000
0,7,1,2,17,0.249000
0,7,1,2,18,0.249125
0,7,1,2,19,0.248583
0,7,1,2,20,0.280292
0,7,1,2,21,0.244083
0,7,1,2,22,0.249375
0,7,1,2,23,0.249792
0,7,1,2,24,0.249125
0,7,1,2,25,0.248958
0,7,1,2,26,0.249625
0,7,1,2,27,0.250250
0,7,1,2,28,0.249875
0,7,1,2,29,0.248917
0,7,1,2,30,0.248500
0,7,1,2,31,0.249542
0,7,1,2,32,0.247833
0,7,1,2,33,0.247792
0,7,1,2,34,0.249125
0,7,1,2,35,0.250208
0,7,1,2,36,0.250208
0,7,1,2,37,0.248750
0,7,1,2,38,0.249500
0,7,1,2,39,0.249750
0,7,1,2,40,0.248500
0,7,1,2,41,0.249292
0,7,1,2,42,0.248875
0,7,2,0,0,0.249500
0,7,2,0,1,0.249542
0,7,2,0,2,0.250375
0,7,2,0,3,0.249000
0,7,2,0,4,0.250250
0,7,2,0,5,0.244375
0,7,2,0,6,0.248125
0,7,2,0,7,0.249875
0,7,2,0,8,0.252708
0,7,2,0,9,0.254417
0,7,2,0,10,0.251333
0,7,2,0,11,0.249125
0,7,2,0,12,0.250375
0,7,2,0,13,0.249250
0,7,2,0,14,0.249250
0,7,2,0,15,0.248875
0,7,2,0,16,0.249292
0,7,2,0,17,0.249625
0,7,2,0,18,0.248042
0,7,2,0,19,0.248333
0,7,2,0,20,0.249500
0,7,2,0,21,0.250417
0,7,2,0,22,0.250125
0,7,2,0,23,0.248958
0,7,2,0,24,0.248042
0,7,2,0,25,0.250500
0,7,2,0,26,0.249833
0,7,2,0,27,0.250000
0,7,2,0,28,0.250000
0,7,2,0,29,0.250167
0,7,2,0,30,0.249750
0,7,2,0,31,0.249875
0,7,2,0,32,0.249167
0,7,2,0,33,0.248125
0,7,2,0,34,0.250875
0,7,2,0,35,0.301625
0,7,2,0,36,0.490292
0,7,2,0,37,0.249500
0,7,2,0,38,0.249875
0,7,2,0,39,0.250625
0,7,2,0,40,0.250500
0,7,2,0,41,0.249500
0,7,2,0,42,0.250458
0,7,3,128,0,0.813875
0,7,3,128,1,0.814583
0,7,3,128,2,0.815292
0,7,3,128,3,0.988000
0,7,3,128,4,0.808333
0,7,3,128,5,0.813000
0,7,3,128,6,0.816583
0,7,3,128,7,0.815333
0,7,3,128,8,0.816417
0,7,3,128,9,0.814750
0,7,3,128,10,0.814833
0,7,3,128,11,0.965167
0,7,3,128,12,0.816083
0,7,3,128,13,0.815500
0,7,3,128,14,0.815125
0,7,3,128,15,0.816375
0,7,3,128,16,0.815000
0,7,3,128,17,0.814458
0,7,3,128,18,0.818792
0,7,3,128,19,0.958917
0,7,3,128,20,0.814875
0,7,3,128,21,0.814083
0,7,3,128,22,0.816958
0,7,3,128,23,0.815000
0,7,3,128,24,0.816583
0,7,3,128,25,0.815250
0,7,3,128,26,0.814958
0,7,3,128,27,0.971417
0,7,3,128,28,0.807375
0,7,3,128,29,0.814792
0,7,3,128,30,0.814583
0,7,3,128,31,0.814542
0,7,3,128,32,0.815417
0,7,3,128,33,0.814417
0,7,3,128,34,0.814250
0,7,3,128,35,0.974625
0,7,3,128,36,0.804083
0,7,3,128,37,0.814292
0,7,3,128,38,0.815458
0,7,3,128,39,0.814000
0,7,3,128,40,0.814375
0,7,3,128,41,0.815583
0,7,3,128,42,0.814875
0,7,4,32,0,0.369125
0,7,4,32,1,0.522250
0,7,4,32,2,0.369667
0,7,4,32,3,0.368542
0,7,4,32,4,0.368625
0,7,4,32,5,0.350875
0,7,4,32,6,0.370208
0,7,4,32,7,0.368000
0,7,4,32,8,0.369167
0,7,4,32,9,0.368667
0,7,4,32,10,0.369750
0,7,4,32,11,0.368458
0,7,4,32,12,0.369458
0,7,4,32,13,0.371625
0,7,4,32,14,0.372833
0,7,4,32,15,0.354125
0,7,4,32,16,0.532875
0,7,4,32,17,0.369750
0,7,4,32,18,0.363625
0,7,4,32,19,0.369958
0,7,4,32,20,0.369000
0,7,4,32,21,0.369792
0,7,4,32,22,0.366000
0,7,4,32,23,0.371125
0,7,4,32,24,0.369917
0,7,4,32,25,0.370917
0,7,4,32,26,0.369000
0,7,4,32,27,0.369125
0,7,4,32,28,0.370875
0,7,4,32,29,0.369000
0,7,4,32,30,0.369125
0,7,4,32,31,0.524542
0,7,4,32,32,0.366625
0,7,4,32,33,0.368792
0,7,4,32,34,0.369375
0,7,4,32,35,0.372000
0,7,4,32,36,0.371250
0,7,4,32,37,0.350083
0,7,4,32,38,0.370375
0,7,4,32,39,0.357000
0,7,4,32,40,0.368375
0,7,4,32,41,0.370750
0,7,4,32,42,0.370750
0,8,0,32,0,0.369542
0,8,0,32,1,0.369500
0,8,0,32,2,0.368708
0,8,0,32,3,0.523875
0,8,0,32,4,0.367833
0,8,0,32,5,0.365667
0,8,0,32,6,0.368792
0,8,0,32,7,0.370625
0,8,0,32,8,0.366375
0,8,0,32,9,0.368750
0,8,0,32,10,0.370875
0,8,0,32,11,0.371000
0,8,0,32,12,0.369458
0,8,0,32,13,0.368167
0,8,0,32,14,0.369125
0,8,0,32,15,0.368792
0,8,0,32,16,0.369958
0,8,0,32,17,0.370292
0,8,0,32,18,0.537250
0,8,0,32,19,0.348792
0,8,0,32,20,0.368375
0,8,0,32,21,0.370250
0,8,0,32,22,0.370000
0,8,0,32,23,0.368000
0,8,0,32,24,0.369875
0,8,0,32,25,0.371250
0,8,0,32,26,0.371000
0,8,0,32,27,0.371000
0,8,0,32,28,0.370250
0,8,0,32,29,0.371250
0,8,0,32,30,0.368750
0,8,0,32,31,0.369417
0,8,0,32,32,0.369542
0,8,0,32,33,0.353750
0,8,0,32,34,0.353375
0,8,0,32,35,0.371250
0,8,0,32,36,0.443125
0,8,0,32,37,0.369708
0,8,0,32,38,0.366500
0,8,0,32,39,0.371208
0,8,0,32,40,0.370833
0,8,0,32,41,0.367500
0,8,0,32,42,0.368250
0,8,1,1,0,0.253792
0,8,1,1,1,0.253875
0,8,1,1,2,0.251500
0,8,1,1,3,0.253083
0,8,1,1,4,0.255458
0,8,1,1,5,0.250917
0,8,1,1,6,0.251208
0,8,1,1,7,0.414417
0,8,1,1,8,0.254458
0,8,1,1,9,0.253250
0,8,1,1,10,0.250500
0,8,1,1,11,0.252917
0,8,1,1,12,0.252250
0,8,1,1,13,0.253000
0,8,1,1,14,0.250667
0,8,1,1,15,0.251625
0,8,1,1,16,0.253125
0,8,1,1,17,0.251375
0,8,1,1,18,0.252375
0,8,1,1,19,0.253292
0,8,1,1,20,0.250708
0,8,1,1,21,0.252625
0,8,1,1,22,0.253667
0,8,1,1,23,0.253458
0,8,1,1,24,0.252625
0,8,1,1,25,0.253375
0,8,1,1,26,0.365833
0,8,1,1,27,0.253875
0,8,1,1,28,0.252750
0,8,1,1,29,0.252000
0,8,1,1,30,0.252625
0,8,1,1,31,0.252042
0,8,1,1,32,0.252958
0,8,1,1,33,0.252250
0,8,1,1,34,0.253875
0,8,1,1,35,0.252500
0,8,1,1,36,0.252292
0,8,1,1,37,0.254083
0,8,1,1,38,0.250625
0,8,1,1,39,0.249625
0,8,1,1,40,0.253125
0,8,1,1,41,0.252792
0,8,1,1,42,0.252250
0,8,2,2,0,0.249625
0,8,2,2,1,0.248500
0,8,2,2,2,0.406500
0,8,2,2,3,0.242042
0,8,2,2,4,0.248750
0,8,2,2,5,0.248458
0,8,2,2,6,0.248583
0,8,2,2,7,0.248958
0,8,2,2,8,0.248708
0,8,2,2,9,0.249125
0,8,2,2,10,0.250417
0,8,2,2,11,0.249750
0,8,2,2,12,0.249375
0,8,2,2,13,0.247833
0,8,2,2,14,0.248792
0,8,2,2,15,0.250125
0,8,2,2,16,0.249500
0,8,2,2,17,0.249125
0,8,2,2,18,0.249042
0,8,2,2,19,0.249375
0,8,2,2,20,0.250375
0,8,2,2,21,0.248208
0,8,2,2,22,0.409125
0,8,2,2,23,0.251000
0,8,2,2,24,0.251708
0,8,2,2,25,0.249875
0,8,2,2,26,0.249542
0,8,2,2,27,0.248500
0,8,2,2,28,0.248917
0,8,2,2,29,0.250042
0,8,2,2,30,0.249458
0,8,2,2,31,0.249875
0,8,2,2,32,0.249500
0,8,2,2,33,0.248875
0,8,2,2,34,0.248792
0,8,2,2,35,0.249167
0,8,2,2,36,0.248375
0,8,2,2,37,0.249875
0,8,2,2,38,0.250208
0,8,2,2,39,0.250625
0,8,2,2,40,0.249042
0,8,2,2,41,0.248667
0,8,2,2,42,0.405125
0,8,3,0,0,0.249833
0,8,3,0,1,0.270458
0,8,3,0,2,0.249625
0,8,3,0,3,0.250375
0,8,3,0,4,0.249250
0,8,3,0,5,0.247500
0,8,3,0,6,0.250875
0,8,3,0,7,0.250000
0,8,3,0,8,0.249500
0,8,3,0,9,0.248875
0,8,3,0,10,0.249750
0,8,3,0,11,0.249958
0,8,3,0,12,0.249750
0,8,3,0,13,0.249167
0,8,3,0,14,0.249625
0,8,3,0,15,0.249750
0,8,3,0,16,0.249250
0,8,3,0,17,0.407042
0,8,3,0,18,0.245750
0,8,3,0,19,0.249500
0,8,3,0,20,0.249375
0,8,3,0,21,0.248875
0,8,3,0,22,0.250458
0,8,3,0,23,0.250625
0,8,3,0,24,0.250833
0,8,3,0,25,0.249500
0,8,3,0,26,0.250375
0,8,3,0,27,0.250500
0,8,3,0,28,0.250375
0,8,3,0,29,0.248750
0,8,3,0,30,0.250458
0,8,3,0,31,0.249458
0,8,3,0,32,0.250125
0,8,3,0,33,0.249875
0,8,3,0,34,0.249250
0,8,3,0,35,0.250250
0,8,3,0,36,0.251458
0,8,3,0,37,0.407458
0,8,3,0,38,0.251250
0,8,3,0,39,0.250583
0,8,3,0,40,0.249417
0,8,3,0,41,0.249542
0,8,3,0,42,0.250375
0,8,4,128,0,0.816667
0,8,4,128,1,0.814375
0,8,4,128,2,0.815292
0,8,4,128,3,0.814958
0,8,4,128,4,0.815125
0,8,4,128,5,0.808250
0,8,4,128,6,0.882333
0,8,4,128,7,0.779625
0,8,4,128,8,0.814875
0,8,4,128,9,0.785375
0,8,4,128,10,0.814750
0,8,4,128,11,0.815500
0,8,4,128,12,0.814875
0,8,4,128,13,0.816125
0,8,4,128,14,0.956958
0,8,4,128,15,0.814625
0,8,4,128,16,0.814583
0,8,4,128,17,0.822708
0,8,4,128,18,0.817000
0,8,4,128,19,0.815125
0,8,4,128,20,0.812750
0,8,4,128,21,0.815750
0,8,4,128,22,0.962292
0,8,4,128,23,0.814917
0,8,4,128,24,0.815083
0,8,4,128,25,0.817500
0,8,4,128,26,0.815500
0,8,4,128,27,0.815125
0,8,4,128,28,0.815500
0,8,4,128,29,0.814833
0,8,4,128,30,0.816625
0,8,4,128,31,0.830667
0,8,4,128,32,0.815708
0,8,4,128,33,0.815292
0,8,4,128,34,0.815542
0,8,4,128,35,0.814583
0,8,4,128,36,0.815875
0,8,4,128,37,0.816625
0,8,4,128,38,0.815500
0,8,4,128,39,0.815000
0,8,4,128,40,0.817542
0,8,4,128,41,0.820083
0,8,4,128,42,0.814000
0,9,0,128,0,0.815417
0,9,0,128,1,0.816792
0,9,0,128,2,0.814500
0,9,0,128,3,0.814875
0,9,0,128,4,0.814500
0,9,0,128,5,0.810000
0,9,0,128,6,0.814417
0,9,0,128,7,0.815042
0,9,0,128,8,0.815125
0,9,0,128,9,0.814917
0,9,0,128,10,0.815375
0,9,0,128,11,0.815375
0,9,0,128,12,0.814917
0,9,0,128,13,0.814500
0,9,0,128,14,0.814750
0,9,0,128,15,0.816125
0,9,0,128,16,0.814292
0,9,0,128,17,0.814542
0,9,0,128,18,0.815375
0,9,0,128,19,0.815625
0,9,0,128,20,0.814500
0,9,0,128,21,0.814375
0,9,0,128,22,0.815375
0,9,0,128,23,0.816125
0,9,0,128,24,0.815208
0,9,0,128,25,0.815375
0,9,0,128,26,0.815708
0,9,0,128,27,0.814333
0,9,0,128,28,0.815375
0,9,0,128,29,0.814625
0,9,0,128,30,0.815250
0,9,0,128,31,0.815375
0,9,0,128,32,0.826125
0,9,0,128,33,0.778625
0,9,0,128,34,0.815000
0,9,0,128,35,0.813875
0,9,0,128,36,0.814250
0,9,0,128,37,0.815708
0,9,0,128,38,0.814333
0,9,0,128,39,0.815292
0,9,0,128,40,0.815083
0,9,0,128,41,0.815125
0,9,0,128,42,0.815500
0,9,1,32,0,0.369917
0,9,1,32,1,0.360875
0,9,1,32,2,0.369458
0,9,1,32,3,0.367250
0,9,1,32,4,0.370125
0,9,1,32,5,0.352333
0,9,1,32,6,0.371833
0,9,1,32,7,0.367625
0,9,1,32,8,0.369125
0,9,1,32,9,0.370125
0,9,1,32,10,0.365125
0,9,1,32,11,0.371250
0,9,1,32,12,0.367667
0,9,1,32,13,0.366500
0,9,1,32,14,0.368125
0,9,1,32,15,0.368917
0,9,1,32,16,0.370375
0,9,1,32,17,0.369500
0,9,1,32,18,0.369875
0,9,1,32,19,0.369750
0,9,1,32,20,0.367750
0,9,1,32,21,0.369042
0,9,1,32,22,0.368125
0,9,1,32,23,0.369125
0,9,1,32,24,0.367000
0,9,1,32,25,0.369167
0,9,1,32,26,0.371625
0,9,1,32,27,0.365500
0,9,1,32,28,0.369833
0,9,1,32,29,0.370417
0,9,1,32,30,0.370250
0,9,1,32,31,0.369208
0,9,1,32,32,0.362875
0,9,1,32,33,0.369625
0,9,1,32,34,0.371250
0,9,1,32,35,0.369458
0,9,1,32,36,0.371792
0,9,1,32,37,0.372875
0,9,1,32,38,0.371042
0,9,1,32,39,0.370208
0,9,1,32,40,0.369458
0,9,1,32,41,0.370250
0,9,1,32,42,0.363292
0,9,2,1,0,0.256625
0,9,2,1,1,0.254583
0,9,2,1,2,0.247875
0,9,2,1,3,0.252917
0,9,2,1,4,0.253500
0,9,2,1,5,0.248875
0,9,2,1,6,0.250375
0,9,2,1,7,0.252750
0,9,2,1,8,0.253542
0,9,2,1,9,0.253292
0,9,2,1,10,0.252750
0,9,2,1,11,0.251917
0,9,2,1,12,0.250833
0,9,2,1,13,0.252875
0,9,2,1,14,0.252833
0,9,2,1,15,0.251000
0,9,2,1,16,0.251958
0,9,2,1,17,0.252667
0,9,2,1,18,0.253375
0,9,2,1,19,0.252000
0,9,2,1,20,0.252625
0,9,2,1,21,0.253500
0,9,2,1,22,0.252750
0,9,2,1,23,0.253500
0,9,2,1,24,0.251750
0,9,2,1,25,0.252750
0,9,2,1,26,0.253250
0,9,2,1,27,0.253000
0,9,2,1,28,0.252625
0,9,2,1,29,0.251208
0,9,2,1,30,0.252625
0,9,2,1,31,0.253000
0,9,2,1,32,0.252375
0,9,2,1,33,0.251042
0,9,2,1,34,0.253250
0,9,2,1,35,0.250625
0,9,2,1,36,0.251875
0,9,2,1,37,0.253208
0,9,2,1,38,0.252000
0,9,2,1,39,0.253667
0,9,2,1,40,0.253125
0,9,2,1,41,0.252750
0,9,2,1,42,0.252708
0,9,3,2,0,0.248542
0,9,3,2,1,0.248125
0,9,3,2,2,0.251083
0,9,3,2,3,0.249500
0,9,3,2,4,0.249167
0,9,3,2,5,0.247167
0,9,3,2,6,0.248833
0,9,3,2,7,0.248750
0,9,3,2,8,0.250000
0,9,3,2,9,0.250792
0,9,3,2,10,0.250000
0,9,3,2,11,0.250333
0,9,3,2,12,0.249292
0,9,3,2,13,0.249250
0,9,3,2,14,0.249083
0,9,3,2,15,0.249583
0,9,3,2,16,0.249375
0,9,3,2,17,0.248167
0,9,3,2,18,0.248875
0,9,3,2,19,0.249125
0,9,3,2,20,0.248833
0,9,3,2,21,0.249250
0,9,3,2,22,0.249667
0,9,3,2,23,0.249500
0,9,3,2,24,0.248500
0,9,3,2,25,0.248625
0,9,3,2,26,0.250375
0,9,3,2,27,0.248958
0,9,3,2,28,0.248167
0,9,3,2,29,0.249750
0,9,3,2,30,0.247750
0,9,3,2,31,0.249625
0,9,3,2,32,0.249625
0,9,3,2,33,0.249583
0,9,3,2,34,0.248750
0,9,3,2,35,0.248917
0,9,3,2,36,0.250208
0,9,3,2,37,0.248083
0,9,3,2,38,0.251542
0,9,3,2,39,0.253167
0,9,3,2,40,0.251875
0,9,3,2,41,0.250500
0,9,3,2,42,0.249875
0,9,4,0,0,0.249458
0,9,4,0,1,0.249333
0,9,4,0,2,0.250250
0,9,4,0,3,0.247875
0,9,4,0,4,0.249250
0,9,4,0,5,0.247625
0,9,4,0,6,0.249125
0,9,4,0,7,0.247958
0,9,4,0,8,0.248875
0,9,4,0,9,0.248792
0,9,4,0,10,0.248375
0,9,4,0,11,0.249500
0,9,4,0,12,0.250750
0,9,4,0,13,0.250417
0,9,4,0,14,0.248208
0,9,4,0,15,0.251042
0,9,4,0,16,0.248792
0,9,4,0,17,0.249875
0,9,4,0,18,0.250250
0,9,4,0,19,0.249750
0,9,4,0,20,0.247000
0,9,4,0,21,0.248625
0,9,4,0,22,0.249375
0,9,4,0,23,0.248750
0,9,4,0,24,0.249125
0,9,4,0,25,0.248125
0,9,4,0,26,0.249917
0,9,4,0,27,0.250375
0,9,4,0,28,0.245667
0,9,4,0,29,0.250250
0,9,4,0,30,0.250292
0,9,4,0,31,0.248667
0,9,4,0,32,0.250167
0,9,4,0,33,0.248125
0,9,4,0,34,0.248750
0,9,4,0,35,0.249333
0,9,4,0,36,0.249500
0,9,4,0,37,0.248375
0,9,4,0,38,0.249625
0,9,4,0,39,0.250125
0,9,4,0,40,0.249417
0,9,4,0,41,0.249625
0,9,4,0,42,0.251250
0,10,0,0,0,0.249667
0,10,0,0,1,0.250250
0,10,0,0,2,0.248792
0,10,0,0,3,0.249083
0,10,0,0,4,0.251125
0,10,0,0,5,0.248000
0,10,0,0,6,0.249125
0,10,0,0,7,0.250125
0,10,0,0,8,0.248292
0,10,0,0,9,0.249167
0,10,0,0,10,0.249333
0,10,0,0,11,0.249500
0,10,0,0,12,0.249875
0,10,0,0,13,0.249875
0,10,0,0,14,0.248833
0,10,0,0,15,0.249667
0,10,0,0,16,0.248500
0,10,0,0,17,0.249250
0,10,0,0,18,0.249583
0,10,0,0,19,0.249375
0,10,0,0,20,0.248417
0,10,0,0,21,0.249125
0,10,0,0,22,0.250250
0,10,0,0,23,0.248667
0,10,0,0,24,0.249042
0,10,0,0,25,0.248792
0,10,0,0,26,0.249208
0,10,0,0,27,0.250500
0,10,0,0,28,0.249375
0,10,0,0,29,0.248708
0,10,0,0,30,0.248542
0,10,0,0,31,0.249708
0,10,0,0,32,0.250875
0,10,0,0,33,0.251542
0,10,0,0,34,0.247083
0,10,0,0,35,0.249208
0,10,0,0,36,0.249000
0,10,0,0,37,0.248250
0,10,0,0,38,0.249625
0,10,0,0,39,0.250583
0,10,0,0,40,0.249250
0,10,0,0,41,0.249417
0,10,0,0,42,0.252125
0,10,1,2,0,0.249500
0,10,1,2,1,0.260417
0,10,1,2,2,0.248667
0,10,1,2,3,0.250292
0,10,1,2,4,0.250750
0,10,1,2,5,0.247333
0,10,1,2,6,0.248750
0,10,1,2,7,0.249042
0,10,1,2,8,0.249292
0,10,1,2,9,0.248750
0,10,1,2,10,0.249625
0,10,1,2,11,0.250500
0,10,1,2,12,0.248083
0,10,1,2,13,0.248750
0,10,1,2,14,0.249583
0,10,1,2,15,0.250083
0,10,1,2,16,0.249500
0,10,1,2,17,0.249500
0,10,1,2,18,0.248417
0,10,1,2,19,0.249167
0,10,1,2,20,0.248833
0,10,1,2,21,0.249542
0,10,1,2,22,0.251000
0,10,1,2,23,0.248958
0,10,1,2,24,0.248667
0,10,1,2,25,0.249125
0,10,1,2,26,0.249292
0,10,1,2,27,0.249458
0,10,1,2,28,0.249667
0,10,1,2,29,0.248750
0,10,1,2,30,0.249833
0,10,1,2,31,0.248708
0,10,1,2,32,0.250000
0,10,1,2,33,0.248375
0,10,1,2,34,0.249125
0,10,1,2,35,0.249792
0,10,1,2,36,0.250458
0,10,1,2,37,0.249917
0,10,1,2,38,0.347125
0,10,1,2,39,0.250750
0,10,1,2,40,0.249750
0,10,1,2,41,0.249208
0,10,1,2,42,0.250250
0,10,2,1,0,0.253083
0,10,2,1,1,0.253125
0,10,2,1,2,0.253875
0,10,2,1,3,0.252917
0,10,2,1,4,0.253375
0,10,2,1,5,0.248292
0,10,2,1,6,0.252708
0,10,2,1,7,0.251625
0,10,2,1,8,0.251792
0,10,2,1,9,0.253542
0,10,2,1,10,0.252250
0,10,2,1,11,0.253250
0,10,2,1,12,0.252000
0,10,2,1,13,0.250958
0,10,2,1,14,0.252500
0,10,2,1,15,0.253417
0,10,2,1,16,0.253125
0,10,2,1,17,0.252042
0,10,2,1,18,0.252875
0,10,2,1,19,0.253042
0,10,2,1,20,0.252875
0,10,2,1,21,0.253042
0,10,2,1,22,0.253375
0,10,2,1,23,0.253250
0,10,2,1,24,0.251375
0,10,2,1,25,0.252917
0,10,2,1,26,0.256667
0,10,2,1,27,0.258292
0,10,2,1,28,0.255833
0,10,2,1,29,0.253958
0,10,2,1,30,0.251500
0,10,2,1,31,0.254125
0,10,2,1,32,0.249750
0,10,2,1,33,0.253250
0,10,2,1,34,0.252625
0,10,2,1,35,0.252125
0,10,2,1,36,0.250583
0,10,2,1,37,0.252875
0,10,2,1,38,0.254542
0,10,2,1,39,0.488500
0,10,2,1,40,0.250625
0,10,2,1,41,0.251000
0,10,2,1,42,0.252792
0,10,3,32,0,0.369458
0,10,3,32,1,0.366958
0,10,3,32,2,0.370333
0,10,3,32,3,0.371542
0,10,3,32,4,0.370375
0,10,3,32,5,0.360875
0,10,3,32,6,0.368875
0,10,3,32,7,0.537375
0,10,3,32,8,0.367708
0,10,3,32,9,0.369875
0,10,3,32,10,0.372167
0,10,3,32,11,0.373042
0,10,3,32,12,0.370375
0,10,3,32,13,0.368833
0,10,3,32,14,0.363792
0,10,3,32,15,0.364917
0,10,3,32,16,0.370250
0,10,3,32,17,0.368125
0,10,3,32,18,0.369125
0,10,3,32,19,0.369000
0,10,3,32,20,0.365708
0,10,3,32,21,0.370792
0,10,3,32,22,0.540208
0,10,3,32,23,0.355042
0,10,3,32,24,0.369000
0,10,3,32,25,0.370000
0,10,3,32,26,0.370833
0,10,3,32,27,0.369625
0,10,3,32,28,0.365750
0,10,3,32,29,0.368958
0,10,3,32,30,0.368250
0,10,3,32,31,0.368875
0,10,3,32,32,0.368000
0,10,3,32,33,0.366375
0,10,3,32,34,0.367750
0,10,3,32,35,0.371125
0,10,3,32,36,0.367125
0,10,3,32,37,0.369875
0,10,3,32,38,0.447333
0,10,3,32,39,0.371250
0,10,3,32,40,0.370000
0,10,3,32,41,0.369708
0,10,3,32,42,0.365000
0,10,4,128,0,0.813750
0,10,4,128,1,0.813583
0,10,4,128,2,0.814917
0,10,4,128,3,0.821375
0,10,4,128,4,0.777375
0,10,4,128,5,0.973250
0,10,4,128,6,0.815417
0,10,4,128,7,0.815500
0,10,4,128,8,0.814958
0,10,4,128,9,0.814542
0,10,4,128,10,0.815250
0,10,4,128,11,0.814875
0,10,4,128,12,0.822125
0,10,4,128,13,0.961875
0,10,4,128,14,0.815500
0,10,4,128,15,0.815000
0,10,4,128,16,0.816042
0,10,4,128,17,0.814375
0,10,4,128,18,0.815375
0,10,4,128,19,0.815333
0,10,4,128,20,0.815458
0,10,4,128,21,0.817708
0,10,4,128,22,0.878083
0,10,4,128,23,0.815375
0,10,4,128,24,0.814875
0,10,4,128,25,0.814375
0,10,4,128,26,0.814750
0,10,4,128,27,0.816208
0,10,4,128,28,0.814625
0,10,4,128,29,0.815583
0,10,4,128,30,0.834625
0,10,4,128,31,0.815000
0,10,4,128,32,0.815500
0,10,4,128,33,0.814375
0,10,4,128,34,0.814833
0,10,4,128,35,0.814583
0,10,4,128,36,0.815000
0,10,4,128,37,1.032000
0,10,4,128,38,0.967125
0,10,4,128,39,0.815000
0,10,4,128,40,0.814250
0,10,4,128,41,0.815542
0,10,4,128,42,0.815125
0,11,0,2,0,0.249583
0,11,0,2,1,0.250250
0,11,0,2,2,0.249500
0,11,0,2,3,0.251208
0,11,0,2,4,0.252625
0,11,0,2,5,0.248125
0,11,0,2,6,0.249375
0,11,0,2,7,0.408208
0,11,0,2,8,0.249375
0,11,0,2,9,0.250000
0,11,0,2,10,0.249250
0,11,0,2,11,0.249500
0,11,0,2,12,0.249667
0,11,0,2,13,0.250333
0,11,0,2,14,0.250250
0,11,0,2,15,0.249917
0,11,0,2,16,0.249125
0,11,0,2,17,0.248833
0,11,0,2,18,0.248875
0,11,0,2,19,0.248750
0,11,0,2,20,0.249625
0,11,0,2,21,0.250125
0,11,0,2,22,0.250083
0,11,0,2,23,0.250000
0,11,0,2,24,0.252708
0,11,0,2,25,0.249125
0,11,0,2,26,0.250125
0,11,0,2,27,0.398250
0,11,0,2,28,0.249458
0,11,0,2,29,0.248875
0,11,0,2,30,0.248333
0,11,0,2,31,0.249250
0,11,0,2,32,0.250500
0,11,0,2,33,0.249375
0,11,0,2,34,0.249125
0,11,0,2,35,0.249458
0,11,0,2,36,0.248083
0,11,0,2,37,0.247833
0,11,0,2,38,0.249458
0,11,0,2,39,0.249125
0,11,0,2,40,0.250500
0,11,0,2,41,0.250875
0,11,0,2,42,0.249625
0,11,1,1,0,0.254333
0,11,1,1,1,0.306083
0,11,1,1,2,0.303500
0,11,1,1,3,0.251292
0,11,1,1,4,0.250042
0,11,1,1,5,0.246458
0,11,1,1,6,0.250875
0,11,1,1,7,0.252583
0,11,1,1,8,0.251625
0,11,1,1,9,0.252958
0,11,1,1,10,0.251417
0,11,1,1,11,0.252208
0,11,1,1,12,0.252458
0,11,1,1,13,0.250208
0,11,1,1,14,0.252292
0,11,1,1,15,0.252375
0,11,1,1,16,0.252000
0,11,1,1,17,0.251250
0,11,1,1,18,0.250042
0,11,1,1,19,0.252167
0,11,1,1,20,0.255000
0,11,1,1,21,0.383333
0,11,1,1,22,0.256375
0,11,1,1,23,0.252375
0,11,1,1,24,0.252833
0,11,1,1,25,0.253250
0,11,1,1,26,0.253208
0,11,1,1,27,0.253000
0,11,1,1,28,0.253250
0,11,1,1,29,0.252042
0,11,1,1,30,0.253542
0,11,1,1,31,0.252583
0,11,1,1,32,0.252250
0,11,1,1,33,0.252625
0,11,1,1,34,0.253500
0,11,1,1,35,0.252875
0,11,1,1,36,0.252125
0,11,1,1,37,0.254000
0,11,1,1,38,0.252750
0,11,1,1,39,0.253500
0,11,1,1,40,0.252542
0,11,1,1,41,0.253667
0,11,1,1,42,0.281625
0,11,2,32,0,0.369083
0,11,2,32,1,0.369833
0,11,2,32,2,0.371042
0,11,2,32,3,0.370708
0,11,2,32,4,0.366125
0,11,2,32,5,0.351875
0,11,2,32,6,0.371792
0,11,2,32,7,0.371125
0,11,2,32,8,0.365708
0,11,2,32,9,0.370875
0,11,2,32,10,0.369375
0,11,2,32,11,0.369000
0,11,2,32,12,0.536792
0,11,2,32,13,0.346458
0,11,2,32,14,0.366750
0,11,2,32,15,0.370375
0,11,2,32,16,0.369875
0,11,2,32,17,0.360875
0,11,2,32,18,0.370625
0,11,2,32,19,0.367125
0,11,2,32,20,0.366167
0,11,2,32,21,0.369542
0,11,2,32,22,0.369250
0,11,2,32,23,0.370792
0,11,2,32,24,0.370833
0,11,2,32,25,0.369917
0,11,2,32,26,0.369250
0,11,2,32,27,0.372292
0,11,2,32,28,0.387833
0,11,2,32,29,0.365125
0,11,2,32,30,0.369583
0,11,2,32,31,0.364667
0,11,2,32,32,0.360625
0,11,2,32,33,0.368250
0,11,2,32,34,0.369958
0,11,2,32,35,0.368167
0,11,2,32,36,0.360125
0,11,2,32,37,0.368167
0,11,2,32,38,0.368667
0,11,2,32,39,0.369125
0,11,2,32,40,0.366750
0,11,2,32,41,0.367375
0,11,2,32,42,0.369250
0,11,3,128,0,0.814667
0,11,3,128,1,0.775000
0,11,3,128,2,0.772417
0,11,3,128,3,0.815875
0,11,3,128,4,0.814458
0,11,3,128,5,0.808875
0,11,3,128,6,0.815125
0,11,3,128,7,0.815042
0,11,3,128,8,0.815083
0,11,3,128,9,0.814750
0,11,3,128,10,0.815167
0,11,3,128,11,0.814750
0,11,3,128,12,0.814875
0,11,3,128,13,0.815208
0,11,3,128,14,0.816500
0,11,3,128,15,0.815083
0,11,3,128,16,0.814792
0,11,3,128,17,0.815042
0,11,3,128,18,0.815583
0,11,3,128,19,0.814000
0,11,3,128,20,0.813750
0,11,3,128,21,0.814750
0,11,3,128,22,0.816583
0,11,3,128,23,0.815458
0,11,3,128,24,0.814833
0,11,3,128,25,0.815208
0,11,3,128,26,0.814542
0,11,3,128,27,0.815083
0,11,3,128,28,0.815250
0,11,3,128,29,0.814667
0,11,3,128,30,0.814833
0,11,3,128,31,0.815833
0,11,3,128,32,0.814708
0,11,3,128,33,0.814750
0,11,3,128,34,0.815792
0,11,3,128,35,0.814833
0,11,3,128,36,0.819375
0,11,3,128,37,0.815250
0,11,3,128,38,0.814833
0,11,3,128,39,0.815000
0,11,3,128,40,0.814917
0,11,3,128,41,0.814667
0,11,3,128,42,0.814375
0,11,4,0,0,0.250083
0,11,4,0,1,0.250042
0,11,4,0,2,0.249500
0,11,4,0,3,0.250625
0,11,4,0,4,0.248833
0,11,4,0,5,0.250542
0,11,4,0,6,0.248875
0,11,4,0,7,0.249250
0,11,4,0,8,0.248542
0,11,4,0,9,0.250333
0,11,4,0,10,0.250875
0,11,4,0,11,0.250583
0,11,4,0,12,0.251875
0,11,4,0,13,0.250583
0,11,4,0,14,0.249708
0,11,4,0,15,0.249292
0,11,4,0,16,0.249208
0,11,4,0,17,0.249000
0,11,4,0,18,0.249125
0,11,4,0,19,0.249833
0,11,4,0,20,0.249625
0,11,4,0,21,0.250083
0,11,4,0,22,0.249375
0,11,4,0,23,0.249875
0,11,4,0,24,0.248750
0,11,4,0,25,0.249833
0,11,4,0,26,0.249875
0,11,4,0,27,0.248667
0,11,4,0,28,0.249208
0,11,4,0,29,0.250125
0,11,4,0,30,0.249500
0,11,4,0,31,0.248250
0,11,4,0,32,0.250083
0,11,4,0,33,0.249083
0,11,4,0,34,0.249500
0,11,4,0,35,0.249625
0,11,4,0,36,0.249292
0,11,4,0,37,0.248000
0,11,4,0,38,0.249083
0,11,4,0,39,0.249000
0,11,4,0,40,0.248750
0,11,4,0,41,0.248625
0,11,4,0,42,0.248375
0,12,0,1,0,0.252375
0,12,0,1,1,0.252667
0,12,0,1,2,0.251167
0,12,0,1,3,0.253208
0,12,0,1,4,0.253292
0,12,0,1,5,0.247458
0,12,0,1,6,0.249917
0,12,0,1,7,0.253208
0,12,0,1,8,0.250958
0,12,0,1,9,0.253083
0,12,0,1,10,0.253083
0,12,0,1,11,0.252583
0,12,0,1,12,0.252833
0,12,0,1,13,0.251833
0,12,0,1,14,0.253000
0,12,0,1,15,0.253375
0,12,0,1,16,0.251708
0,12,0,1,17,0.254875
0,12,0,1,18,0.256958
0,12,0,1,19,0.254500
0,12,0,1,20,0.252750
0,12,0,1,21,0.252333
0,12,0,1,22,0.254000
0,12,0,1,23,0.251958
0,12,0,1,24,0.253375
0,12,0,1,25,0.252833
0,12,0,1,26,0.253708
0,12,0,1,27,0.254000
0,12,0,1,28,0.252500
0,12,0,1,29,0.252167
0,12,0,1,30,0.253125
0,12,0,1,31,0.253417
0,12,0,1,32,0.252292
0,12,0,1,33,0.251750
0,12,0,1,34,0.253750
0,12,0,1,35,0.253250
0,12,0,1,36,0.252625
0,12,0,1,37,0.251875
0,12,0,1,38,0.251958
0,12,0,1,39,0.251333
0,12,0,1,40,0.252333
0,12,0,1,41,0.253375
0,12,0,1,42,0.251708
0,12,1,32,0,0.371083
0,12,1,32,1,0.369750
0,12,1,32,2,0.369625
0,12,1,32,3,0.368250
0,12,1,32,4,0.370042
0,12,1,32,5,0.355625
0,12,1,32,6,0.361292
0,12,1,32,7,0.365542
0,12,1,32,8,0.368625
0,12,1,32,9,0.368917
0,12,1,32,10,0.368917
0,12,1,32,11,0.368792
0,12,1,32,12,0.369333
0,12,1,32,13,0.369875
0,12,1,32,14,0.367250
0,12,1,32,15,0.369583
0,12,1,32,16,0.369167
0,12,1,32,17,0.359792
0,12,1,32,18,0.369000
0,12,1,32,19,0.369000
0,12,1,32,20,0.370042
0,12,1,32,21,0.368875
0,12,1,32,22,0.367375
0,12,1,32,23,0.370875
0,12,1,32,24,0.361250
0,12,1,32,25,0.368625
0,12,1,32,26,0.371792
0,12,1,32,27,0.364250
0,12,1,32,28,0.367792
0,12,1,32,29,0.364750
0,12,1,32,30,0.369375
0,12,1,32,31,0.370500
0,12,1,32,32,0.366958
0,12,1,32,33,0.366083
0,12,1,32,34,0.369792
0,12,1,32,35,0.369792
0,12,1,32,36,0.368625
0,12,1,32,37,0.370042
0,12,1,32,38,0.367083
0,12,1,32,39,0.368292
0,12,1,32,40,0.369250
0,12,1,32,41,0.371958
0,12,1,32,42,0.358625
0,12,2,128,0,0.815875
0,12,2,128,1,0.815000
0,12,2,128,2,0.813917
0,12,2,128,3,0.815125
0,12,2,128,4,0.814667
0,12,2,128,5,0.814125
0,12,2,128,6,0.814500
0,12,2,128,7,0.814125
0,12,2,128,8,0.816417
0,12,2,128,9,0.814000
0,12,2,128,10,0.814500
0,12,2,128,11,0.814125
0,12,2,128,12,0.814708
0,12,2,128,13,0.814750
0,12,2,128,14,0.815500
0,12,2,128,15,0.815000
0,12,2,128,16,0.814500
0,12,2,128,17,0.814125
0,12,2,128,18,0.815250
0,12,2,128,19,0.814750
0,12,2,128,20,0.815875
0,12,2,128,21,0.816250
0,12,2,128,22,0.814500
0,12,2,128,23,0.816708
0,12,2,128,24,0.815750
0,12,2,128,25,0.815625
0,12,2,128,26,0.814167
0,12,2,128,27,0.815375
0,12,2,128,28,0.814500
0,12,2,128,29,0.815625
0,12,2,128,30,0.816000
0,12,2,128,31,0.815375
0,12,2,128,32,0.814917
0,12,2,128,33,0.814792
0,12,2,128,34,0.775167
0,12,2,128,35,0.813792
0,12,2,128,36,0.815083
0,12,2,128,37,0.814833
0,12,2,128,38,0.815375
0,12,2,128,39,0.815083
0,12,2,128,40,0.815083
0,12,2,128,41,0.815417
0,12,2,128,42,0.815000
0,12,3,0,0,0.248750
0,12,3,0,1,0.249292
0,12,3,0,2,0.249042
0,12,3,0,3,0.249458
0,12,3,0,4,0.248250
0,12,3,0,5,0.246917
0,12,3,0,6,0.249750
0,12,3,0,7,0.250375
0,12,3,0,8,0.248500
0,12,3,0,9,0.251000
0,12,3,0,10,0.248917
0,12,3,0,11,0.248542
0,12,3,0,12,0.249500
0,12,3,0,13,0.249833
0,12,3,0,14,0.249583
0,12,3,0,15,0.248958
0,12,3,0,16,0.250417
0,12,3,0,17,0.248875
0,12,3,0,18,0.248750
0,12,3,0,19,0.248875
0,12,3,0,20,0.249500
0,12,3,0,21,0.249583
0,12,3,0,22,0.248625
0,12,3,0,23,0.248500
0,12,3,0,24,0.249625
0,12,3,0,25,0.249000
0,12,3,0,26,0.250375
0,12,3,0,27,0.248875
0,12,3,0,28,0.248500
0,12,3,0,29,0.249500
0,12,3,0,30,0.249250
0,12,3,0,31,0.248292
0,12,3,0,32,0.248958
0,12,3,0,33,0.249000
0,12,3,0,34,0.250000
0,12,3,0,35,0.250583
0,12,3,0,36,0.248625
0,12,3,0,37,0.248250
0,12,3,0,38,0.248542
0,12,3,0,39,0.249000
0,12,3,0,40,0.249042
0,12,3,0,41,0.250125
0,12,3,0,42,0.249750
0,12,4,2,0,0.250000
0,12,4,2,1,0.249833
0,12,4,2,2,0.250083
0,12,4,2,3,0.249833
0,12,4,2,4,0.248875
0,12,4,2,5,0.247708
0,12,4,2,6,0.248500
0,12,4,2,7,0.249625
0,12,4,2,8,0.249250
0,12,4,2,9,0.249625
0,12,4,2,10,0.249250
0,12,4,2,11,0.250000
0,12,4,2,12,0.248625
0,12,4,2,13,0.249292
0,12,4,2,14,0.248417
0,12,4,2,15,0.250875
0,12,4,2,16,0.249000
0,12,4,2,17,0.252250
0,12,4,2,18,0.255750
0,12,4,2,19,0.252292
0,12,4,2,20,0.249750
0,12,4,2,21,0.248750
0,12,4,2,22,0.250500
0,12,4,2,23,0.249625
0,12,4,2,24,0.248542
0,12,4,2,25,0.250292
0,12,4,2,26,0.251333
0,12,4,2,27,0.248458
0,12,4,2,28,0.249167
0,12,4,2,29,0.248417
0,12,4,2,30,0.248250
0,12,4,2,31,0.248792
0,12,4,2,32,0.248875
0,12,4,2,33,0.250208
0,12,4,2,34,0.248750
0,12,4,2,35,0.250958
0,12,4,2,36,0.248625
0,12,4,2,37,0.248792
0,12,4,2,38,0.248625
0,12,4,2,39,0.249625
0,12,4,2,40,0.249125
0,12,4,2,41,0.248750
0,12,4,2,42,0.249125
0,13,0,32,0,0.370500
0,13,0,32,1,0.370125
0,13,0,32,2,0.366417
0,13,0,32,3,0.371625
0,13,0,32,4,0.371833
0,13,0,32,5,0.351375
0,13,0,32,6,0.370625
0,13,0,32,7,0.358375
0,13,0,32,8,0.369250
0,13,0,32,9,0.370792
0,13,0,32,10,0.368375
0,13,0,32,11,0.371125
0,13,0,32,12,0.371250
0,13,0,32,13,0.366000
0,13,0,32,14,0.370667
0,13,0,32,15,0.369208
0,13,0,32,16,0.370750
0,13,0,32,17,0.359458
0,13,0,32,18,0.370875
0,13,0,32,19,0.360542
0,13,0,32,20,0.367667
0,13,0,32,21,0.369583
0,13,0,32,22,0.369125
0,13,0,32,23,0.369917
0,13,0,32,24,0.370875
0,13,0,32,25,0.364000
0,13,0,32,26,0.369125
0,13,0,32,27,0.363500
0,13,0,32,28,0.369125
0,13,0,32,29,0.369417
0,13,0,32,30,0.369250
0,13,0,32,31,0.369250
0,13,0,32,32,0.368875
0,13,0,32,33,0.368250
0,13,0,32,34,0.369583
0,13,0,32,35,0.370875
0,13,0,32,36,0.369500
0,13,0,32,37,0.372375
0,13,0,32,38,0.368417
0,13,0,32,39,0.367875
0,13,0,32,40,0.359208
0,13,0,32,41,0.369875
0,13,0,32,42,0.371333
0,13,1,128,0,0.819542
0,13,1,128,1,0.781833
0,13,1,128,2,0.814875
0,13,1,128,3,0.814958
0,13,1,128,4,0.814875
0,13,1,128,5,0.807875
0,13,1,128,6,0.815333
0,13,1,128,7,0.814875
0,13,1,128,8,0.814458
0,13,1,128,9,0.815750
0,13,1,128,10,0.815458
0,13,1,128,11,0.815000
0,13,1,128,12,0.814625
0,13,1,128,13,0.815542
0,13,1,128,14,0.816083
0,13,1,128,15,0.815583
0,13,1,128,16,0.814875
0,13,1,128,17,0.816000
0,13,1,128,18,0.815292
0,13,1,128,19,0.817875
0,13,1,128,20,0.816083
0,13,1,128,21,0.814000
0,13,1,128,22,0.814500
0,13,1,128,23,0.814750
0,13,1,128,24,0.815625
0,13,1,128,25,0.814208
0,13,1,128,26,0.814250
0,13,1,128,27,0.815458
0,13,1,128,28,0.814125
0,13,1,128,29,0.815875
0,13,1,128,30,0.811125
0,13,1,128,31,0.798250
0,13,1,128,32,0.814125
0,13,1,128,33,0.816000
0,13,1,128,34,0.816958
0,13,1,128,35,0.776625
0,13,1,128,36,0.815250
0,13,1,128,37,0.815375
0,13,1,128,38,0.815542
0,13,1,128,39,0.815667
0,13,1,128,40,0.814792
0,13,1,128,41,0.814958
0,13,1,128,42,0.814375
0,13,2,0,0,0.249542
0,13,2,0,1,0.248750
0,13,2,0,2,0.249208
0,13,2,0,3,0.249375
0,13,2,0,4,0.250333
0,13,2,0,5,0.247458
0,13,2,0,6,0.247625
0,13,2,0,7,0.248375
0,13,2,0,8,0.249000
0,13,2,0,9,0.248833
0,13,2,0,10,0.248792
0,13,2,0,11,0.249875
0,13,2,0,12,0.249458
0,13,2,0,13,0.250000
0,13,2,0,14,0.249333
0,13,2,0,15,0.248750
0,13,2,0,16,0.249208
0,13,2,0,17,0.250458
0,13,2,0,18,0.248125
0,13,2,0,19,0.248750
0,13,2,0,20,0.249375
0,13,2,0,21,0.248375
0,13,2,0,22,0.249250
0,13,2,0,23,0.249333
0,13,2,0,24,0.250250
0,13,2,0,25,0.250625
0,13,2,0,26,0.249833
0,13,2,0,27,0.249042
0,13,2,0,28,0.249625
0,13,2,0,29,0.248542
0,13,2,0,30,0.248500
0,13,2,0,31,0.249375
0,13,2,0,32,0.249000
0,13,2,0,33,0.248042
0,13,2,0,34,0.247458
0,13,2,0,35,0.248625
0,13,2,0,36,0.249833
0,13,2,0,37,0.248625
0,13,2,0,38,0.249958
0,13,2,0,39,0.249375
0,13,2,0,40,0.248167
0,13,2,0,41,0.250125
0,13,2,0,42,0.250292
0,13,3,2,0,0.249125
0,13,3,2,1,0.248708
0,13,3,2,2,0.249375
0,13,3,2,3,0.248792
0,13,3,2,4,0.250417
0,13,3,2,5,0.245958
0,13,3,2,6,0.247875
0,13,3,2,7,0.249458
0,13,3,2,8,0.248500
0,13,3,2,9,0.248375
0,13,3,2,10,0.249000
0,13,3,2,11,0.250583
0,13,3,2,12,0.249583
0,13,3,2,13,0.250875
0,13,3,2,14,0.251250
0,13,3,2,15,0.248292
0,13,3,2,16,0.249750
0,13,3,2,17,0.249542
0,13,3,2,18,0.250250
0,13,3,2,19,0.253958
0,13,3,2,20,0.251250
0,13,3,2,21,0.250000
0,13,3,2,22,0.248958
0,13,3,2,23,0.248875
0,13,3,2,24,0.248542
0,13,3,2,25,0.248875
0,13,3,2,26,0.250000
0,13,3,2,27,0.247750
0,13,3,2,28,0.247875
0,13,3,2,29,0.249417
0,13,3,2,30,0.249583
0,13,3,2,31,0.249292
0,13,3,2,32,0.249083
0,13,3,2,33,0.248375
0,13,3,2,34,0.248750
0,13,3,2,35,0.248917
0,13,3,2,36,0.247917
0,13,3,2,37,0.250792
0,13,3,2,38,0.249375
0,13,3,2,39,0.248750
0,13,3,2,40,0.248542
0,13,3,2,41,0.250000
0,13,3,2,42,0.249125
0,13,4,1,0,0.253000
0,13,4,1,1,0.251000
0,13,4,1,2,0.252292
0,13,4,1,3,0.253750
0,13,4,1,4,0.252417
0,13,4,1,5,0.246208
0,13,4,1,6,0.252958
0,13,4,1,7,0.252667
0,13,4,1,8,0.253042
0,13,4,1,9,0.253500
0,13,4,1,10,0.251625
0,13,4,1,11,0.253375
0,13,4,1,12,0.252000
0,13,4,1,13,0.251875
0,13,4,1,14,0.252042
0,13,4,1,15,0.254250
0,13,4,1,16,0.253917
0,13,4,1,17,0.250333
0,13,4,1,18,0.252875
0,13,4,1,19,0.251042
0,13,4,1,20,0.254375
0,13,4,1,21,0.253125
0,13,4,1,22,0.253375
0,13,4,1,23,0.251208
0,13,4,1,24,0.252292
0,13,4,1,25,0.251833
0,13,4,1,26,0.252625
0,13,4,1,27,0.252750
0,13,4,1,28,0.252292
0,13,4,1,29,0.253000
0,13,4,1,30,0.253042
0,13,4,1,31,0.249500
0,13,4,1,32,0.251500
0,13,4,1,33,0.252417
0,13,4,1,34,0.253542
0,13,4,1,35,0.253125
0,13,4,1,36,0.253208
0,13,4,1,37,0.252958
0,13,4,1,38,0.250958
0,13,4,1,39,0.250500
0,13,4,1,40,0.252167
0,13,4,1,41,0.253833
0,13,4,1,42,0.251500
0,14,0,128,0,0.814333
0,14,0,128,1,0.814750
0,14,0,128,2,0.814500
0,14,0,128,3,0.814667
0,14,0,128,4,0.815750
0,14,0,128,5,0.813792
0,14,0,128,6,0.776000
0,14,0,128,7,0.814625
0,14,0,128,8,0.814875
0,14,0,128,9,0.815625
0,14,0,128,10,0.814500
0,14,0,128,11,0.815250
0,14,0,128,12,0.814500
0,14,0,128,13,0.815000
0,14,0,128,14,0.815167
0,14,0,128,15,0.816083
0,14,0,128,16,0.817333
0,14,0,128,17,0.815250
0,14,0,128,18,0.814500
0,14,0,128,19,0.814500
0,14,0,128,20,0.814917
0,14,0,128,21,0.814500
0,14,0,128,22,0.814250
0,14,0,128,23,0.814750
0,14,0,128,24,0.815750
0,14,0,128,25,0.814625
0,14,0,128,26,0.815375
0,14,0,128,27,0.815375
0,14,0,128,28,0.814500
0,14,0,128,29,0.815792
0,14,0,128,30,0.814500
0,14,0,128,31,0.815458
0,14,0,128,32,0.814750
0,14,0,128,33,0.814958
0,14,0,128,34,0.814167
0,14,0,128,35,0.814500
0,14,0,128,36,0.815417
0,14,0,128,37,0.815125
0,14,0,128,38,0.815833
0,14,0,128,39,0.815000
0,14,0,128,40,0.819500
0,14,0,128,41,0.778250
0,14,0,128,42,0.814333
0,14,1,0,0,0.249750
0,14,1,0,1,0.250375
0,14,1,0,2,0.248500
0,14,1,0,3,0.246250
0,14,1,0,4,0.250125
0,14,1,0,5,0.249417
0,14,1,0,6,0.249625
0,14,1,0,7,0.252208
0,14,1,0,8,0.250167
0,14,1,0,9,0.250917
0,14,1,0,10,0.250208
0,14,1,0,11,0.250375
0,14,1,0,12,0.249750
0,14,1,0,13,0.249958
0,14,1,0,14,0.248958
0,14,1,0,15,0.249708
0,14,1,0,16,0.248958
0,14,1,0,17,0.249292
0,14,1,0,18,0.248375
0,14,1,0,19,0.247875
0,14,1,0,20,0.248625
0,14,1,0,21,0.250375
0,14,1,0,22,0.251000
0,14,1,0,23,0.249250
0,14,1,0,24,0.249000
0,14,1,0,25,0.248250
0,14,1,0,26,0.249583
0,14,1,0,27,0.250625
0,14,1,0,28,0.250333
0,14,1,0,29,0.249458
0,14,1,0,30,0.248125
0,14,1,0,31,0.249292
0,14,1,0,32,0.249625
0,14,1,0,33,0.249042
0,14,1,0,34,0.249125
0,14,1,0,35,0.248375
0,14,1,0,36,0.250750
0,14,1,0,37,0.248000
0,14,1,0,38,0.250250
0,14,1,0,39,0.249375
0,14,1,0,40,0.249958
0,14,1,0,41,0.249375
0,14,1,0,42,0.249667
0,14,2,2,0,0.248625
0,14,2,2,1,0.249292
0,14,2,2,2,0.249750
0,14,2,2,3,0.249000
0,14,2,2,4,0.249208
0,14,2,2,5,0.247000
0,14,2,2,6,0.249125
0,14,2,2,7,0.248458
0,14,2,2,8,0.248625
0,14,2,2,9,0.249167
0,14,2,2,10,0.248333
0,14,2,2,11,0.248500
0,14,2,2,12,0.249083
0,14,2,2,13,0.250250
0,14,2,2,14,0.250083
0,14,2,2,15,0.248542
0,14,2,2,16,0.248125
0,14,2,2,17,0.249125
0,14,2,2,18,0.249625
0,14,2,2,19,0.249125
0,14,2,2,20,0.248917
0,14,2,2,21,0.249750
0,14,2,2,22,0.247625
0,14,2,2,23,0.248625
0,14,2,2,24,0.250250
0,14,2,2,25,0.249458
0,14,2,2,26,0.249625
0,14,2,2,27,0.249458
0,14,2,2,28,0.249375
0,14,2,2,29,0.251208
0,14,2,2,30,0.250125
0,14,2,2,31,0.250875
0,14,2,2,32,0.251667
0,14,2,2,33,0.248500
0,14,2,2,34,0.249500
0,14,2,2,35,0.249417
0,14,2,2,36,0.249708
0,14,2,2,37,0.248083
0,14,2,2,38,0.250042
0,14,2,2,39,0.249375
0,14,2,2,40,0.249125
0,14,2,2,41,0.249708
0,14,2,2,42,0.249417
0,14,3,1,0,0.252625
0,14,3,1,1,0.252458
0,14,3,1,2,0.253417
0,14,3,1,3,0.252625
0,14,3,1,4,0.254125
0,14,3,1,5,0.246750
0,14,3,1,6,0.252333
0,14,3,1,7,0.251750
0,14,3,1,8,0.252125
0,14,3,1,9,0.251583
0,14,3,1,10,0.252375
0,14,3,1,11,0.252917
0,14,3,1,12,0.253250
0,14,3,1,13,0.252333
0,14,3,1,14,0.250958
0,14,3,1,15,0.253500
0,14,3,1,16,0.253000
0,14,3,1,17,0.253000
0,14,3,1,18,0.252125
0,14,3,1,19,0.253875
0,14,3,1,20,0.251500
0,14,3,1,21,0.251917
0,14,3,1,22,0.253500
0,14,3,1,23,0.253542
0,14,3,1,24,0.252750
0,14,3,1,25,0.253375
0,14,3,1,26,0.253375
0,14,3,1,27,0.252375
0,14,3,1,28,0.253000
0,14,3,1,29,0.252500
0,14,3,1,30,0.253125
0,14,3,1,31,0.253250
0,14,3,1,32,0.252625
0,14,3,1,33,0.252000
0,14,3,1,34,0.254250
0,14,3,1,35,0.252750
0,14,3,1,36,0.249750
0,14,3,1,37,0.247833
0,14,3,1,38,0.253000
0,14,3,1,39,0.251417
0,14,3,1,40,0.252833
0,14,3,1,41,0.252125
0,14,3,1,42,0.249917
0,14,4,32,0,0.367875
0,14,4,32,1,0.368875
0,14,4,32,2,0.368125
0,14,4,32,3,0.369958
0,14,4,32,4,0.368875
0,14,4,32,5,0.355667
0,14,4,32,6,0.369625
0,14,4,32,7,0.369750
0,14,4,32,8,0.368667
0,14,4,32,9,0.365958
0,14,4,32,10,0.369125
0,14,4,32,11,0.368375
0,14,4,32,12,0.368875
0,14,4,32,13,0.369333
0,14,4,32,14,0.359250
0,14,4,32,15,0.370750
0,14,4,32,16,0.364625
0,14,4,32,17,0.370167
0,14,4,32,18,0.397333
0,14,4,32,19,0.365875
0,14,4,32,20,0.368750
0,14,4,32,21,0.368417
0,14,4,32,22,0.369583
0,14,4,32,23,0.370500
0,14,4,32,24,0.367917
0,14,4,32,25,0.368750
0,14,4,32,26,0.369375
0,14,4,32,27,0.366250
0,14,4,32,28,0.370625
0,14,4,32,29,0.363250
0,14,4,32,30,0.371458
0,14,4,32,31,0.369917
0,14,4,32,32,0.369000
0,14,4,32,33,0.369000
0,14,4,32,34,0.368875
0,14,4,32,35,0.369333
0,14,4,32,36,0.365125
0,14,4,32,37,0.369750
0,14,4,32,38,0.367667
0,14,4,32,39,0.365292
0,14,4,32,40,0.370167
0,14,4,32,41,0.361375
0,14,4,32,42,0.369875
0,15,0,0,0,0.249250
0,15,0,0,1,0.250250
0,15,0,0,2,0.249500
0,15,0,0,3,0.248875
0,15,0,0,4,0.249042
0,15,0,0,5,0.246250
0,15,0,0,6,0.256708
0,15,0,0,7,0.247625
0,15,0,0,8,0.249083
0,15,0,0,9,0.248833
0,15,0,0,10,0.249000
0,15,0,0,11,0.251250
0,15,0,0,12,0.249750
0,15,0,0,13,0.251125
0,15,0,0,14,0.247667
0,15,0,0,15,0.248750
0,15,0,0,16,0.250917
0,15,0,0,17,0.249958
0,15,0,0,18,0.249792
0,15,0,0,19,0.248667
0,15,0,0,20,0.248292
0,15,0,0,21,0.249000
0,15,0,0,22,0.250292
0,15,0,0,23,0.249250
0,15,0,0,24,0.248500
0,15,0,0,25,0.249250
0,15,0,0,26,0.259750
0,15,0,0,27,0.249583
0,15,0,0,28,0.262250
0,15,0,0,29,0.249542
0,15,0,0,30,0.247875
0,15,0,0,31,0.249250
0,15,0,0,32,0.248750
0,15,0,0,33,0.249250
0,15,0,0,34,0.249833
0,15,0,0,35,0.248875
0,15,0,0,36,0.250750
0,15,0,0,37,0.248000
0,15,0,0,38,0.250000
0,15,0,0,39,0.250167
0,15,0,0,40,0.250375
0,15,0,0,41,0.250042
0,15,0,0,42,0.250542
0,15,1,128,0,0.816792
0,15,1,128,1,0.824833
0,15,1,128,2,0.813833
0,15,1,128,3,0.815500
0,15,1,128,4,0.814125
0,15,1,128,5,0.809000
0,15,1,128,6,0.815000
0,15,1,128,7,0.814833
0,15,1,128,8,0.815625
0,15,1,128,9,0.815625
0,15,1,128,10,0.815292
0,15,1,128,11,0.814458
0,15,1,128,12,0.814792
0,15,1,128,13,0.815000
0,15,1,128,14,0.814750
0,15,1,128,15,0.814458
0,15,1,128,16,0.816333
0,15,1,128,17,0.814833
0,15,1,128,18,0.814875
0,15,1,128,19,0.815958
0,15,1,128,20,0.814750
0,15,1,128,21,0.814500
0,15,1,128,22,0.815000
0,15,1,128,23,0.816000
0,15,1,128,24,0.815875
0,15,1,128,25,0.815167
0,15,1,128,26,0.814750
0,15,1,128,27,0.815000
0,15,1,128,28,0.815125
0,15,1,128,29,0.815083
0,15,1,128,30,0.814125
0,15,1,128,31,0.816000
0,15,1,128,32,0.814625
0,15,1,128,33,0.814958
0,15,1,128,34,0.814708
0,15,1,128,35,0.816750
0,15,1,128,36,0.817208
0,15,1,128,37,0.815875
0,15,1,128,38,0.814125
0,15,1,128,39,0.814833
0,15,1,128,40,0.815000
0,15,1,128,41,0.814625
0,15,1,128,42,0.814750
0,15,2,32,0,0.366542
0,15,2,32,1,0.371375
0,15,2,32,2,0.369750
0,15,2,32,3,0.367958
0,15,2,32,4,0.369375
0,15,2,32,5,0.354458
0,15,2,32,6,0.369875
0,15,2,32,7,0.368625
0,15,2,32,8,0.368125
0,15,2,32,9,0.369667
0,15,2,32,10,0.368125
0,15,2,32,11,0.371375
0,15,2,32,12,0.370125
0,15,2,32,13,0.370250
0,15,2,32,14,0.395000
0,15,2,32,15,0.350125
0,15,2,32,16,0.370000
0,15,2,32,17,0.365542
0,15,2,32,18,0.370500
0,15,2,32,19,0.368500
0,15,2,32,20,0.369917
0,15,2,32,21,0.368167
0,15,2,32,22,0.370250
0,15,2,32,23,0.369750
0,15,2,32,24,0.369625
0,15,2,32,25,0.370250
0,15,2,32,26,0.368583
0,15,2,32,27,0.371333
0,15,2,32,28,0.367750
0,15,2,32,29,0.370792
0,15,2,32,30,0.371250
0,15,2,32,31,0.371000
0,15,2,32,32,0.369583
0,15,2,32,33,0.367833
0,15,2,32,34,0.370917
0,15,2,32,35,0.371000
0,15,2,32,36,0.371208
0,15,2,32,37,0.371250
0,15,2,32,38,0.369250
0,15,2,32,39,0.366625
0,15,2,32,40,0.371750
0,15,2,32,41,0.375500
0,15,2,32,42,0.366708
0,15,3,1,0,0.253667
0,15,3,1,1,0.252625
0,15,3,1,2,0.252417
0,15,3,1,3,0.253333
0,15,3,1,4,0.252708
0,15,3,1,5,0.248125
0,15,3,1,6,0.255125
0,15,3,1,7,0.255250
0,15,3,1,8,0.250208
0,15,3,1,9,0.253375
0,15,3,1,10,0.252625
0,15,3,1,11,0.253500
0,15,3,1,12,0.252125
0,15,3,1,13,0.251875
0,15,3,1,14,0.252875
0,15,3,1,15,0.252125
0,15,3,1,16,0.251375
0,15,3,1,17,0.253083
0,15,3,1,18,0.253375
0,15,3,1,19,0.251125
0,15,3,1,20,0.299708
0,15,3,1,21,0.413625
0,15,3,1,22,0.294042
0,15,3,1,23,0.250625
0,15,3,1,24,0.252750
0,15,3,1,25,0.253875
0,15,3,1,26,0.250958
0,15,3,1,27,0.252250
0,15,3,1,28,0.252333
0,15,3,1,29,0.249708
0,15,3,1,30,0.252417
0,15,3,1,31,0.252833
0,15,3,1,32,0.253792
0,15,3,1,33,0.250625
0,15,3,1,34,0.253042
0,15,3,1,35,0.251833
0,15,3,1,36,0.290458
0,15,3,1,37,0.253125
0,15,3,1,38,0.251000
0,15,3,1,39,0.252625
0,15,3,1,40,0.250500
0,15,3,1,41,0.252000
0,15,3,1,42,0.252167
0,15,4,2,0,0.249833
0,15,4,2,1,0.249375
0,15,4,2,2,0.249417
0,15,4,2,3,0.250375
0,15,4,2,4,0.250167
0,15,4,2,5,0.246875
0,15,4,2,6,0.249375
0,15,4,2,7,0.249833
0,15,4,2,8,0.248000
0,15,4,2,9,0.249042
0,15,4,2,10,0.249542
0,15,4,2,11,0.250333
0,15,4,2,12,0.274292
0,15,4,2,13,0.248667
0,15,4,2,14,0.249875
0,15,4,2,15,0.249167
0,15,4,2,16,0.250792
0,15,4,2,17,0.250375
0,15,4,2,18,0.249542
0,15,4,2,19,0.248542
0,15,4,2,20,0.249625
0,15,4,2,21,0.249750
0,15,4,2,22,0.249875
0,15,4,2,23,0.250208
0,15,4,2,24,0.249000
0,15,4,2,25,0.249125
0,15,4,2,26,0.248875
0,15,4,2,27,0.249542
0,15,4,2,28,0.249250
0,15,4,2,29,0.248250
0,15,4,2,30,0.248375
0,15,4,2,31,0.249042
0,15,4,2,32,0.248875
0,15,4,2,33,0.247875
0,15,4,2,34,0.248292
0,15,4,2,35,0.249000
0,15,4,2,36,0.248750
0,15,4,2,37,0.249000
0,15,4,2,38,0.249250
0,15,4,2,39,0.250708
0,15,4,2,40,0.250500
0,15,4,2,41,0.249000
0,15,4,2,42,0.252958
0,16,0,2,0,0.255125
0,16,0,2,1,0.253500
0,16,0,2,2,0.248625
0,16,0,2,3,0.249167
0,16,0,2,4,0.249417
0,16,0,2,5,0.246500
0,16,0,2,6,0.250083
0,16,0,2,7,0.249250
0,16,0,2,8,0.250000
0,16,0,2,9,0.249625
0,16,0,2,10,0.250000
0,16,0,2,11,0.249542
0,16,0,2,12,0.249000
0,16,0,2,13,0.248333
0,16,0,2,14,0.250333
0,16,0,2,15,0.251125
0,16,0,2,16,0.250500
0,16,0,2,17,0.250375
0,16,0,2,18,0.250333
0,16,0,2,19,0.251125
0,16,0,2,20,0.250250
0,16,0,2,21,0.249500
0,16,0,2,22,0.249292
0,16,0,2,23,0.249958
0,16,0,2,24,0.249125
0,16,0,2,25,0.250583
0,16,0,2,26,0.249250
0,16,0,2,27,0.249375
0,16,0,2,28,0.249958
0,16,0,2,29,0.250042
0,16,0,2,30,0.249708
0,16,0,2,31,0.250167
0,16,0,2,32,0.247125
0,16,0,2,33,0.249000
0,16,0,2,34,0.249625
0,16,0,2,35,0.249250
0,16,0,2,36,0.251167
0,16,0,2,37,0.250333
0,16,0,2,38,0.250167
0,16,0,2,39,0.248833
0,16,0,2,40,0.250000
0,16,0,2,41,0.250083
0,16,0,2,42,0.249625
0,16,1,0,0,0.250375
0,16,1,0,1,0.250000
0,16,1,0,2,0.249958
0,16,1,0,3,0.249625
0,16,1,0,4,0.249917
0,16,1,0,5,0.248625
0,16,1,0,6,0.250500
0,16,1,0,7,0.249250
0,16,1,0,8,0.249542
0,16,1,0,9,0.249000
0,16,1,0,10,0.248750
0,16,1,0,11,0.249875
0,16,1,0,12,0.249750
0,16,1,0,13,0.250625
0,16,1,0,14,0.248375
0,16,1,0,15,0.249708
0,16,1,0,16,0.249000
0,16,1,0,17,0.248125
0,16,1,0,18,0.249500
0,16,1,0,19,0.248708
0,16,1,0,20,0.248875
0,16,1,0,21,0.249583
0,16,1,0,22,0.250250
0,16,1,0,23,0.252125
0,16,1,0,24,0.248875
0,16,1,0,25,0.248583
0,16,1,0,26,0.248792
0,16,1,0,27,0.249375
0,16,1,0,28,0.250042
0,16,1,0,29,0.249750
0,16,1,0,30,0.249583
0,16,1,0,31,0.250750
0,16,1,0,32,0.249750
0,16,1,0,33,0.249458
0,16,1,0,34,0.250375
0,16,1,0,35,0.254875
0,16,1,0,36,0.251333
0,16,1,0,37,0.248917
0,16,1,0,38,0.249125
0,16,1,0,39,0.248042
0,16,1,0,40,0.248250
0,16,1,0,41,0.248750
0,16,1,0,42,0.248625
0,16,2,128,0,0.814042
0,16,2,128,1,0.814917
0,16,2,128,2,0.814583
0,16,2,128,3,0.814708
0,16,2,128,4,0.815583
0,16,2,128,5,0.810875
0,16,2,128,6,0.814792
0,16,2,128,7,0.815333
0,16,2,128,8,0.813750
0,16,2,128,9,0.814125
0,16,2,128,10,0.814250
0,16,2,128,11,0.815250
0,16,2,128,12,0.815125
0,16,2,128,13,0.814375
0,16,2,128,14,0.814833
0,16,2,128,15,0.816833
0,16,2,128,16,0.815625
0,16,2,128,17,0.814792
0,16,2,128,18,0.814625
0,16,2,128,19,0.812458
0,16,2,128,20,0.815792
0,16,2,128,21,0.815750
0,16,2,128,22,0.814917
0,16,2,128,23,0.815000
0,16,2,128,24,0.815792
0,16,2,128,25,0.815042
0,16,2,128,26,0.815625
0,16,2,128,27,0.815417
0,16,2,128,28,0.815250
0,16,2,128,29,0.814917
0,16,2,128,30,0.816958
0,16,2,128,31,0.816750
0,16,2,128,32,0.814333
0,16,2,128,33,0.814125
0,16,2,128,34,0.814792
0,16,2,128,35,0.815125
0,16,2,128,36,0.815292
0,16,2,128,37,0.816125
0,16,2,128,38,0.814292
0,16,2,128,39,0.817583
0,16,2,128,40,0.813875
0,16,2,128,41,0.814958
0,16,2,128,42,0.815292
0,16,3,32,0,0.360958
0,16,3,32,1,0.370000
0,16,3,32,2,0.368792
0,16,3,32,3,0.369875
0,16,3,32,4,0.368875
0,16,3,32,5,0.350875
0,16,3,32,6,0.367375
0,16,3,32,7,0.369250
0,16,3,32,8,0.368375
0,16,3,32,9,0.371208
0,16,3,32,10,0.361250
0,16,3,32,11,0.369000
0,16,3,32,12,0.370125
0,16,3,32,13,0.368000
0,16,3,32,14,0.366500
0,16,3,32,15,0.367000
0,16,3,32,16,0.368542
0,16,3,32,17,0.369833
0,16,3,32,18,0.365375
0,16,3,32,19,0.369625
0,16,3,32,20,0.377917
0,16,3,32,21,0.369500
0,16,3,32,22,0.368875
0,16,3,32,23,0.368417
0,16,3,32,24,0.366792
0,16,3,32,25,0.366500
0,16,3,32,26,0.369458
0,16,3,32,27,0.370958
0,16,3,32,28,0.370000
0,16,3,32,29,0.371042
0,16,3,32,30,0.368292
0,16,3,32,31,0.370333
0,16,3,32,32,0.365875
0,16,3,32,33,0.364458
0,16,3,32,34,0.369542
0,16,3,32,35,0.371958
0,16,3,32,36,0.369125
0,16,3,32,37,0.369958
0,16,3,32,38,0.364667
0,16,3,32,39,0.369833
0,16,3,32,40,0.369500
0,16,3,32,41,0.354125
0,16,3,32,42,0.371000
0,16,4,1,0,0.253542
0,16,4,1,1,0.251167
0,16,4,1,2,0.249667
0,16,4,1,3,0.253417
0,16,4,1,4,0.252167
0,16,4,1,5,0.250167
0,16,4,1,6,0.253542
0,16,4,1,7,0.250333
0,16,4,1,8,0.252042
0,16,4,1,9,0.253000
0,16,4,1,10,0.253167
0,16,4,1,11,0.254417
0,16,4,1,12,0.252917
0,16,4,1,13,0.249458
0,16,4,1,14,0.252000
0,16,4,1,15,0.254208
0,16,4,1,16,0.251375
0,16,4,1,17,0.252125
0,16,4,1,18,0.253750
0,16,4,1,19,0.251750
0,16,4,1,20,0.252792
0,16,4,1,21,0.251625
0,16,4,1,22,0.254292
0,16,4,1,23,0.253875
0,16,4,1,24,0.251000
0,16,4,1,25,0.253458
0,16,4,1,26,0.253500
0,16,4,1,27,0.253375
0,16,4,1,28,0.253750
0,16,4,1,29,0.253875
0,16,4,1,30,0.252208
0,16,4,1,31,0.252792
0,16,4,1,32,0.252000
0,16,4,1,33,0.252458
0,16,4,1,34,0.252750
0,16,4,1,35,0.252125
0,16,4,1,36,0.252250
0,16,4,1,37,0.251167
0,16,4,1,38,0.250875
0,16,4,1,39,0.251083
0,16,4,1,40,0.253500
0,16,4,1,41,0.252750
0,16,4,1,42,0.252500
0,17,0,1,0,0.252042
0,17,0,1,1,0.254333
0,17,0,1,2,0.251375
0,17,0,1,3,0.253375
0,17,0,1,4,0.251500
0,17,0,1,5,0.248625
0,17,0,1,6,0.252042
0,17,0,1,7,0.252875
0,17,0,1,8,0.251958
0,17,0,1,9,0.253750
0,17,0,1,10,0.252042
0,17,0,1,11,0.252333
0,17,0,1,12,0.253250
0,17,0,1,13,0.252833
0,17,0,1,14,0.252000
0,17,0,1,15,0.253875
0,17,0,1,16,0.252458
0,17,0,1,17,0.251958
0,17,0,1,18,0.253083
0,17,0,1,19,0.252917
0,17,0,1,20,0.251750
0,17,0,1,21,0.251875
0,17,0,1,22,0.252750
0,17,0,1,23,0.253000
0,17,0,1,24,0.250583
0,17,0,1,25,0.253292
0,17,0,1,26,0.253750
0,17,0,1,27,0.253625
0,17,0,1,28,0.254125
0,17,0,1,29,0.252625
0,17,0,1,30,0.255375
0,17,0,1,31,0.257375
0,17,0,1,32,0.254583
0,17,0,1,33,0.252625
0,17,0,1,34,0.254125
0,17,0,1,35,0.253667
0,17,0,1,36,0.253875
0,17,0,1,37,0.253125
0,17,0,1,38,0.250833
0,17,0,1,39,0.251500
0,17,0,1,40,0.253583
0,17,0,1,41,0.253667
0,17,0,1,42,0.253625
0,17,1,2,0,0.249417
0,17,1,2,1,0.249042
0,17,1,2,2,0.249500
0,17,1,2,3,0.250500
0,17,1,2,4,0.250750
0,17,1,2,5,0.247958
0,17,1,2,6,0.249375
0,17,1,2,7,0.249417
0,17,1,2,8,0.249625
0,17,1,2,9,0.249750
0,17,1,2,10,0.250167
0,17,1,2,11,0.250500
0,17,1,2,12,0.249542
0,17,1,2,13,0.252000
0,17,1,2,14,0.248667
0,17,1,2,15,0.250125
0,17,1,2,16,0.248458
0,17,1,2,17,0.251125
0,17,1,2,18,0.249750
0,17,1,2,19,0.249000
0,17,1,2,20,0.248500
0,17,1,2,21,0.249625
0,17,1,2,22,0.249708
0,17,1,2,23,0.249542
0,17,1,2,24,0.250625
0,17,1,2,25,0.249958
0,17,1,2,26,0.248333
0,17,1,2,27,0.250625
0,17,1,2,28,0.250208
0,17,1,2,29,0.248417
0,17,1,2,30,0.249708
0,17,1,2,31,0.249250
0,17,1,2,32,0.250333
0,17,1,2,33,0.247958
0,17,1,2,34,0.249667
0,17,1,2,35,0.249750
0,17,1,2,36,0.249667
0,17,1,2,37,0.249250
0,17,1,2,38,0.249542
0,17,1,2,39,0.249000
0,17,1,2,40,0.250167
0,17,1,2,41,0.249292
0,17,1,2,42,0.249750
0,17,2,0,0,0.251500
0,17,2,0,1,0.248500
0,17,2,0,2,0.249542
0,17,2,0,3,0.250125
0,17,2,0,4,0.250125
0,17,2,0,5,0.245917
0,17,2,0,6,0.248750
0,17,2,0,7,0.250333
0,17,2,0,8,0.249917
0,17,2,0,9,0.251167
0,17,2,0,10,0.248083
0,17,2,0,11,0.249708
0,17,2,0,12,0.249542
0,17,2,0,13,0.250500
0,17,2,0,14,0.247750
0,17,2,0,15,0.249375
0,17,2,0,16,0.249750
0,17,2,0,17,0.247667
0,17,2,0,18,0.248667
0,17,2,0,19,0.247875
0,17,2,0,20,0.249292
0,17,2,0,21,0.248708
0,17,2,0,22,0.250917
0,17,2,0,23,0.247208
0,17,2,0,24,0.255292
0,17,2,0,25,0.252292
0,17,2,0,26,0.250125
0,17,2,0,27,0.249042
0,17,2,0,28,0.249250
0,17,2,0,29,0.250500
0,17,2,0,30,0.248583
0,17,2,0,31,0.250125
0,17,2,0,32,0.248875
0,17,2,0,33,0.247542
0,17,2,0,34,0.246958
0,17,2,0,35,0.250250
0,17,2,0,36,0.248500
0,17,2,0,37,0.249042
0,17,2,0,38,0.249875
0,17,2,0,39,0.250875
0,17,2,0,40,0.249083
0,17,2,0,41,0.249125
0,17,2,0,42,0.249125
0,17,3,128,0,0.814000
0,17,3,128,1,0.814500
0,17,3,128,2,0.815583
0,17,3,128,3,0.815250
0,17,3,128,4,0.814750
0,17,3,128,5,0.811250
0,17,3,128,6,0.815542
0,17,3,128,7,0.814750
0,17,3,128,8,0.816125
0,17,3,128,9,0.816042
0,17,3,128,10,0.814250
0,17,3,128,11,0.815375
0,17,3,128,12,0.814333
0,17,3,128,13,0.815250
0,17,3,128,14,0.815500
0,17,3,128,15,0.815000
0,17,3,128,16,0.815833
0,17,3,128,17,0.814625
0,17,3,128,18,0.815750
0,17,3,128,19,0.819417
0,17,3,128,20,0.811625
0,17,3,128,21,0.813958
0,17,3,128,22,0.814958
0,17,3,128,23,0.814250
0,17,3,128,24,0.814500
0,17,3,128,25,0.814708
0,17,3,128,26,0.818208
0,17,3,128,27,0.776125
0,17,3,128,28,0.815375
0,17,3,128,29,0.814708
0,17,3,128,30,0.814500
0,17,3,128,31,0.814792
0,17,3,128,32,0.815292
0,17,3,128,33,0.816250
0,17,3,128,34,0.814750
0,17,3,128,35,0.813375
0,17,3,128,36,0.815583
0,17,3,128,37,0.822208
0,17,3,128,38,0.815000
0,17,3,128,39,0.814958
0,17,3,128,40,0.815333
0,17,3,128,41,0.815500
0,17,3,128,42,0.815625
0,17,4,32,0,0.368000
0,17,4,32,1,0.369625
0,17,4,32,2,0.370792
0,17,4,32,3,0.370625
0,17,4,32,4,0.374000
0,17,4,32,5,0.350000
0,17,4,32,6,0.367000
0,17,4,32,7,0.370000
0,17,4,32,8,0.369792
0,17,4,32,9,0.366000
0,17,4,32,10,0.369625
0,17,4,32,11,0.369708
0,17,4,32,12,0.369750
0,17,4,32,13,0.368417
0,17,4,32,14,0.369667
0,17,4,32,15,0.367083
0,17,4,32,16,0.371333
0,17,4,32,17,0.369375
0,17,4,32,18,0.369875
0,17,4,32,19,0.370667
0,17,4,32,20,0.371625
0,17,4,32,21,0.370167
0,17,4,32,22,0.370708
0,17,4,32,23,0.371042
0,17,4,32,24,0.371458
0,17,4,32,25,0.368333
0,17,4,32,26,0.366000
0,17,4,32,27,0.369375
0,17,4,32,28,0.370542
0,17,4,32,29,0.368958
0,17,4,32,30,0.368750
0,17,4,32,31,0.360375
0,17,4,32,32,0.361833
0,17,4,32,33,0.371458
0,17,4,32,34,0.369417
0,17,4,32,35,0.368083
0,17,4,32,36,0.360375
0,17,4,32,37,0.367250
0,17,4,32,38,0.369125
0,17,4,32,39,0.370875
0,17,4,32,40,0.370458
0,17,4,32,41,0.371375
0,17,4,32,42,0.364750
0,18,0,32,0,0.368375
0,18,0,32,1,0.364375
0,18,0,32,2,0.370333
0,18,0,32,3,0.370333
0,18,0,32,4,0.368250
0,18,0,32,5,0.355042
0,18,0,32,6,0.370542
0,18,0,32,7,0.369208
0,18,0,32,8,0.370083
0,18,0,32,9,0.370500
0,18,0,32,10,0.370208
0,18,0,32,11,0.369167
0,18,0,32,12,0.368750
0,18,0,32,13,0.369125
0,18,0,32,14,0.369292
0,18,0,32,15,0.371083
0,18,0,32,16,0.368167
0,18,0,32,17,0.368208
0,18,0,32,18,0.365750
0,18,0,32,19,0.370625
0,18,0,32,20,0.366417
0,18,0,32,21,0.369750
0,18,0,32,22,0.368000
0,18,0,32,23,0.368042
0,18,0,32,24,0.369833
0,18,0,32,25,0.368125
0,18,0,32,26,0.368917
0,18,0,32,27,0.366375
0,18,0,32,28,0.370625
0,18,0,32,29,0.365917
0,18,0,32,30,0.364333
0,18,0,32,31,0.370000
0,18,0,32,32,0.367250
0,18,0,32,33,0.369708
0,18,0,32,34,0.369625
0,18,0,32,35,0.369500
0,18,0,32,36,0.368917
0,18,0,32,37,0.370042
0,18,0,32,38,0.368625
0,18,0,32,39,0.370458
0,18,0,32,40,0.368875
0,18,0,32,41,0.365125
0,18,0,32,42,0.368000
0,18,1,1,0,0.252000
0,18,1,1,1,0.252500
0,18,1,1,2,0.252125
0,18,1,1,3,0.251000
0,18,1,1,4,0.251500
0,18,1,1,5,0.247125
0,18,1,1,6,0.250750
0,18,1,1,7,0.253208
0,18,1,1,8,0.252875
0,18,1,1,9,0.252458
0,18,1,1,10,0.252958
0,18,1,1,11,0.249125
0,18,1,1,12,0.253000
0,18,1,1,13,0.252875
0,18,1,1,14,0.251792
0,18,1,1,15,0.255125
0,18,1,1,16,0.265000
0,18,1,1,17,0.253625
0,18,1,1,18,0.253875
0,18,1,1,19,0.250375
0,18,1,1,20,0.251042
0,18,1,1,21,0.253500
0,18,1,1,22,0.252500
0,18,1,1,23,0.253083
0,18,1,1,24,0.253125
0,18,1,1,25,0.253375
0,18,1,1,26,0.252542
0,18,1,1,27,0.254167
0,18,1,1,28,0.250500
0,18,1,1,29,0.252125
0,18,1,1,30,0.252417
0,18,1,1,31,0.254125
0,18,1,1,32,0.253375
0,18,1,1,33,0.249250
0,18,1,1,34,0.252042
0,18,1,1,35,0.253542
0,18,1,1,36,0.251750
0,18,1,1,37,0.251375
0,18,1,1,38,0.252875
0,18,1,1,39,0.251833
0,18,1,1,40,0.252958
0,18,1,1,41,0.252625
0,18,1,1,42,0.253083
0,18,2,2,0,0.249958
0,18,2,2,1,0.249375
0,18,2,2,2,0.249500
0,18,2,2,3,0.248750
0,18,2,2,4,0.249125
0,18,2,2,5,0.246250
0,18,2,2,6,0.248958
0,18,2,2,7,0.248500
0,18,2,2,8,0.249000
0,18,2,2,9,0.249958
0,18,2,2,10,0.250000
0,18,2,2,11,0.250125
0,18,2,2,12,0.249125
0,18,2,2,13,0.249917
0,18,2,2,14,0.249458
0,18,2,2,15,0.250792
0,18,2,2,16,0.249083
0,18,2,2,17,0.249708
0,18,2,2,18,0.252875
0,18,2,2,19,0.248458
0,18,2,2,20,0.251083
0,18,2,2,21,0.251000
0,18,2,2,22,0.249125
0,18,2,2,23,0.249042
0,18,2,2,24,0.249167
0,18,2,2,25,0.248875
0,18,2,2,26,0.248875
0,18,2,2,27,0.250917
0,18,2,2,28,0.249000
0,18,2,2,29,0.249250
0,18,2,2,30,0.248750
0,18,2,2,31,0.249750
0,18,2,2,32,0.250125
0,18,2,2,33,0.250250
0,18,2,2,34,0.249750
0,18,2,2,35,0.249708
0,18,2,2,36,0.249500
0,18,2,2,37,0.249500
0,18,2,2,38,0.249292
0,18,2,2,39,0.249583
0,18,2,2,40,0.249250
0,18,2,2,41,0.250208
0,18,2,2,42,0.248667
0,18,3,0,0,0.249333
0,18,3,0,1,0.249042
0,18,3,0,2,0.249125
0,18,3,0,3,0.250458
0,18,3,0,4,0.248917
0,18,3,0,5,0.244625
0,18,3,0,6,0.249500
0,18,3,0,7,0.249167
0,18,3,0,8,0.249000
0,18,3,0,9,0.250417
0,18,3,0,10,0.251458
0,18,3,0,11,0.248333
0,18,3,0,12,0.250500
0,18,3,0,13,0.251250
0,18,3,0,14,0.249083
0,18,3,0,15,0.249667
0,18,3,0,16,0.248708
0,18,3,0,17,0.249000
0,18,3,0,18,0.249250
0,18,3,0,19,0.248750
0,18,3,0,20,0.250333
0,18,3,0,21,0.249500
0,18,3,0,22,0.249458
0,18,3,0,23,0.248250
0,18,3,0,24,0.249458
0,18,3,0,25,0.250083
0,18,3,0,26,0.249000
0,18,3,0,27,0.249625
0,18,3,0,28,0.248792
0,18,3,0,29,0.249625
0,18,3,0,30,0.249375
0,18,3,0,31,0.249500
0,18,3,0,32,0.250333
0,18,3,0,33,0.249083
0,18,3,0,34,0.251625
0,18,3,0,35,0.245292
0,18,3,0,36,0.248792
0,18,3,0,37,0.249833
0,18,3,0,38,0.251125
0,18,3,0,39,0.250375
0,18,3,0,40,0.249375
0,18,3,0,41,0.250125
0,18,3,0,42,0.251083
0,18,4,128,0,0.814000
0,18,4,128,1,0.815750
0,18,4,128,2,0.815000
0,18,4,128,3,0.832125
0,18,4,128,4,0.804375
0,18,4,128,5,0.807625
0,18,4,128,6,0.813792
0,18,4,128,7,0.815458
0,18,4,128,8,0.815458
0,18,4,128,9,0.818000
0,18,4,128,10,0.812625
0,18,4,128,11,0.814458
0,18,4,128,12,0.814125
0,18,4,128,13,0.813792
0,18,4,128,14,0.814875
0,18,4,128,15,0.815958
0,18,4,128,16,0.813625
0,18,4,128,17,0.815000
0,18,4,128,18,0.812875
0,18,4,128,19,0.816792
0,18,4,128,20,0.814167
0,18,4,128,21,0.815667
0,18,4,128,22,0.816250
0,18,4,128,23,0.815000
0,18,4,128,24,0.814458
0,18,4,128,25,0.814625
0,18,4,128,26,0.815750
0,18,4,128,27,0.825417
0,18,4,128,28,0.803083
0,18,4,128,29,0.815333
0,18,4,128,30,0.815750
0,18,4,128,31,0.815208
0,18,4,128,32,0.815042
0,18,4,128,33,0.813917
0,18,4,128,34,0.813458
0,18,4,128,35,0.815625
0,18,4,128,36,0.814833
0,18,4,128,37,0.815333
0,18,4,128,38,0.815042
0,18,4,128,39,0.814375
0,18,4,128,40,0.814833
0,18,4,128,41,0.814708
0,18,4,128,42,0.848292
0,19,0,128,0,0.814917
0,19,0,128,1,0.815292
0,19,0,128,2,0.815500
0,19,0,128,3,0.813458
0,19,0,128,4,0.813542
0,19,0,128,5,0.809792
0,19,0,128,6,0.815667
0,19,0,128,7,0.819042
0,19,0,128,8,0.815833
0,19,0,128,9,0.816833
0,19,0,128,10,0.818750
0,19,0,128,11,0.814375
0,19,0,128,12,0.814708
0,19,0,128,13,0.815292
0,19,0,128,14,0.815500
0,19,0,128,15,0.815000
0,19,0,128,16,0.813000
0,19,0,128,17,0.815167
0,19,0,128,18,0.814375
0,19,0,128,19,0.815833
0,19,0,128,20,0.814750
0,19,0,128,21,0.814375
0,19,0,128,22,0.814708
0,19,0,128,23,0.814292
0,19,0,128,24,0.816083
0,19,0,128,25,0.814792
0,19,0,128,26,0.814000
0,19,0,128,27,0.815750
0,19,0,128,28,0.815000
0,19,0,128,29,0.815625
0,19,0,128,30,0.814833
0,19,0,128,31,0.814125
0,19,0,128,32,0.814958
0,19,0,128,33,0.813917
0,19,0,128,34,0.812583
0,19,0,128,35,0.815500
0,19,0,128,36,0.814625
0,19,0,128,37,0.815792
0,19,0,128,38,0.815625
0,19,0,128,39,0.814875
0,19,0,128,40,0.815875
0,19,0,128,41,0.814125
0,19,0,128,42,0.815333
0,19,1,32,0,0.370250
0,19,1,32,1,0.370000
0,19,1,32,2,0.373000
0,19,1,32,3,0.370667
0,19,1,32,4,0.367375
0,19,1,32,5,0.365917
0,19,1,32,6,0.369125
0,19,1,32,7,0.369833
0,19,1,32,8,0.369042
0,19,1,32,9,0.365750
0,19,1,32,10,0.366375
0,19,1,32,11,0.365292
0,19,1,32,12,0.370250
0,19,1,32,13,0.369500
0,19,1,32,14,0.370208
0,19,1,32,15,0.368583
0,19,1,32,16,0.364167
0,19,1,32,17,0.371333
0,19,1,32,18,0.369250
0,19,1,32,19,0.365042
0,19,1,32,20,0.371542
0,19,1,32,21,0.364625
0,19,1,32,22,0.364708
0,19,1,32,23,0.369000
0,19,1,32,24,0.370375
0,19,1,32,25,0.369250
0,19,1,32,26,0.367792
0,19,1,32,27,0.365833
0,19,1,32,28,0.371375
0,19,1,32,29,0.370250
0,19,1,32,30,0.370458
0,19,1,32,31,0.370750
0,19,1,32,32,0.372417
0,19,1,32,33,0.364125
0,19,1,32,34,0.369250
0,19,1,32,35,0.366167
0,19,1,32,36,0.366875
0,19,1,32,37,0.371500
0,19,1,32,38,0.367000
0,19,1,32,39,0.369667
0,19,1,32,40,0.365167
0,19,1,32,41,0.371708
0,19,1,32,42,0.371542
0,19,2,1,0,0.253000
0,19,2,1,1,0.254042
0,19,2,1,2,0.254500
0,19,2,1,3,0.253083
0,19,2,1,4,0.254042
0,19,2,1,5,0.247917
0,19,2,1,6,0.252000
0,19,2,1,7,0.252167
0,19,2,1,8,0.253042
0,19,2,1,9,0.253583
0,19,2,1,10,0.254875
0,19,2,1,11,0.253333
0,19,2,1,12,0.253000
0,19,2,1,13,0.252000
0,19,2,1,14,0.252125
0,19,2,1,15,0.253458
0,19,2,1,16,0.251375
0,19,2,1,17,0.253917
0,19,2,1,18,0.252917
0,19,2,1,19,0.250667
0,19,2,1,20,0.251708
0,19,2,1,21,0.250500
0,19,2,1,22,0.253708
0,19,2,1,23,0.254250
0,19,2,1,24,0.250625
0,19,2,1,25,0.252333
0,19,2,1,26,0.252250
0,19,2,1,27,0.253708
0,19,2,1,28,0.253500
0,19,2,1,29,0.250500
0,19,2,1,30,0.254375
0,19,2,1,31,0.254417
0,19,2,1,32,0.251750
0,19,2,1,33,0.253625
0,19,2,1,34,0.253083
0,19,2,1,35,0.252125
0,19,2,1,36,0.250958
0,19,2,1,37,0.253083
0,19,2,1,38,0.252000
0,19,2,1,39,0.252667
0,19,2,1,40,0.252750
0,19,2,1,41,0.252375
0,19,2,1,42,0.253167
0,19,3,2,0,0.249000
0,19,3,2,1,0.249333
0,19,3,2,2,0.250958
0,19,3,2,3,0.250708
0,19,3,2,4,0.249750
0,19,3,2,5,0.246708
0,19,3,2,6,0.249500
0,19,3,2,7,0.250125
0,19,3,2,8,0.248083
0,19,3,2,9,0.248875
0,19,3,2,10,0.249125
0,19,3,2,11,0.249250
0,19,3,2,12,0.249042
0,19,3,2,13,0.249375
0,19,3,2,14,0.249125
0,19,3,2,15,0.249542
0,19,3,2,16,0.250208
0,19,3,2,17,0.249375
0,19,3,2,18,0.248875
0,19,3,2,19,0.248458
0,19,3,2,20,0.249625
0,19,3,2,21,0.248750
0,19,3,2,22,0.250333
0,19,3,2,23,0.248375
0,19,3,2,24,0.247000
0,19,3,2,25,0.249875
0,19,3,2,26,0.249750
0,19,3,2,27,0.249875
0,19,3,2,28,0.249292
0,19,3,2,29,0.250042
0,19,3,2,30,0.249250
0,19,3,2,31,0.249792
0,19,3,2,32,0.248875
0,19,3,2,33,0.249458
0,19,3,2,34,0.249542
0,19,3,2,35,0.248458
0,19,3,2,36,0.248125
0,19,3,2,37,0.247792
0,19,3,2,38,0.248750
0,19,3,2,39,0.248375
0,19,3,2,40,0.250167
0,19,3,2,41,0.249708
0,19,3,2,42,0.250875
0,19,4,0,0,0.249125
0,19,4,0,1,0.248417
0,19,4,0,2,0.248708
0,19,4,0,3,0.249500
0,19,4,0,4,0.248250
0,19,4,0,5,0.247250
0,19,4,0,6,0.248125
0,19,4,0,7,0.248458
0,19,4,0,8,0.248250
0,19,4,0,9,0.249958
0,19,4,0,10,0.249875
0,19,4,0,11,0.249875
0,19,4,0,12,0.250750
0,19,4,0,13,0.251125
0,19,4,0,14,0.248250
0,19,4,0,15,0.248833
0,19,4,0,16,0.249625
0,19,4,0,17,0.248500
0,19,4,0,18,0.250167
0,19,4,0,19,0.248125
0,19,4,0,20,0.248250
0,19,4,0,21,0.248875
0,19,4,0,22,0.249500
0,19,4,0,23,0.249958
0,19,4,0,24,0.255375
0,19,4,0,25,0.252083
0,19,4,0,26,0.248875
0,19,4,0,27,0.248667
0,19,4,0,28,0.248667
0,19,4,0,29,0.249583
0,19,4,0,30,0.247500
0,19,4,0,31,0.248625
0,19,4,0,32,0.248208
0,19,4,0,33,0.248625
0,19,4,0,34,0.250500
0,19,4,0,35,0.249333
0,19,4,0,36,0.250083
0,19,4,0,37,0.249208
0,19,4,0,38,0.249750
0,19,4,0,39,0.249792
0,19,4,0,40,0.249875
0,19,4,0,41,0.249375
0,19,4,0,42,0.249250
0,20,0,0,0,0.250000
0,20,0,0,1,0.249792
0,20,0,0,2,0.248375
0,20,0,0,3,0.249292
0,20,0,0,4,0.248958
0,20,0,0,5,0.247625
0,20,0,0,6,0.250083
0,20,0,0,7,0.250083
0,20,0,0,8,0.248833
0,20,0,0,9,0.247875
0,20,0,0,10,0.248208
0,20,0,0,11,0.249875
0,20,0,0,12,0.250000
0,20,0,0,13,0.249417
0,20,0,0,14,0.249500
0,20,0,0,15,0.250375
0,20,0,0,16,0.257750
0,20,0,0,17,0.249625
0,20,0,0,18,0.255000
0,20,0,0,19,0.250708
0,20,0,0,20,0.249167
0,20,0,0,21,0.249583
0,20,0,0,22,0.250750
0,20,0,0,23,0.251250
0,20,0,0,24,0.249833
0,20,0,0,25,0.249583
0,20,0,0,26,0.248750
0,20,0,0,27,0.249750
0,20,0,0,28,0.249875
0,20,0,0,29,0.250583
0,20,0,0,30,0.249500
0,20,0,0,31,0.250000
0,20,0,0,32,0.251083
0,20,0,0,33,0.249125
0,20,0,0,34,0.248875
0,20,0,0,35,0.250917
0,20,0,0,36,0.249917
0,20,0,0,37,0.249375
0,20,0,0,38,0.249875
0,20,0,0,39,0.250000
0,20,0,0,40,0.249000
0,20,0,0,41,0.250583
0,20,0,0,42,0.248625
0,20,1,2,0,0.251000
0,20,1,2,1,0.250125
0,20,1,2,2,0.251250
0,20,1,2,3,0.250000
0,20,1,2,4,0.250167
0,20,1,2,5,0.247500
0,20,1,2,6,0.248000
0,20,1,2,7,0.249625
0,20,1,2,8,0.249583
0,20,1,2,9,0.249625
0,20,1,2,10,0.250833
0,20,1,2,11,0.249625
0,20,1,2,12,0.248917
0,20,1,2,13,0.250083
0,20,1,2,14,0.249667
0,20,1,2,15,0.251167
0,20,1,2,16,0.254250
0,20,1,2,17,0.254417
0,20,1,2,18,0.253542
0,20,1,2,19,0.251833
0,20,1,2,20,0.250625
0,20,1,2,21,0.250833
0,20,1,2,22,0.250875
0,20,1,2,23,0.250500
0,20,1,2,24,0.256000
0,20,1,2,25,0.249333
0,20,1,2,26,0.249250
0,20,1,2,27,0.249583
0,20,1,2,28,0.250458
0,20,1,2,29,0.248625
0,20,1,2,30,0.248000
0,20,1,2,31,0.249292
0,20,1,2,32,0.249292
0,20,1,2,33,0.248708
0,20,1,2,34,0.249417
0,20,1,2,35,0.248667
0,20,1,2,36,0.249042
0,20,1,2,37,0.249792
0,20,1,2,38,0.250000
0,20,1,2,39,0.250208
0,20,1,2,40,0.250375
0,20,1,2,41,0.251292
0,20,1,2,42,0.250583
0,20,2,1,0,0.253750
0,20,2,1,1,0.253667
0,20,2,1,2,0.252625
0,20,2,1,3,0.251917
0,20,2,1,4,0.253000
0,20,2,1,5,0.247875
0,20,2,1,6,0.250875
0,20,2,1,7,0.250875
0,20,2,1,8,0.252875
0,20,2,1,9,0.253542
0,20,2,1,10,0.252250
0,20,2,1,11,0.253583
0,20,2,1,12,0.252375
0,20,2,1,13,0.253167
0,20,2,1,14,0.254125
0,20,2,1,15,0.253083
0,20,2,1,16,0.252167
0,20,2,1,17,0.250750
0,20,2,1,18,0.252667
0,20,2,1,19,0.253500
0,20,2,1,20,0.251208
0,20,2,1,21,0.251583
0,20,2,1,22,0.253625
0,20,2,1,23,0.252250
0,20,2,1,24,0.250542
0,20,2,1,25,0.253125
0,20,2,1,26,0.253500
0,20,2,1,27,0.254125
0,20,2,1,28,0.252375
0,20,2,1,29,0.252208
0,20,2,1,30,0.253750
0,20,2,1,31,0.253500
0,20,2,1,32,0.253500
0,20,2,1,33,0.252750
0,20,2,1,34,0.252792
0,20,2,1,35,0.253792
0,20,2,1,36,0.252708
0,20,2,1,37,0.252958
0,20,2,1,38,0.252500
0,20,2,1,39,0.253250
0,20,2,1,40,0.253417
0,20,2,1,41,0.253292
0,20,2,1,42,0.251625
0,20,3,32,0,0.369125
0,20,3,32,1,0.370375
0,20,3,32,2,0.368375
0,20,3,32,3,0.369625
0,20,3,32,4,0.369292
0,20,3,32,5,0.359625
0,20,3,32,6,0.370375
0,20,3,32,7,0.370000
0,20,3,32,8,0.368125
0,20,3,32,9,0.369250
0,20,3,32,10,0.371583
0,20,3,32,11,0.369667
0,20,3,32,12,0.365500
0,20,3,32,13,0.369250
0,20,3,32,14,0.368875
0,20,3,32,15,0.369208
0,20,3,32,16,0.370458
0,20,3,32,17,0.369917
0,20,3,32,18,0.371125
0,20,3,32,19,0.371125
0,20,3,32,20,0.369000
0,20,3,32,21,0.370875
0,20,3,32,22,0.370250
0,20,3,32,23,0.367875
0,20,3,32,24,0.370667
0,20,3,32,25,0.370250
0,20,3,32,26,0.368250
0,20,3,32,27,0.370542
0,20,3,32,28,0.370333
0,20,3,32,29,0.370250
0,20,3,32,30,0.368417
0,20,3,32,31,0.370083
0,20,3,32,32,0.368958
0,20,3,32,33,0.368375
0,20,3,32,34,0.369500
0,20,3,32,35,0.369083
0,20,3,32,36,0.368792
0,20,3,32,37,0.366750
0,20,3,32,38,0.360292
0,20,3,32,39,0.369792
0,20,3,32,40,0.370375
0,20,3,32,41,0.370583
0,20,3,32,42,0.370750
0,20,4,128,0,0.814750
0,20,4,128,1,0.814792
0,20,4,128,2,0.814500
0,20,4,128,3,0.815375
0,20,4,128,4,0.814583
0,20,4,128,5,0.808708
0,20,4,128,6,0.814458
0,20,4,128,7,0.815000
0,20,4,128,8,0.818875
0,20,4,128,9,0.815542
0,20,4,128,10,0.815667
0,20,4,128,11,0.815708
0,20,4,128,12,0.814417
0,20,4,128,13,0.815292
0,20,4,128,14,0.822000
0,20,4,128,15,0.778625
0,20,4,128,16,0.814250
0,20,4,128,17,0.814750
0,20,4,128,18,0.814625
0,20,4,128,19,0.815583
0,20,4,128,20,0.815417
0,20,4,128,21,0.814792
0,20,4,128,22,0.815042
0,20,4,128,23,0.815875
0,20,4,128,24,0.814125
0,20,4,128,25,0.824750
0,20,4,128,26,0.814500
0,20,4,128,27,0.815208
0,20,4,128,28,0.814000
0,20,4,128,29,0.814000
0,20,4,128,30,0.815458
0,20,4,128,31,0.815750
0,20,4,128,32,0.815375
0,20,4,128,33,0.814875
0,20,4,128,34,0.809792
0,20,4,128,35,0.814917
0,20,4,128,36,0.814458
0,20,4,128,37,0.814500
0,20,4,128,38,0.814875
0,20,4,128,39,0.814250
0,20,4,128,40,0.815208
0,20,4,128,41,0.814417
0,20,4,128,42,0.815625
0,21,0,2,0,0.252750
0,21,0,2,1,0.249917
0,21,0,2,2,0.251000
0,21,0,2,3,0.249750
0,21,0,2,4,0.250250
0,21,0,2,5,0.244708
0,21,0,2,6,0.249333
0,21,0,2,7,0.249000
0,21,0,2,8,0.248375
0,21,0,2,9,0.249875
0,21,0,2,10,0.249292
0,21,0,2,11,0.248500
0,21,0,2,12,0.248750
0,21,0,2,13,0.249750
0,21,0,2,14,0.253250
0,21,0,2,15,0.253792
0,21,0,2,16,0.251750
0,21,0,2,17,0.249500
0,21,0,2,18,0.249125
0,21,0,2,19,0.249125
0,21,0,2,20,0.248625
0,21,0,2,21,0.248250
0,21,0,2,22,0.251000
0,21,0,2,23,0.248875
0,21,0,2,24,0.249250
0,21,0,2,25,0.249208
0,21,0,2,26,0.250500
0,21,0,2,27,0.249583
0,21,0,2,28,0.249083
0,21,0,2,29,0.249208
0,21,0,2,30,0.248500
0,21,0,2,31,0.249083
0,21,0,2,32,0.249500
0,21,0,2,33,0.248917
0,21,0,2,34,0.249375
0,21,0,2,35,0.248750
0,21,0,2,36,0.250125
0,21,0,2,37,0.248750
0,21,0,2,38,0.251000
0,21,0,2,39,0.251375
0,21,0,2,40,0.249708
0,21,0,2,41,0.249000
0,21,0,2,42,0.249792
0,21,1,1,0,0.254000
0,21,1,1,1,0.251750
0,21,1,1,2,0.252583
0,21,1,1,3,0.252708
0,21,1,1,4,0.250500
0,21,1,1,5,0.249208
0,21,1,1,6,0.252250
0,21,1,1,7,0.253083
0,21,1,1,8,0.251292
0,21,1,1,9,0.252750
0,21,1,1,10,0.253500
0,21,1,1,11,0.251958
0,21,1,1,12,0.252583
0,21,1,1,13,0.252917
0,21,1,1,14,0.252542
0,21,1,1,15,0.252542
0,21,1,1,16,0.251000
0,21,1,1,17,0.253083
0,21,1,1,18,0.251417
0,21,1,1,19,0.250875
0,21,1,1,20,0.252750
0,21,1,1,21,0.252292
0,21,1,1,22,0.250667
0,21,1,1,23,0.253292
0,21,1,1,24,0.252458
0,21,1,1,25,0.253958
0,21,1,1,26,0.253708
0,21,1,1,27,0.252125
0,21,1,1,28,0.253875
0,21,1,1,29,0.252833
0,21,1,1,30,0.252375
0,21,1,1,31,0.251833
0,21,1,1,32,0.252792
0,21,1,1,33,0.253000
0,21,1,1,34,0.254375
0,21,1,1,35,0.252167
0,21,1,1,36,0.250167
0,21,1,1,37,0.253333
0,21,1,1,38,0.251750
0,21,1,1,39,0.252667
0,21,1,1,40,0.252875
0,21,1,1,41,0.251750
0,21,1,1,42,0.252667
0,21,2,32,0,0.369833
0,21,2,32,1,0.370375
0,21,2,32,2,0.369625
0,21,2,32,3,0.369125
0,21,2,32,4,0.369625
0,21,2,32,5,0.349583
0,21,2,32,6,0.373750
0,21,2,32,7,0.370292
0,21,2,32,8,0.362750
0,21,2,32,9,0.370750
0,21,2,32,10,0.370083
0,21,2,32,11,0.368250
0,21,2,32,12,0.368167
0,21,2,32,13,0.370250
0,21,2,32,14,0.369750
0,21,2,32,15,0.371500
0,21,2,32,16,0.363125
0,21,2,32,17,0.367958
0,21,2,32,18,0.369208
0,21,2,32,19,0.366000
0,21,2,32,20,0.365500
0,21,2,32,21,0.365042
0,21,2,32,22,0.363875
0,21,2,32,23,0.370125
0,21,2,32,24,0.369542
0,21,2,32,25,0.367375
0,21,2,32,26,0.367125
0,21,2,32,27,0.369250
0,21,2,32,28,0.370625
0,21,2,32,29,0.369000
0,21,2,32,30,0.370000
0,21,2,32,31,0.369750
0,21,2,32,32,0.369125
0,21,2,32,33,0.369500
0,21,2,32,34,0.370542
0,21,2,32,35,0.368958
0,21,2,32,36,0.369500
0,21,2,32,37,0.370708
0,21,2,32,38,0.370875
0,21,2,32,39,0.368250
0,21,2,32,40,0.370875
0,21,2,32,41,0.368583
0,21,2,32,42,0.371375
0,21,3,128,0,0.814458
0,21,3,128,1,0.815000
0,21,3,128,2,0.814625
0,21,3,128,3,0.814625
0,21,3,128,4,0.815333
0,21,3,128,5,0.811625
0,21,3,128,6,0.814458
0,21,3,128,7,0.814792
0,21,3,128,8,0.815583
0,21,3,128,9,0.815458
0,21,3,128,10,0.814750
0,21,3,128,11,0.814125
0,21,3,128,12,0.815000
0,21,3,128,13,0.816417
0,21,3,128,14,0.817667
0,21,3,128,15,0.776458
0,21,3,128,16,0.808792
0,21,3,128,17,0.815250
0,21,3,128,18,0.815125
0,21,3,128,19,0.813750
0,21,3,128,20,0.815917
0,21,3,128,21,0.815750
0,21,3,128,22,0.815083
0,21,3,128,23,0.814917
0,21,3,128,24,0.814625
0,21,3,128,25,0.814750
0,21,3,128,26,0.815875
0,21,3,128,27,0.809250
0,21,3,128,28,0.803958
0,21,3,128,29,0.815875
0,21,3,128,30,0.815250
0,21,3,128,31,0.815000
0,21,3,128,32,0.819583
0,21,3,128,33,0.815875
0,21,3,128,34,0.815375
0,21,3,128,35,0.814875
0,21,3,128,36,0.814833
0,21,3,128,37,0.815667
0,21,3,128,38,0.814542
0,21,3,128,39,0.813917
0,21,3,128,40,0.814750
0,21,3,128,41,0.813125
0,21,3,128,42,0.815625
0,21,4,0,0,0.249125
0,21,4,0,1,0.249208
0,21,4,0,2,0.248875
0,21,4,0,3,0.249042
0,21,4,0,4,0.248750
0,21,4,0,5,0.247375
0,21,4,0,6,0.248958
0,21,4,0,7,0.248458
0,21,4,0,8,0.249708
0,21,4,0,9,0.249000
0,21,4,0,10,0.250125
0,21,4,0,11,0.251375
0,21,4,0,12,0.249333
0,21,4,0,13,0.250417
0,21,4,0,14,0.252500
0,21,4,0,15,0.265375
0,21,4,0,16,0.252000
0,21,4,0,17,0.249375
0,21,4,0,18,0.248500
0,21,4,0,19,0.249875
0,21,4,0,20,0.250333
0,21,4,0,21,0.249000
0,21,4,0,22,0.249708
0,21,4,0,23,0.248958
0,21,4,0,24,0.250375
0,21,4,0,25,0.249250
0,21,4,0,26,0.248417
0,21,4,0,27,0.249833
0,21,4,0,28,0.249458
0,21,4,0,29,0.250875
0,21,4,0,30,0.248250
0,21,4,0,31,0.248083
0,21,4,0,32,0.249292
0,21,4,0,33,0.249083
0,21,4,0,34,0.249250
0,21,4,0,35,0.249000
0,21,4,0,36,0.249917
0,21,4,0,37,0.248750
0,21,4,0,38,0.250750
0,21,4,0,39,0.249875
0,21,4,0,40,0.249792
0,21,4,0,41,0.250750
0,21,4,0,42,0.250625
0,22,0,1,0,0.253542
0,22,0,1,1,0.253417
0,22,0,1,2,0.252750
0,22,0,1,3,0.252000
0,22,0,1,4,0.252958
0,22,0,1,5,0.247250
0,22,0,1,6,0.252542
0,22,0,1,7,0.253583
0,22,0,1,8,0.253875
0,22,0,1,9,0.252292
0,22,0,1,10,0.253708
0,22,0,1,11,0.253125
0,22,0,1,12,0.253750
0,22,0,1,13,0.254000
0,22,0,1,14,0.252500
0,22,0,1,15,0.251375
0,22,0,1,16,0.252750
0,22,0,1,17,0.252792
0,22,0,1,18,0.252750
0,22,0,1,19,0.252500
0,22,0,1,20,0.251125
0,22,0,1,21,0.252375
0,22,0,1,22,0.251250
0,22,0,1,23,0.251458
0,22,0,1,24,0.252875
0,22,0,1,25,0.252208
0,22,0,1,26,0.253500
0,22,0,1,27,0.252625
0,22,0,1,28,0.253542
0,22,0,1,29,0.252042
0,22,0,1,30,0.252750
0,22,0,1,31,0.252375
0,22,0,1,32,0.251375
0,22,0,1,33,0.252542
0,22,0,1,34,0.253500
0,22,0,1,35,0.252542
0,22,0,1,36,0.252042
0,22,0,1,37,0.252125
0,22,0,1,38,0.251750
0,22,0,1,39,0.252000
0,22,0,1,40,0.253208
0,22,0,1,41,0.252333
0,22,0,1,42,0.253000
0,22,1,32,0,0.370375
0,22,1,32,1,0.370417
0,22,1,32,2,0.369333
0,22,1,32,3,0.370125
0,22,1,32,4,0.370083
0,22,1,32,5,0.359542
0,22,1,32,6,0.366625
0,22,1,32,7,0.367750
0,22,1,32,8,0.368917
0,22,1,32,9,0.368250
0,22,1,32,10,0.370000
0,22,1,32,11,0.369833
0,22,1,32,12,0.362375
0,22,1,32,13,0.371875
0,22,1,32,14,0.364875
0,22,1,32,15,0.371292
0,22,1,32,16,0.368625
0,22,1,32,17,0.368833
0,22,1,32,18,0.370917
0,22,1,32,19,0.368583
0,22,1,32,20,0.369458
0,22,1,32,21,0.369208
0,22,1,32,22,0.371292
0,22,1,32,23,0.377042
0,22,1,32,24,0.364500
0,22,1,32,25,0.363708
0,22,1,32,26,0.371750
0,22,1,32,27,0.369667
0,22,1,32,28,0.368375
0,22,1,32,29,0.370500
0,22,1,32,30,0.369542
0,22,1,32,31,0.371417
0,22,1,32,32,0.368500
0,22,1,32,33,0.369958
0,22,1,32,34,0.369250
0,22,1,32,35,0.365708
0,22,1,32,36,0.367125
0,22,1,32,37,0.369833
0,22,1,32,38,0.370042
0,22,1,32,39,0.370875
0,22,1,32,40,0.364125
0,22,1,32,41,0.368083
0,22,1,32,42,0.363625
0,22,2,128,0,0.814958
0,22,2,128,1,0.815083
0,22,2,128,2,0.815125
0,22,2,128,3,0.815625
0,22,2,128,4,0.813667
0,22,2,128,5,0.805750
0,22,2,128,6,0.815042
0,22,2,128,7,0.813875
0,22,2,128,8,0.814625
0,22,2,128,9,0.819250
0,22,2,128,10,0.807000
0,22,2,128,11,0.815750
0,22,2,128,12,0.815208
0,22,2,128,13,0.813708
0,22,2,128,14,0.821625
0,22,2,128,15,0.777167
0,22,2,128,16,0.815458
0,22,2,128,17,0.814958
0,22,2,128,18,0.814125
0,22,2,128,19,0.815583
0,22,2,128,20,0.815792
0,22,2,128,21,0.814625
0,22,2,128,22,0.815667
0,22,2,128,23,0.831750
0,22,2,128,24,0.808625
0,22,2,128,25,0.814000
0,22,2,128,26,0.814875
0,22,2,128,27,0.815500
0,22,2,128,28,0.815750
0,22,2,128,29,0.815000
0,22,2,128,30,0.839417
0,22,2,128,31,0.800125
0,22,2,128,32,0.814500
0,22,2,128,33,0.814500
0,22,2,128,34,0.815250
0,22,2,128,35,0.814875
0,22,2,128,36,0.815250
0,22,2,128,37,0.814750
0,22,2,128,38,0.815250
0,22,2,128,39,0.814625
0,22,2,128,40,0.814958
0,22,2,128,41,0.814458
0,22,2,128,42,0.814500
0,22,3,0,0,0.249667
0,22,3,0,1,0.250000
0,22,3,0,2,0.249417
0,22,3,0,3,0.249375
0,22,3,0,4,0.248667
0,22,3,0,5,0.247667
0,22,3,0,6,0.248375
0,22,3,0,7,0.248792
0,22,3,0,8,0.249750
0,22,3,0,9,0.248958
0,22,3,0,10,0.250167
0,22,3,0,11,0.250500
0,22,3,0,12,0.254917
0,22,3,0,13,0.253042
0,22,3,0,14,0.249542
0,22,3,0,15,0.250375
0,22,3,0,16,0.249792
0,22,3,0,17,0.251708
0,22,3,0,18,0.248667
0,22,3,0,19,0.249375
0,22,3,0,20,0.250125
0,22,3,0,21,0.249167
0,22,3,0,22,0.251375
0,22,3,0,23,0.249208
0,22,3,0,24,0.250083
0,22,3,0,25,0.249125
0,22,3,0,26,0.249500
0,22,3,0,27,0.248708
0,22,3,0,28,0.248000
0,22,3,0,29,0.246750
0,22,3,0,30,0.250000
0,22,3,0,31,0.249583
0,22,3,0,32,0.248917
0,22,3,0,33,0.248917
0,22,3,0,34,0.249875
0,22,3,0,35,0.248500
0,22,3,0,36,0.249750
0,22,3,0,37,0.248375
0,22,3,0,38,0.250042
0,22,3,0,39,0.249042
0,22,3,0,40,0.249750
0,22,3,0,41,0.248875
0,22,3,0,42,0.248875
0,22,4,2,0,0.249958
0,22,4,2,1,0.250000
0,22,4,2,2,0.248875
0,22,4,2,3,0.250625
0,22,4,2,4,0.249458
0,22,4,2,5,0.249375
0,22,4,2,6,0.249125
0,22,4,2,7,0.248750
0,22,4,2,8,0.249083
0,22,4,2,9,0.249667
0,22,4,2,10,0.249375
0,22,4,2,11,0.250625
0,22,4,2,12,0.249208
0,22,4,2,13,0.249500
0,22,4,2,14,0.248625
0,22,4,2,15,0.249917
0,22,4,2,16,0.248750
0,22,4,2,17,0.249792
0,22,4,2,18,0.249583
0,22,4,2,19,0.250167
0,22,4,2,20,0.248750
0,22,4,2,21,0.250875
0,22,4,2,22,0.250125
0,22,4,2,23,0.250292
0,22,4,2,24,0.249875
0,22,4,2,25,0.247000
0,22,4,2,26,0.249375
0,22,4,2,27,0.249375
0,22,4,2,28,0.249750
0,22,4,2,29,0.249875
0,22,4,2,30,0.249208
0,22,4,2,31,0.249500
0,22,4,2,32,0.249917
0,22,4,2,33,0.248958
0,22,4,2,34,0.250208
0,22,4,2,35,0.250333
0,22,4,2,36,0.250750
0,22,4,2,37,0.249083
0,22,4,2,38,0.249917
0,22,4,2,39,0.249875
0,22,4,2,40,0.249583
0,22,4,2,41,0.249042
0,22,4,2,42,0.249750
0,23,0,32,0,0.370250
0,23,0,32,1,0.370375
0,23,0,32,2,0.366500
0,23,0,32,3,0.372500
0,23,0,32,4,0.369833
0,23,0,32,5,0.368333
0,23,0,32,6,0.369792
0,23,0,32,7,0.369500
0,23,0,32,8,0.365000
0,23,0,32,9,0.369250
0,23,0,32,10,0.370250
0,23,0,32,11,0.369750
0,23,0,32,12,0.369375
0,23,0,32,13,0.368750
0,23,0,32,14,0.369375
0,23,0,32,15,0.370208
0,23,0,32,16,0.369500
0,23,0,32,17,0.369000
0,23,0,32,18,0.369250
0,23,0,32,19,0.367542
0,23,0,32,20,0.369542
0,23,0,32,21,0.370750
0,23,0,32,22,0.371875
0,23,0,32,23,0.368208
0,23,0,32,24,0.370208
0,23,0,32,25,0.370333
0,23,0,32,26,0.363375
0,23,0,32,27,0.369083
0,23,0,32,28,0.370625
0,23,0,32,29,0.370500
0,23,0,32,30,0.369458
0,23,0,32,31,0.370625
0,23,0,32,32,0.368583
0,23,0,32,33,0.369375
0,23,0,32,34,0.369250
0,23,0,32,35,0.369000
0,23,0,32,36,0.369167
0,23,0,32,37,0.370292
0,23,0,32,38,0.370208
0,23,0,32,39,0.367875
0,23,0,32,40,0.369625
0,23,0,32,41,0.370083
0,23,0,32,42,0.370500
0,23,1,128,0,0.812833
0,23,1,128,1,0.814750
0,23,1,128,2,0.814583
0,23,1,128,3,0.813875
0,23,1,128,4,0.815000
0,23,1,128,5,0.811542
0,23,1,128,6,0.814125
0,23,1,128,7,0.815167
0,23,1,128,8,0.814333
0,23,1,128,9,0.815250
0,23,1,128,10,0.814625
0,23,1,128,11,0.815792
0,23,1,128,12,0.818750
0,23,1,128,13,0.820750
0,23,1,128,14,0.814375
0,23,1,128,15,0.814292
0,23,1,128,16,0.813875
0,23,1,128,17,0.815000
0,23,1,128,18,0.814875
0,23,1,128,19,0.815375
0,23,1,128,20,0.815000
0,23,1,128,21,0.811792
0,23,1,128,22,0.809125
0,23,1,128,23,0.814667
0,23,1,128,24,0.815250
0,23,1,128,25,0.815250
0,23,1,128,26,0.816208
0,23,1,128,27,0.815417
0,23,1,128,28,0.815208
0,23,1,128,29,0.815250
0,23,1,128,30,0.815458
0,23,1,128,31,0.818000
0,23,1,128,32,0.815083
0,23,1,128,33,0.814333
0,23,1,128,34,0.816042
0,23,1,128,35,0.815542
0,23,1,128,36,0.815167
0,23,1,128,37,0.814500
0,23,1,128,38,0.814750
0,23,1,128,39,0.814625
0,23,1,128,40,0.816250
0,23,1,128,41,0.815875
0,23,1,128,42,0.814625
0,23,2,0,0,0.249125
0,23,2,0,1,0.248708
0,23,2,0,2,0.250250
0,23,2,0,3,0.250208
0,23,2,0,4,0.248292
0,23,2,0,5,0.246417
0,23,2,0,6,0.248875
0,23,2,0,7,0.249375
0,23,2,0,8,0.249375
0,23,2,0,9,0.250625
0,23,2,0,10,0.252542
0,23,2,0,11,0.250375
0,23,2,0,12,0.252333
0,23,2,0,13,0.250250
0,23,2,0,14,0.250208
0,23,2,0,15,0.248125
0,23,2,0,16,0.248625
0,23,2,0,17,0.249750
0,23,2,0,18,0.249458
0,23,2,0,19,0.250875
0,23,2,0,20,0.250167
0,23,2,0,21,0.249333
0,23,2,0,22,0.249667
0,23,2,0,23,0.248417
0,23,2,0,24,0.249750
0,23,2,0,25,0.249208
0,23,2,0,26,0.249583
0,23,2,0,27,0.251458
0,23,2,0,28,0.249625
0,23,2,0,29,0.249250
0,23,2,0,30,0.249417
0,23,2,0,31,0.249500
0,23,2,0,32,0.248875
0,23,2,0,33,0.250250
0,23,2,0,34,0.249083
0,23,2,0,35,0.247875
0,23,2,0,36,0.248292
0,23,2,0,37,0.248250
0,23,2,0,38,0.250375
0,23,2,0,39,0.249958
0,23,2,0,40,0.250625
0,23,2,0,41,0.249417
0,23,2,0,42,0.250250
0,23,3,2,0,0.249583
0,23,3,2,1,0.248625
0,23,3,2,2,0.249708
0,23,3,2,3,0.249583
0,23,3,2,4,0.250750
0,23,3,2,5,0.245292
0,23,3,2,6,0.249250
0,23,3,2,7,0.248958
0,23,3,2,8,0.249500
0,23,3,2,9,0.248250
0,23,3,2,10,0.249708
0,23,3,2,11,0.250458
0,23,3,2,12,0.249958
0,23,3,2,13,0.248125
0,23,3,2,14,0.247750
0,23,3,2,15,0.248875
0,23,3,2,16,0.249708
0,23,3,2,17,0.249000
0,23,3,2,18,0.249625
0,23,3,2,19,0.248333
0,23,3,2,20,0.248958
0,23,3,2,21,0.248875
0,23,3,2,22,0.249875
0,23,3,2,23,0.249000
0,23,3,2,24,0.248500
0,23,3,2,25,0.249375
0,23,3,2,26,0.249875
0,23,3,2,27,0.249500
0,23,3,2,28,0.249125
0,23,3,2,29,0.249250
0,23,3,2,30,0.249625
0,23,3,2,31,0.249250
0,23,3,2,32,0.250000
0,23,3,2,33,0.249250
0,23,3,2,34,0.248833
0,23,3,2,35,0.247625
0,23,3,2,36,0.249875
0,23,3,2,37,0.249375
0,23,3,2,38,0.249500
0,23,3,2,39,0.249792
0,23,3,2,40,0.249292
0,23,3,2,41,0.248625
0,23,3,2,42,0.249042
0,23,4,1,0,0.251458
0,23,4,1,1,0.252333
0,23,4,1,2,0.250000
0,23,4,1,3,0.255125
0,23,4,1,4,0.255000
0,23,4,1,5,0.254167
0,23,4,1,6,0.253208
0,23,4,1,7,0.254417
0,23,4,1,8,0.253000
0,23,4,1,9,0.253125
0,23,4,1,10,0.251875
0,23,4,1,11,0.253000
0,23,4,1,12,0.253583
0,23,4,1,13,0.252667
0,23,4,1,14,0.253625
0,23,4,1,15,0.254500
0,23,4,1,16,0.251875
0,23,4,1,17,0.253000
0,23,4,1,18,0.252125
0,23,4,1,19,0.250750
0,23,4,1,20,0.252417
0,23,4,1,21,0.250250
0,23,4,1,22,0.252750
0,23,4,1,23,0.250750
0,23,4,1,24,0.252875
0,23,4,1,25,0.251500
0,23,4,1,26,0.253375
0,23,4,1,27,0.250542
0,23,4,1,28,0.252750
0,23,4,1,29,0.252083
0,23,4,1,30,0.248167
0,23,4,1,31,0.253833
0,23,4,1,32,0.252042
0,23,4,1,33,0.252750
0,23,4,1,34,0.254667
0,23,4,1,35,0.252542
0,23,4,1,36,0.253917
0,23,4,1,37,0.251667
0,23,4,1,38,0.252250
0,23,4,1,39,0.251625
0,23,4,1,40,0.253250
0,23,4,1,41,0.252792
0,23,4,1,42,0.253750
0,24,0,128,0,0.814500
0,24,0,128,1,0.814500
0,24,0,128,2,0.815000
0,24,0,128,3,0.815167
0,24,0,128,4,0.814667
0,24,0,128,5,0.806792
0,24,0,128,6,0.815250
0,24,0,128,7,0.814958
0,24,0,128,8,0.815708
0,24,0,128,9,0.815500
0,24,0,128,10,0.814875
0,24,0,128,11,0.816125
0,24,0,128,12,0.815125
0,24,0,128,13,0.814875
0,24,0,128,14,0.815375
0,24,0,128,15,0.815750
0,24,0,128,16,0.814875
0,24,0,128,17,0.817458
0,24,0,128,18,0.775875
0,24,0,128,19,0.815250
0,24,0,128,20,0.814792
0,24,0,128,21,0.814625
0,24,0,128,22,0.815500
0,24,0,128,23,0.814625
0,24,0,128,24,0.814000
0,24,0,128,25,0.814000
0,24,0,128,26,0.814875
0,24,0,128,27,0.815583
0,24,0,128,28,0.816875
0,24,0,128,29,0.813750
0,24,0,128,30,0.816375
0,24,0,128,31,0.815000
0,24,0,128,32,0.815625
0,24,0,128,33,0.815000
0,24,0,128,34,0.815750
0,24,0,128,35,0.814875
0,24,0,128,36,0.814708
0,24,0,128,37,0.814542
0,24,0,128,38,0.815125
0,24,0,128,39,0.815083
0,24,0,128,40,0.817042
0,24,0,128,41,0.815875
0,24,0,128,42,0.813833
0,24,1,0,0,0.249042
0,24,1,0,1,0.248458
0,24,1,0,2,0.248333
0,24,1,0,3,0.249500
0,24,1,0,4,0.249542
0,24,1,0,5,0.245958
0,24,1,0,6,0.248875
0,24,1,0,7,0.249375
0,24,1,0,8,0.249292
0,24,1,0,9,0.248000
0,24,1,0,10,0.249583
0,24,1,0,11,0.250000
0,24,1,0,12,0.249542
0,24,1,0,13,0.250625
0,24,1,0,14,0.249000
0,24,1,0,15,0.249125
0,24,1,0,16,0.249125
0,24,1,0,17,0.249500
0,24,1,0,18,0.249750
0,24,1,0,19,0.249125
0,24,1,0,20,0.249292
0,24,1,0,21,0.252792
0,24,1,0,22,0.254500
0,24,1,0,23,0.252625
0,24,1,0,24,0.250250
0,24,1,0,25,0.248458
0,24,1,0,26,0.249500
0,24,1,0,27,0.249625
0,24,1,0,28,0.251292
0,24,1,0,29,0.250375
0,24,1,0,30,0.249000
0,24,1,0,31,0.249458
0,24,1,0,32,0.249167
0,24,1,0,33,0.249125
0,24,1,0,34,0.249958
0,24,1,0,35,0.248917
0,24,1,0,36,0.248833
0,24,1,0,37,0.249375
0,24,1,0,38,0.249500
0,24,1,0,39,0.249833
0,24,1,0,40,0.249708
0,24,1,0,41,0.249750
0,24,1,0,42,0.250708
0,24,2,2,0,0.250167
0,24,2,2,1,0.249292
0,24,2,2,2,0.250417
0,24,2,2,3,0.248375
0,24,2,2,4,0.249125
0,24,2,2,5,0.247750
0,24,2,2,6,0.248375
0,24,2,2,7,0.248042
0,24,2,2,8,0.248542
0,24,2,2,9,0.249875
0,24,2,2,10,0.248875
0,24,2,2,11,0.249750
0,24,2,2,12,0.249958
0,24,2,2,13,0.248042
0,24,2,2,14,0.248250
0,24,2,2,15,0.249458
0,24,2,2,16,0.248375
0,24,2,2,17,0.249000
0,24,2,2,18,0.249125
0,24,2,2,19,0.248750
0,24,2,2,20,0.249667
0,24,2,2,21,0.249125
0,24,2,2,22,0.248667
0,24,2,2,23,0.249250
0,24,2,2,24,0.249292
0,24,2,2,25,0.249292
0,24,2,2,26,0.248875
0,24,2,2,27,0.248625
0,24,2,2,28,0.249250
0,24,2,2,29,0.250667
0,24,2,2,30,0.248542
0,24,2,2,31,0.249000
0,24,2,2,32,0.248250
0,24,2,2,33,0.249875
0,24,2,2,34,0.249625
0,24,2,2,35,0.249167
0,24,2,2,36,0.249458
0,24,2,2,37,0.249792
0,24,2,2,38,0.250083
0,24,2,2,39,0.248625
0,24,2,2,40,0.250750
0,24,2,2,41,0.249250
0,24,2,2,42,0.250292
0,24,3,1,0,0.253875
0,24,3,1,1,0.252750
0,24,3,1,2,0.254500
0,24,3,1,3,0.253750
0,24,3,1,4,0.253375
0,24,3,1,5,0.246958
0,24,3,1,6,0.252375
0,24,3,1,7,0.254375
0,24,3,1,8,0.253250
0,24,3,1,9,0.253708
0,24,3,1,10,0.253250
0,24,3,1,11,0.253667
0,24,3,1,12,0.252500
0,24,3,1,13,0.252875
0,24,3,1,14,0.255583
0,24,3,1,15,0.255167
0,24,3,1,16,0.255542
0,24,3,1,17,0.255625
0,24,3,1,18,0.253583
0,24,3,1,19,0.251667
0,24,3,1,20,0.253250
0,24,3,1,21,0.252542
0,24,3,1,22,0.252625
0,24,3,1,23,0.252792
0,24,3,1,24,0.251375
0,24,3,1,25,0.252708
0,24,3,1,26,0.253375
0,24,3,1,27,0.253125
0,24,3,1,28,0.253375
0,24,3,1,29,0.252000
0,24,3,1,30,0.252750
0,24,3,1,31,0.254667
0,24,3,1,32,0.252500
0,24,3,1,33,0.253250
0,24,3,1,34,0.253542
0,24,3,1,35,0.253625
0,24,3,1,36,0.252500
0,24,3,1,37,0.252292
0,24,3,1,38,0.254250
0,24,3,1,39,0.252833
0,24,3,1,40,0.253958
0,24,3,1,41,0.251917
0,24,3,1,42,0.253458
0,24,4,32,0,0.369667
0,24,4,32,1,0.371625
0,24,4,32,2,0.368875
0,24,4,32,3,0.369250
0,24,4,32,4,0.372750
0,24,4,32,5,0.366250
0,24,4,32,6,0.363958
0,24,4,32,7,0.369667
0,24,4,32,8,0.367625
0,24,4,32,9,0.365417
0,24,4,32,10,0.368042
0,24,4,32,11,0.369500
0,24,4,32,12,0.369042
0,24,4,32,13,0.367250
0,24,4,32,14,0.363875
0,24,4,32,15,0.370875
0,24,4,32,16,0.369792
0,24,4,32,17,0.368333
0,24,4,32,18,0.367958
0,24,4,32,19,0.368667
0,24,4,32,20,0.367750
0,24,4,32,21,0.369750
0,24,4,32,22,0.370500
0,24,4,32,23,0.369625
0,24,4,32,24,0.367125
0,24,4,32,25,0.371125
0,24,4,32,26,0.369667
0,24,4,32,27,0.369000
0,24,4,32,28,0.370333
0,24,4,32,29,0.364000
0,24,4,32,30,0.370000
0,24,4,32,31,0.368833
0,24,4,32,32,0.370750
0,24,4,32,33,0.369167
0,24,4,32,34,0.370417
0,24,4,32,35,0.370542
0,24,4,32,36,0.369417
0,24,4,32,37,0.371542
0,24,4,32,38,0.369417
0,24,4,32,39,0.370875
0,24,4,32,40,0.370625
0,24,4,32,41,0.368125
0,24,4,32,42,0.368750
0,25,0,0,0,0.248917
0,25,0,0,1,0.250750
0,25,0,0,2,0.249625
0,25,0,0,3,0.250500
0,25,0,0,4,0.249875
0,25,0,0,5,0.249792
0,25,0,0,6,0.249833
0,25,0,0,7,0.248750
0,25,0,0,8,0.252458
0,25,0,0,9,0.249667
0,25,0,0,10,0.249458
0,25,0,0,11,0.250833
0,25,0,0,12,0.249958
0,25,0,0,13,0.248083
0,25,0,0,14,0.249750
0,25,0,0,15,0.249375
0,25,0,0,16,0.248750
0,25,0,0,17,0.249125
0,25,0,0,18,0.247042
0,25,0,0,19,0.250250
0,25,0,0,20,0.249292
0,25,0,0,21,0.249083
0,25,0,0,22,0.249375
0,25,0,0,23,0.248875
0,25,0,0,24,0.249542
0,25,0,0,25,0.248750
0,25,0,0,26,0.249250
0,25,0,0,27,0.249375
0,25,0,0,28,0.248625
0,25,0,0,29,0.249750
0,25,0,0,30,0.248208
0,25,0,0,31,0.248583
0,25,0,0,32,0.250625
0,25,0,0,33,0.249917
0,25,0,0,34,0.249000
0,25,0,0,35,0.250500
0,25,0,0,36,0.249292
0,25,0,0,37,0.248750
0,25,0,0,38,0.248500
0,25,0,0,39,0.248875
0,25,0,0,40,0.248917
0,25,0,0,41,0.250000
0,25,0,0,42,0.249417
0,25,1,128,0,0.815250
0,25,1,128,1,0.814875
0,25,1,128,2,0.814375
0,25,1,128,3,0.815250
0,25,1,128,4,0.815250
0,25,1,128,5,0.808083
0,25,1,128,6,0.814792
0,25,1,128,7,0.815125
0,25,1,128,8,0.814875
0,25,1,128,9,0.815125
0,25,1,128,10,0.814958
0,25,1,128,11,0.815708
0,25,1,128,12,0.815125
0,25,1,128,13,0.814708
0,25,1,128,14,0.819417
0,25,1,128,15,0.776625
0,25,1,128,16,0.815625
0,25,1,128,17,0.815625
0,25,1,128,18,0.815417
0,25,1,128,19,0.814458
0,25,1,128,20,0.815333
0,25,1,128,21,0.815625
0,25,1,128,22,0.814750
0,25,1,128,23,0.814750
0,25,1,128,24,0.816333
0,25,1,128,25,0.815250
0,25,1,128,26,0.814542
0,25,1,128,27,0.815458
0,25,1,128,28,0.816417
0,25,1,128,29,0.815625
0,25,1,128,30,0.814917
0,25,1,128,31,0.815708
0,25,1,128,32,0.814667
0,25,1,128,33,0.815042
0,25,1,128,34,0.815375
0,25,1,128,35,0.814458
0,25,1,128,36,0.814792
0,25,1,128,37,0.814875
0,25,1,128,38,0.814000
0,25,1,128,39,0.815042
0,25,1,128,40,0.815125
0,25,1,128,41,0.815292
0,25,1,128,42,0.814250
0,25,2,32,0,0.368542
0,25,2,32,1,0.368875
0,25,2,32,2,0.369750
0,25,2,32,3,0.367125
0,25,2,32,4,0.370000
0,25,2,32,5,0.365875
0,25,2,32,6,0.367917
0,25,2,32,7,0.369250
0,25,2,32,8,0.365750
0,25,2,32,9,0.370083
0,25,2,32,10,0.370375
0,25,2,32,11,0.369500
0,25,2,32,12,0.367375
0,25,2,32,13,0.370125
0,25,2,32,14,0.368250
0,25,2,32,15,0.370583
0,25,2,32,16,0.370750
0,25,2,32,17,0.367500
0,25,2,32,18,0.368125
0,25,2,32,19,0.369083
0,25,2,32,20,0.365500
0,25,2,32,21,0.367500
0,25,2,32,22,0.366750
0,25,2,32,23,0.369875
0,25,2,32,24,0.369875
0,25,2,32,25,0.370167
0,25,2,32,26,0.366667
0,25,2,32,27,0.371875
0,25,2,32,28,0.369792
0,25,2,32,29,0.370042
0,25,2,32,30,0.365250
0,25,2,32,31,0.370333
0,25,2,32,32,0.365667
0,25,2,32,33,0.368375
0,25,2,32,34,0.370042
0,25,2,32,35,0.369208
0,25,2,32,36,0.369542
0,25,2,32,37,0.371333
0,25,2,32,38,0.368042
0,25,2,32,39,0.365542
0,25,2,32,40,0.367875
0,25,2,32,41,0.364500
0,25,2,32,42,0.369292
0,25,3,1,0,0.252375
0,25,3,1,1,0.253125
0,25,3,1,2,0.253375
0,25,3,1,3,0.254333
0,25,3,1,4,0.251708
0,25,3,1,5,0.248917
0,25,3,1,6,0.250958
0,25,3,1,7,0.251792
0,25,3,1,8,0.253500
0,25,3,1,9,0.252750
0,25,3,1,10,0.250875
0,25,3,1,11,0.251625
0,25,3,1,12,0.252792
0,25,3,1,13,0.249125
0,25,3,1,14,0.251458
0,25,3,1,15,0.253000
0,25,3,1,16,0.252375
0,25,3,1,17,0.250000
0,25,3,1,18,0.252750
0,25,3,1,19,0.253292
0,25,3,1,20,0.251625
0,25,3,1,21,0.252500
0,25,3,1,22,0.252375
0,25,3,1,23,0.252875
0,25,3,1,24,0.252750
0,25,3,1,25,0.253000
0,25,3,1,26,0.253792
0,25,3,1,27,0.251875
0,25,3,1,28,0.250125
0,25,3,1,29,0.254083
0,25,3,1,30,0.250750
0,25,3,1,31,0.253000
0,25,3,1,32,0.250583
0,25,3,1,33,0.251875
0,25,3,1,34,0.250125
0,25,3,1,35,0.252375
0,25,3,1,36,0.251625
0,25,3,1,37,0.254875
0,25,3,1,38,0.258125
0,25,3,1,39,0.254875
0,25,3,1,40,0.252833
0,25,3,1,41,0.252375
0,25,3,1,42,0.251625
0,25,4,2,0,0.248625
0,25,4,2,1,0.250125
0,25,4,2,2,0.249375
0,25,4,2,3,0.248917
0,25,4,2,4,0.251000
0,25,4,2,5,0.248375
0,25,4,2,6,0.248875
0,25,4,2,7,0.249250
0,25,4,2,8,0.249625
0,25,4,2,9,0.248667
0,25,4,2,10,0.250625
0,25,4,2,11,0.250375
0,25,4,2,12,0.248625
0,25,4,2,13,0.248667
0,25,4,2,14,0.249417
0,25,4,2,15,0.250333
0,25,4,2,16,0.250333
0,25,4,2,17,0.250000
0,25,4,2,18,0.249875
0,25,4,2,19,0.249875
0,25,4,2,20,0.248750
0,25,4,2,21,0.250417
0,25,4,2,22,0.249500
0,25,4,2,23,0.249375
0,25,4,2,24,0.247833
0,25,4,2,25,0.248667
0,25,4,2,26,0.250083
0,25,4,2,27,0.250958
0,25,4,2,28,0.249875
0,25,4,2,29,0.249875
0,25,4,2,30,0.247750
0,25,4,2,31,0.248500
0,25,4,2,32,0.249250
0,25,4,2,33,0.249000
0,25,4,2,34,0.249792
0,25,4,2,35,0.250042
0,25,4,2,36,0.249417
0,25,4,2,37,0.247625
0,25,4,2,38,0.249292
0,25,4,2,39,0.248500
0,25,4,2,40,0.249625
0,25,4,2,41,0.249917
0,25,4,2,42,0.248500
0,26,0,2,0,0.250333
0,26,0,2,1,0.249208
0,26,0,2,2,0.249958
0,26,0,2,3,0.250000
0,26,0,2,4,0.249250
0,26,0,2,5,0.246417
0,26,0,2,6,0.246833
0,26,0,2,7,0.249083
0,26,0,2,8,0.250375
0,26,0,2,9,0.249500
0,26,0,2,10,0.243667
0,26,0,2,11,0.248958
0,26,0,2,12,0.249542
0,26,0,2,13,0.249708
0,26,0,2,14,0.250875
0,26,0,2,15,0.250875
0,26,0,2,16,0.249042
0,26,0,2,17,0.249042
0,26,0,2,18,0.248250
0,26,0,2,19,0.251000
0,26,0,2,20,0.249000
0,26,0,2,21,0.250875
0,26,0,2,22,0.249625
0,26,0,2,23,0.249375
0,26,0,2,24,0.250958
0,26,0,2,25,0.251833
0,26,0,2,26,0.250167
0,26,0,2,27,0.249292
0,26,0,2,28,0.249292
0,26,0,2,29,0.250375
0,26,0,2,30,0.249000
0,26,0,2,31,0.249125
0,26,0,2,32,0.251542
0,26,0,2,33,0.255833
0,26,0,2,34,0.252083
0,26,0,2,35,0.249792
0,26,0,2,36,0.250125
0,26,0,2,37,0.247875
0,26,0,2,38,0.249625
0,26,0,2,39,0.249500
0,26,0,2,40,0.250125
0,26,0,2,41,0.250750
0,26,0,2,42,0.249625
0,26,1,0,0,0.250208
0,26,1,0,1,0.250333
0,26,1,0,2,0.250500
0,26,1,0,3,0.250250
0,26,1,0,4,0.250250
0,26,1,0,5,0.245375
0,26,1,0,6,0.248708
0,26,1,0,7,0.248625
0,26,1,0,8,0.250125
0,26,1,0,9,0.249750
0,26,1,0,10,0.250875
0,26,1,0,11,0.249250
0,26,1,0,12,0.251042
0,26,1,0,13,0.249167
0,26,1,0,14,0.252542
0,26,1,0,15,0.245125
0,26,1,0,16,0.249875
0,26,1,0,17,0.249833
0,26,1,0,18,0.249167
0,26,1,0,19,0.248250
0,26,1,0,20,0.249583
0,26,1,0,21,0.250417
0,26,1,0,22,0.249875
0,26,1,0,23,0.250167
0,26,1,0,24,0.249500
0,26,1,0,25,0.248708
0,26,1,0,26,0.249250
0,26,1,0,27,0.250167
0,26,1,0,28,0.249250
0,26,1,0,29,0.292833
0,26,1,0,30,0.248875
0,26,1,0,31,0.488708
0,26,1,0,32,0.244042
0,26,1,0,33,0.248625
0,26,1,0,34,0.248917
0,26,1,0,35,0.250375
0,26,1,0,36,0.250250
0,26,1,0,37,0.251042
0,26,1,0,38,0.252250
0,26,1,0,39,0.291208
0,26,1,0,40,0.251125
0,26,1,0,41,0.250125
0,26,1,0,42,0.250833
0,26,2,128,0,0.815583
0,26,2,128,1,0.816917
0,26,2,128,2,0.816583
0,26,2,128,3,0.814625
0,26,2,128,4,0.815417
0,26,2,128,5,0.810083
0,26,2,128,6,0.814625
0,26,2,128,7,0.859625
0,26,2,128,8,0.814375
0,26,2,128,9,0.816458
0,26,2,128,10,0.818958
0,26,2,128,11,0.777417
0,26,2,128,12,0.814875
0,26,2,128,13,0.815667
0,26,2,128,14,0.814708
0,26,2,128,15,0.842583
0,26,2,128,16,0.806083
0,26,2,128,17,0.815542
0,26,2,128,18,0.815125
0,26,2,128,19,0.814458
0,26,2,128,20,0.816375
0,26,2,128,21,0.816125
0,26,2,128,22,0.815250
0,26,2,128,23,0.814917
0,26,2,128,24,0.815875
0,26,2,128,25,0.816500
0,26,2,128,26,0.815375
0,26,2,128,27,0.814958
0,26,2,128,28,0.815000
0,26,2,128,29,0.814375
0,26,2,128,30,0.816250
0,26,2,128,31,0.814625
0,26,2,128,32,0.815458
0,26,2,128,33,0.815125
0,26,2,128,34,0.817125
0,26,2,128,35,0.815375
0,26,2,128,36,0.814167
0,26,2,128,37,0.815542
0,26,2,128,38,0.810792
0,26,2,128,39,0.814792
0,26,2,128,40,0.814667
0,26,2,128,41,0.815375
0,26,2,128,42,0.814625
0,26,3,32,0,0.365667
0,26,3,32,1,0.369250
0,26,3,32,2,0.372125
0,26,3,32,3,0.357250
0,26,3,32,4,0.373750
0,26,3,32,5,0.365667
0,26,3,32,6,0.368000
0,26,3,32,7,0.371000
0,26,3,32,8,0.371750
0,26,3,32,9,0.370125
0,26,3,32,10,0.370542
0,26,3,32,11,0.369375
0,26,3,32,12,0.369958
0,26,3,32,13,0.369042
0,26,3,32,14,0.371125
0,26,3,32,15,0.369667
0,26,3,32,16,0.368625
0,26,3,32,17,0.371375
0,26,3,32,18,0.367333
0,26,3,32,19,0.369500
0,26,3,32,20,0.370625
0,26,3,32,21,0.369250
0,26,3,32,22,0.363000
0,26,3,32,23,0.370833
0,26,3,32,24,0.367625
0,26,3,32,25,0.370042
0,26,3,32,26,0.369125
0,26,3,32,27,0.370500
0,26,3,32,28,0.369250
0,26,3,32,29,0.370625
0,26,3,32,30,0.370625
0,26,3,32,31,0.367875
0,26,3,32,32,0.358875
0,26,3,32,33,0.370083
0,26,3,32,34,0.370375
0,26,3,32,35,0.367625
0,26,3,32,36,0.364375
0,26,3,32,37,0.370250
0,26,3,32,38,0.370292
0,26,3,32,39,0.368875
0,26,3,32,40,0.370000
0,26,3,32,41,0.369875
0,26,3,32,42,0.368250
0,26,4,1,0,0.252708
0,26,4,1,1,0.253833
0,26,4,1,2,0.251750
0,26,4,1,3,0.252500
0,26,4,1,4,0.253708
0,26,4,1,5,0.247250
0,26,4,1,6,0.252750
0,26,4,1,7,0.251458
0,26,4,1,8,0.253167
0,26,4,1,9,0.253125
0,26,4,1,10,0.251125
0,26,4,1,11,0.251000
0,26,4,1,12,0.252458
0,26,4,1,13,0.253000
0,26,4,1,14,0.252250
0,26,4,1,15,0.253708
0,26,4,1,16,0.251875
0,26,4,1,17,0.250542
0,26,4,1,18,0.252833
0,26,4,1,19,0.252708
0,26,4,1,20,0.252250
0,26,4,1,21,0.253000
0,26,4,1,22,0.254000
0,26,4,1,23,0.252667
0,26,4,1,24,0.252875
0,26,4,1,25,0.252750
0,26,4,1,26,0.253625
0,26,4,1,27,0.255250
0,26,4,1,28,0.257250
0,26,4,1,29,0.254292
0,26,4,1,30,0.251625
0,26,4,1,31,0.253750
0,26,4,1,32,0.250792
0,26,4,1,33,0.252500
0,26,4,1,34,0.253750
0,26,4,1,35,0.252167
0,26,4,1,36,0.251000
0,26,4,1,37,0.252750
0,26,4,1,38,0.252833
0,26,4,1,39,0.251708
0,26,4,1,40,0.253542
0,26,4,1,41,0.253250
0,26,4,1,42,0.251750
0,27,0,1,0,0.252708
0,27,0,1,1,0.253625
0,27,0,1,2,0.252750
0,27,0,1,3,0.253000
0,27,0,1,4,0.254208
0,27,0,1,5,0.247833
0,27,0,1,6,0.252458
0,27,0,1,7,0.251833
0,27,0,1,8,0.253625
0,27,0,1,9,0.253792
0,27,0,1,10,0.253375
0,27,0,1,11,0.253458
0,27,0,1,12,0.253458
0,27,0,1,13,0.249667
0,27,0,1,14,0.252333
0,27,0,1,15,0.252625
0,27,0,1,16,0.253208
0,27,0,1,17,0.252500
0,27,0,1,18,0.253000
0,27,0,1,19,0.252250
0,27,0,1,20,0.251125
0,27,0,1,21,0.252917
0,27,0,1,22,0.252583
0,27,0,1,23,0.253583
0,27,0,1,24,0.251417
0,27,0,1,25,0.253625
0,27,0,1,26,0.253542
0,27,0,1,27,0.254125
0,27,0,1,28,0.252958
0,27,0,1,29,0.253500
0,27,0,1,30,0.250917
0,27,0,1,31,0.253458
0,27,0,1,32,0.251375
0,27,0,1,33,0.251958
0,27,0,1,34,0.252500
0,27,0,1,35,0.252667
0,27,0,1,36,0.253375
0,27,0,1,37,0.253250
0,27,0,1,38,0.253125
0,27,0,1,39,0.251792
0,27,0,1,40,0.253667
0,27,0,1,41,0.253833
0,27,0,1,42,0.252792
0,27,1,2,0,0.248917
0,27,1,2,1,0.249375
0,27,1,2,2,0.249792
0,27,1,2,3,0.252000
0,27,1,2,4,0.249750
0,27,1,2,5,0.247042
0,27,1,2,6,0.248333
0,27,1,2,7,0.250000
0,27,1,2,8,0.250000
0,27,1,2,9,0.249750
0,27,1,2,10,0.250625
0,27,1,2,11,0.250500
0,27,1,2,12,0.250083
0,27,1,2,13,0.250042
0,27,1,2,14,0.250000
0,27,1,2,15,0.249167
0,27,1,2,16,0.248958
0,27,1,2,17,0.249125
0,27,1,2,18,0.250000
0,27,1,2,19,0.249125
0,27,1,2,20,0.248750
0,27,1,2,21,0.251875
0,27,1,2,22,0.255125
0,27,1,2,23,0.252792
0,27,1,2,24,0.251042
0,27,1,2,25,0.249542
0,27,1,2,26,0.249500
0,27,1,2,27,0.250250
0,27,1,2,28,0.248917
0,27,1,2,29,0.250125
0,27,1,2,30,0.249042
0,27,1,2,31,0.249792
0,27,1,2,32,0.249458
0,27,1,2,33,0.249167
0,27,1,2,34,0.249125
0,27,1,2,35,0.248875
0,27,1,2,36,0.248417
0,27,1,2,37,0.249125
0,27,1,2,38,0.251333
0,27,1,2,39,0.249375
0,27,1,2,40,0.249125
0,27,1,2,41,0.248333
0,27,1,2,42,0.248750
0,27,2,0,0,0.249125
0,27,2,0,1,0.249167
0,27,2,0,2,0.249125
0,27,2,0,3,0.249500
0,27,2,0,4,0.250083
0,27,2,0,5,0.245625
0,27,2,0,6,0.249750
0,27,2,0,7,0.249375
0,27,2,0,8,0.249125
0,27,2,0,9,0.249750
0,27,2,0,10,0.248333
0,27,2,0,11,0.249667
0,27,2,0,12,0.249125
0,27,2,0,13,0.249875
0,27,2,0,14,0.249792
0,27,2,0,15,0.248375
0,27,2,0,16,0.249750
0,27,2,0,17,0.249542
0,27,2,0,18,0.248750
0,27,2,0,19,0.249625
0,27,2,0,20,0.248167
0,27,2,0,21,0.250125
0,27,2,0,22,0.249500
0,27,2,0,23,0.250750
0,27,2,0,24,0.250250
0,27,2,0,25,0.248458
0,27,2,0,26,0.249292
0,27,2,0,27,0.249875
0,27,2,0,28,0.249250
0,27,2,0,29,0.248583
0,27,2,0,30,0.247875
0,27,2,0,31,0.249500
0,27,2,0,32,0.249917
0,27,2,0,33,0.249125
0,27,2,0,34,0.247958
0,27,2,0,35,0.249375
0,27,2,0,36,0.250000
0,27,2,0,37,0.249208
0,27,2,0,38,0.251208
0,27,2,0,39,0.249375
0,27,2,0,40,0.250000
0,27,2,0,41,0.249375
0,27,2,0,42,0.251000
0,27,3,128,0,0.814292
0,27,3,128,1,0.815375
0,27,3,128,2,0.813875
0,27,3,128,3,0.815250
0,27,3,128,4,0.814083
0,27,3,128,5,0.814875
0,27,3,128,6,0.815542
0,27,3,128,7,0.779167
0,27,3,128,8,0.813500
0,27,3,128,9,0.814250
0,27,3,128,10,0.814667
0,27,3,128,11,0.815500
0,27,3,128,12,0.814458
0,27,3,128,13,0.816083
0,27,3,128,14,0.810750
0,27,3,128,15,0.815750
0,27,3,128,16,0.816000
0,27,3,128,17,0.814958
0,27,3,128,18,0.815292
0,27,3,128,19,0.814500
0,27,3,128,20,0.815458
0,27,3,128,21,0.815167
0,27,3,128,22,0.814125
0,27,3,128,23,0.814625
0,27,3,128,24,0.814875
0,27,3,128,25,0.814208
0,27,3,128,26,0.814417
0,27,3,128,27,0.814833
0,27,3,128,28,0.814875
0,27,3,128,29,0.815500
0,27,3,128,30,0.815125
0,27,3,128,31,0.814542
0,27,3,128,32,0.814333
0,27,3,128,33,0.810167
0,27,3,128,34,0.815125
0,27,3,128,35,0.815667
0,27,3,128,36,0.814875
0,27,3,128,37,0.814250
0,27,3,128,38,0.815125
0,27,3,128,39,0.814750
0,27,3,128,40,0.815458
0,27,3,128,41,0.814375
0,27,3,128,42,0.817000
0,27,4,32,0,0.367583
0,27,4,32,1,0.370042
0,27,4,32,2,0.370417
0,27,4,32,3,0.371000
0,27,4,32,4,0.370542
0,27,4,32,5,0.350542
0,27,4,32,6,0.367125
0,27,4,32,7,0.371125
0,27,4,32,8,0.369458
0,27,4,32,9,0.368000
0,27,4,32,10,0.366250
0,27,4,32,11,0.370792
0,27,4,32,12,0.370500
0,27,4,32,13,0.370375
0,27,4,32,14,0.366250
0,27,4,32,15,0.370750
0,27,4,32,16,0.370625
0,27,4,32,17,0.370625
0,27,4,32,18,0.369417
0,27,4,32,19,0.368250
0,27,4,32,20,0.359458
0,27,4,32,21,0.370875
0,27,4,32,22,0.371625
0,27,4,32,23,0.370458
0,27,4,32,24,0.368292
0,27,4,32,25,0.366750
0,27,4,32,26,0.364500
0,27,4,32,27,0.369250
0,27,4,32,28,0.370667
0,27,4,32,29,0.370292
0,27,4,32,30,0.369833
0,27,4,32,31,0.369917
0,27,4,32,32,0.370208
0,27,4,32,33,0.363667
0,27,4,32,34,0.369000
0,27,4,32,35,0.368000
0,27,4,32,36,0.365917
0,27,4,32,37,0.370333
0,27,4,32,38,0.362250
0,27,4,32,39,0.360000
0,27,4,32,40,0.368875
0,27,4,32,41,0.368042
0,27,4,32,42,0.368000
0,28,0,32,0,0.371917
0,28,0,32,1,0.368875
0,28,0,32,2,0.369458
0,28,0,32,3,0.364000
0,28,0,32,4,0.367625
0,28,0,32,5,0.355375
0,28,0,32,6,0.362500
0,28,0,32,7,0.369208
0,28,0,32,8,0.368750
0,28,0,32,9,0.371125
0,28,0,32,10,0.369750
0,28,0,32,11,0.370500
0,28,0,32,12,0.370625
0,28,0,32,13,0.368667
0,28,0,32,14,0.369125
0,28,0,32,15,0.368333
0,28,0,32,16,0.373000
0,28,0,32,17,0.372125
0,28,0,32,18,0.367417
0,28,0,32,19,0.368625
0,28,0,32,20,0.368417
0,28,0,32,21,0.370375
0,28,0,32,22,0.369750
0,28,0,32,23,0.370125
0,28,0,32,24,0.365958
0,28,0,32,25,0.370208
0,28,0,32,26,0.369375
0,28,0,32,27,0.370417
0,28,0,32,28,0.371000
0,28,0,32,29,0.370750
0,28,0,32,30,0.369083
0,28,0,32,31,0.369292
0,28,0,32,32,0.369000
0,28,0,32,33,0.368708
0,28,0,32,34,0.368375
0,28,0,32,35,0.367167
0,28,0,32,36,0.367250
0,28,0,32,37,0.369875
0,28,0,32,38,0.368792
0,28,0,32,39,0.356625
0,28,0,32,40,0.366792
0,28,0,32,41,0.369292
0,28,0,32,42,0.371125
0,28,1,1,0,0.253000
0,28,1,1,1,0.252583
0,28,1,1,2,0.250958
0,28,1,1,3,0.253125
0,28,1,1,4,0.254000
0,28,1,1,5,0.248250
0,28,1,1,6,0.251750
0,28,1,1,7,0.253250
0,28,1,1,8,0.253500
0,28,1,1,9,0.254000
0,28,1,1,10,0.250875
0,28,1,1,11,0.251375
0,28,1,1,12,0.252500
0,28,1,1,13,0.253125
0,28,1,1,14,0.250750
0,28,1,1,15,0.253042
0,28,1,1,16,0.251542
0,28,1,1,17,0.251958
0,28,1,1,18,0.249667
0,28,1,1,19,0.253417
0,28,1,1,20,0.251042
0,28,1,1,21,0.253250
0,28,1,1,22,0.253042
0,28,1,1,23,0.254000
0,28,1,1,24,0.253042
0,28,1,1,25,0.252917
0,28,1,1,26,0.253500
0,28,1,1,27,0.253250
0,28,1,1,28,0.253583
0,28,1,1,29,0.252625
0,28,1,1,30,0.254458
0,28,1,1,31,0.252583
0,28,1,1,32,0.251708
0,28,1,1,33,0.253000
0,28,1,1,34,0.254000
0,28,1,1,35,0.252375
0,28,1,1,36,0.250792
0,28,1,1,37,0.253458
0,28,1,1,38,0.261167
0,28,1,1,39,0.252875
0,28,1,1,40,0.270917
0,28,1,1,41,0.252125
0,28,1,1,42,0.251875
0,28,2,2,0,0.249875
0,28,2,2,1,0.249750
0,28,2,2,2,0.251500
0,28,2,2,3,0.257458
0,28,2,2,4,0.252167
0,28,2,2,5,0.249000
0,28,2,2,6,0.248250
0,28,2,2,7,0.249167
0,28,2,2,8,0.249125
0,28,2,2,9,0.250125
0,28,2,2,10,0.249500
0,28,2,2,11,0.250333
0,28,2,2,12,0.248375
0,28,2,2,13,0.249500
0,28,2,2,14,0.249250
0,28,2,2,15,0.249500
0,28,2,2,16,0.248375
0,28,2,2,17,0.248792
0,28,2,2,18,0.249583
0,28,2,2,19,0.247792
0,28,2,2,20,0.248625
0,28,2,2,21,0.249250
0,28,2,2,22,0.250625
0,28,2,2,23,0.249125
0,28,2,2,24,0.249750
0,28,2,2,25,0.249000
0,28,2,2,26,0.249250
0,28,2,2,27,0.250417
0,28,2,2,28,0.250083
0,28,2,2,29,0.249708
0,28,2,2,30,0.250042
0,28,2,2,31,0.249625
0,28,2,2,32,0.249250
0,28,2,2,33,0.249167
0,28,2,2,34,0.249208
0,28,2,2,35,0.250625
0,28,2,2,36,0.249083
0,28,2,2,37,0.249042
0,28,2,2,38,0.250750
0,28,2,2,39,0.250333
0,28,2,2,40,0.249000
0,28,2,2,41,0.248500
0,28,2,2,42,0.250292
0,28,3,0,0,0.248917
0,28,3,0,1,0.249542
0,28,3,0,2,0.250083
0,28,3,0,3,0.249000
0,28,3,0,4,0.249792
0,28,3,0,5,0.247000
0,28,3,0,6,0.249292
0,28,3,0,7,0.250042
0,28,3,0,8,0.250333
0,28,3,0,9,0.249250
0,28,3,0,10,0.249750
0,28,3,0,11,0.250625
0,28,3,0,12,0.250500
0,28,3,0,13,0.250458
0,28,3,0,14,0.249708
0,28,3,0,15,0.248875
0,28,3,0,16,0.248458
0,28,3,0,17,0.249250
0,28,3,0,18,0.249750
0,28,3,0,19,0.248500
0,28,3,0,20,0.250542
0,28,3,0,21,0.250458
0,28,3,0,22,0.250958
0,28,3,0,23,0.248667
0,28,3,0,24,0.249500
0,28,3,0,25,0.250542
0,28,3,0,26,0.250375
0,28,3,0,27,0.249375
0,28,3,0,28,0.249625
0,28,3,0,29,0.249333
0,28,3,0,30,0.249250
0,28,3,0,31,0.249583
0,28,3,0,32,0.249458
0,28,3,0,33,0.248292
0,28,3,0,34,0.249000
0,28,3,0,35,0.249833
0,28,3,0,36,0.249625
0,28,3,0,37,0.249125
0,28,3,0,38,0.250167
0,28,3,0,39,0.251625
0,28,3,0,40,0.252667
0,28,3,0,41,0.246542
0,28,3,0,42,0.250375
0,28,4,128,0,0.815417
0,28,4,128,1,0.815750
0,28,4,128,2,0.816250
0,28,4,128,3,0.814375
0,28,4,128,4,0.815875
0,28,4,128,5,0.808292
0,28,4,128,6,0.813708
0,28,4,128,7,0.815292
0,28,4,128,8,0.815292
0,28,4,128,9,0.815583
0,28,4,128,10,0.813042
0,28,4,128,11,0.814042
0,28,4,128,12,0.815833
0,28,4,128,13,0.815708
0,28,4,128,14,0.815625
0,28,4,128,15,0.815125
0,28,4,128,16,0.815167
0,28,4,128,17,0.814375
0,28,4,128,18,0.815875
0,28,4,128,19,0.815875
0,28,4,128,20,0.816000
0,28,4,128,21,0.816417
0,28,4,128,22,0.817292
0,28,4,128,23,0.814292
0,28,4,128,24,0.815750
0,28,4,128,25,0.814750
0,28,4,128,26,0.815292
0,28,4,128,27,0.814958
0,28,4,128,28,0.815625
0,28,4,128,29,0.816000
0,28,4,128,30,0.814083
0,28,4,128,31,0.815250
0,28,4,128,32,0.815208
0,28,4,128,33,0.821042
0,28,4,128,34,0.776750
0,28,4,128,35,0.814750
0,28,4,128,36,0.815333
0,28,4,128,37,0.815792
0,28,4,128,38,0.815208
0,28,4,128,39,0.816625
0,28,4,128,40,0.815375
0,28,4,128,41,0.816750
0,28,4,128,42,0.814917
0,29,0,128,0,0.814375
0,29,0,128,1,0.810875
0,29,0,128,2,0.813625
0,29,0,128,3,0.815750
0,29,0,128,4,0.814500
0,29,0,128,5,0.805625
0,29,0,128,6,0.815125
0,29,0,128,7,0.815375
0,29,0,128,8,0.814375
0,29,0,128,9,0.815875
0,29,0,128,10,0.814375
0,29,0,128,11,0.815750
0,29,0,128,12,0.815208
0,29,0,128,13,0.814833
0,29,0,128,14,0.815208
0,29,0,128,15,0.815125
0,29,0,128,16,0.815500
0,29,0,128,17,0.814500
0,29,0,128,18,0.814125
0,29,0,128,19,0.815000
0,29,0,128,20,0.815625
0,29,0,128,21,0.815000
0,29,0,128,22,0.815042
0,29,0,128,23,0.814750
0,29,0,128,24,0.816792
0,29,0,128,25,0.818958
0,29,0,128,26,0.814292
0,29,0,128,27,0.815625
0,29,0,128,28,0.815833
0,29,0,128,29,0.815375
0,29,0,128,30,0.814958
0,29,0,128,31,0.814750
0,29,0,128,32,0.814042
0,29,0,128,33,0.815250
0,29,0,128,34,0.815833
0,29,0,128,35,0.816292
0,29,0,128,36,0.815750
0,29,0,128,37,0.814750
0,29,0,128,38,0.815583
0,29,0,128,39,0.816125
0,29,0,128,40,0.814375
0,29,0,128,41,0.814750
0,29,0,128,42,0.815333
0,29,1,32,0,0.370625
0,29,1,32,1,0.368417
0,29,1,32,2,0.370667
0,29,1,32,3,0.368625
0,29,1,32,4,0.365125
0,29,1,32,5,0.350792
0,29,1,32,6,0.370750
0,29,1,32,7,0.370292
0,29,1,32,8,0.366250
0,29,1,32,9,0.370958
0,29,1,32,10,0.370542
0,29,1,32,11,0.368208
0,29,1,32,12,0.370000
0,29,1,32,13,0.365417
0,29,1,32,14,0.369417
0,29,1,32,15,0.369458
0,29,1,32,16,0.369500
0,29,1,32,17,0.368833
0,29,1,32,18,0.370042
0,29,1,32,19,0.369125
0,29,1,32,20,0.368583
0,29,1,32,21,0.369292
0,29,1,32,22,0.367792
0,29,1,32,23,0.370500
0,29,1,32,24,0.370042
0,29,1,32,25,0.368875
0,29,1,32,26,0.368167
0,29,1,32,27,0.366625
0,29,1,32,28,0.369625
0,29,1,32,29,0.373708
0,29,1,32,30,0.354167
0,29,1,32,31,0.369792
0,29,1,32,32,0.369917
0,29,1,32,33,0.369458
0,29,1,32,34,0.364625
0,29,1,32,35,0.367750
0,29,1,32,36,0.371000
0,29,1,32,37,0.370125
0,29,1,32,38,0.369250
0,29,1,32,39,0.370875
0,29,1,32,40,0.370542
0,29,1,32,41,0.371625
0,29,1,32,42,0.369792
0,29,2,1,0,0.253792
0,29,2,1,1,0.252750
0,29,2,1,2,0.252125
0,29,2,1,3,0.253458
0,29,2,1,4,0.252750
0,29,2,1,5,0.247833
0,29,2,1,6,0.252250
0,29,2,1,7,0.253000
0,29,2,1,8,0.253250
0,29,2,1,9,0.253375
0,29,2,1,10,0.251708
0,29,2,1,11,0.253208
0,29,2,1,12,0.253333
0,29,2,1,13,0.253000
0,29,2,1,14,0.253750
0,29,2,1,15,0.255583
0,29,2,1,16,0.251625
0,29,2,1,17,0.254167
0,29,2,1,18,0.253750
0,29,2,1,19,0.252375
0,29,2,1,20,0.253583
0,29,2,1,21,0.253208
0,29,2,1,22,0.254042
0,29,2,1,23,0.252917
0,29,2,1,24,0.253125
0,29,2,1,25,0.253125
0,29,2,1,26,0.253292
0,29,2,1,27,0.252958
0,29,2,1,28,0.253000
0,29,2,1,29,0.250500
0,29,2,1,30,0.253250
0,29,2,1,31,0.253875
0,29,2,1,32,0.251000
0,29,2,1,33,0.249583
0,29,2,1,34,0.253042
0,29,2,1,35,0.252625
0,29,2,1,36,0.253083
0,29,2,1,37,0.254208
0,29,2,1,38,0.249375
0,29,2,1,39,0.252625
0,29,2,1,40,0.249792
0,29,2,1,41,0.252667
0,29,2,1,42,0.253125
0,29,3,2,0,0.249875
0,29,3,2,1,0.249417
0,29,3,2,2,0.249875
0,29,3,2,3,0.250125
0,29,3,2,4,0.249500
0,29,3,2,5,0.247625
0,29,3,2,6,0.249500
0,29,3,2,7,0.248958
0,29,3,2,8,0.249667
0,29,3,2,9,0.249708
0,29,3,2,10,0.249500
0,29,3,2,11,0.250750
0,29,3,2,12,0.249333
0,29,3,2,13,0.248750
0,29,3,2,14,0.248125
0,29,3,2,15,0.249417
0,29,3,2,16,0.249333
0,29,3,2,17,0.249000
0,29,3,2,18,0.250250
0,29,3,2,19,0.252250
0,29,3,2,20,0.254708
0,29,3,2,21,0.252625
0,29,3,2,22,0.248917
0,29,3,2,23,0.247917
0,29,3,2,24,0.249208
0,29,3,2,25,0.248625
0,29,3,2,26,0.249750
0,29,3,2,27,0.250375
0,29,3,2,28,0.248958
0,29,3,2,29,0.249750
0,29,3,2,30,0.248625
0,29,3,2,31,0.249792
0,29,3,2,32,0.249292
0,29,3,2,33,0.248708
0,29,3,2,34,0.250375
0,29,3,2,35,0.249250
0,29,3,2,36,0.249375
0,29,3,2,37,0.248583
0,29,3,2,38,0.249125
0,29,3,2,39,0.249708
0,29,3,2,40,0.249500
0,29,3,2,41,0.248917
0,29,3,2,42,0.249083
0,29,4,0,0,0.247750
0,29,4,0,1,0.249167
0,29,4,0,2,0.249875
0,29,4,0,3,0.249125
0,29,4,0,4,0.250208
0,29,4,0,5,0.246542
0,29,4,0,6,0.249500
0,29,4,0,7,0.249500
0,29,4,0,8,0.251167
0,29,4,0,9,0.249333
0,29,4,0,10,0.248125
0,29,4,0,11,0.248917
0,29,4,0,12,0.248833
0,29,4,0,13,0.249875
0,29,4,0,14,0.249875
0,29,4,0,15,0.249417
0,29,4,0,16,0.249625
0,29,4,0,17,0.249625
0,29,4,0,18,0.249375
0,29,4,0,19,0.250375
0,29,4,0,20,0.248625
0,29,4,0,21,0.250208
0,29,4,0,22,0.250375
0,29,4,0,23,0.248792
0,29,4,0,24,0.248083
0,29,4,0,25,0.249458
0,29,4,0,26,0.249375
0,29,4,0,27,0.249167
0,29,4,0,28,0.249000
0,29,4,0,29,0.249833
0,29,4,0,30,0.249042
0,29,4,0,31,0.248958
0,29,4,0,32,0.249458
0,29,4,0,33,0.248625
0,29,4,0,34,0.248000
0,29,4,0,35,0.252042
0,29,4,0,36,0.249458
0,29,4,0,37,0.258875
0,29,4,0,38,0.247750
0,29,4,0,39,0.250125
0,29,4,0,40,0.255000
0,29,4,0,41,0.249875
0,29,4,0,42,0.250250
1,0,0,0,0,0.250417
1,0,0,0,1,0.249750
1,0,0,0,2,0.250792
1,0,0,0,3,0.249500
1,0,0,0,4,0.250542
1,0,0,0,5,0.251667
1,0,0,0,6,0.253750
1,0,0,0,7,0.252375
1,0,0,0,8,0.249500
1,0,0,0,9,0.250750
1,0,0,0,10,0.250125
1,0,0,0,11,0.250792
1,0,0,0,12,0.248875
1,0,0,0,13,0.248625
1,0,0,0,14,0.249250
1,0,0,0,15,0.250625
1,0,0,0,16,0.250750
1,0,0,0,17,0.249375
1,0,0,0,18,0.249750
1,0,0,0,19,0.248375
1,0,0,0,20,0.250750
1,0,0,0,21,0.249625
1,0,0,0,22,0.250417
1,0,0,0,23,0.249917
1,0,0,0,24,0.249125
1,0,0,0,25,0.249375
1,0,0,0,26,0.249042
1,0,0,0,27,0.248750
1,0,0,0,28,0.249292
1,0,0,0,29,0.250458
1,0,0,0,30,0.248292
1,0,0,0,31,0.247500
1,0,0,0,32,0.250500
1,0,0,0,33,0.249875
1,0,0,0,34,0.248875
1,0,0,0,35,0.249667
1,0,0,0,36,0.249708
1,0,0,0,37,0.250375
1,0,0,0,38,0.250917
1,0,0,0,39,0.249875
1,0,0,0,40,0.249917
1,0,0,0,41,0.250000
1,0,0,0,42,0.249500
1,0,1,2,0,0.249542
1,0,1,2,1,0.250125
1,0,1,2,2,0.248167
1,0,1,2,3,0.249125
1,0,1,2,4,0.249958
1,0,1,2,5,0.249458
1,0,1,2,6,0.250792
1,0,1,2,7,0.249000
1,0,1,2,8,0.241875
1,0,1,2,9,0.248875
1,0,1,2,10,0.250500
1,0,1,2,11,0.250708
1,0,1,2,12,0.249500
1,0,1,2,13,0.247042
1,0,1,2,14,0.249708
1,0,1,2,15,0.251083
1,0,1,2,16,0.250667
1,0,1,2,17,0.250125
1,0,1,2,18,0.249083
1,0,1,2,19,0.249375
1,0,1,2,20,0.249500
1,0,1,2,21,0.250750
1,0,1,2,22,0.249375
1,0,1,2,23,0.250375
1,0,1,2,24,0.248625
1,0,1,2,25,0.251000
1,0,1,2,26,0.250375
1,0,1,2,27,0.250083
1,0,1,2,28,0.250125
1,0,1,2,29,0.249792
1,0,1,2,30,0.248500
1,0,1,2,31,0.250250
1,0,1,2,32,0.251167
1,0,1,2,33,0.250125
1,0,1,2,34,0.250667
1,0,1,2,35,0.249750
1,0,1,2,36,0.249167
1,0,1,2,37,0.251500
1,0,1,2,38,0.249875
1,0,1,2,39,0.250833
1,0,1,2,40,0.255583
1,0,1,2,41,0.251083
1,0,1,2,42,0.250667
1,0,2,1,0,0.253958
1,0,2,1,1,0.253542
1,0,2,1,2,0.254333
1,0,2,1,3,0.252750
1,0,2,1,4,0.255500
1,0,2,1,5,0.253250
1,0,2,1,6,0.253542
1,0,2,1,7,0.252333
1,0,2,1,8,0.254167
1,0,2,1,9,0.252750
1,0,2,1,10,0.252125
1,0,2,1,11,0.252042
1,0,2,1,12,0.252375
1,0,2,1,13,0.250667
1,0,2,1,14,0.253375
1,0,2,1,15,0.253250
1,0,2,1,16,0.253875
1,0,2,1,17,0.253125
1,0,2,1,18,0.253125
1,0,2,1,19,0.250167
1,0,2,1,20,0.250875
1,0,2,1,21,0.252625
1,0,2,1,22,0.252208
1,0,2,1,23,0.253625
1,0,2,1,24,0.253875
1,0,2,1,25,0.251958
1,0,2,1,26,0.250333
1,0,2,1,27,0.254500
1,0,2,1,28,0.252875
1,0,2,1,29,0.253458
1,0,2,1,30,0.253417
1,0,2,1,31,0.252375
1,0,2,1,32,0.252542
1,0,2,1,33,0.253625
1,0,2,1,34,0.254042
1,0,2,1,35,0.253500
1,0,2,1,36,0.254125
1,0,2,1,37,0.251500
1,0,2,1,38,0.253125
1,0,2,1,39,0.253625
1,0,2,1,40,0.250875
1,0,2,1,41,0.254125
1,0,2,1,42,0.251500
1,0,3,32,0,0.368333
1,0,3,32,1,0.366500
1,0,3,32,2,0.372500
1,0,3,32,3,0.371375
1,0,3,32,4,0.368625
1,0,3,32,5,0.370292
1,0,3,32,6,0.370792
1,0,3,32,7,0.366875
1,0,3,32,8,0.367333
1,0,3,32,9,0.372000
1,0,3,32,10,0.369917
1,0,3,32,11,0.368125
1,0,3,32,12,0.369500
1,0,3,32,13,0.355000
1,0,3,32,14,0.363625
1,0,3,32,15,0.362875
1,0,3,32,16,0.370250
1,0,3,32,17,0.368458
1,0,3,32,18,0.371000
1,0,3,32,19,0.368375
1,0,3,32,20,0.370583
1,0,3,32,21,0.370375
1,0,3,32,22,0.369750
1,0,3,32,23,0.364250
1,0,3,32,24,0.370375
1,0,3,32,25,0.365792
1,0,3,32,26,0.369000
1,0,3,32,27,0.366750
1,0,3,32,28,0.353375
1,0,3,32,29,0.370333
1,0,3,32,30,0.371208
1,0,3,32,31,0.367042
1,0,3,32,32,0.370167
1,0,3,32,33,0.369542
1,0,3,32,34,0.367833
1,0,3,32,35,0.372000
1,0,3,32,36,0.369000
1,0,3,32,37,0.369042
1,0,3,32,38,0.372167
1,0,3,32,39,0.370917
1,0,3,32,40,0.367833
1,0,3,32,41,0.369000
1,0,3,32,42,0.371750
1,0,4,128,0,0.815167
1,0,4,128,1,0.814750
1,0,4,128,2,0.815792
1,0,4,128,3,0.815583
1,0,4,128,4,0.815500
1,0,4,128,5,0.815042
1,0,4,128,6,0.815500
1,0,4,128,7,0.814542
1,0,4,128,8,0.814167
1,0,4,128,9,0.815292
1,0,4,128,10,0.814750
1,0,4,128,11,0.814875
1,0,4,128,12,0.815125
1,0,4,128,13,0.806250
1,0,4,128,14,0.815667
1,0,4,128,15,0.813958
1,0,4,128,16,0.816625
1,0,4,128,17,0.814875
1,0,4,128,18,0.814042
1,0,4,128,19,0.814625
1,0,4,128,20,0.815500
1,0,4,128,21,0.814875
1,0,4,128,22,0.815500
1,0,4,128,23,0.814375
1,0,4,128,24,0.814750
1,0,4,128,25,0.816042
1,0,4,128,26,0.814083
1,0,4,128,27,0.776792
1,0,4,128,28,0.803292
1,0,4,128,29,0.815458
1,0,4,128,30,0.815833
1,0,4,128,31,0.814167
1,0,4,128,32,0.815250
1,0,4,128,33,0.816625
1,0,4,128,34,0.816083
1,0,4,128,35,0.815042
1,0,4,128,36,0.816500
1,0,4,128,37,0.814750
1,0,4,128,38,0.817125
1,0,4,128,39,0.815583
1,0,4,128,40,0.815500
1,0,4,128,41,0.816125
1,0,4,128,42,0.815333
1,1,0,2,0,0.250250
1,1,0,2,1,0.249125
1,1,0,2,2,0.250458
1,1,0,2,3,0.249250
1,1,0,2,4,0.251375
1,1,0,2,5,0.250125
1,1,0,2,6,0.249500
1,1,0,2,7,0.250250
1,1,0,2,8,0.250292
1,1,0,2,9,0.249625
1,1,0,2,10,0.250708
1,1,0,2,11,0.248792
1,1,0,2,12,0.248917
1,1,0,2,13,0.246750
1,1,0,2,14,0.248667
1,1,0,2,15,0.250667
1,1,0,2,16,0.249958
1,1,0,2,17,0.250083
1,1,0,2,18,0.250375
1,1,0,2,19,0.248875
1,1,0,2,20,0.249000
1,1,0,2,21,0.251125
1,1,0,2,22,0.249583
1,1,0,2,23,0.249000
1,1,0,2,24,0.248708
1,1,0,2,25,0.249375
1,1,0,2,26,0.249417
1,1,0,2,27,0.249083
1,1,0,2,28,0.249083
1,1,0,2,29,0.249500
1,1,0,2,30,0.248542
1,1,0,2,31,0.250500
1,1,0,2,32,0.249708
1,1,0,2,33,0.249708
1,1,0,2,34,0.250708
1,1,0,2,35,0.250125
1,1,0,2,36,0.249625
1,1,0,2,37,0.251083
1,1,0,2,38,0.251000
1,1,0,2,39,0.249583
1,1,0,2,40,0.251542
1,1,0,2,41,0.247208
1,1,0,2,42,0.257375
1,1,1,1,0,0.255125
1,1,1,1,1,0.251500
1,1,1,1,2,0.252583
1,1,1,1,3,0.253000
1,1,1,1,4,0.251000
1,1,1,1,5,0.255375
1,1,1,1,6,0.253292
1,1,1,1,7,0.254000
1,1,1,1,8,0.252375
1,1,1,1,9,0.252792
1,1,1,1,10,0.252833
1,1,1,1,11,0.251000
1,1,1,1,12,0.252708
1,1,1,1,13,0.248250
1,1,1,1,14,0.250375
1,1,1,1,15,0.252083
1,1,1,1,16,0.253792
1,1,1,1,17,0.253792
1,1,1,1,18,0.253000
1,1,1,1,19,0.253250
1,1,1,1,20,0.251750
1,1,1,1,21,0.249667
1,1,1,1,22,0.252500
1,1,1,1,23,0.252292
1,1,1,1,24,0.253042
1,1,1,1,25,0.252375
1,1,1,1,26,0.252167
1,1,1,1,27,0.252583
1,1,1,1,28,0.252292
1,1,1,1,29,0.252625
1,1,1,1,30,0.252750
1,1,1,1,31,0.251500
1,1,1,1,32,0.252375
1,1,1,1,33,0.252333
1,1,1,1,34,0.251625
1,1,1,1,35,0.252250
1,1,1,1,36,0.252750
1,1,1,1,37,0.252500
1,1,1,1,38,0.252167
1,1,1,1,39,0.251625
1,1,1,1,40,0.251625
1,1,1,1,41,0.252000
1,1,1,1,42,0.252500
1,1,2,32,0,0.369625
1,1,2,32,1,0.369000
1,1,2,32,2,0.370667
1,1,2,32,3,0.370875
1,1,2,32,4,0.370083
1,1,2,32,5,0.370500
1,1,2,32,6,0.370250
1,1,2,32,7,0.369000
1,1,2,32,8,0.371250
1,1,2,32,9,0.364042
1,1,2,32,10,0.370125
1,1,2,32,11,0.372000
1,1,2,32,12,0.370958
1,1,2,32,13,0.351542
1,1,2,32,14,0.368458
1,1,2,32,15,0.370167
1,1,2,32,16,0.370500
1,1,2,32,17,0.370625
1,1,2,32,18,0.367292
1,1,2,32,19,0.370375
1,1,2,32,20,0.371500
1,1,2,32,21,0.369208
1,1,2,32,22,0.370292
1,1,2,32,23,0.366750
1,1,2,32,24,0.371542
1,1,2,32,25,0.370500
1,1,2,32,26,0.372583
1,1,2,32,27,0.373417
1,1,2,32,28,0.372125
1,1,2,32,29,0.368792
1,1,2,32,30,0.369167
1,1,2,32,31,0.370125
1,1,2,32,32,0.370042
1,1,2,32,33,0.371500
1,1,2,32,34,0.371833
1,1,2,32,35,0.370708
1,1,2,32,36,0.371625
1,1,2,32,37,0.368500
1,1,2,32,38,0.363125
1,1,2,32,39,0.371500
1,1,2,32,40,0.369750
1,1,2,32,41,0.369750
1,1,2,32,42,0.369625
1,1,3,128,0,0.815625
1,1,3,128,1,0.815125
1,1,3,128,2,0.816417
1,1,3,128,3,0.814000
1,1,3,128,4,0.815708
1,1,3,128,5,0.815250
1,1,3,128,6,0.814625
1,1,3,128,7,0.816042
1,1,3,128,8,0.816167
1,1,3,128,9,0.814750
1,1,3,128,10,0.814667
1,1,3,128,11,0.813958
1,1,3,128,12,0.814250
1,1,3,128,13,0.811750
1,1,3,128,14,0.814875
1,1,3,128,15,0.814750
1,1,3,128,16,0.815250
1,1,3,128,17,0.815458
1,1,3,128,18,0.815125
1,1,3,128,19,0.815708
1,1,3,128,20,0.815000
1,1,3,128,21,0.816083
1,1,3,128,22,0.814625
1,1,3,128,23,0.814708
1,1,3,128,24,0.815208
1,1,3,128,25,0.815875
1,1,3,128,26,0.817625
1,1,3,128,27,0.776458
1,1,3,128,28,0.816125
1,1,3,128,29,0.815250
1,1,3,128,30,0.815250
1,1,3,128,31,0.815167
1,1,3,128,32,0.815125
1,1,3,128,33,0.814125
1,1,3,128,34,0.814750
1,1,3,128,35,0.815292
1,1,3,128,36,0.815875
1,1,3,128,37,0.815625
1,1,3,128,38,0.815625
1,1,3,128,39,0.814417
1,1,3,128,40,0.814958
1,1,3,128,41,0.814833
1,1,3,128,42,0.814500
1,1,4,0,0,0.249625
1,1,4,0,1,0.249625
1,1,4,0,2,0.248625
1,1,4,0,3,0.249917
1,1,4,0,4,0.250333
1,1,4,0,5,0.248000
1,1,4,0,6,0.248792
1,1,4,0,7,0.250333
1,1,4,0,8,0.249750
1,1,4,0,9,0.250500
1,1,4,0,10,0.250625
1,1,4,0,11,0.248375
1,1,4,0,12,0.249083
1,1,4,0,13,0.247958
1,1,4,0,14,0.249333
1,1,4,0,15,0.249417
1,1,4,0,16,0.250125
1,1,4,0,17,0.249542
1,1,4,0,18,0.248625
1,1,4,0,19,0.249125
1,1,4,0,20,0.249500
1,1,4,0,21,0.250625
1,1,4,0,22,0.249167
1,1,4,0,23,0.249792
1,1,4,0,24,0.249042
1,1,4,0,25,0.250375
1,1,4,0,26,0.249208
1,1,4,0,27,0.249125
1,1,4,0,28,0.249083
1,1,4,0,29,0.248667
1,1,4,0,30,0.247875
1,1,4,0,31,0.249125
1,1,4,0,32,0.250958
1,1,4,0,33,0.249250
1,1,4,0,34,0.250375
1,1,4,0,35,0.250375
1,1,4,0,36,0.248875
1,1,4,0,37,0.248917
1,1,4,0,38,0.248125
1,1,4,0,39,0.249000
1,1,4,0,40,0.250417
1,1,4,0,41,0.248917
1,1,4,0,42,0.252125
1,2,0,1,0,0.262042
1,2,0,1,1,0.252958
1,2,0,1,2,0.252417
1,2,0,1,3,0.252500
1,2,0,1,4,0.253042
1,2,0,1,5,0.252750
1,2,0,1,6,0.253458
1,2,0,1,7,0.252500
1,2,0,1,8,0.250500
1,2,0,1,9,0.252375
1,2,0,1,10,0.250542
1,2,0,1,11,0.252375
1,2,0,1,12,0.250333
1,2,0,1,13,0.252625
1,2,0,1,14,0.253583
1,2,0,1,15,0.254208
1,2,0,1,16,0.253500
1,2,0,1,17,0.252458
1,2,0,1,18,0.253000
1,2,0,1,19,0.251417
1,2,0,1,20,0.252458
1,2,0,1,21,0.253667
1,2,0,1,22,0.252875
1,2,0,1,23,0.253500
1,2,0,1,24,0.252500
1,2,0,1,25,0.252333
1,2,0,1,26,0.249500
1,2,0,1,27,0.253875
1,2,0,1,28,0.252875
1,2,0,1,29,0.253292
1,2,0,1,30,0.252000
1,2,0,1,31,0.252708
1,2,0,1,32,0.251625
1,2,0,1,33,0.252083
1,2,0,1,34,0.253667
1,2,0,1,35,0.253125
1,2,0,1,36,0.254125
1,2,0,1,37,0.253500
1,2,0,1,38,0.252208
1,2,0,1,39,0.251875
1,2,0,1,40,0.254208
1,2,0,1,41,0.253500
1,2,0,1,42,0.252292
1,2,1,32,0,0.367667
1,2,1,32,1,0.362250
1,2,1,32,2,0.371750
1,2,1,32,3,0.364583
1,2,1,32,4,0.369750
1,2,1,32,5,0.369375
1,2,1,32,6,0.370250
1,2,1,32,7,0.361417
1,2,1,32,8,0.369792
1,2,1,32,9,0.370417
1,2,1,32,10,0.365292
1,2,1,32,11,0.372000
1,2,1,32,12,0.369750
1,2,1,32,13,0.369958
1,2,1,32,14,0.368625
1,2,1,32,15,0.368375
1,2,1,32,16,0.369375
1,2,1,32,17,0.370125
1,2,1,32,18,0.368333
1,2,1,32,19,0.370125
1,2,1,32,20,0.368875
1,2,1,32,21,0.370083
1,2,1,32,22,0.368958
1,2,1,32,23,0.370958
1,2,1,32,24,0.370458
1,2,1,32,25,0.368125
1,2,1,32,26,0.367833
1,2,1,32,27,0.372000
1,2,1,32,28,0.363625
1,2,1,32,29,0.369958
1,2,1,32,30,0.367917
1,2,1,32,31,0.368167
1,2,1,32,32,0.368750
1,2,1,32,33,0.369500
1,2,1,32,34,0.366583
1,2,1,32,35,0.362875
1,2,1,32,36,0.371625
1,2,1,32,37,0.369917
1,2,1,32,38,0.370000
1,2,1,32,39,0.368000
1,2,1,32,40,0.367750
1,2,1,32,41,0.369667
1,2,1,32,42,0.370375
1,2,2,128,0,0.815500
1,2,2,128,1,0.815542
1,2,2,128,2,0.814750
1,2,2,128,3,0.813583
1,2,2,128,4,0.815000
1,2,2,128,5,0.814667
1,2,2,128,6,0.814750
1,2,2,128,7,0.815250
1,2,2,128,8,0.814625
1,2,2,128,9,0.815125
1,2,2,128,10,0.814667
1,2,2,128,11,0.816167
1,2,2,128,12,0.815833
1,2,2,128,13,0.805375
1,2,2,128,14,0.815375
1,2,2,128,15,0.816958
1,2,2,128,16,0.815125
1,2,2,128,17,0.814667
1,2,2,128,18,0.815625
1,2,2,128,19,0.815000
1,2,2,128,20,0.815250
1,2,2,128,21,0.815583
1,2,2,128,22,0.815583
1,2,2,128,23,0.814375
1,2,2,128,24,0.815083
1,2,2,128,25,0.815250
1,2,2,128,26,0.816750
1,2,2,128,27,0.817917
1,2,2,128,28,0.778292
1,2,2,128,29,0.815250
1,2,2,128,30,0.816625
1,2,2,128,31,0.814625
1,2,2,128,32,0.815417
1,2,2,128,33,0.814750
1,2,2,128,34,0.815167
1,2,2,128,35,0.816125
1,2,2,128,36,0.816000
1,2,2,128,37,0.814750
1,2,2,128,38,0.814708
1,2,2,128,39,0.814958
1,2,2,128,40,0.813958
1,2,2,128,41,0.814708
1,2,2,128,42,0.815833
1,2,3,0,0,0.251000
1,2,3,0,1,0.251000
1,2,3,0,2,0.249833
1,2,3,0,3,0.251042
1,2,3,0,4,0.250625
1,2,3,0,5,0.250458
1,2,3,0,6,0.250292
1,2,3,0,7,0.250875
1,2,3,0,8,0.250083
1,2,3,0,9,0.250500
1,2,3,0,10,0.250375
1,2,3,0,11,0.249375
1,2,3,0,12,0.250792
1,2,3,0,13,0.247708
1,2,3,0,14,0.250333
1,2,3,0,15,0.249958
1,2,3,0,16,0.251208
1,2,3,0,17,0.250000
1,2,3,0,18,0.249875
1,2,3,0,19,0.249125
1,2,3,0,20,0.249375
1,2,3,0,21,0.250083
1,2,3,0,22,0.250458
1,2,3,0,23,0.250375
1,2,3,0,24,0.249000
1,2,3,0,25,0.251083
1,2,3,0,26,0.250583
1,2,3,0,27,0.249625
1,2,3,0,28,0.248792
1,2,3,0,29,0.251750
1,2,3,0,30,0.249125
1,2,3,0,31,0.250417
1,2,3,0,32,0.250375
1,2,3,0,33,0.250375
1,2,3,0,34,0.250417
1,2,3,0,35,0.250167
1,2,3,0,36,0.249333
1,2,3,0,37,0.249250
1,2,3,0,38,0.250500
1,2,3,0,39,0.250958
1,2,3,0,40,0.250125
1,2,3,0,41,0.249875
1,2,3,0,42,0.250708
1,2,4,2,0,0.254458
1,2,4,2,1,0.251125
1,2,4,2,2,0.250625
1,2,4,2,3,0.248875
1,2,4,2,4,0.249750
1,2,4,2,5,0.249083
1,2,4,2,6,0.249500
1,2,4,2,7,0.251917
1,2,4,2,8,0.252125
1,2,4,2,9,0.250042
1,2,4,2,10,0.250625
1,2,4,2,11,0.249958
1,2,4,2,12,0.249792
1,2,4,2,13,0.247625
1,2,4,2,14,0.250125
1,2,4,2,15,0.252083
1,2,4,2,16,0.246458
1,2,4,2,17,0.249625
1,2,4,2,18,0.249708
1,2,4,2,19,0.250000
1,2,4,2,20,0.249292
1,2,4,2,21,0.249625
1,2,4,2,22,0.251250
1,2,4,2,23,0.250750
1,2,4,2,24,0.249125
1,2,4,2,25,0.250042
1,2,4,2,26,0.249042
1,2,4,2,27,0.250167
1,2,4,2,28,0.249208
1,2,4,2,29,0.254583
1,2,4,2,30,0.246417
1,2,4,2,31,0.248708
1,2,4,2,32,0.250875
1,2,4,2,33,0.249917
1,2,4,2,34,0.250875
1,2,4,2,35,0.250875
1,2,4,2,36,0.249500
1,2,4,2,37,0.249917
1,2,4,2,38,0.249833
1,2,4,2,39,0.249792
1,2,4,2,40,0.249458
1,2,4,2,41,0.248000
1,2,4,2,42,0.248583
1,3,0,32,0,0.370250
1,3,0,32,1,0.368208
1,3,0,32,2,0.371375
1,3,0,32,3,0.368500
1,3,0,32,4,0.368292
1,3,0,32,5,0.369833
1,3,0,32,6,0.370500
1,3,0,32,7,0.370250
1,3,0,32,8,0.368625
1,3,0,32,9,0.370167
1,3,0,32,10,0.370750
1,3,0,32,11,0.367292
1,3,0,32,12,0.369500
1,3,0,32,13,0.358375
1,3,0,32,14,0.365625
1,3,0,32,15,0.362500
1,3,0,32,16,0.371792
1,3,0,32,17,0.369000
1,3,0,32,18,0.369708
1,3,0,32,19,0.369792
1,3,0,32,20,0.370917
1,3,0,32,21,0.368250
1,3,0,32,22,0.370625
1,3,0,32,23,0.362500
1,3,0,32,24,0.370667
1,3,0,32,25,0.369875
1,3,0,32,26,0.370417
1,3,0,32,27,0.370500
1,3,0,32,28,0.368000
1,3,0,32,29,0.370292
1,3,0,32,30,0.369458
1,3,0,32,31,0.368875
1,3,0,32,32,0.366750
1,3,0,32,33,0.371625
1,3,0,32,34,0.351125
1,3,0,32,35,0.368875
1,3,0,32,36,0.369458
1,3,0,32,37,0.369458
1,3,0,32,38,0.371417
1,3,0,32,39,0.370000
1,3,0,32,40,0.370500
1,3,0,32,41,0.371125
1,3,0,32,42,0.368958
1,3,1,128,0,0.815125
1,3,1,128,1,0.814958
1,3,1,128,2,0.805625
1,3,1,128,3,0.814083
1,3,1,128,4,0.815417
1,3,1,128,5,0.814583
1,3,1,128,6,0.815708
1,3,1,128,7,0.814917
1,3,1,128,8,0.815667
1,3,1,128,9,0.815542
1,3,1,128,10,0.817625
1,3,1,128,11,0.815500
1,3,1,128,12,0.816500
1,3,1,128,13,0.812875
1,3,1,128,14,0.817417
1,3,1,128,15,0.813917
1,3,1,128,16,0.814750
1,3,1,128,17,0.815500
1,3,1,128,18,0.815750
1,3,1,128,19,0.815958
1,3,1,128,20,0.814000
1,3,1,128,21,0.815000
1,3,1,128,22,0.815042
1,3,1,128,23,0.814750
1,3,1,128,24,0.817083
1,3,1,128,25,0.818792
1,3,1,128,26,0.814458
1,3,1,128,27,0.812792
1,3,1,128,28,0.816042
1,3,1,128,29,0.814583
1,3,1,128,30,0.815917
1,3,1,128,31,0.814583
1,3,1,128,32,0.814833
1,3,1,128,33,0.815042
1,3,1,128,34,0.815000
1,3,1,128,35,0.815417
1,3,1,128,36,0.815625
1,3,1,128,37,0.814583
1,3,1,128,38,0.814833
1,3,1,128,39,0.816208
1,3,1,128,40,0.814625
1,3,1,128,41,0.815417
1,3,1,128,42,0.814667
1,3,2,0,0,0.249000
1,3,2,0,1,0.250750
1,3,2,0,2,0.248917
1,3,2,0,3,0.248625
1,3,2,0,4,0.251083
1,3,2,0,5,0.249750
1,3,2,0,6,0.250000
1,3,2,0,7,0.250875
1,3,2,0,8,0.249875
1,3,2,0,9,0.249292
1,3,2,0,10,0.250667
1,3,2,0,11,0.251167
1,3,2,0,12,0.249625
1,3,2,0,13,0.247833
1,3,2,0,14,0.248125
1,3,2,0,15,0.249500
1,3,2,0,16,0.252125
1,3,2,0,17,0.248292
1,3,2,0,18,0.249042
1,3,2,0,19,0.249750
1,3,2,0,20,0.249917
1,3,2,0,21,0.250250
1,3,2,0,22,0.250667
1,3,2,0,23,0.249917
1,3,2,0,24,0.249750
1,3,2,0,25,0.250292
1,3,2,0,26,0.248167
1,3,2,0,27,0.248500
1,3,2,0,28,0.250333
1,3,2,0,29,0.249250
1,3,2,0,30,0.248833
1,3,2,0,31,0.250125
1,3,2,0,32,0.249750
1,3,2,0,33,0.250375
1,3,2,0,34,0.248417
1,3,2,0,35,0.250875
1,3,2,0,36,0.249375
1,3,2,0,37,0.250375
1,3,2,0,38,0.254500
1,3,2,0,39,0.252833
1,3,2,0,40,0.250250
1,3,2,0,41,0.248833
1,3,2,0,42,0.248250
1,3,3,2,0,0.251250
1,3,3,2,1,0.250625
1,3,3,2,2,0.248750
1,3,3,2,3,0.250125
1,3,3,2,4,0.250458
1,3,3,2,5,0.249542
1,3,3,2,6,0.249000
1,3,3,2,7,0.251125
1,3,3,2,8,0.250708
1,3,3,2,9,0.250167
1,3,3,2,10,0.251000
1,3,3,2,11,0.249542
1,3,3,2,12,0.250542
1,3,3,2,13,0.248208
1,3,3,2,14,0.250083
1,3,3,2,15,0.250000
1,3,3,2,16,0.250833
1,3,3,2,17,0.249875
1,3,3,2,18,0.249875
1,3,3,2,19,0.249542
1,3,3,2,20,0.250792
1,3,3,2,21,0.250625
1,3,3,2,22,0.250500
1,3,3,2,23,0.249708
1,3,3,2,24,0.251167
1,3,3,2,25,0.251375
1,3,3,2,26,0.250542
1,3,3,2,27,0.249333
1,3,3,2,28,0.250917
1,3,3,2,29,0.250250
1,3,3,2,30,0.250125
1,3,3,2,31,0.248375
1,3,3,2,32,0.250500
1,3,3,2,33,0.251208
1,3,3,2,34,0.251500
1,3,3,2,35,0.249500
1,3,3,2,36,0.252083
1,3,3,2,37,0.251083
1,3,3,2,38,0.248708
1,3,3,2,39,0.250000
1,3,3,2,40,0.252042
1,3,3,2,41,0.250875
1,3,3,2,42,0.249708
1,3,4,1,0,0.253625
1,3,4,1,1,0.252833
1,3,4,1,2,0.252000
1,3,4,1,3,0.250167
1,3,4,1,4,0.254000
1,3,4,1,5,0.250500
1,3,4,1,6,0.254125
1,3,4,1,7,0.253708
1,3,4,1,8,0.252625
1,3,4,1,9,0.252708
1,3,4,1,10,0.251333
1,3,4,1,11,0.252333
1,3,4,1,12,0.252667
1,3,4,1,13,0.249542
1,3,4,1,14,0.251500
1,3,4,1,15,0.252625
1,3,4,1,16,0.253125
1,3,4,1,17,0.251750
1,3,4,1,18,0.252250
1,3,4,1,19,0.251750
1,3,4,1,20,0.253167
1,3,4,1,21,0.253375
1,3,4,1,22,0.253417
1,3,4,1,23,0.251625
1,3,4,1,24,0.253000
1,3,4,1,25,0.251167
1,3,4,1,26,0.252875
1,3,4,1,27,0.253625
1,3,4,1,28,0.250375
1,3,4,1,29,0.254750
1,3,4,1,30,0.255708
1,3,4,1,31,0.254750
1,3,4,1,32,0.255000
1,3,4,1,33,0.253583
1,3,4,1,34,0.251250
1,3,4,1,35,0.251542
1,3,4,1,36,0.253375
1,3,4,1,37,0.253167
1,3,4,1,38,0.253625
1,3,4,1,39,0.253625
1,3,4,1,40,0.252875
1,3,4,1,41,0.249583
1,3,4,1,42,0.253417
1,4,0,128,0,0.814625
1,4,0,128,1,0.816000
1,4,0,128,2,0.814750
1,4,0,128,3,0.815500
1,4,0,128,4,0.814292
1,4,0,128,5,0.814583
1,4,0,128,6,0.814667
1,4,0,128,7,0.815583
1,4,0,128,8,0.815167
1,4,0,128,9,0.814708
1,4,0,128,10,0.814750
1,4,0,128,11,0.815625
1,4,0,128,12,0.815875
1,4,0,128,13,0.815833
1,4,0,128,14,0.814292
1,4,0,128,15,0.814583
1,4,0,128,16,0.814708
1,4,0,128,17,0.815250
1,4,0,128,18,0.815333
1,4,0,128,19,0.814167
1,4,0,128,20,0.814833
1,4,0,128,21,0.816000
1,4,0,128,22,0.816417
1,4,0,128,23,0.814750
1,4,0,128,24,0.815125
1,4,0,128,25,0.816333
1,4,0,128,26,0.815125
1,4,0,128,27,0.814667
1,4,0,128,28,0.814875
1,4,0,128,29,0.828917
1,4,0,128,30,0.815083
1,4,0,128,31,0.815250
1,4,0,128,32,0.814958
1,4,0,128,33,0.814875
1,4,0,128,34,0.814792
1,4,0,128,35,0.813792
1,4,0,128,36,0.816583
1,4,0,128,37,0.815500
1,4,0,128,38,0.814708
1,4,0,128,39,0.815125
1,4,0,128,40,0.815000
1,4,0,128,41,0.814750
1,4,0,128,42,0.815417
1,4,1,0,0,0.250042
1,4,1,0,1,0.250083
1,4,1,0,2,0.250000
1,4,1,0,3,0.249375
1,4,1,0,4,0.250542
1,4,1,0,5,0.250000
1,4,1,0,6,0.250292
1,4,1,0,7,0.249292
1,4,1,0,8,0.248250
1,4,1,0,9,0.250292
1,4,1,0,10,0.249750
1,4,1,0,11,0.249917
1,4,1,0,12,0.249917
1,4,1,0,13,0.246125
1,4,1,0,14,0.250000
1,4,1,0,15,0.250667
1,4,1,0,16,0.250708
1,4,1,0,17,0.248500
1,4,1,0,18,0.249458
1,4,1,0,19,0.249875
1,4,1,0,20,0.249708
1,4,1,0,21,0.248417
1,4,1,0,22,0.250375
1,4,1,0,23,0.249458
1,4,1,0,24,0.249125
1,4,1,0,25,0.250500
1,4,1,0,26,0.249208
1,4,1,0,27,0.248792
1,4,1,0,28,0.250125
1,4,1,0,29,0.249167
1,4,1,0,30,0.250000
1,4,1,0,31,0.250500
1,4,1,0,32,0.250083
1,4,1,0,33,0.249625
1,4,1,0,34,0.249625
1,4,1,0,35,0.249833
1,4,1,0,36,0.248792
1,4,1,0,37,0.249708
1,4,1,0,38,0.249417
1,4,1,0,39,0.249958
1,4,1,0,40,0.250333
1,4,1,0,41,0.249125
1,4,1,0,42,0.251125
1,4,2,2,0,0.250833
1,4,2,2,1,0.249875
1,4,2,2,2,0.250125
1,4,2,2,3,0.250875
1,4,2,2,4,0.250375
1,4,2,2,5,0.251125
1,4,2,2,6,0.254458
1,4,2,2,7,0.252458
1,4,2,2,8,0.250500
1,4,2,2,9,0.249375
1,4,2,2,10,0.250375
1,4,2,2,11,0.248125
1,4,2,2,12,0.250333
1,4,2,2,13,0.248000
1,4,2,2,14,0.248625
1,4,2,2,15,0.250375
1,4,2,2,16,0.250375
1,4,2,2,17,0.249375
1,4,2,2,18,0.248292
1,4,2,2,19,0.249750
1,4,2,2,20,0.249875
1,4,2,2,21,0.250500
1,4,2,2,22,0.251167
1,4,2,2,23,0.250000
1,4,2,2,24,0.249083
1,4,2,2,25,0.249875
1,4,2,2,26,0.249958
1,4,2,2,27,0.249750
1,4,2,2,28,0.249792
1,4,2,2,29,0.247583
1,4,2,2,30,0.249375
1,4,2,2,31,0.250583
1,4,2,2,32,0.250458
1,4,2,2,33,0.249458
1,4,2,2,34,0.251167
1,4,2,2,35,0.248750
1,4,2,2,36,0.248792
1,4,2,2,37,0.249750
1,4,2,2,38,0.248250
1,4,2,2,39,0.251292
1,4,2,2,40,0.251500
1,4,2,2,41,0.249625
1,4,2,2,42,0.251375
1,4,3,1,0,0.252625
1,4,3,1,1,0.252958
1,4,3,1,2,0.251125
1,4,3,1,3,0.253000
1,4,3,1,4,0.253208
1,4,3,1,5,0.251208
1,4,3,1,6,0.253250
1,4,3,1,7,0.251417
1,4,3,1,8,0.253250
1,4,3,1,9,0.253000
1,4,3,1,10,0.252542
1,4,3,1,11,0.252208
1,4,3,1,12,0.252667
1,4,3,1,13,0.249125
1,4,3,1,14,0.252000
1,4,3,1,15,0.252750
1,4,3,1,16,0.253417
1,4,3,1,17,0.252083
1,4,3,1,18,0.254542
1,4,3,1,19,0.253375
1,4,3,1,20,0.252875
1,4,3,1,21,0.253417
1,4,3,1,22,0.253208
1,4,3,1,23,0.252125
1,4,3,1,24,0.253250
1,4,3,1,25,0.252250
1,4,3,1,26,0.252750
1,4,3,1,27,0.252875
1,4,3,1,28,0.252417
1,4,3,1,29,0.252792
1,4,3,1,30,0.252667
1,4,3,1,31,0.250417
1,4,3,1,32,0.253083
1,4,3,1,33,0.253917
1,4,3,1,34,0.252875
1,4,3,1,35,0.252375
1,4,3,1,36,0.251958
1,4,3,1,37,0.252500
1,4,3,1,38,0.253042
1,4,3,1,39,0.251625
1,4,3,1,40,0.252875
1,4,3,1,41,0.256958
1,4,3,1,42,0.256250
1,4,4,32,0,0.368500
1,4,4,32,1,0.370625
1,4,4,32,2,0.371208
1,4,4,32,3,0.360458
1,4,4,32,4,0.371000
1,4,4,32,5,0.370083
1,4,4,32,6,0.360375
1,4,4,32,7,0.369708
1,4,4,32,8,0.364375
1,4,4,32,9,0.370292
1,4,4,32,10,0.370792
1,4,4,32,11,0.370750
1,4,4,32,12,0.375750
1,4,4,32,13,0.356708
1,4,4,32,14,0.396542
1,4,4,32,15,0.369375
1,4,4,32,16,0.369750
1,4,4,32,17,0.370333
1,4,4,32,18,0.366750
1,4,4,32,19,0.370250
1,4,4,32,20,0.369083
1,4,4,32,21,0.371250
1,4,4,32,22,0.370500
1,4,4,32,23,0.369375
1,4,4,32,24,0.370167
1,4,4,32,25,0.368167
1,4,4,32,26,0.369750
1,4,4,32,27,0.370958
1,4,4,32,28,0.370625
1,4,4,32,29,0.370125
1,4,4,32,30,0.371125
1,4,4,32,31,0.368542
1,4,4,32,32,0.369500
1,4,4,32,33,0.370375
1,4,4,32,34,0.366292
1,4,4,32,35,0.370542
1,4,4,32,36,0.367542
1,4,4,32,37,0.369125
1,4,4,32,38,0.370708
1,4,4,32,39,0.369875
1,4,4,32,40,0.365875
1,4,4,32,41,0.369625
1,4,4,32,42,0.370375
1,5,0,0,0,0.250250
1,5,0,0,1,0.251000
1,5,0,0,2,0.251333
1,5,0,0,3,0.249000
1,5,0,0,4,0.250000
1,5,0,0,5,0.249875
1,5,0,0,6,0.249375
1,5,0,0,7,0.249917
1,5,0,0,8,0.249958
1,5,0,0,9,0.250000
1,5,0,0,10,0.251000
1,5,0,0,11,0.249917
1,5,0,0,12,0.251083
1,5,0,0,13,0.247250
1,5,0,0,14,0.249375
1,5,0,0,15,0.250417
1,5,0,0,16,0.250750
1,5,0,0,17,0.250500
1,5,0,0,18,0.251792
1,5,0,0,19,0.252917
1,5,0,0,20,0.250167
1,5,0,0,21,0.250000
1,5,0,0,22,0.250708
1,5,0,0,23,0.251125
1,5,0,0,24,0.252292
1,5,0,0,25,0.252958
1,5,0,0,26,0.251875
1,5,0,0,27,0.251375
1,5,0,0,28,0.249833
1,5,0,0,29,0.250375
1,5,0,0,30,0.250000
1,5,0,0,31,0.250917
1,5,0,0,32,0.249625
1,5,0,0,33,0.249875
1,5,0,0,34,0.250083
1,5,0,0,35,0.251125
1,5,0,0,36,0.250500
1,5,0,0,37,0.250750
1,5,0,0,38,0.250250
1,5,0,0,39,0.252250
1,5,0,0,40,0.250333
1,5,0,0,41,0.249625
1,5,0,0,42,0.250917
1,5,1,128,0,0.814750
1,5,1,128,1,0.816000
1,5,1,128,2,0.816667
1,5,1,128,3,0.816250
1,5,1,128,4,0.814458
1,5,1,128,5,0.814833
1,5,1,128,6,0.818875
1,5,1,128,7,0.816208
1,5,1,128,8,0.815167
1,5,1,128,9,0.814875
1,5,1,128,10,0.815500
1,5,1,128,11,0.815125
1,5,1,128,12,0.815250
1,5,1,128,13,0.805667
1,5,1,128,14,0.814333
1,5,1,128,15,0.814458
1,5,1,128,16,0.814750
1,5,1,128,17,0.814292
1,5,1,128,18,0.814583
1,5,1,128,19,0.815667
1,5,1,128,20,0.814875
1,5,1,128,21,0.814875
1,5,1,128,22,0.815583
1,5,1,128,23,0.815833
1,5,1,128,24,0.815292
1,5,1,128,25,0.815458
1,5,1,128,26,0.815917
1,5,1,128,27,0.817750
1,5,1,128,28,0.814083
1,5,1,128,29,0.814250
1,5,1,128,30,0.815833
1,5,1,128,31,0.815125
1,5,1,128,32,0.814458
1,5,1,128,33,0.814917
1,5,1,128,34,0.815375
1,5,1,128,35,0.815417
1,5,1,128,36,0.814833
1,5,1,128,37,0.815333
1,5,1,128,38,0.815708
1,5,1,128,39,0.815292
1,5,1,128,40,0.814625
1,5,1,128,41,0.815375
1,5,1,128,42,0.816500
1,5,2,32,0,0.369625
1,5,2,32,1,0.370042
1,5,2,32,2,0.370375
1,5,2,32,3,0.369750
1,5,2,32,4,0.368583
1,5,2,32,5,0.369958
1,5,2,32,6,0.370333
1,5,2,32,7,0.367875
1,5,2,32,8,0.369250
1,5,2,32,9,0.369958
1,5,2,32,10,0.370917
1,5,2,32,11,0.366250
1,5,2,32,12,0.368875
1,5,2,32,13,0.360750
1,5,2,32,14,0.370583
1,5,2,32,15,0.363375
1,5,2,32,16,0.370250
1,5,2,32,17,0.369250
1,5,2,32,18,0.370542
1,5,2,32,19,0.370875
1,5,2,32,20,0.371958
1,5,2,32,21,0.371500
1,5,2,32,22,0.369792
1,5,2,32,23,0.370083
1,5,2,32,24,0.369500
1,5,2,32,25,0.369958
1,5,2,32,26,0.358375
1,5,2,32,27,0.370000
1,5,2,32,28,0.369625
1,5,2,32,29,0.370250
1,5,2,32,30,0.368792
1,5,2,32,31,0.369917
1,5,2,32,32,0.370875
1,5,2,32,33,0.372500
1,5,2,32,34,0.370625
1,5,2,32,35,0.369250
1,5,2,32,36,0.370625
1,5,2,32,37,0.365833
1,5,2,32,38,0.368875
1,5,2,32,39,0.368500
1,5,2,32,40,0.367500
1,5,2,32,41,0.370333
1,5,2,32,42,0.361875
1,5,3,1,0,0.251875
1,5,3,1,1,0.253750
1,5,3,1,2,0.252250
1,5,3,1,3,0.253208
1,5,3,1,4,0.251417
1,5,3,1,5,0.249875
1,5,3,1,6,0.253250
1,5,3,1,7,0.252500
1,5,3,1,8,0.253708
1,5,3,1,9,0.252625
1,5,3,1,10,0.253000
1,5,3,1,11,0.253542
1,5,3,1,12,0.253083
1,5,3,1,13,0.249375
1,5,3,1,14,0.250375
1,5,3,1,15,0.252250
1,5,3,1,16,0.253375
1,5,3,1,17,0.253167
1,5,3,1,18,0.253875
1,5,3,1,19,0.254250
1,5,3,1,20,0.253250
1,5,3,1,21,0.253708
1,5,3,1,22,0.251542
1,5,3,1,23,0.253750
1,5,3,1,24,0.254458
1,5,3,1,25,0.253042
1,5,3,1,26,0.252625
1,5,3,1,27,0.253875
1,5,3,1,28,0.253750
1,5,3,1,29,0.252792
1,5,3,1,30,0.253250
1,5,3,1,31,0.251250
1,5,3,1,32,0.252875
1,5,3,1,33,0.251542
1,5,3,1,34,0.252250
1,5,3,1,35,0.253833
1,5,3,1,36,0.252000
1,5,3,1,37,0.252958
1,5,3,1,38,0.254875
1,5,3,1,39,0.252833
1,5,3,1,40,0.250042
1,5,3,1,41,0.252250
1,5,3,1,42,0.252000
1,5,4,2,0,0.251625
1,5,4,2,1,0.249333
1,5,4,2,2,0.249375
1,5,4,2,3,0.249708
1,5,4,2,4,0.250542
1,5,4,2,5,0.249875
1,5,4,2,6,0.249750
1,5,4,2,7,0.250125
1,5,4,2,8,0.248750
1,5,4,2,9,0.248583
1,5,4,2,10,0.250083
1,5,4,2,11,0.250833
1,5,4,2,12,0.250125
1,5,4,2,13,0.247417
1,5,4,2,14,0.250583
1,5,4,2,15,0.249250
1,5,4,2,16,0.250458
1,5,4,2,17,0.249250
1,5,4,2,18,0.249250
1,5,4,2,19,0.247625
1,5,4,2,20,0.250042
1,5,4,2,21,0.249417
1,5,4,2,22,0.249625
1,5,4,2,23,0.250167
1,5,4,2,24,0.249750
1,5,4,2,25,0.251875
1,5,4,2,26,0.251750
1,5,4,2,27,0.252375
1,5,4,2,28,0.253167
1,5,4,2,29,0.250875
1,5,4,2,30,0.249500
1,5,4,2,31,0.247625
1,5,4,2,32,0.249083
1,5,4,2,33,0.250375
1,5,4,2,34,0.249125
1,5,4,2,35,0.250458
1,5,4,2,36,0.249292
1,5,4,2,37,0.250125
1,5,4,2,38,0.249792
1,5,4,2,39,0.250333
1,5,4,2,40,0.250500
1,5,4,2,41,0.249417
1,5,4,2,42,0.249750
1,6,0,2,0,0.248875
1,6,0,2,1,0.249583
1,6,0,2,2,0.248875
1,6,0,2,3,0.248500
1,6,0,2,4,0.250000
1,6,0,2,5,0.250500
1,6,0,2,6,0.250125
1,6,0,2,7,0.250625
1,6,0,2,8,0.251083
1,6,0,2,9,0.249375
1,6,0,2,10,0.251042
1,6,0,2,11,0.250417
1,6,0,2,12,0.250292
1,6,0,2,13,0.247500
1,6,0,2,14,0.249000
1,6,0,2,15,0.250083
1,6,0,2,16,0.250125
1,6,0,2,17,0.248833
1,6,0,2,18,0.250167
1,6,0,2,19,0.250125
1,6,0,2,20,0.250458
1,6,0,2,21,0.249583
1,6,0,2,22,0.249625
1,6,0,2,23,0.250500
1,6,0,2,24,0.248792
1,6,0,2,25,0.250750
1,6,0,2,26,0.251125
1,6,0,2,27,0.252500
1,6,0,2,28,0.249792
1,6,0,2,29,0.249708
1,6,0,2,30,0.249417
1,6,0,2,31,0.251750
1,6,0,2,32,0.249000
1,6,0,2,33,0.249792
1,6,0,2,34,0.251958
1,6,0,2,35,0.250125
1,6,0,2,36,0.250458
1,6,0,2,37,0.250292
1,6,0,2,38,0.249750
1,6,0,2,39,0.250250
1,6,0,2,40,0.251375
1,6,0,2,41,0.251625
1,6,0,2,42,0.249708
1,6,1,0,0,0.250875
1,6,1,0,1,0.250833
1,6,1,0,2,0.249417
1,6,1,0,3,0.249750
1,6,1,0,4,0.250958
1,6,1,0,5,0.250375
1,6,1,0,6,0.251417
1,6,1,0,7,0.250875
1,6,1,0,8,0.250125
1,6,1,0,9,0.249375
1,6,1,0,10,0.249875
1,6,1,0,11,0.250750
1,6,1,0,12,0.251583
1,6,1,0,13,0.386833
1,6,1,0,14,0.249500
1,6,1,0,15,0.250083
1,6,1,0,16,0.249792
1,6,1,0,17,0.249250
1,6,1,0,18,0.251125
1,6,1,0,19,0.248250
1,6,1,0,20,0.253250
1,6,1,0,21,0.255833
1,6,1,0,22,0.253375
1,6,1,0,23,0.251125
1,6,1,0,24,0.250250
1,6,1,0,25,0.250500
1,6,1,0,26,0.249208
1,6,1,0,27,0.250958
1,6,1,0,28,0.411000
1,6,1,0,29,0.249750
1,6,1,0,30,0.249167
1,6,1,0,31,0.249458
1,6,1,0,32,0.250542
1,6,1,0,33,0.250125
1,6,1,0,34,0.250292
1,6,1,0,35,0.248917
1,6,1,0,36,0.256208
1,6,1,0,37,0.251458
1,6,1,0,38,0.250875
1,6,1,0,39,0.250750
1,6,1,0,40,0.250125
1,6,1,0,41,0.248792
1,6,1,0,42,0.248708
1,6,2,128,0,0.815250
1,6,2,128,1,0.816292
1,6,2,128,2,0.818792
1,6,2,128,3,0.885333
1,6,2,128,4,0.814667
1,6,2,128,5,0.817000
1,6,2,128,6,0.813792
1,6,2,128,7,0.816667
1,6,2,128,8,0.815250
1,6,2,128,9,0.816250
1,6,2,128,10,0.964125
1,6,2,128,11,0.815542
1,6,2,128,12,0.814333
1,6,2,128,13,0.809625
1,6,2,128,14,0.816458
1,6,2,128,15,0.815250
1,6,2,128,16,0.816292
1,6,2,128,17,0.814750
1,6,2,128,18,0.968083
1,6,2,128,19,0.809792
1,6,2,128,20,0.815375
1,6,2,128,21,0.815875
1,6,2,128,22,0.816875
1,6,2,128,23,0.779292
1,6,2,128,24,0.818583
1,6,2,128,25,0.778792
1,6,2,128,26,0.814667
1,6,2,128,27,0.966792
1,6,2,128,28,0.799250
1,6,2,128,29,0.814958
1,6,2,128,30,0.815875
1,6,2,128,31,0.815833
1,6,2,128,32,0.815750
1,6,2,128,33,0.814042
1,6,2,128,34,0.815500
1,6,2,128,35,0.817125
1,6,2,128,36,0.901250
1,6,2,128,37,0.814917
1,6,2,128,38,0.814750
1,6,2,128,39,0.816250
1,6,2,128,40,0.817125
1,6,2,128,41,0.813833
1,6,2,128,42,0.815375
1,6,3,32,0,0.366250
1,6,3,32,1,0.527375
1,6,3,32,2,0.357500
1,6,3,32,3,0.369500
1,6,3,32,4,0.370250
1,6,3,32,5,0.364500
1,6,3,32,6,0.369042
1,6,3,32,7,0.372333
1,6,3,32,8,0.370000
1,6,3,32,9,0.369875
1,6,3,32,10,0.368250
1,6,3,32,11,0.371625
1,6,3,32,12,0.370333
1,6,3,32,13,0.369125
1,6,3,32,14,0.364083
1,6,3,32,15,0.371000
1,6,3,32,16,0.518292
1,6,3,32,17,0.372000
1,6,3,32,18,0.372875
1,6,3,32,19,0.368708
1,6,3,32,20,0.372917
1,6,3,32,21,0.353125
1,6,3,32,22,0.369792
1,6,3,32,23,0.369208
1,6,3,32,24,0.368167
1,6,3,32,25,0.369583
1,6,3,32,26,0.369750
1,6,3,32,27,0.353375
1,6,3,32,28,0.371250
1,6,3,32,29,0.369125
1,6,3,32,30,0.370333
1,6,3,32,31,0.369333
1,6,3,32,32,0.369958
1,6,3,32,33,0.524500
1,6,3,32,34,0.348625
1,6,3,32,35,0.367500
1,6,3,32,36,0.368500
1,6,3,32,37,0.371875
1,6,3,32,38,0.371000
1,6,3,32,39,0.370750
1,6,3,32,40,0.370125
1,6,3,32,41,0.370375
1,6,3,32,42,0.364292
1,6,4,1,0,0.251625
1,6,4,1,1,0.252708
1,6,4,1,2,0.251292
1,6,4,1,3,0.253792
1,6,4,1,4,0.250750
1,6,4,1,5,0.399375
1,6,4,1,6,0.254083
1,6,4,1,7,0.250625
1,6,4,1,8,0.253958
1,6,4,1,9,0.253417
1,6,4,1,10,0.252625
1,6,4,1,11,0.251375
1,6,4,1,12,0.253375
1,6,4,1,13,0.248833
1,6,4,1,14,0.251667
1,6,4,1,15,0.251708
1,6,4,1,16,0.253500
1,6,4,1,17,0.252000
1,6,4,1,18,0.251500
1,6,4,1,19,0.253250
1,6,4,1,20,0.251125
1,6,4,1,21,0.252292
1,6,4,1,22,0.253375
1,6,4,1,23,0.410958
1,6,4,1,24,0.252542
1,6,4,1,25,0.253500
1,6,4,1,26,0.250875
1,6,4,1,27,0.251333
1,6,4,1,28,0.250667
1,6,4,1,29,0.253500
1,6,4,1,30,0.254042
1,6,4,1,31,0.252750
1,6,4,1,32,0.253000
1,6,4,1,33,0.252375
1,6,4,1,34,0.253250
1,6,4,1,35,0.253958
1,6,4,1,36,0.252250
1,6,4,1,37,0.253000
1,6,4,1,38,0.252750
1,6,4,1,39,0.251625
1,6,4,1,40,0.253125
1,6,4,1,41,0.298125
1,6,4,1,42,0.252708
1,7,0,1,0,0.253000
1,7,0,1,1,0.251792
1,7,0,1,2,0.251375
1,7,0,1,3,0.249875
1,7,0,1,4,0.254000
1,7,0,1,5,0.254875
1,7,0,1,6,0.252042
1,7,0,1,7,0.252542
1,7,0,1,8,0.252250
1,7,0,1,9,0.252375
1,7,0,1,10,0.251750
1,7,0,1,11,0.250667
1,7,0,1,12,0.253625
1,7,0,1,13,0.250667
1,7,0,1,14,0.255083
1,7,0,1,15,0.257375
1,7,0,1,16,0.256000
1,7,0,1,17,0.253708
1,7,0,1,18,0.284375
1,7,0,1,19,0.254500
1,7,0,1,20,0.253375
1,7,0,1,21,0.252875
1,7,0,1,22,0.253125
1,7,0,1,23,0.253875
1,7,0,1,24,0.253250
1,7,0,1,25,0.254833
1,7,0,1,26,0.253417
1,7,0,1,27,0.253292
1,7,0,1,28,0.252583
1,7,0,1,29,0.253000
1,7,0,1,30,0.254083
1,7,0,1,31,0.253250
1,7,0,1,32,0.255000
1,7,0,1,33,0.250250
1,7,0,1,34,0.253125
1,7,0,1,35,0.254125
1,7,0,1,36,0.410750
1,7,0,1,37,0.246250
1,7,0,1,38,0.252208
1,7,0,1,39,0.253583
1,7,0,1,40,0.251708
1,7,0,1,41,0.251042
1,7,0,1,42,0.255000
1,7,1,2,0,0.253333
1,7,1,2,1,0.253750
1,7,1,2,2,0.250917
1,7,1,2,3,0.253500
1,7,1,2,4,0.252875
1,7,1,2,5,0.250542
1,7,1,2,6,0.249417
1,7,1,2,7,0.250583
1,7,1,2,8,0.249250
1,7,1,2,9,0.251333
1,7,1,2,10,0.250417
1,7,1,2,11,0.251083
1,7,1,2,12,0.251625
1,7,1,2,13,0.407417
1,7,1,2,14,0.243792
1,7,1,2,15,0.249375
1,7,1,2,16,0.250250
1,7,1,2,17,0.249000
1,7,1,2,18,0.248000
1,7,1,2,19,0.248792
1,7,1,2,20,0.251542
1,7,1,2,21,0.251417
1,7,1,2,22,0.251167
1,7,1,2,23,0.251208
1,7,1,2,24,0.249792
1,7,1,2,25,0.250000
1,7,1,2,26,0.249375
1,7,1,2,27,0.250083
1,7,1,2,28,0.250958
1,7,1,2,29,0.251125
1,7,1,2,30,0.248875
1,7,1,2,31,0.249125
1,7,1,2,32,0.250750
1,7,1,2,33,0.250875
1,7,1,2,34,0.420000
1,7,1,2,35,0.245083
1,7,1,2,36,0.248500
1,7,1,2,37,0.251208
1,7,1,2,38,0.249125
1,7,1,2,39,0.251333
1,7,1,2,40,0.250833
1,7,1,2,41,0.249375
1,7,1,2,42,0.250292
1,7,2,0,0,0.250750
1,7,2,0,1,0.249375
1,7,2,0,2,0.251500
1,7,2,0,3,0.251000
1,7,2,0,4,0.251083
1,7,2,0,5,0.250542
1,7,2,0,6,0.252125
1,7,2,0,7,0.255500
1,7,2,0,8,0.472375
1,7,2,0,9,0.250250
1,7,2,0,10,0.250125
1,7,2,0,11,0.250917
1,7,2,0,12,0.250958
1,7,2,0,13,0.248708
1,7,2,0,14,0.249375
1,7,2,0,15,0.250958
1,7,2,0,16,0.251042
1,7,2,0,17,0.259333
1,7,2,0,18,0.245042
1,7,2,0,19,0.251000
1,7,2,0,20,0.249625
1,7,2,0,21,0.249625
1,7,2,0,22,0.250250
1,7,2,0,23,0.251000
1,7,2,0,24,0.249250
1,7,2,0,25,0.251000
1,7,2,0,26,0.250125
1,7,2,0,27,0.249750
1,7,2,0,28,0.417958
1,7,2,0,29,0.243500
1,7,2,0,30,0.249167
1,7,2,0,31,0.249625
1,7,2,0,32,0.249208
1,7,2,0,33,0.249917
1,7,2,0,34,0.250667
1,7,2,0,35,0.250375
1,7,2,0,36,0.249292
1,7,2,0,37,0.250458
1,7,2,0,38,0.250375
1,7,2,0,39,0.250250
1,7,2,0,40,0.250417
1,7,2,0,41,0.249750
1,7,2,0,42,0.249958
1,7,3,128,0,0.983833
1,7,3,128,1,0.802000
1,7,3,128,2,0.815750
1,7,3,128,3,0.815708
1,7,3,128,4,0.815000
1,7,3,128,5,0.815792
1,7,3,128,6,0.816125
1,7,3,128,7,0.815167
1,7,3,128,8,0.815042
1,7,3,128,9,0.972750
1,7,3,128,10,0.813583
1,7,3,128,11,0.815250
1,7,3,128,12,0.813167
1,7,3,128,13,0.812292
1,7,3,128,14,0.814667
1,7,3,128,15,0.814792
1,7,3,128,16,0.821917
1,7,3,128,17,0.780625
1,7,3,128,18,0.804375
1,7,3,128,19,0.815625
1,7,3,128,20,0.816042
1,7,3,128,21,0.815292
1,7,3,128,22,0.814917
1,7,3,128,23,0.815375
1,7,3,128,24,0.814583
1,7,3,128,25,0.815125
1,7,3,128,26,0.815500
1,7,3,128,27,0.815000
1,7,3,128,28,0.814625
1,7,3,128,29,0.815167
1,7,3,128,30,0.814958
1,7,3,128,31,0.813500
1,7,3,128,32,0.816292
1,7,3,128,33,0.816958
1,7,3,128,34,0.824667
1,7,3,128,35,0.814583
1,7,3,128,36,0.814375
1,7,3,128,37,0.814500
1,7,3,128,38,0.814917
1,7,3,128,39,0.814708
1,7,3,128,40,0.815875
1,7,3,128,41,0.815292
1,7,3,128,42,0.814958
1,7,4,32,0,0.527625
1,7,4,32,1,0.366458
1,7,4,32,2,0.368708
1,7,4,32,3,0.370500
1,7,4,32,4,0.370917
1,7,4,32,5,0.371167
1,7,4,32,6,0.370375
1,7,4,32,7,0.368375
1,7,4,32,8,0.368958
1,7,4,32,9,0.370167
1,7,4,32,10,0.369167
1,7,4,32,11,0.368917
1,7,4,32,12,0.372250
1,7,4,32,13,0.370375
1,7,4,32,14,0.367125
1,7,4,32,15,0.369750
1,7,4,32,16,0.369625
1,7,4,32,17,0.369833
1,7,4,32,18,0.365208
1,7,4,32,19,0.372792
1,7,4,32,20,0.369833
1,7,4,32,21,0.368708
1,7,4,32,22,0.368917
1,7,4,32,23,0.369625
1,7,4,32,24,0.370083
1,7,4,32,25,0.365292
1,7,4,32,26,0.369667
1,7,4,32,27,0.370000
1,7,4,32,28,0.356500
1,7,4,32,29,0.370375
1,7,4,32,30,0.370250
1,7,4,32,31,0.369792
1,7,4,32,32,0.371500
1,7,4,32,33,0.369125
1,7,4,32,34,0.368042
1,7,4,32,35,0.370500
1,7,4,32,36,0.365208
1,7,4,32,37,0.369458
1,7,4,32,38,0.369917
1,7,4,32,39,0.369250
1,7,4,32,40,0.369667
1,7,4,32,41,0.369250
1,7,4,32,42,0.369417
1,8,0,32,0,0.369500
1,8,0,32,1,0.370750
1,8,0,32,2,0.358208
1,8,0,32,3,0.368375
1,8,0,32,4,0.370500
1,8,0,32,5,0.368375
1,8,0,32,6,0.368875
1,8,0,32,7,0.370500
1,8,0,32,8,0.370375
1,8,0,32,9,0.369542
1,8,0,32,10,0.368833
1,8,0,32,11,0.369875
1,8,0,32,12,0.368250
1,8,0,32,13,0.354625
1,8,0,32,14,0.370167
1,8,0,32,15,0.369208
1,8,0,32,16,0.372125
1,8,0,32,17,0.369917
1,8,0,32,18,0.463125
1,8,0,32,19,0.367333
1,8,0,32,20,0.370125
1,8,0,32,21,0.368125
1,8,0,32,22,0.370000
1,8,0,32,23,0.370250
1,8,0,32,24,0.367750
1,8,0,32,25,0.372000
1,8,0,32,26,0.368750
1,8,0,32,27,0.365000
1,8,0,32,28,0.368875
1,8,0,32,29,0.371625
1,8,0,32,30,0.370792
1,8,0,32,31,0.368833
1,8,0,32,32,0.377000
1,8,0,32,33,0.384625
1,8,0,32,34,0.367708
1,8,0,32,35,0.396625
1,8,0,32,36,0.370625
1,8,0,32,37,0.366250
1,8,0,32,38,0.371000
1,8,0,32,39,0.370833
1,8,0,32,40,0.370167
1,8,0,32,41,0.369958
1,8,0,32,42,0.367542
1,8,1,1,0,0.253875
1,8,1,1,1,0.252625
1,8,1,1,2,0.252458
1,8,1,1,3,0.250042
1,8,1,1,4,0.252125
1,8,1,1,5,0.250667
1,8,1,1,6,0.253500
1,8,1,1,7,0.353875
1,8,1,1,8,0.251625
1,8,1,1,9,0.253542
1,8,1,1,10,0.252542
1,8,1,1,11,0.254250
1,8,1,1,12,0.251042
1,8,1,1,13,0.248042
1,8,1,1,14,0.252083
1,8,1,1,15,0.252750
1,8,1,1,16,0.254125
1,8,1,1,17,0.253458
1,8,1,1,18,0.252333
1,8,1,1,19,0.252417
1,8,1,1,20,0.252917
1,8,1,1,21,0.252042
1,8,1,1,22,0.252958
1,8,1,1,23,0.252875
1,8,1,1,24,0.252875
1,8,1,1,25,0.252875
1,8,1,1,26,0.252833
1,8,1,1,27,0.253000
1,8,1,1,28,0.251500
1,8,1,1,29,0.252500
1,8,1,1,30,0.251917
1,8,1,1,31,0.251250
1,8,1,1,32,0.253083
1,8,1,1,33,0.251875
1,8,1,1,34,0.251500
1,8,1,1,35,0.252333
1,8,1,1,36,0.252458
1,8,1,1,37,0.252667
1,8,1,1,38,0.253750
1,8,1,1,39,0.253500
1,8,1,1,40,0.252417
1,8,1,1,41,0.254458
1,8,1,1,42,0.252333
1,8,2,2,0,0.249375
1,8,2,2,1,0.249417
1,8,2,2,2,0.250167
1,8,2,2,3,0.249958
1,8,2,2,4,0.249625
1,8,2,2,5,0.250042
1,8,2,2,6,0.250292
1,8,2,2,7,0.248500
1,8,2,2,8,0.248625
1,8,2,2,9,0.250500
1,8,2,2,10,0.250125
1,8,2,2,11,0.250625
1,8,2,2,12,0.251000
1,8,2,2,13,0.245875
1,8,2,2,14,0.248750
1,8,2,2,15,0.250083
1,8,2,2,16,0.250750
1,8,2,2,17,0.250083
1,8,2,2,18,0.249750
1,8,2,2,19,0.249750
1,8,2,2,20,0.251083
1,8,2,2,21,0.251542
1,8,2,2,22,0.254375
1,8,2,2,23,0.261500
1,8,2,2,24,0.251500
1,8,2,2,25,0.250375
1,8,2,2,26,0.249250
1,8,2,2,27,0.250833
1,8,2,2,28,0.248833
1,8,2,2,29,0.250125
1,8,2,2,30,0.247958
1,8,2,2,31,0.249750
1,8,2,2,32,0.250125
1,8,2,2,33,0.250167
1,8,2,2,34,0.249083
1,8,2,2,35,0.249375
1,8,2,2,36,0.250083
1,8,2,2,37,0.250000
1,8,2,2,38,0.248500
1,8,2,2,39,0.249833
1,8,2,2,40,0.251917
1,8,2,2,41,0.249958
1,8,2,2,42,0.250500
1,8,3,0,0,0.249542
1,8,3,0,1,0.249875
1,8,3,0,2,0.249667
1,8,3,0,3,0.249625
1,8,3,0,4,0.250500
1,8,3,0,5,0.250500
1,8,3,0,6,0.249042
1,8,3,0,7,0.250667
1,8,3,0,8,0.250208
1,8,3,0,9,0.249542
1,8,3,0,10,0.250917
1,8,3,0,11,0.251000
1,8,3,0,12,0.250500
1,8,3,0,13,0.249000
1,8,3,0,14,0.250333
1,8,3,0,15,0.250208
1,8,3,0,16,0.250042
1,8,3,0,17,0.249125
1,8,3,0,18,0.249125
1,8,3,0,19,0.249583
1,8,3,0,20,0.250083
1,8,3,0,21,0.250250
1,8,3,0,22,0.249375
1,8,3,0,23,0.251542
1,8,3,0,24,0.248875
1,8,3,0,25,0.250083
1,8,3,0,26,0.250542
1,8,3,0,27,0.250708
1,8,3,0,28,0.249083
1,8,3,0,29,0.250375
1,8,3,0,30,0.250167
1,8,3,0,31,0.249833
1,8,3,0,32,0.250000
1,8,3,0,33,0.250250
1,8,3,0,34,0.250500
1,8,3,0,35,0.249375
1,8,3,0,36,0.249750
1,8,3,0,37,0.248875
1,8,3,0,38,0.251583
1,8,3,0,39,0.250750
1,8,3,0,40,0.250042
1,8,3,0,41,0.249750
1,8,3,0,42,0.250208
1,8,4,128,0,0.815500
1,8,4,128,1,0.814625
1,8,4,128,2,0.814542
1,8,4,128,3,0.812125
1,8,4,128,4,0.815500
1,8,4,128,5,0.816000
1,8,4,128,6,0.815000
1,8,4,128,7,0.816417
1,8,4,128,8,0.814750
1,8,4,128,9,0.815000
1,8,4,128,10,0.814417
1,8,4,128,11,0.815958
1,8,4,128,12,0.814125
1,8,4,128,13,0.809750
1,8,4,128,14,0.815542
1,8,4,128,15,0.814417
1,8,4,128,16,0.815583
1,8,4,128,17,0.815542
1,8,4,128,18,0.815625
1,8,4,128,19,0.816333
1,8,4,128,20,0.814500
1,8,4,128,21,0.815750
1,8,4,128,22,0.815583
1,8,4,128,23,0.814750
1,8,4,128,24,0.814417
1,8,4,128,25,0.815125
1,8,4,128,26,0.815625
1,8,4,128,27,0.814333
1,8,4,128,28,0.816208
1,8,4,128,29,0.814667
1,8,4,128,30,0.815750
1,8,4,128,31,0.814125
1,8,4,128,32,0.815333
1,8,4,128,33,0.815250
1,8,4,128,34,0.815000
1,8,4,128,35,0.814458
1,8,4,128,36,0.814708
1,8,4,128,37,0.814875
1,8,4,128,38,0.815958
1,8,4,128,39,0.815375
1,8,4,128,40,0.817208
1,8,4,128,41,0.774917
1,8,4,128,42,0.815083
1,9,0,128,0,0.816042
1,9,0,128,1,0.814500
1,9,0,128,2,0.814125
1,9,0,128,3,0.816208
1,9,0,128,4,0.815333
1,9,0,128,5,0.814750
1,9,0,128,6,0.816500
1,9,0,128,7,0.816542
1,9,0,128,8,0.815292
1,9,0,128,9,0.814542
1,9,0,128,10,0.820375
1,9,0,128,11,0.814625
1,9,0,128,12,0.815500
1,9,0,128,13,0.816708
1,9,0,128,14,0.814708
1,9,0,128,15,0.815000
1,9,0,128,16,0.815375
1,9,0,128,17,0.815792
1,9,0,128,18,0.814625
1,9,0,128,19,0.815083
1,9,0,128,20,0.815250
1,9,0,128,21,0.814875
1,9,0,128,22,0.816833
1,9,0,128,23,0.815708
1,9,0,128,24,0.815583
1,9,0,128,25,0.816333
1,9,0,128,26,0.814792
1,9,0,128,27,0.816042
1,9,0,128,28,0.815583
1,9,0,128,29,0.815250
1,9,0,128,30,0.822542
1,9,0,128,31,0.779667
1,9,0,128,32,0.815250
1,9,0,128,33,0.815250
1,9,0,128,34,0.814792
1,9,0,128,35,0.816833
1,9,0,128,36,0.815708
1,9,0,128,37,0.814875
1,9,0,128,38,0.816208
1,9,0,128,39,0.814042
1,9,0,128,40,0.815500
1,9,0,128,41,0.814708
1,9,0,128,42,0.814542
1,9,1,32,0,0.369750
1,9,1,32,1,0.369875
1,9,1,32,2,0.359875
1,9,1,32,3,0.369750
1,9,1,32,4,0.370250
1,9,1,32,5,0.369042
1,9,1,32,6,0.370250
1,9,1,32,7,0.370750
1,9,1,32,8,0.367542
1,9,1,32,9,0.370917
1,9,1,32,10,0.371417
1,9,1,32,11,0.369750
1,9,1,32,12,0.370125
1,9,1,32,13,0.352625
1,9,1,32,14,0.367875
1,9,1,32,15,0.369792
1,9,1,32,16,0.369000
1,9,1,32,17,0.370708
1,9,1,32,18,0.364125
1,9,1,32,19,0.366417
1,9,1,32,20,0.369750
1,9,1,32,21,0.367000
1,9,1,32,22,0.369125
1,9,1,32,23,0.366750
1,9,1,32,24,0.361750
1,9,1,32,25,0.370750
1,9,1,32,26,0.368792
1,9,1,32,27,0.368917
1,9,1,32,28,0.370250
1,9,1,32,29,0.372000
1,9,1,32,30,0.370750
1,9,1,32,31,0.370375
1,9,1,32,32,0.367375
1,9,1,32,33,0.370292
1,9,1,32,34,0.369875
1,9,1,32,35,0.370000
1,9,1,32,36,0.370042
1,9,1,32,37,0.372500
1,9,1,32,38,0.369750
1,9,1,32,39,0.369833
1,9,1,32,40,0.367875
1,9,1,32,41,0.369000
1,9,1,32,42,0.369958
1,9,2,1,0,0.253125
1,9,2,1,1,0.250917
1,9,2,1,2,0.253000
1,9,2,1,3,0.252500
1,9,2,1,4,0.253917
1,9,2,1,5,0.252250
1,9,2,1,6,0.253375
1,9,2,1,7,0.252542
1,9,2,1,8,0.253500
1,9,2,1,9,0.253375
1,9,2,1,10,0.252375
1,9,2,1,11,0.251750
1,9,2,1,12,0.252542
1,9,2,1,13,0.248333
1,9,2,1,14,0.254000
1,9,2,1,15,0.252375
1,9,2,1,16,0.253625
1,9,2,1,17,0.248875
1,9,2,1,18,0.252958
1,9,2,1,19,0.251792
1,9,2,1,20,0.253042
1,9,2,1,21,0.252375
1,9,2,1,22,0.252667
1,9,2,1,23,0.252958
1,9,2,1,24,0.253875
1,9,2,1,25,0.253792
1,9,2,1,26,0.251792
1,9,2,1,27,0.251875
1,9,2,1,28,0.251625
1,9,2,1,29,0.253583
1,9,2,1,30,0.252792
1,9,2,1,31,0.252125
1,9,2,1,32,0.252000
1,9,2,1,33,0.253083
1,9,2,1,34,0.252292
1,9,2,1,35,0.253167
1,9,2,1,36,0.250958
1,9,2,1,37,0.252333
1,9,2,1,38,0.252917
1,9,2,1,39,0.252500
1,9,2,1,40,0.252792
1,9,2,1,41,0.252542
1,9,2,1,42,0.251875
1,9,3,2,0,0.250875
1,9,3,2,1,0.250708
1,9,3,2,2,0.249375
1,9,3,2,3,0.249375
1,9,3,2,4,0.250750
1,9,3,2,5,0.250875
1,9,3,2,6,0.250083
1,9,3,2,7,0.250125
1,9,3,2,8,0.249708
1,9,3,2,9,0.249708
1,9,3,2,10,0.250250
1,9,3,2,11,0.250167
1,9,3,2,12,0.251708
1,9,3,2,13,0.247500
1,9,3,2,14,0.250167
1,9,3,2,15,0.251125
1,9,3,2,16,0.251000
1,9,3,2,17,0.249125
1,9,3,2,18,0.250417
1,9,3,2,19,0.249667
1,9,3,2,20,0.249958
1,9,3,2,21,0.249583
1,9,3,2,22,0.250292
1,9,3,2,23,0.251375
1,9,3,2,24,0.250500
1,9,3,2,25,0.250500
1,9,3,2,26,0.250208
1,9,3,2,27,0.250625
1,9,3,2,28,0.252875
1,9,3,2,29,0.249500
1,9,3,2,30,0.249875
1,9,3,2,31,0.247958
1,9,3,2,32,0.250833
1,9,3,2,33,0.252083
1,9,3,2,34,0.253708
1,9,3,2,35,0.248583
1,9,3,2,36,0.250125
1,9,3,2,37,0.250125
1,9,3,2,38,0.249292
1,9,3,2,39,0.250583
1,9,3,2,40,0.251708
1,9,3,2,41,0.250083
1,9,3,2,42,0.251708
1,9,4,0,0,0.249125
1,9,4,0,1,0.249000
1,9,4,0,2,0.249000
1,9,4,0,3,0.249125
1,9,4,0,4,0.250208
1,9,4,0,5,0.250625
1,9,4,0,6,0.250708
1,9,4,0,7,0.249250
1,9,4,0,8,0.249875
1,9,4,0,9,0.248583
1,9,4,0,10,0.250875
1,9,4,0,11,0.250500
1,9,4,0,12,0.249250
1,9,4,0,13,0.247750
1,9,4,0,14,0.249375
1,9,4,0,15,0.248917
1,9,4,0,16,0.250875
1,9,4,0,17,0.247792
1,9,4,0,18,0.249083
1,9,4,0,19,0.250542
1,9,4,0,20,0.250000
1,9,4,0,21,0.248500
1,9,4,0,22,0.249458
1,9,4,0,23,0.249125
1,9,4,0,24,0.249292
1,9,4,0,25,0.251000
1,9,4,0,26,0.250917
1,9,4,0,27,0.249375
1,9,4,0,28,0.250875
1,9,4,0,29,0.249458
1,9,4,0,30,0.248667
1,9,4,0,31,0.249375
1,9,4,0,32,0.250583
1,9,4,0,33,0.251417
1,9,4,0,34,0.250125
1,9,4,0,35,0.250750
1,9,4,0,36,0.250750
1,9,4,0,37,0.249625
1,9,4,0,38,0.249667
1,9,4,0,39,0.250000
1,9,4,0,40,0.250667
1,9,4,0,41,0.249000
1,9,4,0,42,0.250000
1,10,0,0,0,0.249958
1,10,0,0,1,0.249125
1,10,0,0,2,0.249000
1,10,0,0,3,0.249250
1,10,0,0,4,0.251500
1,10,0,0,5,0.249750
1,10,0,0,6,0.250750
1,10,0,0,7,0.249375
1,10,0,0,8,0.249000
1,10,0,0,9,0.250125
1,10,0,0,10,0.249625
1,10,0,0,11,0.250417
1,10,0,0,12,0.251708
1,10,0,0,13,0.246500
1,10,0,0,14,0.248500
1,10,0,0,15,0.249042
1,10,0,0,16,0.249583
1,10,0,0,17,0.249000
1,10,0,0,18,0.248125
1,10,0,0,19,0.248417
1,10,0,0,20,0.249917
1,10,0,0,21,0.248417
1,10,0,0,22,0.249333
1,10,0,0,23,0.250375
1,10,0,0,24,0.248958
1,10,0,0,25,0.250125
1,10,0,0,26,0.250542
1,10,0,0,27,0.250333
1,10,0,0,28,0.253125
1,10,0,0,29,0.253583
1,10,0,0,30,0.253125
1,10,0,0,31,0.250500
1,10,0,0,32,0.249792
1,10,0,0,33,0.249250
1,10,0,0,34,0.249000
1,10,0,0,35,0.250792
1,10,0,0,36,0.249667
1,10,0,0,37,0.250125
1,10,0,0,38,0.249750
1,10,0,0,39,0.248500
1,10,0,0,40,0.250125
1,10,0,0,41,0.248750
1,10,0,0,42,0.249625
1,10,1,2,0,0.250625
1,10,1,2,1,0.251125
1,10,1,2,2,0.248542
1,10,1,2,3,0.249500
1,10,1,2,4,0.249875
1,10,1,2,5,0.250167
1,10,1,2,6,0.250167
1,10,1,2,7,0.250083
1,10,1,2,8,0.249458
1,10,1,2,9,0.248583
1,10,1,2,10,0.248750
1,10,1,2,11,0.250542
1,10,1,2,12,0.250625
1,10,1,2,13,0.245833
1,10,1,2,14,0.248958
1,10,1,2,15,0.250125
1,10,1,2,16,0.249625
1,10,1,2,17,0.248708
1,10,1,2,18,0.249417
1,10,1,2,19,0.249333
1,10,1,2,20,0.249875
1,10,1,2,21,0.249083
1,10,1,2,22,0.249875
1,10,1,2,23,0.250000
1,10,1,2,24,0.249083
1,10,1,2,25,0.249875
1,10,1,2,26,0.250208
1,10,1,2,27,0.249542
1,10,1,2,28,0.249667
1,10,1,2,29,0.248583
1,10,1,2,30,0.248750
1,10,1,2,31,0.249917
1,10,1,2,32,0.249750
1,10,1,2,33,0.250083
1,10,1,2,34,0.250583
1,10,1,2,35,0.250000
1,10,1,2,36,0.250833
1,10,1,2,37,0.249750
1,10,1,2,38,0.249292
1,10,1,2,39,0.250042
1,10,1,2,40,0.251375
1,10,1,2,41,0.249917
1,10,1,2,42,0.249000
1,10,2,1,0,0.253250
1,10,2,1,1,0.251083
1,10,2,1,2,0.253250
1,10,2,1,3,0.253917
1,10,2,1,4,0.251208
1,10,2,1,5,0.252042
1,10,2,1,6,0.253875
1,10,2,1,7,0.252833
1,10,2,1,8,0.251750
1,10,2,1,9,0.253292
1,10,2,1,10,0.252333
1,10,2,1,11,0.252417
1,10,2,1,12,0.252917
1,10,2,1,13,0.248583
1,10,2,1,14,0.252208
1,10,2,1,15,0.251833
1,10,2,1,16,0.252875
1,10,2,1,17,0.253542
1,10,2,1,18,0.252708
1,10,2,1,19,0.253042
1,10,2,1,20,0.252500
1,10,2,1,21,0.253625
1,10,2,1,22,0.254250
1,10,2,1,23,0.259167
1,10,2,1,24,0.261167
1,10,2,1,25,0.253500
1,10,2,1,26,0.252458
1,10,2,1,27,0.252250
1,10,2,1,28,0.252500
1,10,2,1,29,0.253250
1,10,2,1,30,0.252500
1,10,2,1,31,0.252167
1,10,2,1,32,0.252708
1,10,2,1,33,0.252875
1,10,2,1,34,0.253625
1,10,2,1,35,0.254042
1,10,2,1,36,0.252958
1,10,2,1,37,0.252375
1,10,2,1,38,0.251500
1,10,2,1,39,0.251792
1,10,2,1,40,0.253250
1,10,2,1,41,0.252625
1,10,2,1,42,0.253125
1,10,3,32,0,0.369833
1,10,3,32,1,0.364250
1,10,3,32,2,0.368750
1,10,3,32,3,0.368417
1,10,3,32,4,0.369167
1,10,3,32,5,0.368375
1,10,3,32,6,0.368667
1,10,3,32,7,0.370000
1,10,3,32,8,0.366667
1,10,3,32,9,0.369125
1,10,3,32,10,0.369042
1,10,3,32,11,0.368125
1,10,3,32,12,0.369167
1,10,3,32,13,0.358708
1,10,3,32,14,0.368000
1,10,3,32,15,0.369875
1,10,3,32,16,0.368750
1,10,3,32,17,0.369875
1,10,3,32,18,0.369375
1,10,3,32,19,0.369792
1,10,3,32,20,0.370000
1,10,3,32,21,0.364583
1,10,3,32,22,0.369583
1,10,3,32,23,0.371500
1,10,3,32,24,0.369417
1,10,3,32,25,0.368333
1,10,3,32,26,0.370625
1,10,3,32,27,0.369375
1,10,3,32,28,0.368292
1,10,3,32,29,0.368792
1,10,3,32,30,0.368708
1,10,3,32,31,0.369417
1,10,3,32,32,0.369917
1,10,3,32,33,0.370750
1,10,3,32,34,0.369542
1,10,3,32,35,0.369458
1,10,3,32,36,0.365750
1,10,3,32,37,0.371208
1,10,3,32,38,0.366667
1,10,3,32,39,0.364875
1,10,3,32,40,0.369875
1,10,3,32,41,0.370375
1,10,3,32,42,0.369458
1,10,4,128,0,0.815250
1,10,4,128,1,0.821625
1,10,4,128,2,0.805250
1,10,4,128,3,0.778083
1,10,4,128,4,0.813917
1,10,4,128,5,0.815458
1,10,4,128,6,0.815000
1,10,4,128,7,0.814875
1,10,4,128,8,0.815083
1,10,4,128,9,0.814500
1,10,4,128,10,0.814542
1,10,4,128,11,0.814375
1,10,4,128,12,0.814417
1,10,4,128,13,0.809250
1,10,4,128,14,0.814292
1,10,4,128,15,0.815042
1,10,4,128,16,0.814708
1,10,4,128,17,0.814333
1,10,4,128,18,0.814792
1,10,4,128,19,0.814792
1,10,4,128,20,0.814542
1,10,4,128,21,0.817042
1,10,4,128,22,0.815125
1,10,4,128,23,0.815417
1,10,4,128,24,0.816708
1,10,4,128,25,0.814958
1,10,4,128,26,0.815333
1,10,4,128,27,0.815000
1,10,4,128,28,0.815250
1,10,4,128,29,0.815417
1,10,4,128,30,0.816000
1,10,4,128,31,0.886500
1,10,4,128,32,0.840875
1,10,4,128,33,0.815542
1,10,4,128,34,0.816583
1,10,4,128,35,0.822250
1,10,4,128,36,0.775250
1,10,4,128,37,0.853083
1,10,4,128,38,0.814792
1,10,4,128,39,0.814875
1,10,4,128,40,0.815958
1,10,4,128,41,0.814750
1,10,4,128,42,0.814750
1,11,0,2,0,0.249125
1,11,0,2,1,0.248000
1,11,0,2,2,0.249833
1,11,0,2,3,0.250375
1,11,0,2,4,0.250458
1,11,0,2,5,0.250083
1,11,0,2,6,0.285250
1,11,0,2,7,0.251125
1,11,0,2,8,0.249750
1,11,0,2,9,0.251917
1,11,0,2,10,0.253250
1,11,0,2,11,0.251042
1,11,0,2,12,0.250792
1,11,0,2,13,0.247375
1,11,0,2,14,0.248458
1,11,0,2,15,0.249833
1,11,0,2,16,0.250583
1,11,0,2,17,0.249042
1,11,0,2,18,0.249333
1,11,0,2,19,0.248500
1,11,0,2,20,0.250875
1,11,0,2,21,0.248708
1,11,0,2,22,0.250750
1,11,0,2,23,0.250000
1,11,0,2,24,0.248625
1,11,0,2,25,0.250667
1,11,0,2,26,0.250250
1,11,0,2,27,0.250250
1,11,0,2,28,0.249167
1,11,0,2,29,0.249250
1,11,0,2,30,0.249792
1,11,0,2,31,0.249250
1,11,0,2,32,0.250250
1,11,0,2,33,0.249500
1,11,0,2,34,0.249875
1,11,0,2,35,0.251292
1,11,0,2,36,0.250167
1,11,0,2,37,0.250000
1,11,0,2,38,0.249458
1,11,0,2,39,0.251000
1,11,0,2,40,0.250583
1,11,0,2,41,0.248958
1,11,0,2,42,0.249542
1,11,1,1,0,0.252750
1,11,1,1,1,0.253875
1,11,1,1,2,0.253625
1,11,1,1,3,0.252500
1,11,1,1,4,0.253375
1,11,1,1,5,0.253708
1,11,1,1,6,0.253417
1,11,1,1,7,0.253125
1,11,1,1,8,0.251500
1,11,1,1,9,0.253500
1,11,1,1,10,0.251917
1,11,1,1,11,0.253375
1,11,1,1,12,0.253625
1,11,1,1,13,0.245500
1,11,1,1,14,0.249958
1,11,1,1,15,0.253917
1,11,1,1,16,0.254375
1,11,1,1,17,0.255458
1,11,1,1,18,0.255042
1,11,1,1,19,0.254125
1,11,1,1,20,0.254667
1,11,1,1,21,0.252875
1,11,1,1,22,0.253458
1,11,1,1,23,0.254667
1,11,1,1,24,0.253083
1,11,1,1,25,0.253042
1,11,1,1,26,0.253125
1,11,1,1,27,0.253917
1,11,1,1,28,0.253417
1,11,1,1,29,0.251458
1,11,1,1,30,0.252875
1,11,1,1,31,0.251792
1,11,1,1,32,0.250208
1,11,1,1,33,0.253083
1,11,1,1,34,0.252375
1,11,1,1,35,0.252250
1,11,1,1,36,0.253375
1,11,1,1,37,0.252333
1,11,1,1,38,0.253333
1,11,1,1,39,0.252583
1,11,1,1,40,0.253125
1,11,1,1,41,0.253125
1,11,1,1,42,0.252500
1,11,2,32,0,0.370000
1,11,2,32,1,0.370208
1,11,2,32,2,0.359083
1,11,2,32,3,0.368333
1,11,2,32,4,0.369125
1,11,2,32,5,0.365583
1,11,2,32,6,0.370750
1,11,2,32,7,0.368875
1,11,2,32,8,0.370000
1,11,2,32,9,0.369417
1,11,2,32,10,0.370208
1,11,2,32,11,0.370917
1,11,2,32,12,0.370708
1,11,2,32,13,0.348667
1,11,2,32,14,0.368417
1,11,2,32,15,0.367375
1,11,2,32,16,0.370083
1,11,2,32,17,0.370792
1,11,2,32,18,0.369500
1,11,2,32,19,0.369625
1,11,2,32,20,0.368167
1,11,2,32,21,0.368500
1,11,2,32,22,0.369125
1,11,2,32,23,0.371167
1,11,2,32,24,0.368750
1,11,2,32,25,0.369000
1,11,2,32,26,0.370500
1,11,2,32,27,0.368375
1,11,2,32,28,0.366750
1,11,2,32,29,0.367000
1,11,2,32,30,0.372292
1,11,2,32,31,0.369583
1,11,2,32,32,0.394625
1,11,2,32,33,0.369042
1,11,2,32,34,0.369875
1,11,2,32,35,0.368417
1,11,2,32,36,0.370250
1,11,2,32,37,0.369667
1,11,2,32,38,0.369833
1,11,2,32,39,0.368500
1,11,2,32,40,0.369042
1,11,2,32,41,0.370375
1,11,2,32,42,0.371000
1,11,3,128,0,0.822125
1,11,3,128,1,0.814417
1,11,3,128,2,0.814917
1,11,3,128,3,0.814375
1,11,3,128,4,0.814792
1,11,3,128,5,0.816000
1,11,3,128,6,0.814125
1,11,3,128,7,0.814375
1,11,3,128,8,0.814542
1,11,3,128,9,0.814625
1,11,3,128,10,0.815708
1,11,3,128,11,0.815083
1,11,3,128,12,0.815250
1,11,3,128,13,0.809000
1,11,3,128,14,0.814750
1,11,3,128,15,0.815333
1,11,3,128,16,0.817708
1,11,3,128,17,0.815125
1,11,3,128,18,0.814667
1,11,3,128,19,0.816333
1,11,3,128,20,0.815208
1,11,3,128,21,0.814458
1,11,3,128,22,0.815875
1,11,3,128,23,0.816375
1,11,3,128,24,0.815000
1,11,3,128,25,0.816250
1,11,3,128,26,0.815125
1,11,3,128,27,0.814458
1,11,3,128,28,0.815792
1,11,3,128,29,0.815833
1,11,3,128,30,0.815958
1,11,3,128,31,0.814750
1,11,3,128,32,0.815167
1,11,3,128,33,0.815083
1,11,3,128,34,0.819917
1,11,3,128,35,0.780250
1,11,3,128,36,0.814875
1,11,3,128,37,0.814958
1,11,3,128,38,0.815458
1,11,3,128,39,0.815125
1,11,3,128,40,0.815333
1,11,3,128,41,0.814250
1,11,3,128,42,0.813792
1,11,4,0,0,0.249625
1,11,4,0,1,0.249542
1,11,4,0,2,0.249708
1,11,4,0,3,0.249125
1,11,4,0,4,0.250500
1,11,4,0,5,0.250000
1,11,4,0,6,0.250625
1,11,4,0,7,0.251167
1,11,4,0,8,0.250375
1,11,4,0,9,0.249458
1,11,4,0,10,0.250167
1,11,4,0,11,0.249000
1,11,4,0,12,0.251250
1,11,4,0,13,0.249917
1,11,4,0,14,0.249167
1,11,4,0,15,0.250292
1,11,4,0,16,0.250000
1,11,4,0,17,0.249750
1,11,4,0,18,0.248750
1,11,4,0,19,0.249500
1,11,4,0,20,0.251083
1,11,4,0,21,0.249625
1,11,4,0,22,0.251250
1,11,4,0,23,0.248625
1,11,4,0,24,0.250167
1,11,4,0,25,0.249792
1,11,4,0,26,0.250750
1,11,4,0,27,0.249417
1,11,4,0,28,0.249875
1,11,4,0,29,0.248917
1,11,4,0,30,0.249583
1,11,4,0,31,0.249792
1,11,4,0,32,0.250375
1,11,4,0,33,0.248000
1,11,4,0,34,0.251083
1,11,4,0,35,0.250167
1,11,4,0,36,0.250208
1,11,4,0,37,0.250292
1,11,4,0,38,0.249708
1,11,4,0,39,0.251083
1,11,4,0,40,0.250292
1,11,4,0,41,0.249375
1,11,4,0,42,0.250167
1,12,0,1,0,0.253125
1,12,0,1,1,0.253500
1,12,0,1,2,0.250958
1,12,0,1,3,0.253500
1,12,0,1,4,0.253833
1,12,0,1,5,0.252875
1,12,0,1,6,0.251542
1,12,0,1,7,0.253625
1,12,0,1,8,0.252833
1,12,0,1,9,0.254083
1,12,0,1,10,0.254125
1,12,0,1,11,0.253333
1,12,0,1,12,0.252625
1,12,0,1,13,0.249875
1,12,0,1,14,0.250583
1,12,0,1,15,0.255250
1,12,0,1,16,0.257667
1,12,0,1,17,0.255125
1,12,0,1,18,0.253833
1,12,0,1,19,0.251375
1,12,0,1,20,0.252958
1,12,0,1,21,0.252500
1,12,0,1,22,0.252125
1,12,0,1,23,0.251958
1,12,0,1,24,0.253458
1,12,0,1,25,0.252958
1,12,0,1,26,0.253500
1,12,0,1,27,0.254625
1,12,0,1,28,0.252125
1,12,0,1,29,0.252958
1,12,0,1,30,0.252083
1,12,0,1,31,0.252792
1,12,0,1,32,0.253250
1,12,0,1,33,0.252750
1,12,0,1,34,0.252833
1,12,0,1,35,0.252500
1,12,0,1,36,0.252708
1,12,0,1,37,0.253500
1,12,0,1,38,0.252125
1,12,0,1,39,0.253000
1,12,0,1,40,0.252583
1,12,0,1,41,0.254000
1,12,0,1,42,0.253292
1,12,1,32,0,0.369625
1,12,1,32,1,0.368875
1,12,1,32,2,0.362375
1,12,1,32,3,0.365417
1,12,1,32,4,0.366875
1,12,1,32,5,0.369125
1,12,1,32,6,0.368833
1,12,1,32,7,0.369292
1,12,1,32,8,0.366458
1,12,1,32,9,0.366250
1,12,1,32,10,0.371125
1,12,1,32,11,0.365625
1,12,1,32,12,0.368000
1,12,1,32,13,0.353500
1,12,1,32,14,0.368375
1,12,1,32,15,0.370375
1,12,1,32,16,0.369333
1,12,1,32,17,0.370458
1,12,1,32,18,0.363000
1,12,1,32,19,0.370375
1,12,1,32,20,0.363167
1,12,1,32,21,0.369750
1,12,1,32,22,0.370792
1,12,1,32,23,0.366625
1,12,1,32,24,0.369625
1,12,1,32,25,0.369542
1,12,1,32,26,0.371750
1,12,1,32,27,0.370375
1,12,1,32,28,0.370958
1,12,1,32,29,0.360958
1,12,1,32,30,0.370167
1,12,1,32,31,0.368375
1,12,1,32,32,0.370125
1,12,1,32,33,0.366625
1,12,1,32,34,0.365750
1,12,1,32,35,0.372167
1,12,1,32,36,0.367958
1,12,1,32,37,0.367250
1,12,1,32,38,0.369208
1,12,1,32,39,0.368250
1,12,1,32,40,0.374750
1,12,1,32,41,0.367625
1,12,1,32,42,0.367625
1,12,2,128,0,0.815917
1,12,2,128,1,0.815625
1,12,2,128,2,0.814917
1,12,2,128,3,0.815417
1,12,2,128,4,0.815000
1,12,2,128,5,0.814625
1,12,2,128,6,0.816000
1,12,2,128,7,0.814208
1,12,2,128,8,0.814875
1,12,2,128,9,0.816000
1,12,2,128,10,0.815833
1,12,2,128,11,0.816375
1,12,2,128,12,0.814875
1,12,2,128,13,0.811000
1,12,2,128,14,0.814333
1,12,2,128,15,0.859208
1,12,2,128,16,0.971917
1,12,2,128,17,0.814625
1,12,2,128,18,0.816000
1,12,2,128,19,0.813833
1,12,2,128,20,0.814792
1,12,2,128,21,0.815750
1,12,2,128,22,0.843125
1,12,2,128,23,0.815667
1,12,2,128,24,0.814625
1,12,2,128,25,0.814833
1,12,2,128,26,0.815500
1,12,2,128,27,0.816875
1,12,2,128,28,0.814542
1,12,2,128,29,0.817250
1,12,2,128,30,0.815625
1,12,2,128,31,0.814542
1,12,2,128,32,0.815333
1,12,2,128,33,0.818042
1,12,2,128,34,0.814875
1,12,2,128,35,0.816375
1,12,2,128,36,0.814583
1,12,2,128,37,0.816500
1,12,2,128,38,0.815125
1,12,2,128,39,0.811000
1,12,2,128,40,0.814625
1,12,2,128,41,0.814750
1,12,2,128,42,0.815667
1,12,3,0,0,0.251833
1,12,3,0,1,0.250042
1,12,3,0,2,0.249250
1,12,3,0,3,0.249042
1,12,3,0,4,0.250208
1,12,3,0,5,0.250167
1,12,3,0,6,0.249708
1,12,3,0,7,0.249750
1,12,3,0,8,0.249542
1,12,3,0,9,0.250250
1,12,3,0,10,0.260833
1,12,3,0,11,0.249083
1,12,3,0,12,0.250250
1,12,3,0,13,0.248625
1,12,3,0,14,0.249292
1,12,3,0,15,0.250542
1,12,3,0,16,0.251125
1,12,3,0,17,0.249125
1,12,3,0,18,0.248750
1,12,3,0,19,0.249250
1,12,3,0,20,0.250708
1,12,3,0,21,0.247875
1,12,3,0,22,0.251000
1,12,3,0,23,0.249750
1,12,3,0,24,0.250375
1,12,3,0,25,0.250875
1,12,3,0,26,0.247500
1,12,3,0,27,0.250125
1,12,3,0,28,0.250000
1,12,3,0,29,0.250125
1,12,3,0,30,0.249583
1,12,3,0,31,0.251625
1,12,3,0,32,0.250250
1,12,3,0,33,0.249750
1,12,3,0,34,0.248875
1,12,3,0,35,0.251125
1,12,3,0,36,0.250500
1,12,3,0,37,0.250250
1,12,3,0,38,0.249792
1,12,3,0,39,0.250500
1,12,3,0,40,0.250208
1,12,3,0,41,0.250000
1,12,3,0,42,0.248417
1,12,4,2,0,0.248708
1,12,4,2,1,0.250083
1,12,4,2,2,0.249000
1,12,4,2,3,0.249625
1,12,4,2,4,0.249500
1,12,4,2,5,0.249083
1,12,4,2,6,0.250375
1,12,4,2,7,0.248750
1,12,4,2,8,0.249375
1,12,4,2,9,0.250750
1,12,4,2,10,0.251625
1,12,4,2,11,0.249250
1,12,4,2,12,0.249417
1,12,4,2,13,0.249375
1,12,4,2,14,0.251792
1,12,4,2,15,0.263625
1,12,4,2,16,0.251750
1,12,4,2,17,0.249917
1,12,4,2,18,0.248667
1,12,4,2,19,0.249375
1,12,4,2,20,0.249458
1,12,4,2,21,0.248292
1,12,4,2,22,0.250667
1,12,4,2,23,0.249875
1,12,4,2,24,0.248750
1,12,4,2,25,0.250500
1,12,4,2,26,0.250542
1,12,4,2,27,0.249667
1,12,4,2,28,0.250500
1,12,4,2,29,0.250042
1,12,4,2,30,0.246917
1,12,4,2,31,0.249000
1,12,4,2,32,0.250875
1,12,4,2,33,0.249667
1,12,4,2,34,0.250333
1,12,4,2,35,0.249375
1,12,4,2,36,0.251625
1,12,4,2,37,0.250625
1,12,4,2,38,0.250625
1,12,4,2,39,0.251000
1,12,4,2,40,0.251375
1,12,4,2,41,0.250667
1,12,4,2,42,0.250292
1,13,0,32,0,0.368250
1,13,0,32,1,0.371750
1,13,0,32,2,0.369208
1,13,0,32,3,0.367708
1,13,0,32,4,0.370625
1,13,0,32,5,0.369958
1,13,0,32,6,0.367125
1,13,0,32,7,0.369750
1,13,0,32,8,0.370583
1,13,0,32,9,0.370375
1,13,0,32,10,0.370125
1,13,0,32,11,0.370625
1,13,0,32,12,0.370750
1,13,0,32,13,0.355292
1,13,0,32,14,0.365250
1,13,0,32,15,0.370375
1,13,0,32,16,0.371750
1,13,0,32,17,0.368333
1,13,0,32,18,0.372542
1,13,0,32,19,0.369500
1,13,0,32,20,0.382875
1,13,0,32,21,0.366500
1,13,0,32,22,0.382875
1,13,0,32,23,0.360000
1,13,0,32,24,0.370917
1,13,0,32,25,0.366750
1,13,0,32,26,0.369292
1,13,0,32,27,0.369500
1,13,0,32,28,0.362292
1,13,0,32,29,0.367375
1,13,0,32,30,0.368625
1,13,0,32,31,0.372875
1,13,0,32,32,0.369417
1,13,0,32,33,0.373250
1,13,0,32,34,0.363250
1,13,0,32,35,0.362708
1,13,0,32,36,0.371250
1,13,0,32,37,0.370500
1,13,0,32,38,0.370875
1,13,0,32,39,0.367417
1,13,0,32,40,0.372917
1,13,0,32,41,0.371250
1,13,0,32,42,0.370875
1,13,1,128,0,0.816417
1,13,1,128,1,0.815375
1,13,1,128,2,0.814292
1,13,1,128,3,0.814625
1,13,1,128,4,0.814458
1,13,1,128,5,0.815000
1,13,1,128,6,0.815125
1,13,1,128,7,0.815542
1,13,1,128,8,0.815125
1,13,1,128,9,0.816000
1,13,1,128,10,0.816458
1,13,1,128,11,0.815333
1,13,1,128,12,0.815333
1,13,1,128,13,0.815000
1,13,1,128,14,0.814250
1,13,1,128,15,0.814958
1,13,1,128,16,0.815042
1,13,1,128,17,0.814500
1,13,1,128,18,0.814875
1,13,1,128,19,0.815333
1,13,1,128,20,0.815125
1,13,1,128,21,0.814500
1,13,1,128,22,0.814875
1,13,1,128,23,0.815125
1,13,1,128,24,0.814958
1,13,1,128,25,0.815708
1,13,1,128,26,0.815750
1,13,1,128,27,0.815042
1,13,1,128,28,0.815625
1,13,1,128,29,0.814875
1,13,1,128,30,0.815667
1,13,1,128,31,0.816333
1,13,1,128,32,0.817458
1,13,1,128,33,0.823750
1,13,1,128,34,0.775833
1,13,1,128,35,0.815542
1,13,1,128,36,0.815292
1,13,1,128,37,0.814167
1,13,1,128,38,0.814792
1,13,1,128,39,0.814708
1,13,1,128,40,0.814625
1,13,1,128,41,0.816000
1,13,1,128,42,0.815125
1,13,2,0,0,0.250500
1,13,2,0,1,0.250083
1,13,2,0,2,0.248875
1,13,2,0,3,0.249500
1,13,2,0,4,0.251625
1,13,2,0,5,0.247458
1,13,2,0,6,0.249750
1,13,2,0,7,0.250083
1,13,2,0,8,0.250417
1,13,2,0,9,0.248000
1,13,2,0,10,0.249583
1,13,2,0,11,0.251250
1,13,2,0,12,0.249875
1,13,2,0,13,0.247625
1,13,2,0,14,0.250250
1,13,2,0,15,0.250375
1,13,2,0,16,0.250208
1,13,2,0,17,0.248375
1,13,2,0,18,0.248792
1,13,2,0,19,0.249500
1,13,2,0,20,0.250083
1,13,2,0,21,0.249875
1,13,2,0,22,0.250208
1,13,2,0,23,0.250625
1,13,2,0,24,0.250375
1,13,2,0,25,0.249125
1,13,2,0,26,0.250000
1,13,2,0,27,0.249000
1,13,2,0,28,0.249667
1,13,2,0,29,0.249625
1,13,2,0,30,0.249125
1,13,2,0,31,0.247792
1,13,2,0,32,0.250000
1,13,2,0,33,0.250250
1,13,2,0,34,0.250708
1,13,2,0,35,0.249875
1,13,2,0,36,0.248958
1,13,2,0,37,0.249833
1,13,2,0,38,0.249667
1,13,2,0,39,0.249875
1,13,2,0,40,0.250750
1,13,2,0,41,0.248750
1,13,2,0,42,0.249667
1,13,3,2,0,0.249833
1,13,3,2,1,0.250042
1,13,3,2,2,0.246875
1,13,3,2,3,0.248917
1,13,3,2,4,0.250125
1,13,3,2,5,0.248750
1,13,3,2,6,0.249000
1,13,3,2,7,0.250375
1,13,3,2,8,0.249000
1,13,3,2,9,0.249375
1,13,3,2,10,0.249792
1,13,3,2,11,0.250500
1,13,3,2,12,0.249583
1,13,3,2,13,0.248042
1,13,3,2,14,0.250250
1,13,3,2,15,0.251375
1,13,3,2,16,0.253917
1,13,3,2,17,0.252667
1,13,3,2,18,0.249958
1,13,3,2,19,0.249125
1,13,3,2,20,0.251792
1,13,3,2,21,0.251667
1,13,3,2,22,0.251875
1,13,3,2,23,0.251125
1,13,3,2,24,0.249958
1,13,3,2,25,0.250750
1,13,3,2,26,0.250667
1,13,3,2,27,0.249750
1,13,3,2,28,0.248750
1,13,3,2,29,0.249917
1,13,3,2,30,0.248875
1,13,3,2,31,0.249708
1,13,3,2,32,0.250542
1,13,3,2,33,0.249292
1,13,3,2,34,0.249958
1,13,3,2,35,0.250250
1,13,3,2,36,0.249333
1,13,3,2,37,0.249375
1,13,3,2,38,0.251125
1,13,3,2,39,0.250083
1,13,3,2,40,0.249625
1,13,3,2,41,0.250375
1,13,3,2,42,0.248750
1,13,4,1,0,0.253750
1,13,4,1,1,0.251083
1,13,4,1,2,0.253208
1,13,4,1,3,0.250750
1,13,4,1,4,0.253417
1,13,4,1,5,0.253125
1,13,4,1,6,0.253292
1,13,4,1,7,0.253500
1,13,4,1,8,0.251000
1,13,4,1,9,0.251750
1,13,4,1,10,0.254375
1,13,4,1,11,0.252167
1,13,4,1,12,0.253625
1,13,4,1,13,0.247625
1,13,4,1,14,0.252458
1,13,4,1,15,0.252708
1,13,4,1,16,0.253292
1,13,4,1,17,0.252708
1,13,4,1,18,0.255375
1,13,4,1,19,0.251250
1,13,4,1,20,0.252625
1,13,4,1,21,0.252417
1,13,4,1,22,0.253542
1,13,4,1,23,0.252750
1,13,4,1,24,0.252417
1,13,4,1,25,0.250750
1,13,4,1,26,0.252958
1,13,4,1,27,0.253500
1,13,4,1,28,0.253292
1,13,4,1,29,0.253375
1,13,4,1,30,0.253458
1,13,4,1,31,0.252875
1,13,4,1,32,0.254292
1,13,4,1,33,0.252583
1,13,4,1,34,0.253375
1,13,4,1,35,0.253333
1,13,4,1,36,0.253208
1,13,4,1,37,0.253542
1,13,4,1,38,0.253750
1,13,4,1,39,0.252083
1,13,4,1,40,0.251375
1,13,4,1,41,0.252542
1,13,4,1,42,0.252500
1,14,0,128,0,0.815708
1,14,0,128,1,0.815542
1,14,0,128,2,0.815542
1,14,0,128,3,0.817667
1,14,0,128,4,0.818458
1,14,0,128,5,0.814250
1,14,0,128,6,0.815125
1,14,0,128,7,0.814625
1,14,0,128,8,0.815292
1,14,0,128,9,0.814792
1,14,0,128,10,0.814833
1,14,0,128,11,0.815583
1,14,0,128,12,0.814875
1,14,0,128,13,0.803250
1,14,0,128,14,0.816125
1,14,0,128,15,0.815500
1,14,0,128,16,0.814958
1,14,0,128,17,0.816292
1,14,0,128,18,0.817083
1,14,0,128,19,0.816125
1,14,0,128,20,0.814708
1,14,0,128,21,0.814833
1,14,0,128,22,0.815250
1,14,0,128,23,0.815167
1,14,0,128,24,0.815500
1,14,0,128,25,0.814625
1,14,0,128,26,0.814708
1,14,0,128,27,0.816958
1,14,0,128,28,0.810750
1,14,0,128,29,0.815458
1,14,0,128,30,0.816083
1,14,0,128,31,0.816125
1,14,0,128,32,0.815167
1,14,0,128,33,0.815500
1,14,0,128,34,0.815625
1,14,0,128,35,0.814625
1,14,0,128,36,0.814750
1,14,0,128,37,0.814917
1,14,0,128,38,0.817333
1,14,0,128,39,0.819833
1,14,0,128,40,0.812333
1,14,0,128,41,0.815125
1,14,0,128,42,0.815250
1,14,1,0,0,0.250083
1,14,1,0,1,0.250125
1,14,1,0,2,0.248708
1,14,1,0,3,0.249292
1,14,1,0,4,0.250583
1,14,1,0,5,0.251000
1,14,1,0,6,0.250375
1,14,1,0,7,0.249500
1,14,1,0,8,0.249750
1,14,1,0,9,0.249333
1,14,1,0,10,0.251542
1,14,1,0,11,0.251042
1,14,1,0,12,0.251625
1,14,1,0,13,0.248125
1,14,1,0,14,0.249250
1,14,1,0,15,0.249375
1,14,1,0,16,0.251000
1,14,1,0,17,0.249625
1,14,1,0,18,0.250500
1,14,1,0,19,0.250125
1,14,1,0,20,0.250708
1,14,1,0,21,0.250167
1,14,1,0,22,0.250625
1,14,1,0,23,0.250958
1,14,1,0,24,0.249000
1,14,1,0,25,0.249458
1,14,1,0,26,0.250000
1,14,1,0,27,0.249667
1,14,1,0,28,0.251542
1,14,1,0,29,0.250667
1,14,1,0,30,0.249375
1,14,1,0,31,0.252083
1,14,1,0,32,0.248208
1,14,1,0,33,0.249750
1,14,1,0,34,0.251042
1,14,1,0,35,0.251500
1,14,1,0,36,0.249417
1,14,1,0,37,0.249375
1,14,1,0,38,0.251125
1,14,1,0,39,0.249625
1,14,1,0,40,0.250500
1,14,1,0,41,0.248708
1,14,1,0,42,0.248750
1,14,2,2,0,0.249167
1,14,2,2,1,0.250167
1,14,2,2,2,0.250375
1,14,2,2,3,0.248875
1,14,2,2,4,0.250708
1,14,2,2,5,0.248500
1,14,2,2,6,0.250208
1,14,2,2,7,0.252000
1,14,2,2,8,0.248625
1,14,2,2,9,0.249250
1,14,2,2,10,0.250125
1,14,2,2,11,0.257458
1,14,2,2,12,0.249208
1,14,2,2,13,0.247875
1,14,2,2,14,0.249750
1,14,2,2,15,0.249875
1,14,2,2,16,0.249458
1,14,2,2,17,0.249208
1,14,2,2,18,0.249875
1,14,2,2,19,0.248958
1,14,2,2,20,0.249750
1,14,2,2,21,0.249250
1,14,2,2,22,0.250792
1,14,2,2,23,0.248708
1,14,2,2,24,0.251208
1,14,2,2,25,0.270375
1,14,2,2,26,0.284417
1,14,2,2,27,0.251750
1,14,2,2,28,0.249625
1,14,2,2,29,0.251125
1,14,2,2,30,0.250042
1,14,2,2,31,0.248917
1,14,2,2,32,0.250000
1,14,2,2,33,0.250000
1,14,2,2,34,0.250833
1,14,2,2,35,0.248792
1,14,2,2,36,0.247958
1,14,2,2,37,0.251042
1,14,2,2,38,0.250000
1,14,2,2,39,0.250708
1,14,2,2,40,0.250708
1,14,2,2,41,0.249375
1,14,2,2,42,0.249750
1,14,3,1,0,0.252375
1,14,3,1,1,0.252250
1,14,3,1,2,0.252667
1,14,3,1,3,0.253417
1,14,3,1,4,0.253208
1,14,3,1,5,0.259000
1,14,3,1,6,0.252375
1,14,3,1,7,0.253125
1,14,3,1,8,0.252292
1,14,3,1,9,0.254125
1,14,3,1,10,0.251875
1,14,3,1,11,0.252000
1,14,3,1,12,0.250000
1,14,3,1,13,0.246292
1,14,3,1,14,0.251000
1,14,3,1,15,0.250208
1,14,3,1,16,0.253625
1,14,3,1,17,0.253125
1,14,3,1,18,0.253250
1,14,3,1,19,0.252750
1,14,3,1,20,0.252625
1,14,3,1,21,0.249333
1,14,3,1,22,0.253917
1,14,3,1,23,0.253458
1,14,3,1,24,0.264917
1,14,3,1,25,0.252500
1,14,3,1,26,0.252208
1,14,3,1,27,0.270292
1,14,3,1,28,0.249917
1,14,3,1,29,0.253375
1,14,3,1,30,0.253375
1,14,3,1,31,0.253250
1,14,3,1,32,0.253417
1,14,3,1,33,0.253542
1,14,3,1,34,0.252333
1,14,3,1,35,0.253250
1,14,3,1,36,0.253500
1,14,3,1,37,0.253750
1,14,3,1,38,0.253958
1,14,3,1,39,0.253250
1,14,3,1,40,0.254750
1,14,3,1,41,0.251542
1,14,3,1,42,0.252542
1,14,4,32,0,0.371125
1,14,4,32,1,0.371292
1,14,4,32,2,0.369500
1,14,4,32,3,0.367833
1,14,4,32,4,0.369875
1,14,4,32,5,0.371375
1,14,4,32,6,0.362417
1,14,4,32,7,0.368792
1,14,4,32,8,0.368667
1,14,4,32,9,0.370125
1,14,4,32,10,0.368333
1,14,4,32,11,0.370458
1,14,4,32,12,0.369750
1,14,4,32,13,0.357375
1,14,4,32,14,0.370500
1,14,4,32,15,0.368625
1,14,4,32,16,0.369500
1,14,4,32,17,0.370875
1,14,4,32,18,0.369792
1,14,4,32,19,0.370458
1,14,4,32,20,0.370042
1,14,4,32,21,0.370333
1,14,4,32,22,0.371333
1,14,4,32,23,0.370375
1,14,4,32,24,0.371667
1,14,4,32,25,0.370542
1,14,4,32,26,0.368542
1,14,4,32,27,0.369000
1,14,4,32,28,0.348000
1,14,4,32,29,0.367417
1,14,4,32,30,0.371500
1,14,4,32,31,0.369375
1,14,4,32,32,0.366750
1,14,4,32,33,0.370667
1,14,4,32,34,0.362750
1,14,4,32,35,0.371167
1,14,4,32,36,0.370250
1,14,4,32,37,0.360875
1,14,4,32,38,0.370000
1,14,4,32,39,0.368750
1,14,4,32,40,0.370125
1,14,4,32,41,0.371792
1,14,4,32,42,0.369542
1,15,0,0,0,0.250250
1,15,0,0,1,0.250500
1,15,0,0,2,0.250667
1,15,0,0,3,0.249042
1,15,0,0,4,0.249417
1,15,0,0,5,0.250375
1,15,0,0,6,0.249792
1,15,0,0,7,0.250375
1,15,0,0,8,0.250250
1,15,0,0,9,0.250792
1,15,0,0,10,0.250625
1,15,0,0,11,0.249375
1,15,0,0,12,0.248125
1,15,0,0,13,0.247458
1,15,0,0,14,0.248708
1,15,0,0,15,0.250375
1,15,0,0,16,0.251208
1,15,0,0,17,0.248625
1,15,0,0,18,0.249833
1,15,0,0,19,0.249375
1,15,0,0,20,0.249833
1,15,0,0,21,0.250625
1,15,0,0,22,0.250250
1,15,0,0,23,0.249375
1,15,0,0,24,0.250000
1,15,0,0,25,0.249500
1,15,0,0,26,0.249500
1,15,0,0,27,0.248917
1,15,0,0,28,0.248792
1,15,0,0,29,0.252083
1,15,0,0,30,0.250125
1,15,0,0,31,0.250542
1,15,0,0,32,0.249958
1,15,0,0,33,0.250250
1,15,0,0,34,0.251083
1,15,0,0,35,0.250208
1,15,0,0,36,0.249417
1,15,0,0,37,0.249250
1,15,0,0,38,0.250000
1,15,0,0,39,0.251125
1,15,0,0,40,0.250708
1,15,0,0,41,0.250750
1,15,0,0,42,0.250000
1,15,1,128,0,0.815958
1,15,1,128,1,0.814625
1,15,1,128,2,0.815292
1,15,1,128,3,0.816167
1,15,1,128,4,0.814125
1,15,1,128,5,0.815125
1,15,1,128,6,0.815000
1,15,1,128,7,0.815458
1,15,1,128,8,0.815625
1,15,1,128,9,0.814083
1,15,1,128,10,0.815750
1,15,1,128,11,0.813708
1,15,1,128,12,0.814500
1,15,1,128,13,0.804792
1,15,1,128,14,0.815625
1,15,1,128,15,0.816792
1,15,1,128,16,0.815500
1,15,1,128,17,0.815000
1,15,1,128,18,0.813875
1,15,1,128,19,0.815500
1,15,1,128,20,0.814500
1,15,1,128,21,0.815958
1,15,1,128,22,0.814333
1,15,1,128,23,0.814167
1,15,1,128,24,0.815083
1,15,1,128,25,0.815500
1,15,1,128,26,0.814375
1,15,1,128,27,0.814542
1,15,1,128,28,0.815125
1,15,1,128,29,0.815375
1,15,1,128,30,0.815583
1,15,1,128,31,0.815208
1,15,1,128,32,0.814000
1,15,1,128,33,0.814250
1,15,1,128,34,0.822875
1,15,1,128,35,0.777875
1,15,1,128,36,0.814208
1,15,1,128,37,0.814625
1,15,1,128,38,0.815167
1,15,1,128,39,0.815167
1,15,1,128,40,0.815333
1,15,1,128,41,0.815458
1,15,1,128,42,0.815500
1,15,2,32,0,0.368833
1,15,2,32,1,0.372042
1,15,2,32,2,0.372375
1,15,2,32,3,0.369042
1,15,2,32,4,0.369000
1,15,2,32,5,0.368250
1,15,2,32,6,0.369875
1,15,2,32,7,0.370000
1,15,2,32,8,0.368875
1,15,2,32,9,0.367667
1,15,2,32,10,0.371375
1,15,2,32,11,0.366125
1,15,2,32,12,0.362292
1,15,2,32,13,0.356458
1,15,2,32,14,0.370083
1,15,2,32,15,0.367667
1,15,2,32,16,0.371792
1,15,2,32,17,0.370000
1,15,2,32,18,0.368792
1,15,2,32,19,0.371417
1,15,2,32,20,0.368375
1,15,2,32,21,0.367542
1,15,2,32,22,0.369667
1,15,2,32,23,0.367375
1,15,2,32,24,0.370417
1,15,2,32,25,0.368375
1,15,2,32,26,0.368125
1,15,2,32,27,0.369125
1,15,2,32,28,0.365458
1,15,2,32,29,0.367375
1,15,2,32,30,0.370167
1,15,2,32,31,0.363375
1,15,2,32,32,0.368875
1,15,2,32,33,0.371250
1,15,2,32,34,0.364625
1,15,2,32,35,0.371250
1,15,2,32,36,0.369167
1,15,2,32,37,0.366875
1,15,2,32,38,0.369583
1,15,2,32,39,0.371000
1,15,2,32,40,0.369125
1,15,2,32,41,0.368292
1,15,2,32,42,0.366583
1,15,3,1,0,0.251917
1,15,3,1,1,0.252250
1,15,3,1,2,0.252792
1,15,3,1,3,0.249875
1,15,3,1,4,0.251875
1,15,3,1,5,0.255000
1,15,3,1,6,0.256750
1,15,3,1,7,0.255000
1,15,3,1,8,0.253792
1,15,3,1,9,0.253167
1,15,3,1,10,0.252458
1,15,3,1,11,0.252167
1,15,3,1,12,0.251958
1,15,3,1,13,0.248250
1,15,3,1,14,0.255000
1,15,3,1,15,0.252125
1,15,3,1,16,0.253042
1,15,3,1,17,0.252375
1,15,3,1,18,0.252875
1,15,3,1,19,0.253083
1,15,3,1,20,0.254167
1,15,3,1,21,0.253250
1,15,3,1,22,0.253250
1,15,3,1,23,0.253250
1,15,3,1,24,0.250333
1,15,3,1,25,0.271792
1,15,3,1,26,0.252750
1,15,3,1,27,0.253625
1,15,3,1,28,0.253542
1,15,3,1,29,0.254500
1,15,3,1,30,0.250375
1,15,3,1,31,0.253625
1,15,3,1,32,0.252125
1,15,3,1,33,0.254125
1,15,3,1,34,0.253042
1,15,3,1,35,0.252667
1,15,3,1,36,0.253417
1,15,3,1,37,0.253125
1,15,3,1,38,0.254750
1,15,3,1,39,0.253000
1,15,3,1,40,0.249708
1,15,3,1,41,0.254042
1,15,3,1,42,0.324250
1,15,4,2,0,0.250083
1,15,4,2,1,0.250875
1,15,4,2,2,0.249833
1,15,4,2,3,0.249375
1,15,4,2,4,0.251000
1,15,4,2,5,0.251250
1,15,4,2,6,0.249875
1,15,4,2,7,0.249583
1,15,4,2,8,0.249250
1,15,4,2,9,0.248500
1,15,4,2,10,0.250458
1,15,4,2,11,0.249250
1,15,4,2,12,0.249500
1,15,4,2,13,0.247375
1,15,4,2,14,0.249375
1,15,4,2,15,0.251250
1,15,4,2,16,0.249458
1,15,4,2,17,0.252792
1,15,4,2,18,0.249750
1,15,4,2,19,0.249750
1,15,4,2,20,0.250125
1,15,4,2,21,0.249500
1,15,4,2,22,0.250250
1,15,4,2,23,0.250500
1,15,4,2,24,0.249625
1,15,4,2,25,0.251125
1,15,4,2,26,0.250500
1,15,4,2,27,0.249750
1,15,4,2,28,0.260250
1,15,4,2,29,0.255125
1,15,4,2,30,0.252292
1,15,4,2,31,0.250000
1,15,4,2,32,0.250333
1,15,4,2,33,0.250458
1,15,4,2,34,0.250000
1,15,4,2,35,0.249625
1,15,4,2,36,0.249875
1,15,4,2,37,0.364000
1,15,4,2,38,0.248125
1,15,4,2,39,0.250667
1,15,4,2,40,0.249000
1,15,4,2,41,0.249083
1,15,4,2,42,0.250375
1,16,0,2,0,0.257750
1,16,0,2,1,0.254292
1,16,0,2,2,0.249917
1,16,0,2,3,0.249500
1,16,0,2,4,0.250750
1,16,0,2,5,0.250208
1,16,0,2,6,0.250208
1,16,0,2,7,0.250875
1,16,0,2,8,0.249875
1,16,0,2,9,0.249083
1,16,0,2,10,0.274083
1,16,0,2,11,0.250875
1,16,0,2,12,0.250500
1,16,0,2,13,0.248750
1,16,0,2,14,0.249583
1,16,0,2,15,0.250458
1,16,0,2,16,0.251208
1,16,0,2,17,0.249125
1,16,0,2,18,0.251792
1,16,0,2,19,0.251500
1,16,0,2,20,0.251458
1,16,0,2,21,0.249875
1,16,0,2,22,0.251125
1,16,0,2,23,0.251875
1,16,0,2,24,0.252125
1,16,0,2,25,0.251625
1,16,0,2,26,0.250583
1,16,0,2,27,0.249000
1,16,0,2,28,0.252000
1,16,0,2,29,0.249458
1,16,0,2,30,0.250875
1,16,0,2,31,0.259000
1,16,0,2,32,0.250125
1,16,0,2,33,0.250125
1,16,0,2,34,0.249667
1,16,0,2,35,0.248750
1,16,0,2,36,0.248958
1,16,0,2,37,0.249583
1,16,0,2,38,0.250292
1,16,0,2,39,0.250250
1,16,0,2,40,0.249708
1,16,0,2,41,0.249292
1,16,0,2,42,0.249708
1,16,1,0,0,0.251000
1,16,1,0,1,0.250000
1,16,1,0,2,0.248625
1,16,1,0,3,0.250125
1,16,1,0,4,0.251375
1,16,1,0,5,0.250625
1,16,1,0,6,0.250375
1,16,1,0,7,0.261625
1,16,1,0,8,0.249583
1,16,1,0,9,0.250000
1,16,1,0,10,0.251375
1,16,1,0,11,0.250083
1,16,1,0,12,0.249625
1,16,1,0,13,0.246667
1,16,1,0,14,0.249292
1,16,1,0,15,0.250917
1,16,1,0,16,0.250875
1,16,1,0,17,0.248750
1,16,1,0,18,0.249417
1,16,1,0,19,0.249375
1,16,1,0,20,0.249708
1,16,1,0,21,0.249625
1,16,1,0,22,0.249292
1,16,1,0,23,0.249750
1,16,1,0,24,0.250000
1,16,1,0,25,0.249583
1,16,1,0,26,0.249875
1,16,1,0,27,0.249667
1,16,1,0,28,0.250292
1,16,1,0,29,0.304000
1,16,1,0,30,0.245875
1,16,1,0,31,0.250000
1,16,1,0,32,0.249458
1,16,1,0,33,0.250375
1,16,1,0,34,0.250250
1,16,1,0,35,0.251625
1,16,1,0,36,0.257875
1,16,1,0,37,0.255042
1,16,1,0,38,0.252500
1,16,1,0,39,0.249500
1,16,1,0,40,0.248875
1,16,1,0,41,0.249750
1,16,1,0,42,0.250042
1,16,2,128,0,0.814875
1,16,2,128,1,0.815667
1,16,2,128,2,0.815583
1,16,2,128,3,0.814292
1,16,2,128,4,0.815375
1,16,2,128,5,0.815750
1,16,2,128,6,0.816000
1,16,2,128,7,0.815375
1,16,2,128,8,0.815750
1,16,2,128,9,0.837458
1,16,2,128,10,0.815417
1,16,2,128,11,0.814417
1,16,2,128,12,0.813167
1,16,2,128,13,0.800125
1,16,2,128,14,0.815375
1,16,2,128,15,0.814917
1,16,2,128,16,0.816000
1,16,2,128,17,0.814625
1,16,2,128,18,0.814833
1,16,2,128,19,0.815625
1,16,2,128,20,0.815167
1,16,2,128,21,0.814583
1,16,2,128,22,0.815875
1,16,2,128,23,0.815500
1,16,2,128,24,0.816542
1,16,2,128,25,0.814500
1,16,2,128,26,0.814083
1,16,2,128,27,0.816167
1,16,2,128,28,0.815458
1,16,2,128,29,0.816000
1,16,2,128,30,0.814625
1,16,2,128,31,0.819333
1,16,2,128,32,0.778625
1,16,2,128,33,0.814875
1,16,2,128,34,0.816667
1,16,2,128,35,0.816750
1,16,2,128,36,0.825583
1,16,2,128,37,0.815833
1,16,2,128,38,0.816250
1,16,2,128,39,0.815750
1,16,2,128,40,0.814542
1,16,2,128,41,0.815000
1,16,2,128,42,0.814500
1,16,3,32,0,0.370500
1,16,3,32,1,0.365917
1,16,3,32,2,0.369333
1,16,3,32,3,0.401750
1,16,3,32,4,0.367375
1,16,3,32,5,0.370125
1,16,3,32,6,0.369625
1,16,3,32,7,0.370250
1,16,3,32,8,0.370000
1,16,3,32,9,0.366208
1,16,3,32,10,0.370375
1,16,3,32,11,0.370125
1,16,3,32,12,0.369917
1,16,3,32,13,0.365250
1,16,3,32,14,0.368875
1,16,3,32,15,0.377667
1,16,3,32,16,0.367625
1,16,3,32,17,0.368000
1,16,3,32,18,0.368250
1,16,3,32,19,0.371375
1,16,3,32,20,0.370833
1,16,3,32,21,0.367292
1,16,3,32,22,0.369458
1,16,3,32,23,0.364917
1,16,3,32,24,0.370250
1,16,3,32,25,0.371458
1,16,3,32,26,0.370625
1,16,3,32,27,0.369000
1,16,3,32,28,0.370000
1,16,3,32,29,0.370167
1,16,3,32,30,0.375667
1,16,3,32,31,0.370000
1,16,3,32,32,0.368917
1,16,3,32,33,0.370208
1,16,3,32,34,0.371583
1,16,3,32,35,0.367625
1,16,3,32,36,0.370167
1,16,3,32,37,0.368542
1,16,3,32,38,0.371125
1,16,3,32,39,0.368292
1,16,3,32,40,0.370708
1,16,3,32,41,0.374792
1,16,3,32,42,0.372375
1,16,4,1,0,0.255333
1,16,4,1,1,0.252250
1,16,4,1,2,0.253333
1,16,4,1,3,0.252708
1,16,4,1,4,0.252000
1,16,4,1,5,0.252750
1,16,4,1,6,0.253625
1,16,4,1,7,0.252458
1,16,4,1,8,0.253250
1,16,4,1,9,0.254208
1,16,4,1,10,0.251708
1,16,4,1,11,0.252000
1,16,4,1,12,0.254375
1,16,4,1,13,0.250375
1,16,4,1,14,0.251500
1,16,4,1,15,0.251958
1,16,4,1,16,0.253750
1,16,4,1,17,0.253875
1,16,4,1,18,0.252875
1,16,4,1,19,0.251875
1,16,4,1,20,0.251583
1,16,4,1,21,0.249833
1,16,4,1,22,0.252750
1,16,4,1,23,0.252833
1,16,4,1,24,0.252042
1,16,4,1,25,0.253167
1,16,4,1,26,0.252750
1,16,4,1,27,0.252500
1,16,4,1,28,0.252000
1,16,4,1,29,0.253250
1,16,4,1,30,0.254375
1,16,4,1,31,0.251625
1,16,4,1,32,0.253042
1,16,4,1,33,0.252583
1,16,4,1,34,0.253833
1,16,4,1,35,0.253708
1,16,4,1,36,0.252875
1,16,4,1,37,0.252625
1,16,4,1,38,0.252458
1,16,4,1,39,0.253417
1,16,4,1,40,0.253167
1,16,4,1,41,0.251875
1,16,4,1,42,0.255917
1,17,0,1,0,0.252750
1,17,0,1,1,0.252167
1,17,0,1,2,0.252875
1,17,0,1,3,0.251792
1,17,0,1,4,0.253500
1,17,0,1,5,0.252500
1,17,0,1,6,0.253125
1,17,0,1,7,0.252833
1,17,0,1,8,0.253750
1,17,0,1,9,0.252792
1,17,0,1,10,0.252875
1,17,0,1,11,0.252625
1,17,0,1,12,0.253500
1,17,0,1,13,0.246417
1,17,0,1,14,0.250625
1,17,0,1,15,0.251875
1,17,0,1,16,0.252083
1,17,0,1,17,0.252333
1,17,0,1,18,0.253000
1,17,0,1,19,0.252125
1,17,0,1,20,0.252625
1,17,0,1,21,0.251542
1,17,0,1,22,0.251792
1,17,0,1,23,0.252708
1,17,0,1,24,0.251667
1,17,0,1,25,0.254167
1,17,0,1,26,0.252125
1,17,0,1,27,0.253125
1,17,0,1,28,0.252375
1,17,0,1,29,0.253125
1,17,0,1,30,0.253042
1,17,0,1,31,0.252542
1,17,0,1,32,0.253292
1,17,0,1,33,0.267667
1,17,0,1,34,0.256500
1,17,0,1,35,0.254750
1,17,0,1,36,0.252833
1,17,0,1,37,0.252625
1,17,0,1,38,0.253625
1,17,0,1,39,0.251500
1,17,0,1,40,0.253375
1,17,0,1,41,0.252292
1,17,0,1,42,0.252500
1,17,1,2,0,0.249167
1,17,1,2,1,0.250250
1,17,1,2,2,0.250125
1,17,1,2,3,0.249875
1,17,1,2,4,0.250000
1,17,1,2,5,0.249458
1,17,1,2,6,0.249167
1,17,1,2,7,0.250625
1,17,1,2,8,0.250292
1,17,1,2,9,0.250708
1,17,1,2,10,0.250625
1,17,1,2,11,0.250500
1,17,1,2,12,0.249875
1,17,1,2,13,0.247042
1,17,1,2,14,0.249750
1,17,1,2,15,0.249750
1,17,1,2,16,0.249333
1,17,1,2,17,0.247542
1,17,1,2,18,0.250542
1,17,1,2,19,0.249792
1,17,1,2,20,0.249000
1,17,1,2,21,0.249792
1,17,1,2,22,0.249542
1,17,1,2,23,0.250125
1,17,1,2,24,0.250250
1,17,1,2,25,0.250083
1,17,1,2,26,0.248667
1,17,1,2,27,0.248917
1,17,1,2,28,0.248875
1,17,1,2,29,0.250083
1,17,1,2,30,0.249833
1,17,1,2,31,0.248875
1,17,1,2,32,0.250542
1,17,1,2,33,0.249417
1,17,1,2,34,0.251625
1,17,1,2,35,0.248583
1,17,1,2,36,0.249333
1,17,1,2,37,0.248375
1,17,1,2,38,0.249125
1,17,1,2,39,0.250625
1,17,1,2,40,0.250833
1,17,1,2,41,0.250042
1,17,1,2,42,0.249375
1,17,2,0,0,0.252750
1,17,2,0,1,0.250958
1,17,2,0,2,0.249125
1,17,2,0,3,0.249500
1,17,2,0,4,0.250167
1,17,2,0,5,0.249583
1,17,2,0,6,0.250458
1,17,2,0,7,0.248875
1,17,2,0,8,0.250875
1,17,2,0,9,0.248667
1,17,2,0,10,0.249667
1,17,2,0,11,0.251292
1,17,2,0,12,0.250375
1,17,2,0,13,0.246750
1,17,2,0,14,0.250292
1,17,2,0,15,0.249083
1,17,2,0,16,0.249542
1,17,2,0,17,0.248542
1,17,2,0,18,0.249917
1,17,2,0,19,0.248875
1,17,2,0,20,0.249875
1,17,2,0,21,0.249375
1,17,2,0,22,0.250583
1,17,2,0,23,0.249875
1,17,2,0,24,0.248250
1,17,2,0,25,0.249375
1,17,2,0,26,0.250542
1,17,2,0,27,0.250375
1,17,2,0,28,0.251375
1,17,2,0,29,0.263125
1,17,2,0,30,0.251625
1,17,2,0,31,0.242500
1,17,2,0,32,0.250417
1,17,2,0,33,0.249625
1,17,2,0,34,0.249875
1,17,2,0,35,0.249667
1,17,2,0,36,0.249042
1,17,2,0,37,0.250875
1,17,2,0,38,0.249500
1,17,2,0,39,0.251458
1,17,2,0,40,0.250500
1,17,2,0,41,0.250750
1,17,2,0,42,0.250875
1,17,3,128,0,0.816000
1,17,3,128,1,0.815167
1,17,3,128,2,0.815167
1,17,3,128,3,0.814833
1,17,3,128,4,0.816125
1,17,3,128,5,0.815375
1,17,3,128,6,0.814750
1,17,3,128,7,0.815375
1,17,3,128,8,0.815042
1,17,3,128,9,0.814708
1,17,3,128,10,0.814583
1,17,3,128,11,0.816375
1,17,3,128,12,0.814625
1,17,3,128,13,0.815000
1,17,3,128,14,0.814542
1,17,3,128,15,0.814500
1,17,3,128,16,0.815375
1,17,3,128,17,0.815833
1,17,3,128,18,0.815208
1,17,3,128,19,0.815333
1,17,3,128,20,0.811500
1,17,3,128,21,0.815375
1,17,3,128,22,0.815292
1,17,3,128,23,0.814875
1,17,3,128,24,0.815125
1,17,3,128,25,0.815250
1,17,3,128,26,0.814833
1,17,3,128,27,0.814875
1,17,3,128,28,0.853917
1,17,3,128,29,0.815417
1,17,3,128,30,0.814875
1,17,3,128,31,0.815500
1,17,3,128,32,0.816583
1,17,3,128,33,0.814333
1,17,3,128,34,0.815250
1,17,3,128,35,0.815000
1,17,3,128,36,0.815000
1,17,3,128,37,0.813708
1,17,3,128,38,0.815042
1,17,3,128,39,0.816250
1,17,3,128,40,0.814500
1,17,3,128,41,0.816125
1,17,3,128,42,0.815083
1,17,4,32,0,0.369958
1,17,4,32,1,0.367375
1,17,4,32,2,0.368083
1,17,4,32,3,0.371125
1,17,4,32,4,0.376500
1,17,4,32,5,0.368417
1,17,4,32,6,0.368000
1,17,4,32,7,0.370000
1,17,4,32,8,0.367500
1,17,4,32,9,0.370917
1,17,4,32,10,0.371250
1,17,4,32,11,0.370292
1,17,4,32,12,0.370625
1,17,4,32,13,0.357083
1,17,4,32,14,0.370375
1,17,4,32,15,0.367292
1,17,4,32,16,0.370417
1,17,4,32,17,0.365625
1,17,4,32,18,0.367708
1,17,4,32,19,0.371125
1,17,4,32,20,0.370083
1,17,4,32,21,0.369125
1,17,4,32,22,0.368292
1,17,4,32,23,0.369250
1,17,4,32,24,0.369625
1,17,4,32,25,0.368125
1,17,4,32,26,0.369750
1,17,4,32,27,0.368792
1,17,4,32,28,0.368750
1,17,4,32,29,0.369750
1,17,4,32,30,0.370125
1,17,4,32,31,0.366833
1,17,4,32,32,0.371625
1,17,4,32,33,0.368875
1,17,4,32,34,0.371875
1,17,4,32,35,0.372083
1,17,4,32,36,0.356500
1,17,4,32,37,0.354417
1,17,4,32,38,0.369625
1,17,4,32,39,0.370875
1,17,4,32,40,0.370750
1,17,4,32,41,0.366917
1,17,4,32,42,0.369375
1,18,0,32,0,0.369250
1,18,0,32,1,0.369542
1,18,0,32,2,0.369667
1,18,0,32,3,0.365792
1,18,0,32,4,0.364625
1,18,0,32,5,0.370083
1,18,0,32,6,0.369625
1,18,0,32,7,0.370750
1,18,0,32,8,0.370083
1,18,0,32,9,0.370375
1,18,0,32,10,0.370333
1,18,0,32,11,0.368917
1,18,0,32,12,0.380875
1,18,0,32,13,0.351667
1,18,0,32,14,0.366875
1,18,0,32,15,0.374792
1,18,0,32,16,0.370667
1,18,0,32,17,0.370625
1,18,0,32,18,0.368917
1,18,0,32,19,0.366750
1,18,0,32,20,0.370417
1,18,0,32,21,0.370500
1,18,0,32,22,0.368542
1,18,0,32,23,0.371250
1,18,0,32,24,0.366250
1,18,0,32,25,0.369625
1,18,0,32,26,0.370000
1,18,0,32,27,0.370792
1,18,0,32,28,0.370542
1,18,0,32,29,0.370667
1,18,0,32,30,0.371583
1,18,0,32,31,0.369500
1,18,0,32,32,0.370292
1,18,0,32,33,0.369125
1,18,0,32,34,0.370375
1,18,0,32,35,0.371625
1,18,0,32,36,0.371833
1,18,0,32,37,0.371875
1,18,0,32,38,0.370000
1,18,0,32,39,0.370583
1,18,0,32,40,0.364917
1,18,0,32,41,0.365625
1,18,0,32,42,0.368875
1,18,1,1,0,0.252875
1,18,1,1,1,0.252250
1,18,1,1,2,0.252333
1,18,1,1,3,0.251000
1,18,1,1,4,0.253750
1,18,1,1,5,0.252458
1,18,1,1,6,0.252833
1,18,1,1,7,0.252958
1,18,1,1,8,0.253625
1,18,1,1,9,0.252250
1,18,1,1,10,0.253458
1,18,1,1,11,0.250167
1,18,1,1,12,0.250458
1,18,1,1,13,0.248500
1,18,1,1,14,0.248667
1,18,1,1,15,0.251500
1,18,1,1,16,0.253625
1,18,1,1,17,0.256750
1,18,1,1,18,0.256333
1,18,1,1,19,0.254500
1,18,1,1,20,0.252208
1,18,1,1,21,0.252792
1,18,1,1,22,0.253667
1,18,1,1,23,0.252500
1,18,1,1,24,0.252792
1,18,1,1,25,0.251917
1,18,1,1,26,0.254125
1,18,1,1,27,0.254375
1,18,1,1,28,0.252375
1,18,1,1,29,0.252875
1,18,1,1,30,0.253500
1,18,1,1,31,0.252458
1,18,1,1,32,0.251833
1,18,1,1,33,0.251250
1,18,1,1,34,0.252875
1,18,1,1,35,0.252542
1,18,1,1,36,0.251833
1,18,1,1,37,0.252917
1,18,1,1,38,0.253875
1,18,1,1,39,0.252708
1,18,1,1,40,0.253833
1,18,1,1,41,0.254750
1,18,1,1,42,0.245500
1,18,2,2,0,0.250417
1,18,2,2,1,0.250500
1,18,2,2,2,0.250750
1,18,2,2,3,0.248792
1,18,2,2,4,0.250083
1,18,2,2,5,0.248667
1,18,2,2,6,0.250250
1,18,2,2,7,0.249542
1,18,2,2,8,0.250125
1,18,2,2,9,0.248708
1,18,2,2,10,0.248708
1,18,2,2,11,0.249667
1,18,2,2,12,0.257750
1,18,2,2,13,0.245417
1,18,2,2,14,0.248875
1,18,2,2,15,0.250250
1,18,2,2,16,0.251333
1,18,2,2,17,0.248167
1,18,2,2,18,0.249250
1,18,2,2,19,0.249375
1,18,2,2,20,0.251250
1,18,2,2,21,0.248750
1,18,2,2,22,0.249875
1,18,2,2,23,0.251083
1,18,2,2,24,0.249417
1,18,2,2,25,0.248625
1,18,2,2,26,0.250167
1,18,2,2,27,0.250750
1,18,2,2,28,0.249792
1,18,2,2,29,0.249375
1,18,2,2,30,0.251500
1,18,2,2,31,0.249375
1,18,2,2,32,0.248875
1,18,2,2,33,0.249375
1,18,2,2,34,0.248958
1,18,2,2,35,0.249250
1,18,2,2,36,0.249250
1,18,2,2,37,0.250417
1,18,2,2,38,0.249875
1,18,2,2,39,0.249625
1,18,2,2,40,0.250708
1,18,2,2,41,0.248625
1,18,2,2,42,0.249667
1,18,3,0,0,0.249458
1,18,3,0,1,0.250875
1,18,3,0,2,0.249208
1,18,3,0,3,0.249583
1,18,3,0,4,0.250750
1,18,3,0,5,0.251125
1,18,3,0,6,0.249250
1,18,3,0,7,0.250292
1,18,3,0,8,0.252333
1,18,3,0,9,0.252042
1,18,3,0,10,0.254833
1,18,3,0,11,0.249667
1,18,3,0,12,0.250583
1,18,3,0,13,0.247125
1,18,3,0,14,0.248750
1,18,3,0,15,0.250375
1,18,3,0,16,0.250083
1,18,3,0,17,0.248750
1,18,3,0,18,0.250208
1,18,3,0,19,0.248625
1,18,3,0,20,0.249708
1,18,3,0,21,0.250333
1,18,3,0,22,0.249458
1,18,3,0,23,0.250500
1,18,3,0,24,0.248458
1,18,3,0,25,0.249083
1,18,3,0,26,0.249875
1,18,3,0,27,0.255750
1,18,3,0,28,0.248542
1,18,3,0,29,0.250000
1,18,3,0,30,0.248375
1,18,3,0,31,0.249833
1,18,3,0,32,0.250625
1,18,3,0,33,0.250375
1,18,3,0,34,0.248750
1,18,3,0,35,0.251208
1,18,3,0,36,0.249625
1,18,3,0,37,0.250708
1,18,3,0,38,0.249500
1,18,3,0,39,0.250750
1,18,3,0,40,0.250375
1,18,3,0,41,0.249667
1,18,3,0,42,0.250250
1,18,4,128,0,0.814667
1,18,4,128,1,0.815625
1,18,4,128,2,0.814417
1,18,4,128,3,0.815250
1,18,4,128,4,0.814625
1,18,4,128,5,0.815042
1,18,4,128,6,0.814958
1,18,4,128,7,0.827875
1,18,4,128,8,0.813458
1,18,4,128,9,0.815458
1,18,4,128,10,0.815125
1,18,4,128,11,0.814917
1,18,4,128,12,0.814250
1,18,4,128,13,0.814375
1,18,4,128,14,0.815500
1,18,4,128,15,0.815292
1,18,4,128,16,0.814750
1,18,4,128,17,0.814625
1,18,4,128,18,0.815875
1,18,4,128,19,0.785333
1,18,4,128,20,0.813625
1,18,4,128,21,0.815125
1,18,4,128,22,0.816625
1,18,4,128,23,0.814875
1,18,4,128,24,0.816083
1,18,4,128,25,0.815625
1,18,4,128,26,0.815583
1,18,4,128,27,0.814500
1,18,4,128,28,0.813875
1,18,4,128,29,0.814250
1,18,4,128,30,0.814292
1,18,4,128,31,0.814833
1,18,4,128,32,0.815042
1,18,4,128,33,0.817000
1,18,4,128,34,0.815000
1,18,4,128,35,0.815250
1,18,4,128,36,0.815125
1,18,4,128,37,0.814583
1,18,4,128,38,0.815375
1,18,4,128,39,0.814792
1,18,4,128,40,0.815333
1,18,4,128,41,0.815250
1,18,4,128,42,0.815250
1,19,0,128,0,0.814833
1,19,0,128,1,0.815583
1,19,0,128,2,0.815083
1,19,0,128,3,0.815417
1,19,0,128,4,0.814500
1,19,0,128,5,0.815875
1,19,0,128,6,0.815750
1,19,0,128,7,0.814500
1,19,0,128,8,0.814625
1,19,0,128,9,0.815292
1,19,0,128,10,0.816625
1,19,0,128,11,0.775500
1,19,0,128,12,0.814333
1,19,0,128,13,0.814625
1,19,0,128,14,0.815125
1,19,0,128,15,0.814500
1,19,0,128,16,0.815375
1,19,0,128,17,0.814000
1,19,0,128,18,0.814750
1,19,0,128,19,0.814750
1,19,0,128,20,0.816125
1,19,0,128,21,0.814625
1,19,0,128,22,0.815500
1,19,0,128,23,0.818625
1,19,0,128,24,0.814375
1,19,0,128,25,0.814875
1,19,0,128,26,0.815750
1,19,0,128,27,0.815125
1,19,0,128,28,0.815125
1,19,0,128,29,0.815250
1,19,0,128,30,0.814917
1,19,0,128,31,0.816708
1,19,0,128,32,0.814958
1,19,0,128,33,0.815417
1,19,0,128,34,0.814625
1,19,0,128,35,0.815000
1,19,0,128,36,0.814875
1,19,0,128,37,0.816125
1,19,0,128,38,0.816417
1,19,0,128,39,0.814375
1,19,0,128,40,0.814375
1,19,0,128,41,0.815667
1,19,0,128,42,0.814833
1,19,1,32,0,0.371667
1,19,1,32,1,0.367125
1,19,1,32,2,0.367333
1,19,1,32,3,0.354125
1,19,1,32,4,0.372500
1,19,1,32,5,0.365375
1,19,1,32,6,0.371750
1,19,1,32,7,0.370583
1,19,1,32,8,0.369000
1,19,1,32,9,0.369792
1,19,1,32,10,0.372542
1,19,1,32,11,0.369042
1,19,1,32,12,0.369250
1,19,1,32,13,0.355958
1,19,1,32,14,0.369750
1,19,1,32,15,0.367833
1,19,1,32,16,0.368833
1,19,1,32,17,0.370125
1,19,1,32,18,0.369875
1,19,1,32,19,0.369625
1,19,1,32,20,0.368625
1,19,1,32,21,0.368917
1,19,1,32,22,0.366750
1,19,1,32,23,0.370333
1,19,1,32,24,0.368250
1,19,1,32,25,0.369500
1,19,1,32,26,0.370000
1,19,1,32,27,0.368000
1,19,1,32,28,0.369833
1,19,1,32,29,0.368625
1,19,1,32,30,0.364625
1,19,1,32,31,0.367250
1,19,1,32,32,0.370625
1,19,1,32,33,0.364000
1,19,1,32,34,0.369250
1,19,1,32,35,0.362750
1,19,1,32,36,0.368875
1,19,1,32,37,0.368667
1,19,1,32,38,0.370875
1,19,1,32,39,0.369792
1,19,1,32,40,0.366292
1,19,1,32,41,0.361667
1,19,1,32,42,0.369875
1,19,2,1,0,0.251625
1,19,2,1,1,0.249583
1,19,2,1,2,0.253458
1,19,2,1,3,0.252542
1,19,2,1,4,0.253125
1,19,2,1,5,0.253250
1,19,2,1,6,0.252625
1,19,2,1,7,0.253375
1,19,2,1,8,0.252250
1,19,2,1,9,0.254083
1,19,2,1,10,0.254083
1,19,2,1,11,0.252042
1,19,2,1,12,0.251625
1,19,2,1,13,0.246917
1,19,2,1,14,0.248750
1,19,2,1,15,0.252542
1,19,2,1,16,0.252167
1,19,2,1,17,0.253042
1,19,2,1,18,0.252500
1,19,2,1,19,0.252875
1,19,2,1,20,0.251833
1,19,2,1,21,0.251125
1,19,2,1,22,0.252958
1,19,2,1,23,0.253542
1,19,2,1,24,0.250125
1,19,2,1,25,0.253125
1,19,2,1,26,0.252917
1,19,2,1,27,0.253000
1,19,2,1,28,0.250083
1,19,2,1,29,0.251625
1,19,2,1,30,0.256125
1,19,2,1,31,0.255458
1,19,2,1,32,0.254833
1,19,2,1,33,0.251375
1,19,2,1,34,0.253208
1,19,2,1,35,0.251125
1,19,2,1,36,0.252750
1,19,2,1,37,0.252875
1,19,2,1,38,0.254583
1,19,2,1,39,0.251792
1,19,2,1,40,0.252500
1,19,2,1,41,0.252542
1,19,2,1,42,0.252583
1,19,3,2,0,0.250458
1,19,3,2,1,0.253833
1,19,3,2,2,0.248375
1,19,3,2,3,0.249750
1,19,3,2,4,0.267458
1,19,3,2,5,0.249500
1,19,3,2,6,0.249167
1,19,3,2,7,0.248458
1,19,3,2,8,0.249000
1,19,3,2,9,0.249000
1,19,3,2,10,0.250083
1,19,3,2,11,0.250250
1,19,3,2,12,0.250500
1,19,3,2,13,0.248500
1,19,3,2,14,0.248000
1,19,3,2,15,0.257375
1,19,3,2,16,0.251375
1,19,3,2,17,0.249583
1,19,3,2,18,0.250000
1,19,3,2,19,0.248583
1,19,3,2,20,0.249375
1,19,3,2,21,0.250333
1,19,3,2,22,0.249750
1,19,3,2,23,0.250250
1,19,3,2,24,0.250000
1,19,3,2,25,0.249125
1,19,3,2,26,0.249333
1,19,3,2,27,0.250000
1,19,3,2,28,0.249250
1,19,3,2,29,0.249750
1,19,3,2,30,0.248792
1,19,3,2,31,0.249125
1,19,3,2,32,0.250500
1,19,3,2,33,0.249875
1,19,3,2,34,0.254875
1,19,3,2,35,0.250000
1,19,3,2,36,0.248667
1,19,3,2,37,0.249708
1,19,3,2,38,0.249875
1,19,3,2,39,0.250333
1,19,3,2,40,0.248292
1,19,3,2,41,0.249958
1,19,3,2,42,0.249250
1,19,4,0,0,0.249583
1,19,4,0,1,0.250000
1,19,4,0,2,0.248083
1,19,4,0,3,0.250208
1,19,4,0,4,0.250875
1,19,4,0,5,0.249458
1,19,4,0,6,0.250417
1,19,4,0,7,0.249167
1,19,4,0,8,0.250625
1,19,4,0,9,0.249083
1,19,4,0,10,0.248500
1,19,4,0,11,0.250375
1,19,4,0,12,0.249750
1,19,4,0,13,0.245667
1,19,4,0,14,0.249958
1,19,4,0,15,0.250708
1,19,4,0,16,0.251083
1,19,4,0,17,0.247917
1,19,4,0,18,0.248500
1,19,4,0,19,0.248708
1,19,4,0,20,0.250000
1,19,4,0,21,0.250667
1,19,4,0,22,0.250417
1,19,4,0,23,0.250500
1,19,4,0,24,0.250375
1,19,4,0,25,0.253375
1,19,4,0,26,0.260208
1,19,4,0,27,0.251875
1,19,4,0,28,0.250500
1,19,4,0,29,0.250167
1,19,4,0,30,0.250500
1,19,4,0,31,0.249792
1,19,4,0,32,0.250667
1,19,4,0,33,0.250375
1,19,4,0,34,0.251125
1,19,4,0,35,0.249250
1,19,4,0,36,0.249708
1,19,4,0,37,0.250250
1,19,4,0,38,0.248000
1,19,4,0,39,0.250750
1,19,4,0,40,0.251750
1,19,4,0,41,0.249375
1,19,4,0,42,0.250000
1,20,0,0,0,0.249000
1,20,0,0,1,0.250375
1,20,0,0,2,0.249500
1,20,0,0,3,0.249583
1,20,0,0,4,0.249958
1,20,0,0,5,0.249792
1,20,0,0,6,0.249250
1,20,0,0,7,0.249875
1,20,0,0,8,0.249375
1,20,0,0,9,0.249417
1,20,0,0,10,0.247250
1,20,0,0,11,0.249500
1,20,0,0,12,0.250917
1,20,0,0,13,0.247125
1,20,0,0,14,0.249667
1,20,0,0,15,0.249542
1,20,0,0,16,0.250583
1,20,0,0,17,0.249208
1,20,0,0,18,0.249500
1,20,0,0,19,0.250042
1,20,0,0,20,0.251625
1,20,0,0,21,0.249458
1,20,0,0,22,0.249667
1,20,0,0,23,0.250792
1,20,0,0,24,0.249000
1,20,0,0,25,0.250542
1,20,0,0,26,0.250917
1,20,0,0,27,0.252250
1,20,0,0,28,0.249375
1,20,0,0,29,0.249708
1,20,0,0,30,0.251250
1,20,0,0,31,0.249042
1,20,0,0,32,0.251125
1,20,0,0,33,0.251250
1,20,0,0,34,0.249917
1,20,0,0,35,0.251375
1,20,0,0,36,0.249708
1,20,0,0,37,0.250000
1,20,0,0,38,0.249167
1,20,0,0,39,0.251250
1,20,0,0,40,0.249750
1,20,0,0,41,0.249500
1,20,0,0,42,0.250792
1,20,1,2,0,0.251125
1,20,1,2,1,0.249875
1,20,1,2,2,0.249625
1,20,1,2,3,0.252250
1,20,1,2,4,0.250375
1,20,1,2,5,0.249750
1,20,1,2,6,0.248875
1,20,1,2,7,0.249583
1,20,1,2,8,0.250292
1,20,1,2,9,0.249750
1,20,1,2,10,0.249542
1,20,1,2,11,0.249542
1,20,1,2,12,0.250917
1,20,1,2,13,0.248250
1,20,1,2,14,0.248500
1,20,1,2,15,0.250208
1,20,1,2,16,0.250250
1,20,1,2,17,0.249417
1,20,1,2,18,0.257500
1,20,1,2,19,0.254375
1,20,1,2,20,0.252042
1,20,1,2,21,0.250250
1,20,1,2,22,0.249625
1,20,1,2,23,0.252083
1,20,1,2,24,0.249458
1,20,1,2,25,0.250958
1,20,1,2,26,0.250625
1,20,1,2,27,0.249542
1,20,1,2,28,0.250333
1,20,1,2,29,0.251000
1,20,1,2,30,0.249125
1,20,1,2,31,0.249208
1,20,1,2,32,0.250250
1,20,1,2,33,0.250542
1,20,1,2,34,0.250333
1,20,1,2,35,0.251000
1,20,1,2,36,0.249000
1,20,1,2,37,0.249292
1,20,1,2,38,0.249250
1,20,1,2,39,0.250750
1,20,1,2,40,0.249458
1,20,1,2,41,0.248917
1,20,1,2,42,0.251042
1,20,2,1,0,0.252250
1,20,2,1,1,0.253500
1,20,2,1,2,0.252042
1,20,2,1,3,0.251875
1,20,2,1,4,0.253875
1,20,2,1,5,0.250750
1,20,2,1,6,0.253792
1,20,2,1,7,0.252750
1,20,2,1,8,0.252417
1,20,2,1,9,0.252250
1,20,2,1,10,0.252583
1,20,2,1,11,0.252458
1,20,2,1,12,0.252667
1,20,2,1,13,0.248042
1,20,2,1,14,0.251792
1,20,2,1,15,0.251917
1,20,2,1,16,0.252875
1,20,2,1,17,0.254250
1,20,2,1,18,0.251250
1,20,2,1,19,0.252375
1,20,2,1,20,0.251750
1,20,2,1,21,0.253500
1,20,2,1,22,0.252542
1,20,2,1,23,0.253167
1,20,2,1,24,0.253167
1,20,2,1,25,0.252250
1,20,2,1,26,0.252000
1,20,2,1,27,0.253250
1,20,2,1,28,0.252250
1,20,2,1,29,0.253875
1,20,2,1,30,0.253042
1,20,2,1,31,0.252333
1,20,2,1,32,0.252833
1,20,2,1,33,0.252000
1,20,2,1,34,0.253250
1,20,2,1,35,0.251625
1,20,2,1,36,0.253583
1,20,2,1,37,0.252792
1,20,2,1,38,0.252208
1,20,2,1,39,0.253792
1,20,2,1,40,0.251375
1,20,2,1,41,0.252667
1,20,2,1,42,0.253500
1,20,3,32,0,0.369792
1,20,3,32,1,0.371667
1,20,3,32,2,0.368375
1,20,3,32,3,0.369667
1,20,3,32,4,0.367917
1,20,3,32,5,0.370167
1,20,3,32,6,0.368083
1,20,3,32,7,0.366583
1,20,3,32,8,0.367375
1,20,3,32,9,0.367750
1,20,3,32,10,0.372375
1,20,3,32,11,0.370625
1,20,3,32,12,0.366375
1,20,3,32,13,0.354708
1,20,3,32,14,0.371375
1,20,3,32,15,0.371250
1,20,3,32,16,0.368833
1,20,3,32,17,0.369000
1,20,3,32,18,0.371417
1,20,3,32,19,0.366750
1,20,3,32,20,0.370625
1,20,3,32,21,0.367500
1,20,3,32,22,0.363667
1,20,3,32,23,0.369917
1,20,3,32,24,0.368667
1,20,3,32,25,0.369417
1,20,3,32,26,0.371500
1,20,3,32,27,0.368833
1,20,3,32,28,0.370167
1,20,3,32,29,0.370708
1,20,3,32,30,0.368750
1,20,3,32,31,0.371375
1,20,3,32,32,0.369833
1,20,3,32,33,0.369417
1,20,3,32,34,0.369708
1,20,3,32,35,0.371583
1,20,3,32,36,0.368542
1,20,3,32,37,0.368000
1,20,3,32,38,0.369500
1,20,3,32,39,0.365583
1,20,3,32,40,0.369375
1,20,3,32,41,0.368833
1,20,3,32,42,0.366167
1,20,4,128,0,0.818792
1,20,4,128,1,0.815375
1,20,4,128,2,0.815833
1,20,4,128,3,0.815500
1,20,4,128,4,0.814042
1,20,4,128,5,0.815042
1,20,4,128,6,0.816375
1,20,4,128,7,0.814875
1,20,4,128,8,0.814167
1,20,4,128,9,0.815000
1,20,4,128,10,0.814875
1,20,4,128,11,0.815250
1,20,4,128,12,0.815083
1,20,4,128,13,0.814583
1,20,4,128,14,0.814625
1,20,4,128,15,0.814875
1,20,4,128,16,0.820125
1,20,4,128,17,0.795333
1,20,4,128,18,0.815292
1,20,4,128,19,0.814458
1,20,4,128,20,0.815042
1,20,4,128,21,0.815458
1,20,4,128,22,0.815792
1,20,4,128,23,0.815000
1,20,4,128,24,0.815417
1,20,4,128,25,0.819750
1,20,4,128,26,0.814125
1,20,4,128,27,0.815083
1,20,4,128,28,0.815167
1,20,4,128,29,0.816292
1,20,4,128,30,0.815125
1,20,4,128,31,0.814625
1,20,4,128,32,0.814917
1,20,4,128,33,0.814542
1,20,4,128,34,0.813542
1,20,4,128,35,0.813750
1,20,4,128,36,0.815792
1,20,4,128,37,0.814000
1,20,4,128,38,0.813625
1,20,4,128,39,0.817292
1,20,4,128,40,0.815000
1,20,4,128,41,0.815625
1,20,4,128,42,0.816000
1,21,0,2,0,0.249833
1,21,0,2,1,0.250083
1,21,0,2,2,0.249917
1,21,0,2,3,0.249333
1,21,0,2,4,0.250875
1,21,0,2,5,0.250250
1,21,0,2,6,0.249500
1,21,0,2,7,0.250625
1,21,0,2,8,0.249792
1,21,0,2,9,0.250083
1,21,0,2,10,0.250625
1,21,0,2,11,0.251583
1,21,0,2,12,0.250625
1,21,0,2,13,0.247208
1,21,0,2,14,0.248667
1,21,0,2,15,0.249958
1,21,0,2,16,0.249667
1,21,0,2,17,0.249750
1,21,0,2,18,0.253083
1,21,0,2,19,0.251542
1,21,0,2,20,0.254500
1,21,0,2,21,0.251583
1,21,0,2,22,0.249667
1,21,0,2,23,0.249875
1,21,0,2,24,0.248875
1,21,0,2,25,0.249208
1,21,0,2,26,0.248792
1,21,0,2,27,0.249000
1,21,0,2,28,0.250375
1,21,0,2,29,0.249250
1,21,0,2,30,0.250250
1,21,0,2,31,0.249292
1,21,0,2,32,0.248333
1,21,0,2,33,0.249917
1,21,0,2,34,0.251125
1,21,0,2,35,0.249000
1,21,0,2,36,0.249500
1,21,0,2,37,0.251083
1,21,0,2,38,0.249625
1,21,0,2,39,0.249750
1,21,0,2,40,0.250750
1,21,0,2,41,0.248875
1,21,0,2,42,0.250167
1,21,1,1,0,0.253500
1,21,1,1,1,0.254625
1,21,1,1,2,0.252750
1,21,1,1,3,0.252208
1,21,1,1,4,0.254500
1,21,1,1,5,0.252500
1,21,1,1,6,0.253125
1,21,1,1,7,0.252875
1,21,1,1,8,0.249958
1,21,1,1,9,0.254125
1,21,1,1,10,0.253250
1,21,1,1,11,0.252375
1,21,1,1,12,0.254292
1,21,1,1,13,0.250875
1,21,1,1,14,0.253292
1,21,1,1,15,0.252542
1,21,1,1,16,0.253958
1,21,1,1,17,0.253708
1,21,1,1,18,0.251875
1,21,1,1,19,0.252708
1,21,1,1,20,0.252500
1,21,1,1,21,0.252708
1,21,1,1,22,0.253667
1,21,1,1,23,0.252500
1,21,1,1,24,0.252875
1,21,1,1,25,0.252583
1,21,1,1,26,0.252625
1,21,1,1,27,0.252792
1,21,1,1,28,0.253083
1,21,1,1,29,0.254208
1,21,1,1,30,0.253958
1,21,1,1,31,0.251750
1,21,1,1,32,0.253625
1,21,1,1,33,0.252375
1,21,1,1,34,0.253417
1,21,1,1,35,0.255125
1,21,1,1,36,0.255125
1,21,1,1,37,0.253250
1,21,1,1,38,0.253000
1,21,1,1,39,0.253417
1,21,1,1,40,0.254208
1,21,1,1,41,0.253125
1,21,1,1,42,0.252750
1,21,2,32,0,0.368667
1,21,2,32,1,0.371000
1,21,2,32,2,0.370833
1,21,2,32,3,0.370333
1,21,2,32,4,0.370042
1,21,2,32,5,0.369375
1,21,2,32,6,0.369833
1,21,2,32,7,0.371708
1,21,2,32,8,0.371167
1,21,2,32,9,0.371000
1,21,2,32,10,0.370833
1,21,2,32,11,0.367500
1,21,2,32,12,0.370833
1,21,2,32,13,0.364083
1,21,2,32,14,0.383375
1,21,2,32,15,0.369375
1,21,2,32,16,0.380125
1,21,2,32,17,0.368417
1,21,2,32,18,0.368875
1,21,2,32,19,0.371375
1,21,2,32,20,0.370500
1,21,2,32,21,0.369292
1,21,2,32,22,0.370375
1,21,2,32,23,0.366000
1,21,2,32,24,0.369250
1,21,2,32,25,0.371000
1,21,2,32,26,0.371250
1,21,2,32,27,0.370000
1,21,2,32,28,0.370500
1,21,2,32,29,0.371083
1,21,2,32,30,0.370083
1,21,2,32,31,0.369667
1,21,2,32,32,0.370000
1,21,2,32,33,0.364500
1,21,2,32,34,0.369958
1,21,2,32,35,0.369750
1,21,2,32,36,0.364792
1,21,2,32,37,0.367917
1,21,2,32,38,0.370708
1,21,2,32,39,0.370625
1,21,2,32,40,0.368875
1,21,2,32,41,0.365792
1,21,2,32,42,0.371083
1,21,3,128,0,0.816250
1,21,3,128,1,0.815833
1,21,3,128,2,0.814750
1,21,3,128,3,0.816625
1,21,3,128,4,0.816000
1,21,3,128,5,0.815333
1,21,3,128,6,0.812625
1,21,3,128,7,0.815708
1,21,3,128,8,0.814667
1,21,3,128,9,0.815625
1,21,3,128,10,0.816500
1,21,3,128,11,0.815792
1,21,3,128,12,0.814750
1,21,3,128,13,0.809500
1,21,3,128,14,0.828917
1,21,3,128,15,0.815500
1,21,3,128,16,0.831625
1,21,3,128,17,0.779375
1,21,3,128,18,0.814917
1,21,3,128,19,0.814958
1,21,3,128,20,0.815583
1,21,3,128,21,0.815125
1,21,3,128,22,0.814833
1,21,3,128,23,0.810417
1,21,3,128,24,0.814667
1,21,3,128,25,0.814292
1,21,3,128,26,0.814750
1,21,3,128,27,0.815000
1,21,3,128,28,0.815417
1,21,3,128,29,0.814958
1,21,3,128,30,0.815000
1,21,3,128,31,0.816125
1,21,3,128,32,0.814958
1,21,3,128,33,0.814750
1,21,3,128,34,0.815125
1,21,3,128,35,0.814750
1,21,3,128,36,0.815250
1,21,3,128,37,0.815417
1,21,3,128,38,0.815042
1,21,3,128,39,0.815583
1,21,3,128,40,0.814125
1,21,3,128,41,0.815375
1,21,3,128,42,0.815542
1,21,4,0,0,0.249833
1,21,4,0,1,0.250375
1,21,4,0,2,0.249875
1,21,4,0,3,0.249125
1,21,4,0,4,0.251250
1,21,4,0,5,0.249625
1,21,4,0,6,0.248375
1,21,4,0,7,0.249417
1,21,4,0,8,0.249292
1,21,4,0,9,0.249625
1,21,4,0,10,0.250250
1,21,4,0,11,0.249458
1,21,4,0,12,0.253458
1,21,4,0,13,0.248625
1,21,4,0,14,0.251125
1,21,4,0,15,0.248125
1,21,4,0,16,0.250792
1,21,4,0,17,0.248750
1,21,4,0,18,0.246875
1,21,4,0,19,0.253000
1,21,4,0,20,0.252500
1,21,4,0,21,0.250000
1,21,4,0,22,0.250792
1,21,4,0,23,0.251625
1,21,4,0,24,0.250250
1,21,4,0,25,0.250750
1,21,4,0,26,0.248500
1,21,4,0,27,0.248750
1,21,4,0,28,0.251125
1,21,4,0,29,0.250375
1,21,4,0,30,0.250625
1,21,4,0,31,0.249750
1,21,4,0,32,0.255167
1,21,4,0,33,0.249042
1,21,4,0,34,0.249458
1,21,4,0,35,0.249125
1,21,4,0,36,0.248000
1,21,4,0,37,0.249750
1,21,4,0,38,0.248000
1,21,4,0,39,0.250667
1,21,4,0,40,0.251000
1,21,4,0,41,0.249292
1,21,4,0,42,0.251292
1,22,0,1,0,0.251833
1,22,0,1,1,0.253583
1,22,0,1,2,0.250375
1,22,0,1,3,0.252375
1,22,0,1,4,0.252958
1,22,0,1,5,0.252417
1,22,0,1,6,0.253708
1,22,0,1,7,0.252625
1,22,0,1,8,0.254250
1,22,0,1,9,0.253667
1,22,0,1,10,0.259500
1,22,0,1,11,0.252500
1,22,0,1,12,0.254500
1,22,0,1,13,0.248125
1,22,0,1,14,0.252625
1,22,0,1,15,0.249333
1,22,0,1,16,0.252750
1,22,0,1,17,0.252750
1,22,0,1,18,0.252917
1,22,0,1,19,0.251750
1,22,0,1,20,0.253542
1,22,0,1,21,0.251750
1,22,0,1,22,0.253375
1,22,0,1,23,0.251750
1,22,0,1,24,0.252250
1,22,0,1,25,0.253250
1,22,0,1,26,0.252125
1,22,0,1,27,0.251333
1,22,0,1,28,0.251125
1,22,0,1,29,0.252000
1,22,0,1,30,0.253875
1,22,0,1,31,0.275542
1,22,0,1,32,0.246250
1,22,0,1,33,0.252500
1,22,0,1,34,0.253625
1,22,0,1,35,0.252458
1,22,0,1,36,0.253000
1,22,0,1,37,0.252500
1,22,0,1,38,0.252667
1,22,0,1,39,0.252500
1,22,0,1,40,0.253375
1,22,0,1,41,0.251750
1,22,0,1,42,0.251000
1,22,1,32,0,0.371042
1,22,1,32,1,0.371500
1,22,1,32,2,0.369333
1,22,1,32,3,0.370667
1,22,1,32,4,0.369292
1,22,1,32,5,0.364375
1,22,1,32,6,0.365000
1,22,1,32,7,0.369458
1,22,1,32,8,0.368500
1,22,1,32,9,0.372542
1,22,1,32,10,0.367125
1,22,1,32,11,0.367250
1,22,1,32,12,0.369917
1,22,1,32,13,0.353708
1,22,1,32,14,0.369250
1,22,1,32,15,0.353583
1,22,1,32,16,0.361375
1,22,1,32,17,0.370250
1,22,1,32,18,0.368917
1,22,1,32,19,0.369542
1,22,1,32,20,0.375583
1,22,1,32,21,0.370500
1,22,1,32,22,0.369500
1,22,1,32,23,0.369042
1,22,1,32,24,0.367000
1,22,1,32,25,0.369000
1,22,1,32,26,0.369375
1,22,1,32,27,0.370208
1,22,1,32,28,0.370000
1,22,1,32,29,0.371167
1,22,1,32,30,0.370167
1,22,1,32,31,0.361750
1,22,1,32,32,0.370750
1,22,1,32,33,0.370208
1,22,1,32,34,0.372375
1,22,1,32,35,0.373125
1,22,1,32,36,0.369083
1,22,1,32,37,0.368333
1,22,1,32,38,0.369917
1,22,1,32,39,0.368500
1,22,1,32,40,0.369708
1,22,1,32,41,0.370375
1,22,1,32,42,0.367333
1,22,2,128,0,0.814708
1,22,2,128,1,0.814708
1,22,2,128,2,0.814500
1,22,2,128,3,0.814875
1,22,2,128,4,0.806875
1,22,2,128,5,0.804125
1,22,2,128,6,0.816667
1,22,2,128,7,0.815250
1,22,2,128,8,0.816125
1,22,2,128,9,0.816083
1,22,2,128,10,0.815375
1,22,2,128,11,0.815875
1,22,2,128,12,0.819500
1,22,2,128,13,0.808542
1,22,2,128,14,0.816250
1,22,2,128,15,0.814167
1,22,2,128,16,0.781583
1,22,2,128,17,0.814875
1,22,2,128,18,0.815375
1,22,2,128,19,0.814750
1,22,2,128,20,0.821042
1,22,2,128,21,0.814000
1,22,2,128,22,0.814375
1,22,2,128,23,0.814125
1,22,2,128,24,0.814125
1,22,2,128,25,0.815917
1,22,2,128,26,0.814417
1,22,2,128,27,0.814000
1,22,2,128,28,0.817125
1,22,2,128,29,0.814500
1,22,2,128,30,0.817750
1,22,2,128,31,0.814500
1,22,2,128,32,0.815208
1,22,2,128,33,0.814792
1,22,2,128,34,0.814542
1,22,2,128,35,0.815458
1,22,2,128,36,0.816375
1,22,2,128,37,0.815042
1,22,2,128,38,0.814500
1,22,2,128,39,0.814583
1,22,2,128,40,0.815042
1,22,2,128,41,0.815042
1,22,2,128,42,0.814750
1,22,3,0,0,0.250250
1,22,3,0,1,0.250250
1,22,3,0,2,0.249750
1,22,3,0,3,0.250167
1,22,3,0,4,0.251250
1,22,3,0,5,0.251375
1,22,3,0,6,0.250583
1,22,3,0,7,0.251375
1,22,3,0,8,0.251375
1,22,3,0,9,0.250875
1,22,3,0,10,0.249875
1,22,3,0,11,0.249875
1,22,3,0,12,0.250417
1,22,3,0,13,0.248000
1,22,3,0,14,0.250542
1,22,3,0,15,0.251125
1,22,3,0,16,0.254958
1,22,3,0,17,0.258000
1,22,3,0,18,0.252750
1,22,3,0,19,0.249042
1,22,3,0,20,0.250333
1,22,3,0,21,0.250333
1,22,3,0,22,0.249625
1,22,3,0,23,0.249875
1,22,3,0,24,0.251125
1,22,3,0,25,0.249417
1,22,3,0,26,0.251500
1,22,3,0,27,0.249000
1,22,3,0,28,0.248917
1,22,3,0,29,0.250917
1,22,3,0,30,0.250000
1,22,3,0,31,0.249375
1,22,3,0,32,0.249500
1,22,3,0,33,0.251458
1,22,3,0,34,0.249667
1,22,3,0,35,0.250542
1,22,3,0,36,0.249750
1,22,3,0,37,0.250083
1,22,3,0,38,0.249792
1,22,3,0,39,0.249500
1,22,3,0,40,0.250250
1,22,3,0,41,0.249625
1,22,3,0,42,0.249250
1,22,4,2,0,0.250292
1,22,4,2,1,0.249500
1,22,4,2,2,0.250583
1,22,4,2,3,0.249000
1,22,4,2,4,0.250500
1,22,4,2,5,0.249750
1,22,4,2,6,0.248250
1,22,4,2,7,0.248417
1,22,4,2,8,0.248500
1,22,4,2,9,0.250000
1,22,4,2,10,0.250000
1,22,4,2,11,0.250917
1,22,4,2,12,0.250750
1,22,4,2,13,0.246792
1,22,4,2,14,0.249958
1,22,4,2,15,0.250625
1,22,4,2,16,0.250042
1,22,4,2,17,0.250000
1,22,4,2,18,0.249792
1,22,4,2,19,0.249167
1,22,4,2,20,0.250292
1,22,4,2,21,0.249750
1,22,4,2,22,0.250542
1,22,4,2,23,0.251083
1,22,4,2,24,0.250500
1,22,4,2,25,0.250500
1,22,4,2,26,0.250292
1,22,4,2,27,0.250167
1,22,4,2,28,0.249875
1,22,4,2,29,0.249917
1,22,4,2,30,0.250042
1,22,4,2,31,0.248625
1,22,4,2,32,0.250167
1,22,4,2,33,0.250375
1,22,4,2,34,0.250417
1,22,4,2,35,0.251375
1,22,4,2,36,0.249833
1,22,4,2,37,0.250500
1,22,4,2,38,0.250625
1,22,4,2,39,0.251167
1,22,4,2,40,0.249958
1,22,4,2,41,0.250250
1,22,4,2,42,0.252042
1,23,0,32,0,0.369958
1,23,0,32,1,0.370333
1,23,0,32,2,0.369292
1,23,0,32,3,0.378500
1,23,0,32,4,0.370750
1,23,0,32,5,0.363833
1,23,0,32,6,0.385750
1,23,0,32,7,0.355125
1,23,0,32,8,0.363958
1,23,0,32,9,0.372375
1,23,0,32,10,0.369875
1,23,0,32,11,0.369625
1,23,0,32,12,0.367250
1,23,0,32,13,0.352250
1,23,0,32,14,0.369583
1,23,0,32,15,0.371083
1,23,0,32,16,0.369250
1,23,0,32,17,0.369917
1,23,0,32,18,0.366458
1,23,0,32,19,0.363292
1,23,0,32,20,0.370542
1,23,0,32,21,0.370083
1,23,0,32,22,0.369250
1,23,0,32,23,0.369667
1,23,0,32,24,0.371333
1,23,0,32,25,0.370375
1,23,0,32,26,0.371083
1,23,0,32,27,0.366625
1,23,0,32,28,0.368875
1,23,0,32,29,0.370625
1,23,0,32,30,0.369083
1,23,0,32,31,0.370875
1,23,0,32,32,0.371250
1,23,0,32,33,0.370833
1,23,0,32,34,0.368875
1,23,0,32,35,0.370750
1,23,0,32,36,0.369917
1,23,0,32,37,0.363375
1,23,0,32,38,0.371000
1,23,0,32,39,0.369958
1,23,0,32,40,0.368375
1,23,0,32,41,0.370542
1,23,0,32,42,0.370375
1,23,1,128,0,0.815167
1,23,1,128,1,0.815625
1,23,1,128,2,0.815750
1,23,1,128,3,0.816125
1,23,1,128,4,0.814958
1,23,1,128,5,0.815750
1,23,1,128,6,0.814750
1,23,1,128,7,0.815000
1,23,1,128,8,0.817292
1,23,1,128,9,0.814792
1,23,1,128,10,0.816042
1,23,1,128,11,0.814250
1,23,1,128,12,0.814167
1,23,1,128,13,0.814917
1,23,1,128,14,0.818625
1,23,1,128,15,0.778250
1,23,1,128,16,0.815542
1,23,1,128,17,0.816042
1,23,1,128,18,0.814875
1,23,1,128,19,0.814500
1,23,1,128,20,0.815000
1,23,1,128,21,0.815125
1,23,1,128,22,0.814625
1,23,1,128,23,0.815417
1,23,1,128,24,0.815625
1,23,1,128,25,0.813208
1,23,1,128,26,0.815375
1,23,1,128,27,0.813792
1,23,1,128,28,0.815125
1,23,1,128,29,0.814625
1,23,1,128,30,0.814750
1,23,1,128,31,0.815292
1,23,1,128,32,0.816583
1,23,1,128,33,0.815958
1,23,1,128,34,0.834375
1,23,1,128,35,0.815500
1,23,1,128,36,0.813792
1,23,1,128,37,0.815750
1,23,1,128,38,0.815333
1,23,1,128,39,0.815167
1,23,1,128,40,0.813708
1,23,1,128,41,0.815000
1,23,1,128,42,0.820750
1,23,2,0,0,0.250500
1,23,2,0,1,0.250250
1,23,2,0,2,0.249750
1,23,2,0,3,0.248833
1,23,2,0,4,0.250750
1,23,2,0,5,0.249875
1,23,2,0,6,0.251417
1,23,2,0,7,0.250417
1,23,2,0,8,0.251500
1,23,2,0,9,0.249833
1,23,2,0,10,0.249333
1,23,2,0,11,0.249208
1,23,2,0,12,0.250625
1,23,2,0,13,0.249083
1,23,2,0,14,0.254667
1,23,2,0,15,0.253000
1,23,2,0,16,0.250792
1,23,2,0,17,0.250208
1,23,2,0,18,0.252375
1,23,2,0,19,0.250750
1,23,2,0,20,0.250958
1,23,2,0,21,0.249792
1,23,2,0,22,0.250208
1,23,2,0,23,0.250417
1,23,2,0,24,0.251083
1,23,2,0,25,0.251250
1,23,2,0,26,0.249625
1,23,2,0,27,0.250833
1,23,2,0,28,0.248875
1,23,2,0,29,0.249833
1,23,2,0,30,0.249250
1,23,2,0,31,0.248625
1,23,2,0,32,0.250292
1,23,2,0,33,0.249583
1,23,2,0,34,0.250125
1,23,2,0,35,0.250250
1,23,2,0,36,0.250500
1,23,2,0,37,0.250500
1,23,2,0,38,0.250042
1,23,2,0,39,0.251792
1,23,2,0,40,0.251250
1,23,2,0,41,0.249000
1,23,2,0,42,0.249750
1,23,3,2,0,0.251875
1,23,3,2,1,0.249250
1,23,3,2,2,0.249958
1,23,3,2,3,0.250750
1,23,3,2,4,0.250333
1,23,3,2,5,0.250292
1,23,3,2,6,0.249375
1,23,3,2,7,0.250292
1,23,3,2,8,0.251167
1,23,3,2,9,0.249250
1,23,3,2,10,0.250125
1,23,3,2,11,0.249042
1,23,3,2,12,0.249375
1,23,3,2,13,0.247417
1,23,3,2,14,0.248167
1,23,3,2,15,0.249792
1,23,3,2,16,0.250375
1,23,3,2,17,0.248000
1,23,3,2,18,0.248708
1,23,3,2,19,0.249167
1,23,3,2,20,0.249708
1,23,3,2,21,0.249750
1,23,3,2,22,0.249000
1,23,3,2,23,0.250583
1,23,3,2,24,0.250167
1,23,3,2,25,0.249208
1,23,3,2,26,0.249542
1,23,3,2,27,0.250833
1,23,3,2,28,0.249750
1,23,3,2,29,0.249958
1,23,3,2,30,0.249667
1,23,3,2,31,0.250125
1,23,3,2,32,0.249125
1,23,3,2,33,0.249000
1,23,3,2,34,0.253000
1,23,3,2,35,0.250875
1,23,3,2,36,0.249458
1,23,3,2,37,0.250000
1,23,3,2,38,0.248625
1,23,3,2,39,0.248250
1,23,3,2,40,0.250458
1,23,3,2,41,0.250500
1,23,3,2,42,0.249167
1,23,4,1,0,0.254750
1,23,4,1,1,0.253500
1,23,4,1,2,0.252500
1,23,4,1,3,0.252750
1,23,4,1,4,0.253875
1,23,4,1,5,0.251875
1,23,4,1,6,0.253500
1,23,4,1,7,0.253750
1,23,4,1,8,0.266375
1,23,4,1,9,0.258875
1,23,4,1,10,0.255125
1,23,4,1,11,0.254000
1,23,4,1,12,0.253250
1,23,4,1,13,0.247375
1,23,4,1,14,0.249875
1,23,4,1,15,0.252833
1,23,4,1,16,0.254375
1,23,4,1,17,0.253458
1,23,4,1,18,0.253250
1,23,4,1,19,0.251875
1,23,4,1,20,0.253167
1,23,4,1,21,0.253167
1,23,4,1,22,0.252500
1,23,4,1,23,0.252958
1,23,4,1,24,0.253250
1,23,4,1,25,0.253083
1,23,4,1,26,0.252583
1,23,4,1,27,0.252500
1,23,4,1,28,0.251542
1,23,4,1,29,0.253917
1,23,4,1,30,0.252875
1,23,4,1,31,0.253250
1,23,4,1,32,0.252708
1,23,4,1,33,0.252625
1,23,4,1,34,0.253125
1,23,4,1,35,0.252833
1,23,4,1,36,0.253375
1,23,4,1,37,0.252708
1,23,4,1,38,0.253375
1,23,4,1,39,0.251750
1,23,4,1,40,0.252417
1,23,4,1,41,0.252500
1,23,4,1,42,0.251375
1,24,0,128,0,0.814250
1,24,0,128,1,0.815750
1,24,0,128,2,0.814583
1,24,0,128,3,0.814042
1,24,0,128,4,0.815083
1,24,0,128,5,0.816000
1,24,0,128,6,0.815042
1,24,0,128,7,0.815250
1,24,0,128,8,0.814000
1,24,0,128,9,0.815250
1,24,0,128,10,0.814750
1,24,0,128,11,0.816000
1,24,0,128,12,0.837500
1,24,0,128,13,0.806000
1,24,0,128,14,0.813875
1,24,0,128,15,0.815500
1,24,0,128,16,0.815250
1,24,0,128,17,0.816167
1,24,0,128,18,0.814917
1,24,0,128,19,0.814958
1,24,0,128,20,0.811000
1,24,0,128,21,0.821792
1,24,0,128,22,0.814875
1,24,0,128,23,0.815083
1,24,0,128,24,0.814750
1,24,0,128,25,0.815875
1,24,0,128,26,0.815625
1,24,0,128,27,0.814500
1,24,0,128,28,0.813792
1,24,0,128,29,0.815500
1,24,0,128,30,0.815458
1,24,0,128,31,0.814000
1,24,0,128,32,0.815375
1,24,0,128,33,0.814583
1,24,0,128,34,0.815625
1,24,0,128,35,0.814500
1,24,0,128,36,0.815333
1,24,0,128,37,0.813125
1,24,0,128,38,0.815125
1,24,0,128,39,0.815542
1,24,0,128,40,0.814750
1,24,0,128,41,0.814042
1,24,0,128,42,0.815375
1,24,1,0,0,0.250583
1,24,1,0,1,0.250042
1,24,1,0,2,0.249750
1,24,1,0,3,0.248958
1,24,1,0,4,0.250792
1,24,1,0,5,0.250708
1,24,1,0,6,0.251458
1,24,1,0,7,0.250583
1,24,1,0,8,0.251000
1,24,1,0,9,0.250875
1,24,1,0,10,0.250958
1,24,1,0,11,0.250708
1,24,1,0,12,0.250083
1,24,1,0,13,0.246042
1,24,1,0,14,0.248917
1,24,1,0,15,0.250250
1,24,1,0,16,0.250708
1,24,1,0,17,0.248500
1,24,1,0,18,0.249333
1,24,1,0,19,0.250125
1,24,1,0,20,0.249917
1,24,1,0,21,0.249958
1,24,1,0,22,0.250750
1,24,1,0,23,0.250917
1,24,1,0,24,0.250208
1,24,1,0,25,0.252000
1,24,1,0,26,0.249708
1,24,1,0,27,0.250583
1,24,1,0,28,0.255875
1,24,1,0,29,0.269250
1,24,1,0,30,0.251375
1,24,1,0,31,0.249750
1,24,1,0,32,0.250958
1,24,1,0,33,0.250250
1,24,1,0,34,0.251042
1,24,1,0,35,0.251083
1,24,1,0,36,0.250667
1,24,1,0,37,0.250417
1,24,1,0,38,0.249958
1,24,1,0,39,0.250500
1,24,1,0,40,0.250958
1,24,1,0,41,0.249417
1,24,1,0,42,0.250250
1,24,2,2,0,0.249833
1,24,2,2,1,0.248875
1,24,2,2,2,0.249333
1,24,2,2,3,0.249750
1,24,2,2,4,0.250417
1,24,2,2,5,0.248000
1,24,2,2,6,0.249250
1,24,2,2,7,0.250542
1,24,2,2,8,0.250083
1,24,2,2,9,0.249500
1,24,2,2,10,0.251375
1,24,2,2,11,0.249583
1,24,2,2,12,0.249417
1,24,2,2,13,0.246917
1,24,2,2,14,0.247875
1,24,2,2,15,0.249125
1,24,2,2,16,0.250667
1,24,2,2,17,0.247500
1,24,2,2,18,0.249208
1,24,2,2,19,0.249083
1,24,2,2,20,0.248708
1,24,2,2,21,0.251250
1,24,2,2,22,0.249250
1,24,2,2,23,0.249625
1,24,2,2,24,0.249250
1,24,2,2,25,0.250208
1,24,2,2,26,0.249250
1,24,2,2,27,0.251667
1,24,2,2,28,0.250250
1,24,2,2,29,0.249625
1,24,2,2,30,0.250250
1,24,2,2,31,0.249292
1,24,2,2,32,0.249250
1,24,2,2,33,0.250875
1,24,2,2,34,0.251000
1,24,2,2,35,0.250417
1,24,2,2,36,0.250917
1,24,2,2,37,0.250792
1,24,2,2,38,0.251500
1,24,2,2,39,0.251375
1,24,2,2,40,0.250500
1,24,2,2,41,0.250417
1,24,2,2,42,0.250625
1,24,3,1,0,0.255333
1,24,3,1,1,0.253833
1,24,3,1,2,0.252750
1,24,3,1,3,0.253167
1,24,3,1,4,0.254500
1,24,3,1,5,0.263875
1,24,3,1,6,0.253250
1,24,3,1,7,0.254208
1,24,3,1,8,0.253750
1,24,3,1,9,0.257625
1,24,3,1,10,0.253375
1,24,3,1,11,0.253292
1,24,3,1,12,0.253792
1,24,3,1,13,0.249417
1,24,3,1,14,0.252958
1,24,3,1,15,0.253542
1,24,3,1,16,0.252417
1,24,3,1,17,0.254750
1,24,3,1,18,0.253292
1,24,3,1,19,0.254167
1,24,3,1,20,0.253083
1,24,3,1,21,0.252250
1,24,3,1,22,0.263375
1,24,3,1,23,0.255500
1,24,3,1,24,0.255375
1,24,3,1,25,0.253083
1,24,3,1,26,0.251917
1,24,3,1,27,0.252750
1,24,3,1,28,0.252000
1,24,3,1,29,0.253875
1,24,3,1,30,0.253125
1,24,3,1,31,0.253250
1,24,3,1,32,0.252458
1,24,3,1,33,0.252250
1,24,3,1,34,0.252375
1,24,3,1,35,0.250417
1,24,3,1,36,0.253208
1,24,3,1,37,0.253458
1,24,3,1,38,0.254375
1,24,3,1,39,0.253958
1,24,3,1,40,0.252250
1,24,3,1,41,0.252917
1,24,3,1,42,0.253750
1,24,4,32,0,0.370417
1,24,4,32,1,0.370250
1,24,4,32,2,0.371125
1,24,4,32,3,0.369875
1,24,4,32,4,0.369875
1,24,4,32,5,0.368625
1,24,4,32,6,0.370000
1,24,4,32,7,0.367500
1,24,4,32,8,0.372250
1,24,4,32,9,0.371000
1,24,4,32,10,0.369625
1,24,4,32,11,0.369250
1,24,4,32,12,0.369833
1,24,4,32,13,0.357208
1,24,4,32,14,0.367458
1,24,4,32,15,0.368125
1,24,4,32,16,0.370167
1,24,4,32,17,0.369750
1,24,4,32,18,0.367750
1,24,4,32,19,0.370500
1,24,4,32,20,0.369000
1,24,4,32,21,0.370375
1,24,4,32,22,0.369583
1,24,4,32,23,0.371417
1,24,4,32,24,0.370375
1,24,4,32,25,0.371167
1,24,4,32,26,0.369000
1,24,4,32,27,0.370083
1,24,4,32,28,0.371208
1,24,4,32,29,0.368167
1,24,4,32,30,0.370750
1,24,4,32,31,0.370875
1,24,4,32,32,0.367792
1,24,4,32,33,0.366875
1,24,4,32,34,0.368958
1,24,4,32,35,0.369708
1,24,4,32,36,0.366667
1,24,4,32,37,0.369042
1,24,4,32,38,0.370125
1,24,4,32,39,0.368250
1,24,4,32,40,0.369167
1,24,4,32,41,0.366875
1,24,4,32,42,0.367125
1,25,0,0,0,0.249750
1,25,0,0,1,0.249750
1,25,0,0,2,0.260542
1,25,0,0,3,0.266792
1,25,0,0,4,0.253000
1,25,0,0,5,0.250125
1,25,0,0,6,0.248875
1,25,0,0,7,0.250625
1,25,0,0,8,0.248542
1,25,0,0,9,0.249083
1,25,0,0,10,0.250625
1,25,0,0,11,0.249792
1,25,0,0,12,0.250375
1,25,0,0,13,0.247542
1,25,0,0,14,0.248375
1,25,0,0,15,0.249417
1,25,0,0,16,0.249750
1,25,0,0,17,0.249125
1,25,0,0,18,0.250375
1,25,0,0,19,0.249875
1,25,0,0,20,0.250583
1,25,0,0,21,0.249042
1,25,0,0,22,0.249250
1,25,0,0,23,0.250875
1,25,0,0,24,0.249792
1,25,0,0,25,0.250250
1,25,0,0,26,0.250125
1,25,0,0,27,0.250083
1,25,0,0,28,0.248875
1,25,0,0,29,0.251125
1,25,0,0,30,0.248333
1,25,0,0,31,0.248625
1,25,0,0,32,0.250250
1,25,0,0,33,0.249958
1,25,0,0,34,0.250083
1,25,0,0,35,0.250542
1,25,0,0,36,0.249375
1,25,0,0,37,0.250917
1,25,0,0,38,0.250125
1,25,0,0,39,0.250500
1,25,0,0,40,0.250583
1,25,0,0,41,0.249292
1,25,0,0,42,0.250583
1,25,1,128,0,0.814708
1,25,1,128,1,0.814375
1,25,1,128,2,0.817000
1,25,1,128,3,0.815375
1,25,1,128,4,0.814792
1,25,1,128,5,0.816000
1,25,1,128,6,0.815000
1,25,1,128,7,0.814625
1,25,1,128,8,0.814750
1,25,1,128,9,0.815125
1,25,1,128,10,0.814250
1,25,1,128,11,0.816750
1,25,1,128,12,0.815500
1,25,1,128,13,0.811875
1,25,1,128,14,0.818625
1,25,1,128,15,0.813458
1,25,1,128,16,0.815292
1,25,1,128,17,0.819042
1,25,1,128,18,0.779042
1,25,1,128,19,0.815000
1,25,1,128,20,0.814750
1,25,1,128,21,0.812167
1,25,1,128,22,0.815000
1,25,1,128,23,0.813625
1,25,1,128,24,0.816083
1,25,1,128,25,0.814958
1,25,1,128,26,0.815333
1,25,1,128,27,0.814750
1,25,1,128,28,0.814583
1,25,1,128,29,0.815875
1,25,1,128,30,0.815333
1,25,1,128,31,0.819167
1,25,1,128,32,0.815292
1,25,1,128,33,0.815500
1,25,1,128,34,0.814917
1,25,1,128,35,0.814375
1,25,1,128,36,0.815333
1,25,1,128,37,0.814500
1,25,1,128,38,0.815917
1,25,1,128,39,0.815458
1,25,1,128,40,0.815208
1,25,1,128,41,0.815542
1,25,1,128,42,0.815667
1,25,2,32,0,0.369333
1,25,2,32,1,0.370125
1,25,2,32,2,0.369375
1,25,2,32,3,0.367250
1,25,2,32,4,0.370375
1,25,2,32,5,0.369833
1,25,2,32,6,0.369500
1,25,2,32,7,0.370500
1,25,2,32,8,0.369042
1,25,2,32,9,0.368625
1,25,2,32,10,0.370833
1,25,2,32,11,0.368333
1,25,2,32,12,0.370000
1,25,2,32,13,0.359750
1,25,2,32,14,0.364875
1,25,2,32,15,0.369875
1,25,2,32,16,0.374458
1,25,2,32,17,0.357625
1,25,2,32,18,0.370083
1,25,2,32,19,0.370500
1,25,2,32,20,0.366375
1,25,2,32,21,0.369583
1,25,2,32,22,0.366500
1,25,2,32,23,0.368458
1,25,2,32,24,0.368333
1,25,2,32,25,0.371458
1,25,2,32,26,0.367500
1,25,2,32,27,0.346333
1,25,2,32,28,0.367875
1,25,2,32,29,0.370625
1,25,2,32,30,0.369458
1,25,2,32,31,0.370375
1,25,2,32,32,0.369083
1,25,2,32,33,0.368583
1,25,2,32,34,0.368125
1,25,2,32,35,0.359625
1,25,2,32,36,0.368583
1,25,2,32,37,0.364250
1,25,2,32,38,0.369750
1,25,2,32,39,0.370125
1,25,2,32,40,0.370042
1,25,2,32,41,0.369500
1,25,2,32,42,0.370042
1,25,3,1,0,0.253500
1,25,3,1,1,0.250708
1,25,3,1,2,0.253833
1,25,3,1,3,0.252250
1,25,3,1,4,0.253625
1,25,3,1,5,0.251417
1,25,3,1,6,0.252833
1,25,3,1,7,0.253833
1,25,3,1,8,0.252125
1,25,3,1,9,0.253375
1,25,3,1,10,0.252208
1,25,3,1,11,0.252375
1,25,3,1,12,0.252792
1,25,3,1,13,0.248542
1,25,3,1,14,0.252000
1,25,3,1,15,0.252250
1,25,3,1,16,0.252792
1,25,3,1,17,0.257750
1,25,3,1,18,0.252833
1,25,3,1,19,0.251958
1,25,3,1,20,0.253208
1,25,3,1,21,0.252250
1,25,3,1,22,0.252667
1,25,3,1,23,0.252750
1,25,3,1,24,0.253000
1,25,3,1,25,0.252750
1,25,3,1,26,0.252958
1,25,3,1,27,0.253375
1,25,3,1,28,0.253333
1,25,3,1,29,0.252208
1,25,3,1,30,0.254250
1,25,3,1,31,0.252000
1,25,3,1,32,0.252583
1,25,3,1,33,0.254000
1,25,3,1,34,0.253250
1,25,3,1,35,0.253042
1,25,3,1,36,0.254250
1,25,3,1,37,0.253542
1,25,3,1,38,0.252625
1,25,3,1,39,0.253458
1,25,3,1,40,0.253042
1,25,3,1,41,0.252792
1,25,3,1,42,0.252208
1,25,4,2,0,0.250833
1,25,4,2,1,0.250500
1,25,4,2,2,0.252750
1,25,4,2,3,0.252458
1,25,4,2,4,0.253167
1,25,4,2,5,0.252750
1,25,4,2,6,0.249625
1,25,4,2,7,0.250625
1,25,4,2,8,0.249500
1,25,4,2,9,0.249625
1,25,4,2,10,0.251375
1,25,4,2,11,0.249792
1,25,4,2,12,0.251375
1,25,4,2,13,0.247375
1,25,4,2,14,0.249667
1,25,4,2,15,0.250375
1,25,4,2,16,0.250125
1,25,4,2,17,0.249750
1,25,4,2,18,0.249625
1,25,4,2,19,0.249917
1,25,4,2,20,0.249667
1,25,4,2,21,0.250042
1,25,4,2,22,0.251750
1,25,4,2,23,0.249500
1,25,4,2,24,0.249500
1,25,4,2,25,0.250750
1,25,4,2,26,0.250542
1,25,4,2,27,0.250875
1,25,4,2,28,0.249750
1,25,4,2,29,0.249333
1,25,4,2,30,0.250125
1,25,4,2,31,0.250375
1,25,4,2,32,0.250458
1,25,4,2,33,0.251625
1,25,4,2,34,0.250125
1,25,4,2,35,0.250917
1,25,4,2,36,0.249833
1,25,4,2,37,0.249875
1,25,4,2,38,0.250500
1,25,4,2,39,0.249292
1,25,4,2,40,0.250792
1,25,4,2,41,0.250125
1,25,4,2,42,0.250750
1,26,0,2,0,0.249167
1,26,0,2,1,0.250458
1,26,0,2,2,0.248750
1,26,0,2,3,0.249417
1,26,0,2,4,0.250792
1,26,0,2,5,0.249250
1,26,0,2,6,0.250167
1,26,0,2,7,0.250375
1,26,0,2,8,0.250875
1,26,0,2,9,0.248875
1,26,0,2,10,0.249958
1,26,0,2,11,0.249750
1,26,0,2,12,0.250667
1,26,0,2,13,0.246375
1,26,0,2,14,0.250042
1,26,0,2,15,0.250375
1,26,0,2,16,0.249750
1,26,0,2,17,0.248042
1,26,0,2,18,0.248917
1,26,0,2,19,0.249500
1,26,0,2,20,0.249375
1,26,0,2,21,0.249458
1,26,0,2,22,0.250000
1,26,0,2,23,0.249750
1,26,0,2,24,0.249792
1,26,0,2,25,0.250792
1,26,0,2,26,0.251125
1,26,0,2,27,0.249875
1,26,0,2,28,0.249542
1,26,0,2,29,0.249500
1,26,0,2,30,0.248625
1,26,0,2,31,0.249375
1,26,0,2,32,0.267583
1,26,0,2,33,0.244875
1,26,0,2,34,0.250375
1,26,0,2,35,0.251125
1,26,0,2,36,0.249292
1,26,0,2,37,0.250250
1,26,0,2,38,0.262875
1,26,0,2,39,0.275042
1,26,0,2,40,0.251625
1,26,0,2,41,0.249333
1,26,0,2,42,0.250417
1,26,1,0,0,0.249875
1,26,1,0,1,0.250833
1,26,1,0,2,0.249833
1,26,1,0,3,0.248917
1,26,1,0,4,0.250375
1,26,1,0,5,0.249375
1,26,1,0,6,0.249750
1,26,1,0,7,0.262750
1,26,1,0,8,0.243875
1,26,1,0,9,0.249833
1,26,1,0,10,0.249667
1,26,1,0,11,0.249667
1,26,1,0,12,0.249667
1,26,1,0,13,0.245417
1,26,1,0,14,0.248292
1,26,1,0,15,0.250292
1,26,1,0,16,0.250625
1,26,1,0,17,0.249250
1,26,1,0,18,0.250833
1,26,1,0,19,0.248958
1,26,1,0,20,0.250875
1,26,1,0,21,0.250167
1,26,1,0,22,0.250000
1,26,1,0,23,0.250000
1,26,1,0,24,0.250250
1,26,1,0,25,0.263375
1,26,1,0,26,0.244750
1,26,1,0,27,0.251000
1,26,1,0,28,0.250125
1,26,1,0,29,0.250125
1,26,1,0,30,0.248917
1,26,1,0,31,0.249875
1,26,1,0,32,0.249667
1,26,1,0,33,0.250042
1,26,1,0,34,0.250500
1,26,1,0,35,0.251042
1,26,1,0,36,0.249500
1,26,1,0,37,0.249375
1,26,1,0,38,0.249917
1,26,1,0,39,0.249542
1,26,1,0,40,0.250250
1,26,1,0,41,0.249000
1,26,1,0,42,0.249792
1,26,2,128,0,0.814667
1,26,2,128,1,0.814667
1,26,2,128,2,0.816333
1,26,2,128,3,0.815250
1,26,2,128,4,0.811917
1,26,2,128,5,0.814917
1,26,2,128,6,0.814333
1,26,2,128,7,0.816708
1,26,2,128,8,0.814667
1,26,2,128,9,0.815083
1,26,2,128,10,0.815750
1,26,2,128,11,0.814375
1,26,2,128,12,0.819625
1,26,2,128,13,0.776750
1,26,2,128,14,0.815500
1,26,2,128,15,0.818333
1,26,2,128,16,0.814250
1,26,2,128,17,0.814833
1,26,2,128,18,0.814625
1,26,2,128,19,0.814875
1,26,2,128,20,0.815708
1,26,2,128,21,0.815750
1,26,2,128,22,0.816542
1,26,2,128,23,0.814417
1,26,2,128,24,0.828000
1,26,2,128,25,0.815125
1,26,2,128,26,0.814250
1,26,2,128,27,0.815042
1,26,2,128,28,0.814083
1,26,2,128,29,0.815375
1,26,2,128,30,0.815250
1,26,2,128,31,0.816083
1,26,2,128,32,0.812000
1,26,2,128,33,0.815500
1,26,2,128,34,0.815125
1,26,2,128,35,0.815125
1,26,2,128,36,0.814000
1,26,2,128,37,0.815167
1,26,2,128,38,0.815375
1,26,2,128,39,0.815083
1,26,2,128,40,0.815917
1,26,2,128,41,0.814792
1,26,2,128,42,0.814750
1,26,3,32,0,0.368375
1,26,3,32,1,0.370083
1,26,3,32,2,0.369500
1,26,3,32,3,0.368833
1,26,3,32,4,0.370375
1,26,3,32,5,0.366208
1,26,3,32,6,0.372750
1,26,3,32,7,0.375083
1,26,3,32,8,0.369750
1,26,3,32,9,0.370542
1,26,3,32,10,0.366875
1,26,3,32,11,0.370500
1,26,3,32,12,0.368917
1,26,3,32,13,0.354833
1,26,3,32,14,0.367750
1,26,3,32,15,0.368167
1,26,3,32,16,0.368292
1,26,3,32,17,0.369167
1,26,3,32,18,0.368375
1,26,3,32,19,0.366792
1,26,3,32,20,0.369958
1,26,3,32,21,0.370500
1,26,3,32,22,0.366333
1,26,3,32,23,0.368625
1,26,3,32,24,0.365000
1,26,3,32,25,0.365125
1,26,3,32,26,0.371542
1,26,3,32,27,0.366500
1,26,3,32,28,0.367333
1,26,3,32,29,0.369000
1,26,3,32,30,0.369000
1,26,3,32,31,0.370167
1,26,3,32,32,0.369750
1,26,3,32,33,0.369375
1,26,3,32,34,0.369583
1,26,3,32,35,0.369375
1,26,3,32,36,0.368792
1,26,3,32,37,0.370750
1,26,3,32,38,0.370083
1,26,3,32,39,0.368750
1,26,3,32,40,0.370833
1,26,3,32,41,0.370250
1,26,3,32,42,0.367042
1,26,4,1,0,0.253833
1,26,4,1,1,0.253083
1,26,4,1,2,0.251625
1,26,4,1,3,0.251250
1,26,4,1,4,0.252000
1,26,4,1,5,0.253375
1,26,4,1,6,0.254250
1,26,4,1,7,0.252917
1,26,4,1,8,0.251542
1,26,4,1,9,0.252875
1,26,4,1,10,0.252875
1,26,4,1,11,0.252875
1,26,4,1,12,0.252083
1,26,4,1,13,0.249125
1,26,4,1,14,0.253250
1,26,4,1,15,0.253750
1,26,4,1,16,0.253375
1,26,4,1,17,0.254083
1,26,4,1,18,0.251792
1,26,4,1,19,0.252750
1,26,4,1,20,0.253375
1,26,4,1,21,0.253458
1,26,4,1,22,0.253083
1,26,4,1,23,0.253500
1,26,4,1,24,0.253250
1,26,4,1,25,0.253292
1,26,4,1,26,0.253250
1,26,4,1,27,0.252875
1,26,4,1,28,0.252583
1,26,4,1,29,0.251750
1,26,4,1,30,0.254375
1,26,4,1,31,0.253417
1,26,4,1,32,0.258583
1,26,4,1,33,0.257875
1,26,4,1,34,0.256125
1,26,4,1,35,0.253833
1,26,4,1,36,0.252750
1,26,4,1,37,0.252500
1,26,4,1,38,0.253583
1,26,4,1,39,0.253000
1,26,4,1,40,0.252250
1,26,4,1,41,0.252042
1,26,4,1,42,0.252292
1,27,0,1,0,0.253750
1,27,0,1,1,0.252000
1,27,0,1,2,0.253500
1,27,0,1,3,0.253750
1,27,0,1,4,0.253125
1,27,0,1,5,0.252250
1,27,0,1,6,0.252250
1,27,0,1,7,0.253750
1,27,0,1,8,0.253500
1,27,0,1,9,0.254042
1,27,0,1,10,0.252500
1,27,0,1,11,0.253625
1,27,0,1,12,0.255625
1,27,0,1,13,0.248125
1,27,0,1,14,0.250333
1,27,0,1,15,0.251125
1,27,0,1,16,0.254375
1,27,0,1,17,0.251750
1,27,0,1,18,0.253375
1,27,0,1,19,0.253375
1,27,0,1,20,0.252708
1,27,0,1,21,0.252875
1,27,0,1,22,0.254000
1,27,0,1,23,0.252875
1,27,0,1,24,0.252250
1,27,0,1,25,0.253500
1,27,0,1,26,0.254208
1,27,0,1,27,0.253125
1,27,0,1,28,0.251625
1,27,0,1,29,0.253917
1,27,0,1,30,0.253167
1,27,0,1,31,0.253167
1,27,0,1,32,0.251667
1,27,0,1,33,0.253875
1,27,0,1,34,0.262167
1,27,0,1,35,0.253375
1,27,0,1,36,0.253250
1,27,0,1,37,0.254125
1,27,0,1,38,0.253500
1,27,0,1,39,0.252958
1,27,0,1,40,0.253167
1,27,0,1,41,0.253125
1,27,0,1,42,0.253250
1,27,1,2,0,0.250875
1,27,1,2,1,0.250500
1,27,1,2,2,0.249833
1,27,1,2,3,0.250750
1,27,1,2,4,0.252083
1,27,1,2,5,0.251250
1,27,1,2,6,0.250125
1,27,1,2,7,0.251833
1,27,1,2,8,0.250875
1,27,1,2,9,0.253458
1,27,1,2,10,0.258500
1,27,1,2,11,0.246958
1,27,1,2,12,0.251000
1,27,1,2,13,0.245500
1,27,1,2,14,0.270750
1,27,1,2,15,0.246000
1,27,1,2,16,0.250792
1,27,1,2,17,0.250750
1,27,1,2,18,0.482125
1,27,1,2,19,0.255333
1,27,1,2,20,0.249042
1,27,1,2,21,0.248792
1,27,1,2,22,0.251250
1,27,1,2,23,0.250583
1,27,1,2,24,0.250500
1,27,1,2,25,0.250542
1,27,1,2,26,0.261833
1,27,1,2,27,0.256708
1,27,1,2,28,0.254208
1,27,1,2,29,0.319667
1,27,1,2,30,0.260667
1,27,1,2,31,0.251875
1,27,1,2,32,0.251375
1,27,1,2,33,0.251375
1,27,1,2,34,0.251292
1,27,1,2,35,0.251167
1,27,1,2,36,0.249083
1,27,1,2,37,0.250917
1,27,1,2,38,0.249542
1,27,1,2,39,0.248667
1,27,1,2,40,0.249333
1,27,1,2,41,0.250250
1,27,1,2,42,0.250125
1,27,2,0,0,0.250500
1,27,2,0,1,0.250333
1,27,2,0,2,0.250333
1,27,2,0,3,0.249708
1,27,2,0,4,0.250542
1,27,2,0,5,0.251583
1,27,2,0,6,0.250125
1,27,2,0,7,0.250000
1,27,2,0,8,0.490833
1,27,2,0,9,0.246375
1,27,2,0,10,0.249417
1,27,2,0,11,0.248875
1,27,2,0,12,0.249000
1,27,2,0,13,0.246833
1,27,2,0,14,0.250000
1,27,2,0,15,0.249750
1,27,2,0,16,0.248792
1,27,2,0,17,0.248583
1,27,2,0,18,0.248375
1,27,2,0,19,0.249375
1,27,2,0,20,0.249500
1,27,2,0,21,0.250500
1,27,2,0,22,0.250625
1,27,2,0,23,0.285625
1,27,2,0,24,0.250000
1,27,2,0,25,0.249333
1,27,2,0,26,0.249917
1,27,2,0,27,0.249333
1,27,2,0,28,0.249750
1,27,2,0,29,0.249917
1,27,2,0,30,0.249250
1,27,2,0,31,0.248958
1,27,2,0,32,0.250500
1,27,2,0,33,0.251250
1,27,2,0,34,0.248917
1,27,2,0,35,0.249375
1,27,2,0,36,0.249417
1,27,2,0,37,0.251875
1,27,2,0,38,0.250042
1,27,2,0,39,0.251000
1,27,2,0,40,0.250875
1,27,2,0,41,0.248750
1,27,2,0,42,0.287625
1,27,3,128,0,0.815000
1,27,3,128,1,0.814792
1,27,3,128,2,0.815167
1,27,3,128,3,0.815042
1,27,3,128,4,0.815125
1,27,3,128,5,0.815500
1,27,3,128,6,0.814542
1,27,3,128,7,0.815250
1,27,3,128,8,0.822458
1,27,3,128,9,0.778917
1,27,3,128,10,0.814375
1,27,3,128,11,0.815375
1,27,3,128,12,0.814958
1,27,3,128,13,0.814500
1,27,3,128,14,0.814625
1,27,3,128,15,0.815500
1,27,3,128,16,0.816875
1,27,3,128,17,0.814792
1,27,3,128,18,0.815458
1,27,3,128,19,0.815500
1,27,3,128,20,0.813792
1,27,3,128,21,0.815042
1,27,3,128,22,0.815042
1,27,3,128,23,0.815000
1,27,3,128,24,0.815500
1,27,3,128,25,0.814375
1,27,3,128,26,0.814833
1,27,3,128,27,0.815500
1,27,3,128,28,0.814542
1,27,3,128,29,0.815042
1,27,3,128,30,0.814875
1,27,3,128,31,0.815625
1,27,3,128,32,0.815708
1,27,3,128,33,0.816500
1,27,3,128,34,0.815042
1,27,3,128,35,0.814917
1,27,3,128,36,0.815500
1,27,3,128,37,0.814458
1,27,3,128,38,0.814167
1,27,3,128,39,0.814917
1,27,3,128,40,0.814417
1,27,3,128,41,0.814875
1,27,3,128,42,0.814250
1,27,4,32,0,0.372625
1,27,4,32,1,0.371500
1,27,4,32,2,0.370292
1,27,4,32,3,0.360625
1,27,4,32,4,0.370375
1,27,4,32,5,0.368875
1,27,4,32,6,0.369167
1,27,4,32,7,0.370083
1,27,4,32,8,0.369125
1,27,4,32,9,0.369375
1,27,4,32,10,0.369833
1,27,4,32,11,0.370917
1,27,4,32,12,0.370667
1,27,4,32,13,0.364500
1,27,4,32,14,0.369042
1,27,4,32,15,0.370875
1,27,4,32,16,0.364875
1,27,4,32,17,0.370625
1,27,4,32,18,0.369500
1,27,4,32,19,0.367500
1,27,4,32,20,0.369125
1,27,4,32,21,0.370792
1,27,4,32,22,0.367333
1,27,4,32,23,0.370250
1,27,4,32,24,0.371250
1,27,4,32,25,0.368125
1,27,4,32,26,0.368583
1,27,4,32,27,0.360167
1,27,4,32,28,0.370333
1,27,4,32,29,0.371000
1,27,4,32,30,0.368708
1,27,4,32,31,0.363875
1,27,4,32,32,0.365208
1,27,4,32,33,0.369708
1,27,4,32,34,0.369667
1,27,4,32,35,0.368250
1,27,4,32,36,0.370500
1,27,4,32,37,0.382542
1,27,4,32,38,0.370208
1,27,4,32,39,0.367375
1,27,4,32,40,0.390333
1,27,4,32,41,0.369750
1,27,4,32,42,0.367667
1,28,0,32,0,0.367458
1,28,0,32,1,0.367875
1,28,0,32,2,0.369792
1,28,0,32,3,0.371583
1,28,0,32,4,0.371000
1,28,0,32,5,0.365000
1,28,0,32,6,0.367125
1,28,0,32,7,0.369083
1,28,0,32,8,0.368583
1,28,0,32,9,0.369875
1,28,0,32,10,0.367417
1,28,0,32,11,0.368375
1,28,0,32,12,0.371417
1,28,0,32,13,0.351000
1,28,0,32,14,0.367542
1,28,0,32,15,0.366542
1,28,0,32,16,0.368958
1,28,0,32,17,0.367625
1,28,0,32,18,0.368708
1,28,0,32,19,0.366333
1,28,0,32,20,0.370250
1,28,0,32,21,0.370292
1,28,0,32,22,0.369000
1,28,0,32,23,0.367792
1,28,0,32,24,0.369167
1,28,0,32,25,0.366208
1,28,0,32,26,0.367542
1,28,0,32,27,0.369542
1,28,0,32,28,0.370583
1,28,0,32,29,0.365750
1,28,0,32,30,0.369833
1,28,0,32,31,0.369125
1,28,0,32,32,0.371292
1,28,0,32,33,0.368708
1,28,0,32,34,0.369917
1,28,0,32,35,0.371417
1,28,0,32,36,0.370250
1,28,0,32,37,0.368167
1,28,0,32,38,0.371208
1,28,0,32,39,0.370167
1,28,0,32,40,0.370000
1,28,0,32,41,0.369083
1,28,0,32,42,0.367917
1,28,1,1,0,0.252875
1,28,1,1,1,0.250458
1,28,1,1,2,0.253125
1,28,1,1,3,0.253333
1,28,1,1,4,0.253708
1,28,1,1,5,0.250750
1,28,1,1,6,0.251625
1,28,1,1,7,0.251792
1,28,1,1,8,0.251875
1,28,1,1,9,0.251500
1,28,1,1,10,0.254500
1,28,1,1,11,0.252375
1,28,1,1,12,0.250625
1,28,1,1,13,0.247875
1,28,1,1,14,0.251917
1,28,1,1,15,0.252500
1,28,1,1,16,0.253750
1,28,1,1,17,0.253125
1,28,1,1,18,0.251667
1,28,1,1,19,0.252000
1,28,1,1,20,0.251500
1,28,1,1,21,0.253500
1,28,1,1,22,0.252750
1,28,1,1,23,0.251375
1,28,1,1,24,0.251458
1,28,1,1,25,0.252583
1,28,1,1,26,0.253000
1,28,1,1,27,0.254667
1,28,1,1,28,0.251583
1,28,1,1,29,0.252667
1,28,1,1,30,0.253292
1,28,1,1,31,0.253375
1,28,1,1,32,0.252792
1,28,1,1,33,0.253083
1,28,1,1,34,0.252250
1,28,1,1,35,0.253208
1,28,1,1,36,0.253750
1,28,1,1,37,0.252750
1,28,1,1,38,0.252333
1,28,1,1,39,0.252333
1,28,1,1,40,0.251000
1,28,1,1,41,0.252250
1,28,1,1,42,0.251625
1,28,2,2,0,0.250250
1,28,2,2,1,0.249792
1,28,2,2,2,0.248917
1,28,2,2,3,0.249250
1,28,2,2,4,0.250333
1,28,2,2,5,0.251708
1,28,2,2,6,0.251417
1,28,2,2,7,0.249167
1,28,2,2,8,0.261958
1,28,2,2,9,0.257167
1,28,2,2,10,0.252375
1,28,2,2,11,0.250792
1,28,2,2,12,0.250833
1,28,2,2,13,0.247042
1,28,2,2,14,0.247917
1,28,2,2,15,0.250708
1,28,2,2,16,0.251125
1,28,2,2,17,0.249333
1,28,2,2,18,0.250583
1,28,2,2,19,0.250833
1,28,2,2,20,0.249667
1,28,2,2,21,0.249125
1,28,2,2,22,0.250875
1,28,2,2,23,0.250625
1,28,2,2,24,0.248875
1,28,2,2,25,0.250125
1,28,2,2,26,0.251500
1,28,2,2,27,0.249625
1,28,2,2,28,0.249292
1,28,2,2,29,0.251083
1,28,2,2,30,0.249583
1,28,2,2,31,0.248500
1,28,2,2,32,0.249917
1,28,2,2,33,0.251042
1,28,2,2,34,0.250875
1,28,2,2,35,0.250875
1,28,2,2,36,0.249917
1,28,2,2,37,0.249750
1,28,2,2,38,0.250250
1,28,2,2,39,0.250292
1,28,2,2,40,0.250375
1,28,2,2,41,0.249917
1,28,2,2,42,0.250583
1,28,3,0,0,0.249958
1,28,3,0,1,0.250458
1,28,3,0,2,0.249375
1,28,3,0,3,0.249708
1,28,3,0,4,0.251000
1,28,3,0,5,0.250125
1,28,3,0,6,0.251542
1,28,3,0,7,0.250000
1,28,3,0,8,0.250375
1,28,3,0,9,0.250625
1,28,3,0,10,0.249875
1,28,3,0,11,0.250000
1,28,3,0,12,0.250625
1,28,3,0,13,0.247667
1,28,3,0,14,0.249208
1,28,3,0,15,0.250750
1,28,3,0,16,0.249167
1,28,3,0,17,0.250292
1,28,3,0,18,0.253375
1,28,3,0,19,0.249833
1,28,3,0,20,0.249292
1,28,3,0,21,0.248875
1,28,3,0,22,0.249875
1,28,3,0,23,0.250000
1,28,3,0,24,0.249250
1,28,3,0,25,0.249625
1,28,3,0,26,0.250750
1,28,3,0,27,0.248167
1,28,3,0,28,0.250208
1,28,3,0,29,0.249542
1,28,3,0,30,0.248708
1,28,3,0,31,0.249667
1,28,3,0,32,0.250125
1,28,3,0,33,0.250500
1,28,3,0,34,0.248667
1,28,3,0,35,0.250375
1,28,3,0,36,0.250000
1,28,3,0,37,0.250000
1,28,3,0,38,0.250792
1,28,3,0,39,0.248125
1,28,3,0,40,0.250167
1,28,3,0,41,0.249375
1,28,3,0,42,0.268292
1,28,4,128,0,0.817542
1,28,4,128,1,0.821667
1,28,4,128,2,0.814292
1,28,4,128,3,0.815792
1,28,4,128,4,0.814875
1,28,4,128,5,0.815750
1,28,4,128,6,0.815542
1,28,4,128,7,0.815625
1,28,4,128,8,0.814500
1,28,4,128,9,0.815250
1,28,4,128,10,0.814750
1,28,4,128,11,0.814875
1,28,4,128,12,0.814583
1,28,4,128,13,0.804500
1,28,4,128,14,0.814667
1,28,4,128,15,0.814792
1,28,4,128,16,0.814667
1,28,4,128,17,0.815292
1,28,4,128,18,0.814708
1,28,4,128,19,0.814625
1,28,4,128,20,0.814875
1,28,4,128,21,0.814417
1,28,4,128,22,0.815958
1,28,4,128,23,0.814292
1,28,4,128,24,0.815833
1,28,4,128,25,0.815500
1,28,4,128,26,0.814875
1,28,4,128,27,0.814667
1,28,4,128,28,0.815042
1,28,4,128,29,0.815708
1,28,4,128,30,0.814583
1,28,4,128,31,0.815708
1,28,4,128,32,0.814583
1,28,4,128,33,0.815500
1,28,4,128,34,0.815500
1,28,4,128,35,0.803500
1,28,4,128,36,0.814000
1,28,4,128,37,0.815625
1,28,4,128,38,0.815167
1,28,4,128,39,0.814333
1,28,4,128,40,0.815667
1,28,4,128,41,0.815208
1,28,4,128,42,0.815208
1,29,0,128,0,0.815500
1,29,0,128,1,0.814833
1,29,0,128,2,0.816125
1,29,0,128,3,0.814792
1,29,0,128,4,0.816375
1,29,0,128,5,0.815458
1,29,0,128,6,0.814708
1,29,0,128,7,0.815667
1,29,0,128,8,0.816292
1,29,0,128,9,0.814500
1,29,0,128,10,0.815125
1,29,0,128,11,0.814625
1,29,0,128,12,0.815750
1,29,0,128,13,0.808875
1,29,0,128,14,0.813500
1,29,0,128,15,0.815458
1,29,0,128,16,0.815375
1,29,0,128,17,0.816250
1,29,0,128,18,0.815000
1,29,0,128,19,0.816375
1,29,0,128,20,0.814333
1,29,0,128,21,0.815000
1,29,0,128,22,0.815667
1,29,0,128,23,0.815208
1,29,0,128,24,0.814792
1,29,0,128,25,0.815875
1,29,0,128,26,0.816958
1,29,0,128,27,0.817500
1,29,0,128,28,0.812708
1,29,0,128,29,0.815375
1,29,0,128,30,0.815208
1,29,0,128,31,0.815542
1,29,0,128,32,0.815875
1,29,0,128,33,0.814750
1,29,0,128,34,0.815458
1,29,0,128,35,0.814542
1,29,0,128,36,0.816625
1,29,0,128,37,0.815000
1,29,0,128,38,0.814750
1,29,0,128,39,0.815375
1,29,0,128,40,0.815375
1,29,0,128,41,0.815000
1,29,0,128,42,0.813750
1,29,1,32,0,0.369625
1,29,1,32,1,0.369625
1,29,1,32,2,0.369375
1,29,1,32,3,0.367625
1,29,1,32,4,0.369458
1,29,1,32,5,0.366167
1,29,1,32,6,0.368917
1,29,1,32,7,0.369875
1,29,1,32,8,0.368875
1,29,1,32,9,0.368125
1,29,1,32,10,0.371875
1,29,1,32,11,0.370875
1,29,1,32,12,0.369000
1,29,1,32,13,0.356208
1,29,1,32,14,0.365583
1,29,1,32,15,0.367458
1,29,1,32,16,0.369875
1,29,1,32,17,0.369500
1,29,1,32,18,0.369625
1,29,1,32,19,0.364417
1,29,1,32,20,0.369792
1,29,1,32,21,0.371875
1,29,1,32,22,0.367042
1,29,1,32,23,0.369417
1,29,1,32,24,0.370500
1,29,1,32,25,0.370417
1,29,1,32,26,0.368875
1,29,1,32,27,0.369625
1,29,1,32,28,0.369542
1,29,1,32,29,0.369083
1,29,1,32,30,0.365500
1,29,1,32,31,0.368375
1,29,1,32,32,0.370708
1,29,1,32,33,0.372625
1,29,1,32,34,0.367875
1,29,1,32,35,0.348208
1,29,1,32,36,0.369625
1,29,1,32,37,0.369667
1,29,1,32,38,0.370750
1,29,1,32,39,0.367125
1,29,1,32,40,0.370625
1,29,1,32,41,0.375292
1,29,1,32,42,0.371417
1,29,2,1,0,0.252417
1,29,2,1,1,0.252917
1,29,2,1,2,0.252000
1,29,2,1,3,0.253125
1,29,2,1,4,0.251583
1,29,2,1,5,0.252167
1,29,2,1,6,0.253583
1,29,2,1,7,0.255125
1,29,2,1,8,0.253000
1,29,2,1,9,0.254125
1,29,2,1,10,0.253750
1,29,2,1,11,0.252333
1,29,2,1,12,0.253292
1,29,2,1,13,0.248583
1,29,2,1,14,0.251000
1,29,2,1,15,0.251000
1,29,2,1,16,0.251917
1,29,2,1,17,0.252542
1,29,2,1,18,0.252292
1,29,2,1,19,0.252875
1,29,2,1,20,0.252375
1,29,2,1,21,0.265875
1,29,2,1,22,0.305458
1,29,2,1,23,0.251000
1,29,2,1,24,0.252958
1,29,2,1,25,0.252375
1,29,2,1,26,0.261750
1,29,2,1,27,0.251750
1,29,2,1,28,0.252208
1,29,2,1,29,0.267750
1,29,2,1,30,0.252625
1,29,2,1,31,0.253333
1,29,2,1,32,0.253833
1,29,2,1,33,0.252500
1,29,2,1,34,0.251833
1,29,2,1,35,0.253125
1,29,2,1,36,0.252625
1,29,2,1,37,0.253000
1,29,2,1,38,0.253875
1,29,2,1,39,0.253583
1,29,2,1,40,0.252750
1,29,2,1,41,0.252583
1,29,2,1,42,0.253000
1,29,3,2,0,0.251000
1,29,3,2,1,0.250042
1,29,3,2,2,0.249500
1,29,3,2,3,0.249167
1,29,3,2,4,0.249250
1,29,3,2,5,0.251000
1,29,3,2,6,0.249333
1,29,3,2,7,0.250417
1,29,3,2,8,0.249583
1,29,3,2,9,0.250333
1,29,3,2,10,0.249833
1,29,3,2,11,0.251125
1,29,3,2,12,0.250458
1,29,3,2,13,0.245667
1,29,3,2,14,0.248875
1,29,3,2,15,0.249708
1,29,3,2,16,0.329250
1,29,3,2,17,0.386792
1,29,3,2,18,0.248917
1,29,3,2,19,0.249625
1,29,3,2,20,0.250583
1,29,3,2,21,0.249917
1,29,3,2,22,0.249750
1,29,3,2,23,0.248708
1,29,3,2,24,0.262667
1,29,3,2,25,0.262333
1,29,3,2,26,0.252250
1,29,3,2,27,0.249625
1,29,3,2,28,0.250375
1,29,3,2,29,0.249833
1,29,3,2,30,0.249292
1,29,3,2,31,0.248667
1,29,3,2,32,0.249958
1,29,3,2,33,0.267000
1,29,3,2,34,0.247125
1,29,3,2,35,0.249375
1,29,3,2,36,0.249917
1,29,3,2,37,0.250542
1,29,3,2,38,0.248500
1,29,3,2,39,0.250292
1,29,3,2,40,0.248500
1,29,3,2,41,0.249458
1,29,3,2,42,0.248875
1,29,4,0,0,0.249708
1,29,4,0,1,0.249750
1,29,4,0,2,0.247500
1,29,4,0,3,0.250125
1,29,4,0,4,0.251167
1,29,4,0,5,0.250708
1,29,4,0,6,0.249167
1,29,4,0,7,0.251167
1,29,4,0,8,0.250375
1,29,4,0,9,0.266625
1,29,4,0,10,0.251083
1,29,4,0,11,0.249083
1,29,4,0,12,0.251000
1,29,4,0,13,0.248792
1,29,4,0,14,0.249500
1,29,4,0,15,0.251125
1,29,4,0,16,0.250750
1,29,4,0,17,0.247958
1,29,4,0,18,0.247917
1,29,4,0,19,0.249583
1,29,4,0,20,0.249250
1,29,4,0,21,0.251042
1,29,4,0,22,0.249917
1,29,4,0,23,0.250375
1,29,4,0,24,0.248917
1,29,4,0,25,0.250292
1,29,4,0,26,0.249125
1,29,4,0,27,0.250167
1,29,4,0,28,0.251250
1,29,4,0,29,0.256625
1,29,4,0,30,0.257250
1,29,4,0,31,0.245375
1,29,4,0,32,0.250500
1,29,4,0,33,0.249875
1,29,4,0,34,0.250625
1,29,4,0,35,0.249542
1,29,4,0,36,0.249583
1,29,4,0,37,0.251500
1,29,4,0,38,0.249500
1,29,4,0,39,0.250500
1,29,4,0,40,0.250125
1,29,4,0,41,0.250167
1,29,4,0,42,0.251000
