stratum,round,selector,layer,gpu_ms
0,0,0,0,0.246875
0,0,0,1,0.246917
0,0,0,2,0.247333
0,0,0,3,0.247625
0,0,0,4,0.247917
0,0,0,5,0.247458
0,0,0,6,0.249833
0,0,0,7,0.247167
0,0,0,8,0.246833
0,0,0,9,0.248333
0,0,0,10,0.247875
0,0,0,11,0.247500
0,0,0,12,0.247583
0,0,0,13,0.246708
0,0,0,14,0.248250
0,0,0,15,0.248375
0,0,0,16,0.248792
0,0,0,17,0.248000
0,0,0,18,0.249375
0,0,0,19,0.249042
0,0,0,20,0.247375
0,0,0,21,0.247125
0,0,0,22,0.248500
0,0,0,23,0.247875
0,0,0,24,0.248500
0,0,0,25,0.248375
0,0,0,26,0.248458
0,0,0,27,0.248583
0,0,0,28,0.248542
0,0,0,29,0.248458
0,0,0,30,0.248625
0,0,0,31,0.246375
0,0,0,32,0.245292
0,0,0,33,0.246625
0,0,0,34,0.247250
0,0,0,35,0.248250
0,0,0,36,0.247500
0,0,0,37,0.248000
0,0,0,38,0.247917
0,0,0,39,0.248042
0,0,0,40,0.248125
0,0,0,41,0.248750
0,0,0,42,0.248625
0,0,2,0,0.247875
0,0,2,1,0.247875
0,0,2,2,0.248667
0,0,2,3,0.248208
0,0,2,4,0.248875
0,0,2,5,0.247708
0,0,2,6,0.247750
0,0,2,7,0.247125
0,0,2,8,0.249125
0,0,2,9,0.247417
0,0,2,10,0.247625
0,0,2,11,0.245750
0,0,2,12,0.247292
0,0,2,13,0.246750
0,0,2,14,0.247250
0,0,2,15,0.249167
0,0,2,16,0.248250
0,0,2,17,0.249458
0,0,2,18,0.248167
0,0,2,19,0.248167
0,0,2,20,0.247792
0,0,2,21,0.246750
0,0,2,22,0.247458
0,0,2,23,0.248500
0,0,2,24,0.248417
0,0,2,25,0.248250
0,0,2,26,0.247875
0,0,2,27,0.249625
0,0,2,28,0.247625
0,0,2,29,0.247875
0,0,2,30,0.247583
0,0,2,31,0.246250
0,0,2,32,0.247833
0,0,2,33,0.247625
0,0,2,34,0.247375
0,0,2,35,0.247208
0,0,2,36,0.247875
0,0,2,37,0.248875
0,0,2,38,0.247333
0,0,2,39,0.247875
0,0,2,40,0.247958
0,0,2,41,0.247375
0,0,2,42,0.247375
0,0,3,0,0.138625
0,0,3,1,0.138000
0,0,3,2,0.138417
0,0,3,3,0.138417
0,0,3,4,0.138042
0,0,3,5,0.137708
0,0,3,6,0.138042
0,0,3,7,0.137708
0,0,3,8,0.138125
0,0,3,9,0.138042
0,0,3,10,0.137583
0,0,3,11,0.138000
0,0,3,12,0.138042
0,0,3,13,0.138208
0,0,3,14,0.138125
0,0,3,15,0.137625
0,0,3,16,0.138375
0,0,3,17,0.138042
0,0,3,18,0.138208
0,0,3,19,0.138208
0,0,3,20,0.138000
0,0,3,21,0.138375
0,0,3,22,0.138250
0,0,3,23,0.138292
0,0,3,24,0.138750
0,0,3,25,0.138250
0,0,3,26,0.137875
0,0,3,27,0.138125
0,0,3,28,0.138833
0,0,3,29,0.138083
0,0,3,30,0.138125
0,0,3,31,0.138375
0,0,3,32,0.137375
0,0,3,33,0.138083
0,0,3,34,0.138083
0,0,3,35,0.138333
0,0,3,36,0.138250
0,0,3,37,0.138125
0,0,3,38,0.139500
0,0,3,39,0.139375
0,0,3,40,0.139500
0,0,3,41,0.139083
0,0,3,42,0.138292
0,0,4,0,0.139083
0,0,4,1,0.139042
0,0,4,2,0.140333
0,0,4,3,0.139000
0,0,4,4,0.138333
0,0,4,5,0.137875
0,0,4,6,0.138500
0,0,4,7,0.138250
0,0,4,8,0.138250
0,0,4,9,0.138125
0,0,4,10,0.137500
0,0,4,11,0.137875
0,0,4,12,0.138250
0,0,4,13,0.137875
0,0,4,14,0.138125
0,0,4,15,0.137917
0,0,4,16,0.138125
0,0,4,17,0.137625
0,0,4,18,0.137625
0,0,4,19,0.137500
0,0,4,20,0.138042
0,0,4,21,0.138333
0,0,4,22,0.139875
0,0,4,23,0.138292
0,0,4,24,0.137542
0,0,4,25,0.137875
0,0,4,26,0.138375
0,0,4,27,0.138500
0,0,4,28,0.138708
0,0,4,29,0.138375
0,0,4,30,0.138000
0,0,4,31,0.138167
0,0,4,32,0.138500
0,0,4,33,0.138000
0,0,4,34,0.138500
0,0,4,35,0.138750
0,0,4,36,0.138500
0,0,4,37,0.138708
0,0,4,38,0.137958
0,0,4,39,0.137875
0,0,4,40,0.138083
0,0,4,41,0.138167
0,0,4,42,0.137833
0,1,2,0,0.248083
0,1,2,1,0.247375
0,1,2,2,0.247542
0,1,2,3,0.247208
0,1,2,4,0.248750
0,1,2,5,0.248292
0,1,2,6,0.248750
0,1,2,7,0.247750
0,1,2,8,0.247625
0,1,2,9,0.248000
0,1,2,10,0.247292
0,1,2,11,0.249458
0,1,2,12,0.248125
0,1,2,13,0.248292
0,1,2,14,0.247750
0,1,2,15,0.248500
0,1,2,16,0.248917
0,1,2,17,0.248583
0,1,2,18,0.248250
0,1,2,19,0.248750
0,1,2,20,0.247875
0,1,2,21,0.247125
0,1,2,22,0.248750
0,1,2,23,0.247125
0,1,2,24,0.248292
0,1,2,25,0.247875
0,1,2,26,0.247875
0,1,2,27,0.248542
0,1,2,28,0.247917
0,1,2,29,0.247708
0,1,2,30,0.247875
0,1,2,31,0.247375
0,1,2,32,0.246833
0,1,2,33,0.246625
0,1,2,34,0.248125
0,1,2,35,0.248375
0,1,2,36,0.248750
0,1,2,37,0.248167
0,1,2,38,0.246875
0,1,2,39,0.248292
0,1,2,40,0.248708
0,1,2,41,0.248667
0,1,2,42,0.247958
0,1,3,0,0.137375
0,1,3,1,0.136750
0,1,3,2,0.137000
0,1,3,3,0.137625
0,1,3,4,0.136458
0,1,3,5,0.136500
0,1,3,6,0.137000
0,1,3,7,0.136750
0,1,3,8,0.136750
0,1,3,9,0.138417
0,1,3,10,0.137458
0,1,3,11,0.136625
0,1,3,12,0.136500
0,1,3,13,0.136417
0,1,3,14,0.136667
0,1,3,15,0.136708
0,1,3,16,0.137208
0,1,3,17,0.137250
0,1,3,18,0.136750
0,1,3,19,0.136750
0,1,3,20,0.136792
0,1,3,21,0.137208
0,1,3,22,0.138042
0,1,3,23,0.136875
0,1,3,24,0.136750
0,1,3,25,0.136792
0,1,3,26,0.136583
0,1,3,27,0.137250
0,1,3,28,0.137250
0,1,3,29,0.139875
0,1,3,30,0.138333
0,1,3,31,0.137125
0,1,3,32,0.137125
0,1,3,33,0.137500
0,1,3,34,0.137458
0,1,3,35,0.141000
0,1,3,36,0.140875
0,1,3,37,0.184333
0,1,3,38,0.143125
0,1,3,39,0.137708
0,1,3,40,0.137458
0,1,3,41,0.138542
0,1,3,42,0.141000
0,1,4,0,0.184333
0,1,4,1,0.142375
0,1,4,2,0.138375
0,1,4,3,0.138875
0,1,4,4,0.137375
0,1,4,5,0.137167
0,1,4,6,0.137417
0,1,4,7,0.136917
0,1,4,8,0.137958
0,1,4,9,0.138500
0,1,4,10,0.137542
0,1,4,11,0.137042
0,1,4,12,0.137208
0,1,4,13,0.136792
0,1,4,14,0.137417
0,1,4,15,0.137500
0,1,4,16,0.136792
0,1,4,17,0.137500
0,1,4,18,0.137500
0,1,4,19,0.137875
0,1,4,20,0.138000
0,1,4,21,0.138083
0,1,4,22,0.138625
0,1,4,23,0.137750
0,1,4,24,0.137208
0,1,4,25,0.136625
0,1,4,26,0.136375
0,1,4,27,0.137208
0,1,4,28,0.137125
0,1,4,29,0.136667
0,1,4,30,0.136875
0,1,4,31,0.137125
0,1,4,32,0.137292
0,1,4,33,0.137292
0,1,4,34,0.136917
0,1,4,35,0.137542
0,1,4,36,0.136500
0,1,4,37,0.136583
0,1,4,38,0.137500
0,1,4,39,0.136875
0,1,4,40,0.136708
0,1,4,41,0.136875
0,1,4,42,0.136417
0,1,0,0,0.248458
0,1,0,1,0.248500
0,1,0,2,0.248000
0,1,0,3,0.247417
0,1,0,4,0.247750
0,1,0,5,0.248125
0,1,0,6,0.248583
0,1,0,7,0.247000
0,1,0,8,0.247750
0,1,0,9,0.248125
0,1,0,10,0.246750
0,1,0,11,0.248125
0,1,0,12,0.247875
0,1,0,13,0.248250
0,1,0,14,0.248083
0,1,0,15,0.248250
0,1,0,16,0.248333
0,1,0,17,0.249375
0,1,0,18,0.248167
0,1,0,19,0.249250
0,1,0,20,0.247375
0,1,0,21,0.248042
0,1,0,22,0.248917
0,1,0,23,0.247292
0,1,0,24,0.248167
0,1,0,25,0.248500
0,1,0,26,0.247042
0,1,0,27,0.247625
0,1,0,28,0.248000
0,1,0,29,0.248125
0,1,0,30,0.248208
0,1,0,31,0.246708
0,1,0,32,0.247750
0,1,0,33,0.247375
0,1,0,34,0.247792
0,1,0,35,0.247542
0,1,0,36,0.247792
0,1,0,37,0.247750
0,1,0,38,0.247375
0,1,0,39,0.248500
0,1,0,40,0.248292
0,1,0,41,0.247833
0,1,0,42,0.247625
0,2,3,0,0.138500
0,2,3,1,0.138250
0,2,3,2,0.138292
0,2,3,3,0.138167
0,2,3,4,0.138042
0,2,3,5,0.138250
0,2,3,6,0.138292
0,2,3,7,0.138375
0,2,3,8,0.138625
0,2,3,9,0.138458
0,2,3,10,0.138333
0,2,3,11,0.137333
0,2,3,12,0.138000
0,2,3,13,0.137833
0,2,3,14,0.141542
0,2,3,15,0.139792
0,2,3,16,0.137500
0,2,3,17,0.136500
0,2,3,18,0.138500
0,2,3,19,0.138583
0,2,3,20,0.139625
0,2,3,21,0.139417
0,2,3,22,0.140083
0,2,3,23,0.139083
0,2,3,24,0.139333
0,2,3,25,0.139000
0,2,3,26,0.138875
0,2,3,27,0.139750
0,2,3,28,0.138833
0,2,3,29,0.138750
0,2,3,30,0.138625
0,2,3,31,0.138625
0,2,3,32,0.138625
0,2,3,33,0.138875
0,2,3,34,0.138667
0,2,3,35,0.138708
0,2,3,36,0.138958
0,2,3,37,0.138583
0,2,3,38,0.138750
0,2,3,39,0.138708
0,2,3,40,0.138500
0,2,3,41,0.138250
0,2,3,42,0.137625
0,2,4,0,0.139750
0,2,4,1,0.140917
0,2,4,2,0.140917
0,2,4,3,0.139875
0,2,4,4,0.138542
0,2,4,5,0.138250
0,2,4,6,0.138000
0,2,4,7,0.137875
0,2,4,8,0.138417
0,2,4,9,0.139875
0,2,4,10,0.139000
0,2,4,11,0.139208
0,2,4,12,0.139417
0,2,4,13,0.139000
0,2,4,14,0.139625
0,2,4,15,0.139625
0,2,4,16,0.139083
0,2,4,17,0.138958
0,2,4,18,0.139667
0,2,4,19,0.139625
0,2,4,20,0.139375
0,2,4,21,0.139625
0,2,4,22,0.139917
0,2,4,23,0.139125
0,2,4,24,0.139292
0,2,4,25,0.138917
0,2,4,26,0.138750
0,2,4,27,0.139500
0,2,4,28,0.139583
0,2,4,29,0.138958
0,2,4,30,0.139000
0,2,4,31,0.138917
0,2,4,32,0.138542
0,2,4,33,0.139125
0,2,4,34,0.138708
0,2,4,35,0.139625
0,2,4,36,0.138833
0,2,4,37,0.139125
0,2,4,38,0.139417
0,2,4,39,0.139208
0,2,4,40,0.138917
0,2,4,41,0.139500
0,2,4,42,0.138625
0,2,0,0,0.249208
0,2,0,1,0.248875
0,2,0,2,0.246542
0,2,0,3,0.246708
0,2,0,4,0.248708
0,2,0,5,0.249458
0,2,0,6,0.247458
0,2,0,7,0.247125
0,2,0,8,0.247417
0,2,0,9,0.248750
0,2,0,10,0.248667
0,2,0,11,0.247750
0,2,0,12,0.246875
0,2,0,13,0.248750
0,2,0,14,0.248667
0,2,0,15,0.248875
0,2,0,16,0.247125
0,2,0,17,0.249125
0,2,0,18,0.247625
0,2,0,19,0.248333
0,2,0,20,0.247833
0,2,0,21,0.246750
0,2,0,22,0.248042
0,2,0,23,0.247875
0,2,0,24,0.248458
0,2,0,25,0.246875
0,2,0,26,0.246708
0,2,0,27,0.247042
0,2,0,28,0.247292
0,2,0,29,0.248250
0,2,0,30,0.247375
0,2,0,31,0.247500
0,2,0,32,0.246083
0,2,0,33,0.247250
0,2,0,34,0.248208
0,2,0,35,0.247875
0,2,0,36,0.248000
0,2,0,37,0.248000
0,2,0,38,0.247375
0,2,0,39,0.248250
0,2,0,40,0.248208
0,2,0,41,0.247667
0,2,0,42,0.248250
0,2,2,0,0.248000
0,2,2,1,0.247750
0,2,2,2,0.248083
0,2,2,3,0.246875
0,2,2,4,0.248958
0,2,2,5,0.247625
0,2,2,6,0.248000
0,2,2,7,0.247042
0,2,2,8,0.247917
0,2,2,9,0.248375
0,2,2,10,0.247000
0,2,2,11,0.247625
0,2,2,12,0.247542
0,2,2,13,0.247708
0,2,2,14,0.247375
0,2,2,15,0.248250
0,2,2,16,0.247625
0,2,2,17,0.248375
0,2,2,18,0.248875
0,2,2,19,0.246750
0,2,2,20,0.250500
0,2,2,21,0.247375
0,2,2,22,0.247875
0,2,2,23,0.246958
0,2,2,24,0.247792
0,2,2,25,0.258417
0,2,2,26,0.266792
0,2,2,27,0.248833
0,2,2,28,0.246875
0,2,2,29,0.247750
0,2,2,30,0.248083
0,2,2,31,0.247875
0,2,2,32,0.248417
0,2,2,33,0.248917
0,2,2,34,0.248000
0,2,2,35,0.248000
0,2,2,36,0.248250
0,2,2,37,0.248000
0,2,2,38,0.247333
0,2,2,39,0.248583
0,2,2,40,0.249208
0,2,2,41,0.248917
0,2,2,42,0.247292
0,3,4,0,0.138625
0,3,4,1,0.140458
0,3,4,2,0.138542
0,3,4,3,0.138375
0,3,4,4,0.138125
0,3,4,5,0.138125
0,3,4,6,0.138000
0,3,4,7,0.141417
0,3,4,8,0.185875
0,3,4,9,0.143375
0,3,4,10,0.138208
0,3,4,11,0.137750
0,3,4,12,0.139625
0,3,4,13,0.141000
0,3,4,14,0.184250
0,3,4,15,0.142958
0,3,4,16,0.138250
0,3,4,17,0.137917
0,3,4,18,0.137500
0,3,4,19,0.137750
0,3,4,20,0.138208
0,3,4,21,0.138583
0,3,4,22,0.138458
0,3,4,23,0.137500
0,3,4,24,0.137917
0,3,4,25,0.137500
0,3,4,26,0.137625
0,3,4,27,0.138208
0,3,4,28,0.138000
0,3,4,29,0.137583
0,3,4,30,0.138583
0,3,4,31,0.137583
0,3,4,32,0.137875
0,3,4,33,0.138417
0,3,4,34,0.137708
0,3,4,35,0.138375
0,3,4,36,0.137625
0,3,4,37,0.137750
0,3,4,38,0.138125
0,3,4,39,0.137875
0,3,4,40,0.137500
0,3,4,41,0.138000
0,3,4,42,0.137375
0,3,0,0,0.247542
0,3,0,1,0.247958
0,3,0,2,0.247000
0,3,0,3,0.248500
0,3,0,4,0.248125
0,3,0,5,0.247375
0,3,0,6,0.247750
0,3,0,7,0.246625
0,3,0,8,0.248375
0,3,0,9,0.248125
0,3,0,10,0.246875
0,3,0,11,0.247458
0,3,0,12,0.246875
0,3,0,13,0.248167
0,3,0,14,0.247917
0,3,0,15,0.247833
0,3,0,16,0.248208
0,3,0,17,0.248625
0,3,0,18,0.247917
0,3,0,19,0.248625
0,3,0,20,0.247875
0,3,0,21,0.248625
0,3,0,22,0.246917
0,3,0,23,0.248708
0,3,0,24,0.248875
0,3,0,25,0.247917
0,3,0,26,0.246542
0,3,0,27,0.248125
0,3,0,28,0.247625
0,3,0,29,0.247292
0,3,0,30,0.247583
0,3,0,31,0.244750
0,3,0,32,0.247417
0,3,0,33,0.248667
0,3,0,34,0.248792
0,3,0,35,0.248625
0,3,0,36,0.247500
0,3,0,37,0.249083
0,3,0,38,0.247667
0,3,0,39,0.248667
0,3,0,40,0.248125
0,3,0,41,0.247792
0,3,0,42,0.247333
0,3,2,0,0.247875
0,3,2,1,0.248542
0,3,2,2,0.246542
0,3,2,3,0.246667
0,3,2,4,0.247958
0,3,2,5,0.248042
0,3,2,6,0.248375
0,3,2,7,0.248375
0,3,2,8,0.247125
0,3,2,9,0.248500
0,3,2,10,0.247375
0,3,2,11,0.249125
0,3,2,12,0.247208
0,3,2,13,0.248000
0,3,2,14,0.247750
0,3,2,15,0.247500
0,3,2,16,0.248375
0,3,2,17,0.249750
0,3,2,18,0.247958
0,3,2,19,0.249167
0,3,2,20,0.248125
0,3,2,21,0.248208
0,3,2,22,0.248625
0,3,2,23,0.248083
0,3,2,24,0.247750
0,3,2,25,0.248000
0,3,2,26,0.248917
0,3,2,27,0.247875
0,3,2,28,0.248250
0,3,2,29,0.246375
0,3,2,30,0.245833
0,3,2,31,0.246208
0,3,2,32,0.247875
0,3,2,33,0.248125
0,3,2,34,0.247250
0,3,2,35,0.248375
0,3,2,36,0.248250
0,3,2,37,0.249708
0,3,2,38,0.247625
0,3,2,39,0.247208
0,3,2,40,0.248958
0,3,2,41,0.247875
0,3,2,42,0.249125
0,3,3,0,0.138500
0,3,3,1,0.137833
0,3,3,2,0.137875
0,3,3,3,0.138125
0,3,3,4,0.137417
0,3,3,5,0.137625
0,3,3,6,0.137250
0,3,3,7,0.137625
0,3,3,8,0.137750
0,3,3,9,0.137500
0,3,3,10,0.137292
0,3,3,11,0.137875
0,3,3,12,0.137542
0,3,3,13,0.138000
0,3,3,14,0.137625
0,3,3,15,0.137417
0,3,3,16,0.138125
0,3,3,17,0.137333
0,3,3,18,0.137750
0,3,3,19,0.137875
0,3,3,20,0.138000
0,3,3,21,0.138250
0,3,3,22,0.138125
0,3,3,23,0.138042
0,3,3,24,0.137292
0,3,3,25,0.137875
0,3,3,26,0.137750
0,3,3,27,0.138000
0,3,3,28,0.138375
0,3,3,29,0.137750
0,3,3,30,0.138833
0,3,3,31,0.137833
0,3,3,32,0.137833
0,3,3,33,0.138500
0,3,3,34,0.137792
0,3,3,35,0.138625
0,3,3,36,0.138125
0,3,3,37,0.138000
0,3,3,38,0.138458
0,3,3,39,0.137750
0,3,3,40,0.138125
0,3,3,41,0.138333
0,3,3,42,0.137583
0,4,0,0,0.248500
0,4,0,1,0.246750
0,4,0,2,0.245083
0,4,0,3,0.245750
0,4,0,4,0.247750
0,4,0,5,0.247500
0,4,0,6,0.249000
0,4,0,7,0.247708
0,4,0,8,0.248125
0,4,0,9,0.247708
0,4,0,10,0.247167
0,4,0,11,0.250125
0,4,0,12,0.248375
0,4,0,13,0.248375
0,4,0,14,0.248375
0,4,0,15,0.246750
0,4,0,16,0.247875
0,4,0,17,0.249750
0,4,0,18,0.248042
0,4,0,19,0.247625
0,4,0,20,0.247375
0,4,0,21,0.247042
0,4,0,22,0.248792
0,4,0,23,0.246875
0,4,0,24,0.247083
0,4,0,25,0.247125
0,4,0,26,0.247375
0,4,0,27,0.247333
0,4,0,28,0.247250
0,4,0,29,0.247875
0,4,0,30,0.248375
0,4,0,31,0.245375
0,4,0,32,0.246792
0,4,0,33,0.247750
0,4,0,34,0.247375
0,4,0,35,0.248708
0,4,0,36,0.247500
0,4,0,37,0.247458
0,4,0,38,0.247917
0,4,0,39,0.248500
0,4,0,40,0.248458
0,4,0,41,0.247917
0,4,0,42,0.249125
0,4,4,0,0.140083
0,4,4,1,0.137875
0,4,4,2,0.138000
0,4,4,3,0.138375
0,4,4,4,0.137792
0,4,4,5,0.137792
0,4,4,6,0.138000
0,4,4,7,0.137875
0,4,4,8,0.137750
0,4,4,9,0.137875
0,4,4,10,0.137917
0,4,4,11,0.138000
0,4,4,12,0.137750
0,4,4,13,0.137375
0,4,4,14,0.138125
0,4,4,15,0.138000
0,4,4,16,0.137958
0,4,4,17,0.137125
0,4,4,18,0.137500
0,4,4,19,0.138000
0,4,4,20,0.139375
0,4,4,21,0.138458
0,4,4,22,0.138250
0,4,4,23,0.138000
0,4,4,24,0.137958
0,4,4,25,0.137750
0,4,4,26,0.138375
0,4,4,27,0.138750
0,4,4,28,0.137750
0,4,4,29,0.137750
0,4,4,30,0.137833
0,4,4,31,0.137875
0,4,4,32,0.138208
0,4,4,33,0.137917
0,4,4,34,0.138000
0,4,4,35,0.138625
0,4,4,36,0.137625
0,4,4,37,0.137583
0,4,4,38,0.138000
0,4,4,39,0.137875
0,4,4,40,0.137875
0,4,4,41,0.138250
0,4,4,42,0.137292
0,4,3,0,0.138125
0,4,3,1,0.138083
0,4,3,2,0.137833
0,4,3,3,0.137792
0,4,3,4,0.137875
0,4,3,5,0.137250
0,4,3,6,0.137708
0,4,3,7,0.137750
0,4,3,8,0.137625
0,4,3,9,0.137667
0,4,3,10,0.137917
0,4,3,11,0.137375
0,4,3,12,0.137625
0,4,3,13,0.137833
0,4,3,14,0.138125
0,4,3,15,0.137750
0,4,3,16,0.137875
0,4,3,17,0.140292
0,4,3,18,0.139708
0,4,3,19,0.139458
0,4,3,20,0.138875
0,4,3,21,0.138292
0,4,3,22,0.138958
0,4,3,23,0.140333
0,4,3,24,0.140500
0,4,3,25,0.185958
0,4,3,26,0.144708
0,4,3,27,0.140125
0,4,3,28,0.138625
0,4,3,29,0.138750
0,4,3,30,0.144000
0,4,3,31,0.182625
0,4,3,32,0.143250
0,4,3,33,0.138417
0,4,3,34,0.138583
0,4,3,35,0.138667
0,4,3,36,0.138125
0,4,3,37,0.137875
0,4,3,38,0.138417
0,4,3,39,0.138375
0,4,3,40,0.138167
0,4,3,41,0.138500
0,4,3,42,0.137625
0,4,2,0,0.248333
0,4,2,1,0.247583
0,4,2,2,0.246875
0,4,2,3,0.246875
0,4,2,4,0.247625
0,4,2,5,0.248542
0,4,2,6,0.247667
0,4,2,7,0.246625
0,4,2,8,0.247375
0,4,2,9,0.248375
0,4,2,10,0.248250
0,4,2,11,0.249667
0,4,2,12,0.247375
0,4,2,13,0.248000
0,4,2,14,0.249583
0,4,2,15,0.247375
0,4,2,16,0.247458
0,4,2,17,0.249375
0,4,2,18,0.247042
0,4,2,19,0.249500
0,4,2,20,0.247750
0,4,2,21,0.248292
0,4,2,22,0.247583
0,4,2,23,0.246375
0,4,2,24,0.248125
0,4,2,25,0.248125
0,4,2,26,0.247875
0,4,2,27,0.248625
0,4,2,28,0.247375
0,4,2,29,0.247125
0,4,2,30,0.247250
0,4,2,31,0.247417
0,4,2,32,0.246375
0,4,2,33,0.247250
0,4,2,34,0.248292
0,4,2,35,0.247833
0,4,2,36,0.248042
0,4,2,37,0.247542
0,4,2,38,0.247875
0,4,2,39,0.247583
0,4,2,40,0.247167
0,4,2,41,0.246792
0,4,2,42,0.247667
0,5,2,0,0.248875
0,5,2,1,0.249292
0,5,2,2,0.246625
0,5,2,3,0.247375
0,5,2,4,0.248375
0,5,2,5,0.248375
0,5,2,6,0.248000
0,5,2,7,0.248375
0,5,2,8,0.246292
0,5,2,9,0.248500
0,5,2,10,0.247000
0,5,2,11,0.247625
0,5,2,12,0.247542
0,5,2,13,0.247500
0,5,2,14,0.247667
0,5,2,15,0.247625
0,5,2,16,0.248000
0,5,2,17,0.249083
0,5,2,18,0.246917
0,5,2,19,0.248000
0,5,2,20,0.247750
0,5,2,21,0.247500
0,5,2,22,0.245750
0,5,2,23,0.247292
0,5,2,24,0.247917
0,5,2,25,0.247542
0,5,2,26,0.248833
0,5,2,27,0.247125
0,5,2,28,0.247333
0,5,2,29,0.247583
0,5,2,30,0.247833
0,5,2,31,0.246583
0,5,2,32,0.248333
0,5,2,33,0.247500
0,5,2,34,0.248125
0,5,2,35,0.249042
0,5,2,36,0.247417
0,5,2,37,0.247875
0,5,2,38,0.248125
0,5,2,39,0.247125
0,5,2,40,0.247750
0,5,2,41,0.248750
0,5,2,42,0.247625
0,5,0,0,0.248375
0,5,0,1,0.248500
0,5,0,2,0.245917
0,5,0,3,0.247750
0,5,0,4,0.246625
0,5,0,5,0.248333
0,5,0,6,0.249042
0,5,0,7,0.247750
0,5,0,8,0.248333
0,5,0,9,0.247417
0,5,0,10,0.247375
0,5,0,11,0.249500
0,5,0,12,0.248375
0,5,0,13,0.249000
0,5,0,14,0.247625
0,5,0,15,0.248000
0,5,0,16,0.250333
0,5,0,17,0.248833
0,5,0,18,0.249125
0,5,0,19,0.249375
0,5,0,20,0.248417
0,5,0,21,0.247750
0,5,0,22,0.248042
0,5,0,23,0.246833
0,5,0,24,0.249250
0,5,0,25,0.248125
0,5,0,26,0.248542
0,5,0,27,0.247375
0,5,0,28,0.247958
0,5,0,29,0.248625
0,5,0,30,0.248500
0,5,0,31,0.247500
0,5,0,32,0.248000
0,5,0,33,0.247750
0,5,0,34,0.249000
0,5,0,35,0.248000
0,5,0,36,0.247708
0,5,0,37,0.247250
0,5,0,38,0.247583
0,5,0,39,0.248542
0,5,0,40,0.248250
0,5,0,41,0.247833
0,5,0,42,0.247500
0,5,4,0,0.138792
0,5,4,1,0.137875
0,5,4,2,0.138000
0,5,4,3,0.140500
0,5,4,4,0.138917
0,5,4,5,0.138333
0,5,4,6,0.139083
0,5,4,7,0.140208
0,5,4,8,0.138292
0,5,4,9,0.137500
0,5,4,10,0.137625
0,5,4,11,0.137708
0,5,4,12,0.137833
0,5,4,13,0.137750
0,5,4,14,0.137875
0,5,4,15,0.138208
0,5,4,16,0.137875
0,5,4,17,0.137292
0,5,4,18,0.137792
0,5,4,19,0.137958
0,5,4,20,0.138292
0,5,4,21,0.137542
0,5,4,22,0.138417
0,5,4,23,0.137833
0,5,4,24,0.137875
0,5,4,25,0.137542
0,5,4,26,0.137458
0,5,4,27,0.138417
0,5,4,28,0.138250
0,5,4,29,0.137750
0,5,4,30,0.137750
0,5,4,31,0.138125
0,5,4,32,0.138000
0,5,4,33,0.137750
0,5,4,34,0.137875
0,5,4,35,0.138375
0,5,4,36,0.137917
0,5,4,37,0.138875
0,5,4,38,0.138500
0,5,4,39,0.137833
0,5,4,40,0.138250
0,5,4,41,0.138208
0,5,4,42,0.137167
0,5,3,0,0.137917
0,5,3,1,0.138750
0,5,3,2,0.140167
0,5,3,3,0.140208
0,5,3,4,0.140000
0,5,3,5,0.140083
0,5,3,6,0.140500
0,5,3,7,0.140875
0,5,3,8,0.140875
0,5,3,9,0.140292
0,5,3,10,0.140917
0,5,3,11,0.140458
0,5,3,12,0.141083
0,5,3,13,0.140500
0,5,3,14,0.141000
0,5,3,15,0.140500
0,5,3,16,0.140708
0,5,3,17,0.141750
0,5,3,18,0.140875
0,5,3,19,0.141125
0,5,3,20,0.140875
0,5,3,21,0.141250
0,5,3,22,0.141042
0,5,3,23,0.140625
0,5,3,24,0.140583
0,5,3,25,0.141333
0,5,3,26,0.140625
0,5,3,27,0.141083
0,5,3,28,0.141292
0,5,3,29,0.140833
0,5,3,30,0.141083
0,5,3,31,0.144000
0,5,3,32,0.143375
0,5,3,33,0.141208
0,5,3,34,0.141250
0,5,3,35,0.141208
0,5,3,36,0.139500
0,5,3,37,0.138708
0,5,3,38,0.139292
0,5,3,39,0.139042
0,5,3,40,0.141083
0,5,3,41,0.139125
0,5,3,42,0.137750
0,6,3,0,0.138625
0,6,3,1,0.137583
0,6,3,2,0.137583
0,6,3,3,0.137625
0,6,3,4,0.137583
0,6,3,5,0.138000
0,6,3,6,0.137875
0,6,3,7,0.137583
0,6,3,8,0.138167
0,6,3,9,0.137625
0,6,3,10,0.138042
0,6,3,11,0.137750
0,6,3,12,0.137833
0,6,3,13,0.137750
0,6,3,14,0.138417
0,6,3,15,0.137667
0,6,3,16,0.139125
0,6,3,17,0.138042
0,6,3,18,0.138250
0,6,3,19,0.138042
0,6,3,20,0.138708
0,6,3,21,0.138542
0,6,3,22,0.138875
0,6,3,23,0.138042
0,6,3,24,0.138125
0,6,3,25,0.137750
0,6,3,26,0.137750
0,6,3,27,0.138500
0,6,3,28,0.137958
0,6,3,29,0.137667
0,6,3,30,0.137875
0,6,3,31,0.138042
0,6,3,32,0.138000
0,6,3,33,0.141917
0,6,3,34,0.139792
0,6,3,35,0.139375
0,6,3,36,0.138375
0,6,3,37,0.138625
0,6,3,38,0.139083
0,6,3,39,0.141083
0,6,3,40,0.141708
0,6,3,41,0.184875
0,6,3,42,0.143583
0,6,2,0,0.247500
0,6,2,1,0.248292
0,6,2,2,0.255375
0,6,2,3,0.249292
0,6,2,4,0.246917
0,6,2,5,0.248083
0,6,2,6,0.248125
0,6,2,7,0.247833
0,6,2,8,0.248083
0,6,2,9,0.246917
0,6,2,10,0.248083
0,6,2,11,0.247583
0,6,2,12,0.247000
0,6,2,13,0.248125
0,6,2,14,0.247667
0,6,2,15,0.246792
0,6,2,16,0.247750
0,6,2,17,0.249125
0,6,2,18,0.247875
0,6,2,19,0.249458
0,6,2,20,0.248250
0,6,2,21,0.247625
0,6,2,22,0.248125
0,6,2,23,0.248500
0,6,2,24,0.246458
0,6,2,25,0.248625
0,6,2,26,0.247500
0,6,2,27,0.251583
0,6,2,28,0.247875
0,6,2,29,0.248167
0,6,2,30,0.249083
0,6,2,31,0.247583
0,6,2,32,0.245917
0,6,2,33,0.248042
0,6,2,34,0.247708
0,6,2,35,0.248125
0,6,2,36,0.247875
0,6,2,37,0.248250
0,6,2,38,0.247000
0,6,2,39,0.247875
0,6,2,40,0.248667
0,6,2,41,0.247333
0,6,2,42,0.248250
0,6,0,0,0.247167
0,6,0,1,0.249000
0,6,0,2,0.247125
0,6,0,3,0.248125
0,6,0,4,0.246750
0,6,0,5,0.247458
0,6,0,6,0.248125
0,6,0,7,0.247875
0,6,0,8,0.247083
0,6,0,9,0.248333
0,6,0,10,0.247750
0,6,0,11,0.248375
0,6,0,12,0.247875
0,6,0,13,0.248958
0,6,0,14,0.248250
0,6,0,15,0.247458
0,6,0,16,0.248500
0,6,0,17,0.247958
0,6,0,18,0.246833
0,6,0,19,0.249500
0,6,0,20,0.249917
0,6,0,21,0.245500
0,6,0,22,0.247125
0,6,0,23,0.249250
0,6,0,24,0.249042
0,6,0,25,0.248417
0,6,0,26,0.249125
0,6,0,27,0.248333
0,6,0,28,0.247042
0,6,0,29,0.247542
0,6,0,30,0.248000
0,6,0,31,0.246875
0,6,0,32,0.248083
0,6,0,33,0.248833
0,6,0,34,0.248042
0,6,0,35,0.248750
0,6,0,36,0.249250
0,6,0,37,0.246750
0,6,0,38,0.248125
0,6,0,39,0.248500
0,6,0,40,0.247042
0,6,0,41,0.248500
0,6,0,42,0.247542
0,6,4,0,0.139125
0,6,4,1,0.138000
0,6,4,2,0.138000
0,6,4,3,0.138000
0,6,4,4,0.137333
0,6,4,5,0.138125
0,6,4,6,0.139750
0,6,4,7,0.138750
0,6,4,8,0.139000
0,6,4,9,0.138542
0,6,4,10,0.138542
0,6,4,11,0.138375
0,6,4,12,0.138375
0,6,4,13,0.138375
0,6,4,14,0.140500
0,6,4,15,0.138750
0,6,4,16,0.139125
0,6,4,17,0.138750
0,6,4,18,0.139208
0,6,4,19,0.139125
0,6,4,20,0.141000
0,6,4,21,0.142542
0,6,4,22,0.140625
0,6,4,23,0.139625
0,6,4,24,0.141375
0,6,4,25,0.138792
0,6,4,26,0.139125
0,6,4,27,0.140208
0,6,4,28,0.139792
0,6,4,29,0.140375
0,6,4,30,0.143625
0,6,4,31,0.142000
0,6,4,32,0.140792
0,6,4,33,0.141292
0,6,4,34,0.143375
0,6,4,35,0.143292
0,6,4,36,0.140417
0,6,4,37,0.139875
0,6,4,38,0.140875
0,6,4,39,0.139875
0,6,4,40,0.141417
0,6,4,41,0.141208
0,6,4,42,0.140458
0,7,4,0,0.144625
0,7,4,1,0.141000
0,7,4,2,0.140042
0,7,4,3,0.140125
0,7,4,4,0.142458
0,7,4,5,0.141375
0,7,4,6,0.143125
0,7,4,7,0.139875
0,7,4,8,0.141833
0,7,4,9,0.138958
0,7,4,10,0.137792
0,7,4,11,0.138042
0,7,4,12,0.137583
0,7,4,13,0.138083
0,7,4,14,0.138125
0,7,4,15,0.137542
0,7,4,16,0.137625
0,7,4,17,0.137875
0,7,4,18,0.138083
0,7,4,19,0.137708
0,7,4,20,0.137917
0,7,4,21,0.138042
0,7,4,22,0.138958
0,7,4,23,0.138000
0,7,4,24,0.138000
0,7,4,25,0.138250
0,7,4,26,0.138083
0,7,4,27,0.138750
0,7,4,28,0.138833
0,7,4,29,0.138000
0,7,4,30,0.138250
0,7,4,31,0.138125
0,7,4,32,0.138500
0,7,4,33,0.138583
0,7,4,34,0.138208
0,7,4,35,0.138250
0,7,4,36,0.137958
0,7,4,37,0.138333
0,7,4,38,0.138917
0,7,4,39,0.138250
0,7,4,40,0.138125
0,7,4,41,0.138292
0,7,4,42,0.138125
0,7,3,0,0.139000
0,7,3,1,0.139125
0,7,3,2,0.137833
0,7,3,3,0.138208
0,7,3,4,0.137917
0,7,3,5,0.137667
0,7,3,6,0.137500
0,7,3,7,0.138625
0,7,3,8,0.138333
0,7,3,9,0.137875
0,7,3,10,0.137875
0,7,3,11,0.137583
0,7,3,12,0.138125
0,7,3,13,0.137833
0,7,3,14,0.138083
0,7,3,15,0.137875
0,7,3,16,0.138167
0,7,3,17,0.137875
0,7,3,18,0.137875
0,7,3,19,0.137917
0,7,3,20,0.138125
0,7,3,21,0.138625
0,7,3,22,0.139458
0,7,3,23,0.137875
0,7,3,24,0.138083
0,7,3,25,0.137750
0,7,3,26,0.137917
0,7,3,27,0.139000
0,7,3,28,0.138125
0,7,3,29,0.137875
0,7,3,30,0.138375
0,7,3,31,0.138375
0,7,3,32,0.138167
0,7,3,33,0.138250
0,7,3,34,0.138375
0,7,3,35,0.138667
0,7,3,36,0.138625
0,7,3,37,0.138292
0,7,3,38,0.138125
0,7,3,39,0.138250
0,7,3,40,0.138708
0,7,3,41,0.138250
0,7,3,42,0.137792
0,7,2,0,0.249750
0,7,2,1,0.247375
0,7,2,2,0.247750
0,7,2,3,0.248083
0,7,2,4,0.247458
0,7,2,5,0.248042
0,7,2,6,0.249208
0,7,2,7,0.247375
0,7,2,8,0.247875
0,7,2,9,0.247708
0,7,2,10,0.247458
0,7,2,11,0.248625
0,7,2,12,0.248625
0,7,2,13,0.247792
0,7,2,14,0.247458
0,7,2,15,0.247792
0,7,2,16,0.247375
0,7,2,17,0.249333
0,7,2,18,0.248250
0,7,2,19,0.248583
0,7,2,20,0.249125
0,7,2,21,0.247625
0,7,2,22,0.248125
0,7,2,23,0.248250
0,7,2,24,0.248375
0,7,2,25,0.248958
0,7,2,26,0.249667
0,7,2,27,0.247708
0,7,2,28,0.248250
0,7,2,29,0.247542
0,7,2,30,0.247125
0,7,2,31,0.247042
0,7,2,32,0.247875
0,7,2,33,0.246500
0,7,2,34,0.247750
0,7,2,35,0.249208
0,7,2,36,0.247375
0,7,2,37,0.246375
0,7,2,38,0.247750
0,7,2,39,0.248125
0,7,2,40,0.247500
0,7,2,41,0.247167
0,7,2,42,0.248333
0,7,0,0,0.248000
0,7,0,1,0.247375
0,7,0,2,0.248208
0,7,0,3,0.247292
0,7,0,4,0.247792
0,7,0,5,0.248250
0,7,0,6,0.248000
0,7,0,7,0.248250
0,7,0,8,0.248500
0,7,0,9,0.252250
0,7,0,10,0.250500
0,7,0,11,0.248000
0,7,0,12,0.248625
0,7,0,13,0.250000
0,7,0,14,0.250833
0,7,0,15,0.248625
0,7,0,16,0.247667
0,7,0,17,0.249375
0,7,0,18,0.248417
0,7,0,19,0.248250
0,7,0,20,0.248125
0,7,0,21,0.248375
0,7,0,22,0.247042
0,7,0,23,0.247417
0,7,0,24,0.247708
0,7,0,25,0.248625
0,7,0,26,0.249292
0,7,0,27,0.247958
0,7,0,28,0.248375
0,7,0,29,0.248042
0,7,0,30,0.248125
0,7,0,31,0.246125
0,7,0,32,0.247792
0,7,0,33,0.247792
0,7,0,34,0.248625
0,7,0,35,0.247625
0,7,0,36,0.247875
0,7,0,37,0.249625
0,7,0,38,0.248083
0,7,0,39,0.247042
0,7,0,40,0.248583
0,7,0,41,0.247917
0,7,0,42,0.248333
0,8,0,0,0.246917
0,8,0,1,0.248792
0,8,0,2,0.248750
0,8,0,3,0.247667
0,8,0,4,0.247750
0,8,0,5,0.248583
0,8,0,6,0.247750
0,8,0,7,0.246750
0,8,0,8,0.248000
0,8,0,9,0.247833
0,8,0,10,0.249000
0,8,0,11,0.248000
0,8,0,12,0.247500
0,8,0,13,0.248875
0,8,0,14,0.247458
0,8,0,15,0.248750
0,8,0,16,0.247875
0,8,0,17,0.248500
0,8,0,18,0.247750
0,8,0,19,0.248750
0,8,0,20,0.249875
0,8,0,21,0.247417
0,8,0,22,0.247750
0,8,0,23,0.249083
0,8,0,24,0.247250
0,8,0,25,0.247417
0,8,0,26,0.248375
0,8,0,27,0.249708
0,8,0,28,0.249333
0,8,0,29,0.248500
0,8,0,30,0.247542
0,8,0,31,0.246625
0,8,0,32,0.246500
0,8,0,33,0.246875
0,8,0,34,0.249000
0,8,0,35,0.248208
0,8,0,36,0.248875
0,8,0,37,0.250208
0,8,0,38,0.247833
0,8,0,39,0.247333
0,8,0,40,0.247667
0,8,0,41,0.247208
0,8,0,42,0.248083
0,8,2,0,0.248042
0,8,2,1,0.247625
0,8,2,2,0.249375
0,8,2,3,0.247417
0,8,2,4,0.247750
0,8,2,5,0.248250
0,8,2,6,0.247917
0,8,2,7,0.247375
0,8,2,8,0.248208
0,8,2,9,0.247875
0,8,2,10,0.247083
0,8,2,11,0.248667
0,8,2,12,0.248292
0,8,2,13,0.248458
0,8,2,14,0.248833
0,8,2,15,0.248042
0,8,2,16,0.248625
0,8,2,17,0.250500
0,8,2,18,0.248292
0,8,2,19,0.249625
0,8,2,20,0.248750
0,8,2,21,0.246708
0,8,2,22,0.246750
0,8,2,23,0.247625
0,8,2,24,0.247875
0,8,2,25,0.248000
0,8,2,26,0.247625
0,8,2,27,0.249625
0,8,2,28,0.247875
0,8,2,29,0.247708
0,8,2,30,0.248125
0,8,2,31,0.245500
0,8,2,32,0.247250
0,8,2,33,0.246750
0,8,2,34,0.247292
0,8,2,35,0.248458
0,8,2,36,0.246000
0,8,2,37,0.247917
0,8,2,38,0.246917
0,8,2,39,0.247500
0,8,2,40,0.248125
0,8,2,41,0.247375
0,8,2,42,0.248208
0,8,3,0,0.138500
0,8,3,1,0.138500
0,8,3,2,0.137792
0,8,3,3,0.137875
0,8,3,4,0.138292
0,8,3,5,0.138333
0,8,3,6,0.138292
0,8,3,7,0.138125
0,8,3,8,0.138500
0,8,3,9,0.138417
0,8,3,10,0.138500
0,8,3,11,0.137875
0,8,3,12,0.138375
0,8,3,13,0.137875
0,8,3,14,0.138667
0,8,3,15,0.137875
0,8,3,16,0.137750
0,8,3,17,0.137292
0,8,3,18,0.137375
0,8,3,19,0.140042
0,8,3,20,0.139125
0,8,3,21,0.139750
0,8,3,22,0.140333
0,8,3,23,0.140042
0,8,3,24,0.138417
0,8,3,25,0.138917
0,8,3,26,0.138375
0,8,3,27,0.140250
0,8,3,28,0.140167
0,8,3,29,0.139208
0,8,3,30,0.138375
0,8,3,31,0.137917
0,8,3,32,0.137625
0,8,3,33,0.140000
0,8,3,34,0.138667
0,8,3,35,0.139125
0,8,3,36,0.138125
0,8,3,37,0.138292
0,8,3,38,0.137958
0,8,3,39,0.138000
0,8,3,40,0.138125
0,8,3,41,0.138583
0,8,3,42,0.137375
0,8,4,0,0.139042
0,8,4,1,0.138125
0,8,4,2,0.138125
0,8,4,3,0.138500
0,8,4,4,0.137625
0,8,4,5,0.137958
0,8,4,6,0.137917
0,8,4,7,0.139125
0,8,4,8,0.139125
0,8,4,9,0.138250
0,8,4,10,0.137750
0,8,4,11,0.137875
0,8,4,12,0.138250
0,8,4,13,0.138042
0,8,4,14,0.138833
0,8,4,15,0.137833
0,8,4,16,0.137125
0,8,4,17,0.136792
0,8,4,18,0.136958
0,8,4,19,0.137458
0,8,4,20,0.137667
0,8,4,21,0.137583
0,8,4,22,0.137917
0,8,4,23,0.137000
0,8,4,24,0.137000
0,8,4,25,0.136833
0,8,4,26,0.136250
0,8,4,27,0.136958
0,8,4,28,0.138250
0,8,4,29,0.137083
0,8,4,30,0.136750
0,8,4,31,0.137000
0,8,4,32,0.136583
0,8,4,33,0.137167
0,8,4,34,0.137000
0,8,4,35,0.137375
0,8,4,36,0.136792
0,8,4,37,0.136875
0,8,4,38,0.136875
0,8,4,39,0.137125
0,8,4,40,0.137125
0,8,4,41,0.136958
0,8,4,42,0.136000
0,9,2,0,0.247750
0,9,2,1,0.247458
0,9,2,2,0.247167
0,9,2,3,0.257375
0,9,2,4,0.271417
0,9,2,5,0.247875
0,9,2,6,0.249000
0,9,2,7,0.247583
0,9,2,8,0.246875
0,9,2,9,0.247333
0,9,2,10,0.246292
0,9,2,11,0.248500
0,9,2,12,0.248875
0,9,2,13,0.247583
0,9,2,14,0.248583
0,9,2,15,0.247500
0,9,2,16,0.247458
0,9,2,17,0.246958
0,9,2,18,0.248750
0,9,2,19,0.248625
0,9,2,20,0.247167
0,9,2,21,0.247750
0,9,2,22,0.248417
0,9,2,23,0.247000
0,9,2,24,0.247750
0,9,2,25,0.248708
0,9,2,26,0.247542
0,9,2,27,0.247208
0,9,2,28,0.247458
0,9,2,29,0.247708
0,9,2,30,0.248250
0,9,2,31,0.245333
0,9,2,32,0.246125
0,9,2,33,0.246750
0,9,2,34,0.247625
0,9,2,35,0.248667
0,9,2,36,0.247667
0,9,2,37,0.247833
0,9,2,38,0.247375
0,9,2,39,0.247042
0,9,2,40,0.247583
0,9,2,41,0.249625
0,9,2,42,0.247125
0,9,3,0,0.137250
0,9,3,1,0.136667
0,9,3,2,0.136583
0,9,3,3,0.140958
0,9,3,4,0.139750
0,9,3,5,0.138167
0,9,3,6,0.139000
0,9,3,7,0.138750
0,9,3,8,0.138875
0,9,3,9,0.140833
0,9,3,10,0.141500
0,9,3,11,0.186958
0,9,3,12,0.144417
0,9,3,13,0.139125
0,9,3,14,0.138250
0,9,3,15,0.140625
0,9,3,16,0.141500
0,9,3,17,0.187625
0,9,3,18,0.144125
0,9,3,19,0.138375
0,9,3,20,0.138458
0,9,3,21,0.139125
0,9,3,22,0.139208
0,9,3,23,0.139000
0,9,3,24,0.139375
0,9,3,25,0.139500
0,9,3,26,0.138917
0,9,3,27,0.140042
0,9,3,28,0.140833
0,9,3,29,0.138417
0,9,3,30,0.139375
0,9,3,31,0.138208
0,9,3,32,0.137667
0,9,3,33,0.139167
0,9,3,34,0.138250
0,9,3,35,0.138375
0,9,3,36,0.138958
0,9,3,37,0.138292
0,9,3,38,0.138375
0,9,3,39,0.137750
0,9,3,40,0.138583
0,9,3,41,0.138500
0,9,3,42,0.138125
0,9,4,0,0.138958
0,9,4,1,0.139292
0,9,4,2,0.138750
0,9,4,3,0.139375
0,9,4,4,0.139250
0,9,4,5,0.138375
0,9,4,6,0.138125
0,9,4,7,0.139750
0,9,4,8,0.141375
0,9,4,9,0.141000
0,9,4,10,0.139125
0,9,4,11,0.137542
0,9,4,12,0.139250
0,9,4,13,0.140792
0,9,4,14,0.140708
0,9,4,15,0.140375
0,9,4,16,0.144167
0,9,4,17,0.142542
0,9,4,18,0.144042
0,9,4,19,0.142750
0,9,4,20,0.145000
0,9,4,21,0.142750
0,9,4,22,0.142167
0,9,4,23,0.140625
0,9,4,24,0.140000
0,9,4,25,0.137875
0,9,4,26,0.137625
0,9,4,27,0.137958
0,9,4,28,0.138000
0,9,4,29,0.137417
0,9,4,30,0.137500
0,9,4,31,0.137625
0,9,4,32,0.136875
0,9,4,33,0.137375
0,9,4,34,0.137667
0,9,4,35,0.137917
0,9,4,36,0.137333
0,9,4,37,0.137000
0,9,4,38,0.137667
0,9,4,39,0.137500
0,9,4,40,0.137167
0,9,4,41,0.137375
0,9,4,42,0.136875
0,9,0,0,0.249083
0,9,0,1,0.248458
0,9,0,2,0.247750
0,9,0,3,0.248750
0,9,0,4,0.247375
0,9,0,5,0.248167
0,9,0,6,0.248458
0,9,0,7,0.248250
0,9,0,8,0.248750
0,9,0,9,0.248375
0,9,0,10,0.248625
0,9,0,11,0.248833
0,9,0,12,0.248708
0,9,0,13,0.249250
0,9,0,14,0.248500
0,9,0,15,0.248250
0,9,0,16,0.248333
0,9,0,17,0.250083
0,9,0,18,0.247125
0,9,0,19,0.248542
0,9,0,20,0.247583
0,9,0,21,0.247750
0,9,0,22,0.248625
0,9,0,23,0.247542
0,9,0,24,0.248250
0,9,0,25,0.248208
0,9,0,26,0.246250
0,9,0,27,0.247917
0,9,0,28,0.248875
0,9,0,29,0.248292
0,9,0,30,0.249875
0,9,0,31,0.245917
0,9,0,32,0.247250
0,9,0,33,0.247958
0,9,0,34,0.248375
0,9,0,35,0.249208
0,9,0,36,0.248250
0,9,0,37,0.248667
0,9,0,38,0.249000
0,9,0,39,0.249250
0,9,0,40,0.248875
0,9,0,41,0.247042
0,9,0,42,0.248750
0,10,3,0,0.143750
0,10,3,1,0.140917
0,10,3,2,0.140625
0,10,3,3,0.140500
0,10,3,4,0.140083
0,10,3,5,0.139333
0,10,3,6,0.140000
0,10,3,7,0.139750
0,10,3,8,0.139500
0,10,3,9,0.139333
0,10,3,10,0.139667
0,10,3,11,0.139500
0,10,3,12,0.139458
0,10,3,13,0.139208
0,10,3,14,0.139542
0,10,3,15,0.139500
0,10,3,16,0.139875
0,10,3,17,0.139250
0,10,3,18,0.139375
0,10,3,19,0.139500
0,10,3,20,0.139625
0,10,3,21,0.139917
0,10,3,22,0.140250
0,10,3,23,0.139042
0,10,3,24,0.139375
0,10,3,25,0.139625
0,10,3,26,0.139750
0,10,3,27,0.140292
0,10,3,28,0.141375
0,10,3,29,0.139875
0,10,3,30,0.140083
0,10,3,31,0.140000
0,10,3,32,0.139500
0,10,3,33,0.140125
0,10,3,34,0.140042
0,10,3,35,0.142625
0,10,3,36,0.141125
0,10,3,37,0.141250
0,10,3,38,0.141500
0,10,3,39,0.140750
0,10,3,40,0.141833
0,10,3,41,0.141625
0,10,3,42,0.140000
0,10,4,0,0.145000
0,10,4,1,0.142792
0,10,4,2,0.142125
0,10,4,3,0.141500
0,10,4,4,0.140750
0,10,4,5,0.139958
0,10,4,6,0.140458
0,10,4,7,0.140250
0,10,4,8,0.140250
0,10,4,9,0.140875
0,10,4,10,0.139917
0,10,4,11,0.140750
0,10,4,12,0.141000
0,10,4,13,0.140417
0,10,4,14,0.140917
0,10,4,15,0.140250
0,10,4,16,0.140250
0,10,4,17,0.140125
0,10,4,18,0.140708
0,10,4,19,0.140250
0,10,4,20,0.139708
0,10,4,21,0.140000
0,10,4,22,0.140167
0,10,4,23,0.139750
0,10,4,24,0.139500
0,10,4,25,0.139500
0,10,4,26,0.140333
0,10,4,27,0.139958
0,10,4,28,0.139750
0,10,4,29,0.140083
0,10,4,30,0.139750
0,10,4,31,0.141000
0,10,4,32,0.137542
0,10,4,33,0.138042
0,10,4,34,0.136958
0,10,4,35,0.137792
0,10,4,36,0.136958
0,10,4,37,0.136625
0,10,4,38,0.137000
0,10,4,39,0.137875
0,10,4,40,0.137167
0,10,4,41,0.137375
0,10,4,42,0.137250
0,10,0,0,0.247833
0,10,0,1,0.249125
0,10,0,2,0.246250
0,10,0,3,0.247542
0,10,0,4,0.248000
0,10,0,5,0.246625
0,10,0,6,0.247000
0,10,0,7,0.246375
0,10,0,8,0.247500
0,10,0,9,0.247125
0,10,0,10,0.247792
0,10,0,11,0.246958
0,10,0,12,0.247167
0,10,0,13,0.247375
0,10,0,14,0.247000
0,10,0,15,0.248667
0,10,0,16,0.247542
0,10,0,17,0.247958
0,10,0,18,0.246333
0,10,0,19,0.247167
0,10,0,20,0.247875
0,10,0,21,0.246958
0,10,0,22,0.247500
0,10,0,23,0.248000
0,10,0,24,0.247875
0,10,0,25,0.247458
0,10,0,26,0.247125
0,10,0,27,0.248250
0,10,0,28,0.248125
0,10,0,29,0.247625
0,10,0,30,0.247375
0,10,0,31,0.247000
0,10,0,32,0.247375
0,10,0,33,0.248792
0,10,0,34,0.248000
0,10,0,35,0.248583
0,10,0,36,0.248375
0,10,0,37,0.247833
0,10,0,38,0.248208
0,10,0,39,0.247292
0,10,0,40,0.247625
0,10,0,41,0.248167
0,10,0,42,0.250708
0,10,2,0,0.247667
0,10,2,1,0.245292
0,10,2,2,0.260417
0,10,2,3,0.248917
0,10,2,4,0.247125
0,10,2,5,0.247750
0,10,2,6,0.247917
0,10,2,7,0.247250
0,10,2,8,0.247458
0,10,2,9,0.246042
0,10,2,10,0.247708
0,10,2,11,0.248583
0,10,2,12,0.247917
0,10,2,13,0.248750
0,10,2,14,0.248500
0,10,2,15,0.247625
0,10,2,16,0.249000
0,10,2,17,0.248792
0,10,2,18,0.246792
0,10,2,19,0.248000
0,10,2,20,0.247083
0,10,2,21,0.247125
0,10,2,22,0.247708
0,10,2,23,0.247250
0,10,2,24,0.247125
0,10,2,25,0.247000
0,10,2,26,0.247833
0,10,2,27,0.247875
0,10,2,28,0.247125
0,10,2,29,0.246417
0,10,2,30,0.247083
0,10,2,31,0.245083
0,10,2,32,0.246500
0,10,2,33,0.246875
0,10,2,34,0.246958
0,10,2,35,0.247917
0,10,2,36,0.250917
0,10,2,37,0.250208
0,10,2,38,0.248292
0,10,2,39,0.249125
0,10,2,40,0.247083
0,10,2,41,0.252083
0,10,2,42,0.251125
0,11,4,0,0.144833
0,11,4,1,0.138625
0,11,4,2,0.138125
0,11,4,3,0.137625
0,11,4,4,0.137583
0,11,4,5,0.136792
0,11,4,6,0.136375
0,11,4,7,0.136500
0,11,4,8,0.136542
0,11,4,9,0.137875
0,11,4,10,0.137500
0,11,4,11,0.137375
0,11,4,12,0.137292
0,11,4,13,0.136833
0,11,4,14,0.136542
0,11,4,15,0.136125
0,11,4,16,0.136000
0,11,4,17,0.136125
0,11,4,18,0.136167
0,11,4,19,0.136042
0,11,4,20,0.136250
0,11,4,21,0.136167
0,11,4,22,0.136208
0,11,4,23,0.136542
0,11,4,24,0.136583
0,11,4,25,0.137042
0,11,4,26,0.136750
0,11,4,27,0.137250
0,11,4,28,0.137208
0,11,4,29,0.136750
0,11,4,30,0.136125
0,11,4,31,0.136292
0,11,4,32,0.136500
0,11,4,33,0.137125
0,11,4,34,0.136542
0,11,4,35,0.137500
0,11,4,36,0.136458
0,11,4,37,0.137167
0,11,4,38,0.136583
0,11,4,39,0.137708
0,11,4,40,0.137750
0,11,4,41,0.138000
0,11,4,42,0.139125
0,11,0,0,0.247333
0,11,0,1,0.248750
0,11,0,2,0.246375
0,11,0,3,0.247417
0,11,0,4,0.249167
0,11,0,5,0.248750
0,11,0,6,0.248125
0,11,0,7,0.247458
0,11,0,8,0.248000
0,11,0,9,0.247583
0,11,0,10,0.247250
0,11,0,11,0.247625
0,11,0,12,0.247875
0,11,0,13,0.247375
0,11,0,14,0.248000
0,11,0,15,0.247500
0,11,0,16,0.249250
0,11,0,17,0.247292
0,11,0,18,0.247417
0,11,0,19,0.245708
0,11,0,20,0.248417
0,11,0,21,0.248000
0,11,0,22,0.248708
0,11,0,23,0.248500
0,11,0,24,0.248250
0,11,0,25,0.247500
0,11,0,26,0.247292
0,11,0,27,0.248000
0,11,0,28,0.248125
0,11,0,29,0.247542
0,11,0,30,0.248000
0,11,0,31,0.245750
0,11,0,32,0.247417
0,11,0,33,0.246792
0,11,0,34,0.248208
0,11,0,35,0.248750
0,11,0,36,0.246917
0,11,0,37,0.247500
0,11,0,38,0.248333
0,11,0,39,0.245583
0,11,0,40,0.248542
0,11,0,41,0.246500
0,11,0,42,0.247250
0,11,2,0,0.248042
0,11,2,1,0.246375
0,11,2,2,0.246000
0,11,2,3,0.246167
0,11,2,4,0.247500
0,11,2,5,0.248875
0,11,2,6,0.247167
0,11,2,7,0.247375
0,11,2,8,0.248250
0,11,2,9,0.248000
0,11,2,10,0.246750
0,11,2,11,0.248125
0,11,2,12,0.247458
0,11,2,13,0.248750
0,11,2,14,0.248125
0,11,2,15,0.247625
0,11,2,16,0.247500
0,11,2,17,0.249000
0,11,2,18,0.247708
0,11,2,19,0.248000
0,11,2,20,0.247417
0,11,2,21,0.248167
0,11,2,22,0.249500
0,11,2,23,0.247250
0,11,2,24,0.248500
0,11,2,25,0.248375
0,11,2,26,0.247667
0,11,2,27,0.249000
0,11,2,28,0.247083
0,11,2,29,0.247750
0,11,2,30,0.247833
0,11,2,31,0.246250
0,11,2,32,0.247125
0,11,2,33,0.247875
0,11,2,34,0.248250
0,11,2,35,0.248125
0,11,2,36,0.246125
0,11,2,37,0.248625
0,11,2,38,0.247750
0,11,2,39,0.247708
0,11,2,40,0.247833
0,11,2,41,0.249000
0,11,2,42,0.249333
0,11,3,0,0.137250
0,11,3,1,0.136375
0,11,3,2,0.136625
0,11,3,3,0.136625
0,11,3,4,0.136250
0,11,3,5,0.136375
0,11,3,6,0.136917
0,11,3,7,0.136375
0,11,3,8,0.137042
0,11,3,9,0.137000
0,11,3,10,0.136750
0,11,3,11,0.136625
0,11,3,12,0.136625
0,11,3,13,0.136375
0,11,3,14,0.136708
0,11,3,15,0.136500
0,11,3,16,0.136875
0,11,3,17,0.136375
0,11,3,18,0.136500
0,11,3,19,0.136625
0,11,3,20,0.136500
0,11,3,21,0.136458
0,11,3,22,0.136875
0,11,3,23,0.136500
0,11,3,24,0.136625
0,11,3,25,0.136000
0,11,3,26,0.136125
0,11,3,27,0.136833
0,11,3,28,0.136708
0,11,3,29,0.135917
0,11,3,30,0.136750
0,11,3,31,0.137875
0,11,3,32,0.137250
0,11,3,33,0.136625
0,11,3,34,0.137333
0,11,3,35,0.137125
0,11,3,36,0.136667
0,11,3,37,0.138125
0,11,3,38,0.136958
0,11,3,39,0.136875
0,11,3,40,0.137000
0,11,3,41,0.137000
0,11,3,42,0.136500
0,12,0,0,0.248875
0,12,0,1,0.248167
0,12,0,2,0.247000
0,12,0,3,0.246792
0,12,0,4,0.247833
0,12,0,5,0.248250
0,12,0,6,0.247583
0,12,0,7,0.248833
0,12,0,8,0.248083
0,12,0,9,0.247792
0,12,0,10,0.248750
0,12,0,11,0.246542
0,12,0,12,0.247750
0,12,0,13,0.247917
0,12,0,14,0.248667
0,12,0,15,0.248625
0,12,0,16,0.247458
0,12,0,17,0.249583
0,12,0,18,0.247083
0,12,0,19,0.249250
0,12,0,20,0.249125
0,12,0,21,0.247792
0,12,0,22,0.247375
0,12,0,23,0.247625
0,12,0,24,0.256625
0,12,0,25,0.268625
0,12,0,26,0.248833
0,12,0,27,0.248417
0,12,0,28,0.248125
0,12,0,29,0.247875
0,12,0,30,0.247375
0,12,0,31,0.247250
0,12,0,32,0.245750
0,12,0,33,0.248167
0,12,0,34,0.247875
0,12,0,35,0.248000
0,12,0,36,0.247375
0,12,0,37,0.247792
0,12,0,38,0.246667
0,12,0,39,0.247542
0,12,0,40,0.248375
0,12,0,41,0.248417
0,12,0,42,0.247208
0,12,4,0,0.137542
0,12,4,1,0.137125
0,12,4,2,0.136792
0,12,4,3,0.136750
0,12,4,4,0.136917
0,12,4,5,0.136417
0,12,4,6,0.136917
0,12,4,7,0.136417
0,12,4,8,0.136542
0,12,4,9,0.136375
0,12,4,10,0.136292
0,12,4,11,0.136042
0,12,4,12,0.136917
0,12,4,13,0.136542
0,12,4,14,0.137208
0,12,4,15,0.136292
0,12,4,16,0.136375
0,12,4,17,0.136500
0,12,4,18,0.136667
0,12,4,19,0.136958
0,12,4,20,0.136875
0,12,4,21,0.136625
0,12,4,22,0.136750
0,12,4,23,0.136250
0,12,4,24,0.136375
0,12,4,25,0.136292
0,12,4,26,0.136125
0,12,4,27,0.137500
0,12,4,28,0.137250
0,12,4,29,0.138042
0,12,4,30,0.137958
0,12,4,31,0.137542
0,12,4,32,0.136958
0,12,4,33,0.137375
0,12,4,34,0.137042
0,12,4,35,0.138208
0,12,4,36,0.137042
0,12,4,37,0.136708
0,12,4,38,0.137250
0,12,4,39,0.137125
0,12,4,40,0.137375
0,12,4,41,0.137125
0,12,4,42,0.136167
0,12,3,0,0.137000
0,12,3,1,0.137125
0,12,3,2,0.137000
0,12,3,3,0.137333
0,12,3,4,0.136375
0,12,3,5,0.136542
0,12,3,6,0.136708
0,12,3,7,0.136750
0,12,3,8,0.136667
0,12,3,9,0.139292
0,12,3,10,0.137000
0,12,3,11,0.136375
0,12,3,12,0.136417
0,12,3,13,0.136625
0,12,3,14,0.138375
0,12,3,15,0.140500
0,12,3,16,0.184125
0,12,3,17,0.142333
0,12,3,18,0.137500
0,12,3,19,0.137458
0,12,3,20,0.138750
0,12,3,21,0.145125
0,12,3,22,0.183375
0,12,3,23,0.142625
0,12,3,24,0.137250
0,12,3,25,0.136833
0,12,3,26,0.136667
0,12,3,27,0.137542
0,12,3,28,0.137167
0,12,3,29,0.136875
0,12,3,30,0.137000
0,12,3,31,0.136875
0,12,3,32,0.137667
0,12,3,33,0.137458
0,12,3,34,0.137542
0,12,3,35,0.137583
0,12,3,36,0.137333
0,12,3,37,0.136792
0,12,3,38,0.138250
0,12,3,39,0.137250
0,12,3,40,0.136583
0,12,3,41,0.136625
0,12,3,42,0.136500
0,12,2,0,0.247750
0,12,2,1,0.247958
0,12,2,2,0.246542
0,12,2,3,0.247500
0,12,2,4,0.248500
0,12,2,5,0.248375
0,12,2,6,0.248375
0,12,2,7,0.246792
0,12,2,8,0.248875
0,12,2,9,0.249292
0,12,2,10,0.247125
0,12,2,11,0.248500
0,12,2,12,0.248000
0,12,2,13,0.247875
0,12,2,14,0.247292
0,12,2,15,0.247417
0,12,2,16,0.247625
0,12,2,17,0.248083
0,12,2,18,0.247792
0,12,2,19,0.249250
0,12,2,20,0.249125
0,12,2,21,0.246167
0,12,2,22,0.248000
0,12,2,23,0.247333
0,12,2,24,0.249083
0,12,2,25,0.247417
0,12,2,26,0.248000
0,12,2,27,0.247667
0,12,2,28,0.246917
0,12,2,29,0.247875
0,12,2,30,0.248542
0,12,2,31,0.245333
0,12,2,32,0.246583
0,12,2,33,0.247458
0,12,2,34,0.247750
0,12,2,35,0.247375
0,12,2,36,0.248125
0,12,2,37,0.248375
0,12,2,38,0.247792
0,12,2,39,0.246875
0,12,2,40,0.247958
0,12,2,41,0.249333
0,12,2,42,0.248208
0,13,2,0,0.247125
0,13,2,1,0.248625
0,13,2,2,0.246792
0,13,2,3,0.247750
0,13,2,4,0.248125
0,13,2,5,0.248875
0,13,2,6,0.248500
0,13,2,7,0.248000
0,13,2,8,0.248625
0,13,2,9,0.247375
0,13,2,10,0.248500
0,13,2,11,0.248167
0,13,2,12,0.248375
0,13,2,13,0.248042
0,13,2,14,0.247875
0,13,2,15,0.249083
0,13,2,16,0.248167
0,13,2,17,0.247417
0,13,2,18,0.248500
0,13,2,19,0.249750
0,13,2,20,0.247625
0,13,2,21,0.247125
0,13,2,22,0.248000
0,13,2,23,0.248792
0,13,2,24,0.247667
0,13,2,25,0.248333
0,13,2,26,0.247083
0,13,2,27,0.246708
0,13,2,28,0.247542
0,13,2,29,0.247583
0,13,2,30,0.248417
0,13,2,31,0.246167
0,13,2,32,0.246208
0,13,2,33,0.247000
0,13,2,34,0.248750
0,13,2,35,0.247542
0,13,2,36,0.247708
0,13,2,37,0.247750
0,13,2,38,0.249125
0,13,2,39,0.248083
0,13,2,40,0.247625
0,13,2,41,0.245375
0,13,2,42,0.248208
0,13,0,0,0.249125
0,13,0,1,0.247833
0,13,0,2,0.246625
0,13,0,3,0.247708
0,13,0,4,0.246875
0,13,0,5,0.246375
0,13,0,6,0.249167
0,13,0,7,0.248250
0,13,0,8,0.248083
0,13,0,9,0.248250
0,13,0,10,0.246208
0,13,0,11,0.248625
0,13,0,12,0.246500
0,13,0,13,0.249292
0,13,0,14,0.247000
0,13,0,15,0.247417
0,13,0,16,0.248292
0,13,0,17,0.249750
0,13,0,18,0.248292
0,13,0,19,0.249125
0,13,0,20,0.248125
0,13,0,21,0.248583
0,13,0,22,0.248417
0,13,0,23,0.249042
0,13,0,24,0.248750
0,13,0,25,0.247583
0,13,0,26,0.248167
0,13,0,27,0.249250
0,13,0,28,0.247375
0,13,0,29,0.248250
0,13,0,30,0.247875
0,13,0,31,0.246750
0,13,0,32,0.248042
0,13,0,33,0.247667
0,13,0,34,0.247750
0,13,0,35,0.248917
0,13,0,36,0.248708
0,13,0,37,0.249500
0,13,0,38,0.248250
0,13,0,39,0.247833
0,13,0,40,0.247250
0,13,0,41,0.246625
0,13,0,42,0.248000
0,13,4,0,0.140625
0,13,4,1,0.140125
0,13,4,2,0.139833
0,13,4,3,0.139958
0,13,4,4,0.139958
0,13,4,5,0.139625
0,13,4,6,0.139625
0,13,4,7,0.140042
0,13,4,8,0.139875
0,13,4,9,0.139375
0,13,4,10,0.139583
0,13,4,11,0.139292
0,13,4,12,0.139250
0,13,4,13,0.139375
0,13,4,14,0.139500
0,13,4,15,0.139625
0,13,4,16,0.139042
0,13,4,17,0.139417
0,13,4,18,0.139292
0,13,4,19,0.139292
0,13,4,20,0.139750
0,13,4,21,0.139750
0,13,4,22,0.140250
0,13,4,23,0.139333
0,13,4,24,0.139292
0,13,4,25,0.139375
0,13,4,26,0.138667
0,13,4,27,0.139667
0,13,4,28,0.139667
0,13,4,29,0.139250
0,13,4,30,0.139375
0,13,4,31,0.139375
0,13,4,32,0.139250
0,13,4,33,0.138792
0,13,4,34,0.139042
0,13,4,35,0.139667
0,13,4,36,0.138750
0,13,4,37,0.139375
0,13,4,38,0.139208
0,13,4,39,0.139333
0,13,4,40,0.139375
0,13,4,41,0.139500
0,13,4,42,0.138500
0,13,3,0,0.139292
0,13,3,1,0.138833
0,13,3,2,0.138917
0,13,3,3,0.139167
0,13,3,4,0.138500
0,13,3,5,0.138375
0,13,3,6,0.138625
0,13,3,7,0.138583
0,13,3,8,0.138375
0,13,3,9,0.138167
0,13,3,10,0.137750
0,13,3,11,0.137875
0,13,3,12,0.138375
0,13,3,13,0.138292
0,13,3,14,0.137708
0,13,3,15,0.137333
0,13,3,16,0.138000
0,13,3,17,0.137708
0,13,3,18,0.138083
0,13,3,19,0.137792
0,13,3,20,0.138125
0,13,3,21,0.138125
0,13,3,22,0.137750
0,13,3,23,0.137708
0,13,3,24,0.137833
0,13,3,25,0.137833
0,13,3,26,0.137292
0,13,3,27,0.138417
0,13,3,28,0.137875
0,13,3,29,0.137625
0,13,3,30,0.137625
0,13,3,31,0.138375
0,13,3,32,0.137875
0,13,3,33,0.137875
0,13,3,34,0.137792
0,13,3,35,0.138250
0,13,3,36,0.137833
0,13,3,37,0.137500
0,13,3,38,0.138125
0,13,3,39,0.138375
0,13,3,40,0.137875
0,13,3,41,0.138125
0,13,3,42,0.139375
0,14,3,0,0.138625
0,14,3,1,0.138083
0,14,3,2,0.137583
0,14,3,3,0.138125
0,14,3,4,0.137875
0,14,3,5,0.137750
0,14,3,6,0.137542
0,14,3,7,0.138042
0,14,3,8,0.137917
0,14,3,9,0.137375
0,14,3,10,0.137875
0,14,3,11,0.137417
0,14,3,12,0.137875
0,14,3,13,0.137375
0,14,3,14,0.137792
0,14,3,15,0.137708
0,14,3,16,0.137625
0,14,3,17,0.137542
0,14,3,18,0.137625
0,14,3,19,0.138000
0,14,3,20,0.138292
0,14,3,21,0.138708
0,14,3,22,0.138375
0,14,3,23,0.137333
0,14,3,24,0.137542
0,14,3,25,0.137750
0,14,3,26,0.137250
0,14,3,27,0.138000
0,14,3,28,0.138125
0,14,3,29,0.138042
0,14,3,30,0.140208
0,14,3,31,0.138917
0,14,3,32,0.138667
0,14,3,33,0.138667
0,14,3,34,0.140458
0,14,3,35,0.142042
0,14,3,36,0.186000
0,14,3,37,0.142500
0,14,3,38,0.138875
0,14,3,39,0.140000
0,14,3,40,0.142875
0,14,3,41,0.183875
0,14,3,42,0.142875
0,14,2,0,0.248833
0,14,2,1,0.246458
0,14,2,2,0.246500
0,14,2,3,0.247833
0,14,2,4,0.247750
0,14,2,5,0.249167
0,14,2,6,0.248125
0,14,2,7,0.248125
0,14,2,8,0.248625
0,14,2,9,0.247125
0,14,2,10,0.247750
0,14,2,11,0.247917
0,14,2,12,0.249333
0,14,2,13,0.248042
0,14,2,14,0.248542
0,14,2,15,0.247625
0,14,2,16,0.247958
0,14,2,17,0.249000
0,14,2,18,0.247208
0,14,2,19,0.247375
0,14,2,20,0.248500
0,14,2,21,0.247583
0,14,2,22,0.248083
0,14,2,23,0.248167
0,14,2,24,0.248250
0,14,2,25,0.248500
0,14,2,26,0.246667
0,14,2,27,0.247500
0,14,2,28,0.248875
0,14,2,29,0.248375
0,14,2,30,0.247250
0,14,2,31,0.246000
0,14,2,32,0.248833
0,14,2,33,0.248750
0,14,2,34,0.248750
0,14,2,35,0.248375
0,14,2,36,0.246875
0,14,2,37,0.249042
0,14,2,38,0.248500
0,14,2,39,0.249125
0,14,2,40,0.248083
0,14,2,41,0.247667
0,14,2,42,0.248000
0,14,0,0,0.247958
0,14,0,1,0.247000
0,14,0,2,0.248500
0,14,0,3,0.247000
0,14,0,4,0.246708
0,14,0,5,0.248000
0,14,0,6,0.249542
0,14,0,7,0.248625
0,14,0,8,0.248208
0,14,0,9,0.246875
0,14,0,10,0.247000
0,14,0,11,0.248500
0,14,0,12,0.247250
0,14,0,13,0.247875
0,14,0,14,0.249125
0,14,0,15,0.248125
0,14,0,16,0.247875
0,14,0,17,0.247458
0,14,0,18,0.246875
0,14,0,19,0.248458
0,14,0,20,0.247958
0,14,0,21,0.248042
0,14,0,22,0.248208
0,14,0,23,0.246750
0,14,0,24,0.248667
0,14,0,25,0.247500
0,14,0,26,0.248083
0,14,0,27,0.248375
0,14,0,28,0.248583
0,14,0,29,0.248750
0,14,0,30,0.246792
0,14,0,31,0.247000
0,14,0,32,0.246250
0,14,0,33,0.247667
0,14,0,34,0.247875
0,14,0,35,0.248083
0,14,0,36,0.248125
0,14,0,37,0.248750
0,14,0,38,0.247792
0,14,0,39,0.248500
0,14,0,40,0.248125
0,14,0,41,0.247792
0,14,0,42,0.248000
0,14,4,0,0.139000
0,14,4,1,0.138333
0,14,4,2,0.137625
0,14,4,3,0.137875
0,14,4,4,0.137708
0,14,4,5,0.138292
0,14,4,6,0.137750
0,14,4,7,0.137667
0,14,4,8,0.138500
0,14,4,9,0.140125
0,14,4,10,0.137750
0,14,4,11,0.137875
0,14,4,12,0.137833
0,14,4,13,0.137958
0,14,4,14,0.138292
0,14,4,15,0.137708
0,14,4,16,0.138250
0,14,4,17,0.137250
0,14,4,18,0.137458
0,14,4,19,0.137542
0,14,4,20,0.137958
0,14,4,21,0.137917
0,14,4,22,0.138375
0,14,4,23,0.137750
0,14,4,24,0.137875
0,14,4,25,0.137333
0,14,4,26,0.137375
0,14,4,27,0.138708
0,14,4,28,0.137833
0,14,4,29,0.137583
0,14,4,30,0.138250
0,14,4,31,0.138250
0,14,4,32,0.138417
0,14,4,33,0.137875
0,14,4,34,0.137958
0,14,4,35,0.138833
0,14,4,36,0.137667
0,14,4,37,0.137750
0,14,4,38,0.138875
0,14,4,39,0.138125
0,14,4,40,0.138000
0,14,4,41,0.138250
0,14,4,42,0.137667
0,15,4,0,0.138625
0,15,4,1,0.138250
0,15,4,2,0.137875
0,15,4,3,0.137875
0,15,4,4,0.138333
0,15,4,5,0.137833
0,15,4,6,0.137875
0,15,4,7,0.138125
0,15,4,8,0.137750
0,15,4,9,0.137833
0,15,4,10,0.138875
0,15,4,11,0.137542
0,15,4,12,0.138250
0,15,4,13,0.137958
0,15,4,14,0.138708
0,15,4,15,0.137708
0,15,4,16,0.137500
0,15,4,17,0.137500
0,15,4,18,0.137458
0,15,4,19,0.137750
0,15,4,20,0.138083
0,15,4,21,0.138125
0,15,4,22,0.138833
0,15,4,23,0.137667
0,15,4,24,0.137500
0,15,4,25,0.137792
0,15,4,26,0.137167
0,15,4,27,0.138250
0,15,4,28,0.138250
0,15,4,29,0.137750
0,15,4,30,0.137375
0,15,4,31,0.138583
0,15,4,32,0.137667
0,15,4,33,0.138083
0,15,4,34,0.137750
0,15,4,35,0.138500
0,15,4,36,0.138000
0,15,4,37,0.139292
0,15,4,38,0.144875
0,15,4,39,0.146583
0,15,4,40,0.143500
0,15,4,41,0.141667
0,15,4,42,0.145917
0,15,3,0,0.143333
0,15,3,1,0.142625
0,15,3,2,0.143250
0,15,3,3,0.140625
0,15,3,4,0.138292
0,15,3,5,0.137958
0,15,3,6,0.138125
0,15,3,7,0.137875
0,15,3,8,0.138417
0,15,3,9,0.138125
0,15,3,10,0.141250
0,15,3,11,0.137875
0,15,3,12,0.142958
0,15,3,13,0.137667
0,15,3,14,0.138042
0,15,3,15,0.138292
0,15,3,16,0.140000
0,15,3,17,0.140042
0,15,3,18,0.139375
0,15,3,19,0.139250
0,15,3,20,0.140958
0,15,3,21,0.139500
0,15,3,22,0.139333
0,15,3,23,0.139000
0,15,3,24,0.137958
0,15,3,25,0.138417
0,15,3,26,0.138500
0,15,3,27,0.139292
0,15,3,28,0.138625
0,15,3,29,0.138125
0,15,3,30,0.137917
0,15,3,31,0.138250
0,15,3,32,0.137917
0,15,3,33,0.138042
0,15,3,34,0.138583
0,15,3,35,0.138750
0,15,3,36,0.138125
0,15,3,37,0.137917
0,15,3,38,0.138500
0,15,3,39,0.138625
0,15,3,40,0.138042
0,15,3,41,0.138333
0,15,3,42,0.137875
0,15,2,0,0.247208
0,15,2,1,0.248375
0,15,2,2,0.249042
0,15,2,3,0.247875
0,15,2,4,0.248208
0,15,2,5,0.248625
0,15,2,6,0.249250
0,15,2,7,0.248708
0,15,2,8,0.247500
0,15,2,9,0.247292
0,15,2,10,0.248125
0,15,2,11,0.248042
0,15,2,12,0.247875
0,15,2,13,0.248875
0,15,2,14,0.247500
0,15,2,15,0.248542
0,15,2,16,0.249042
0,15,2,17,0.249000
0,15,2,18,0.247792
0,15,2,19,0.248125
0,15,2,20,0.247625
0,15,2,21,0.247250
0,15,2,22,0.247500
0,15,2,23,0.248125
0,15,2,24,0.248833
0,15,2,25,0.248458
0,15,2,26,0.246500
0,15,2,27,0.249292
0,15,2,28,0.248375
0,15,2,29,0.247333
0,15,2,30,0.247583
0,15,2,31,0.245792
0,15,2,32,0.247750
0,15,2,33,0.247333
0,15,2,34,0.248875
0,15,2,35,0.247875
0,15,2,36,0.247250
0,15,2,37,0.247250
0,15,2,38,0.248542
0,15,2,39,0.249000
0,15,2,40,0.247875
0,15,2,41,0.247333
0,15,2,42,0.247500
0,15,0,0,0.247125
0,15,0,1,0.247792
0,15,0,2,0.247167
0,15,0,3,0.247542
0,15,0,4,0.249542
0,15,0,5,0.247375
0,15,0,6,0.249833
0,15,0,7,0.250375
0,15,0,8,0.247750
0,15,0,9,0.248917
0,15,0,10,0.246500
0,15,0,11,0.247500
0,15,0,12,0.248000
0,15,0,13,0.249583
0,15,0,14,0.248542
0,15,0,15,0.248167
0,15,0,16,0.247125
0,15,0,17,0.248000
0,15,0,18,0.247458
0,15,0,19,0.249083
0,15,0,20,0.247250
0,15,0,21,0.248542
0,15,0,22,0.248250
0,15,0,23,0.247292
0,15,0,24,0.248792
0,15,0,25,0.248875
0,15,0,26,0.246500
0,15,0,27,0.247250
0,15,0,28,0.248750
0,15,0,29,0.247917
0,15,0,30,0.247375
0,15,0,31,0.245750
0,15,0,32,0.247917
0,15,0,33,0.248125
0,15,0,34,0.249250
0,15,0,35,0.249083
0,15,0,36,0.248125
0,15,0,37,0.249042
0,15,0,38,0.247292
0,15,0,39,0.247500
0,15,0,40,0.247833
0,15,0,41,0.247125
0,15,0,42,0.247458
0,16,0,0,0.247833
0,16,0,1,0.248000
0,16,0,2,0.248042
0,16,0,3,0.247417
0,16,0,4,0.248792
0,16,0,5,0.247458
0,16,0,6,0.248083
0,16,0,7,0.246875
0,16,0,8,0.248250
0,16,0,9,0.247625
0,16,0,10,0.248042
0,16,0,11,0.248500
0,16,0,12,0.247125
0,16,0,13,0.248125
0,16,0,14,0.248250
0,16,0,15,0.248125
0,16,0,16,0.248792
0,16,0,17,0.248417
0,16,0,18,0.248917
0,16,0,19,0.248750
0,16,0,20,0.248250
0,16,0,21,0.247708
0,16,0,22,0.248750
0,16,0,23,0.247375
0,16,0,24,0.248542
0,16,0,25,0.247542
0,16,0,26,0.248583
0,16,0,27,0.247458
0,16,0,28,0.248042
0,16,0,29,0.247958
0,16,0,30,0.248125
0,16,0,31,0.248458
0,16,0,32,0.248250
0,16,0,33,0.248250
0,16,0,34,0.247000
0,16,0,35,0.249208
0,16,0,36,0.247625
0,16,0,37,0.248917
0,16,0,38,0.248542
0,16,0,39,0.247875
0,16,0,40,0.248375
0,16,0,41,0.248750
0,16,0,42,0.249000
0,16,2,0,0.249792
0,16,2,1,0.249250
0,16,2,2,0.247500
0,16,2,3,0.247042
0,16,2,4,0.247792
0,16,2,5,0.247292
0,16,2,6,0.248375
0,16,2,7,0.248292
0,16,2,8,0.248000
0,16,2,9,0.247667
0,16,2,10,0.247375
0,16,2,11,0.248125
0,16,2,12,0.247917
0,16,2,13,0.248167
0,16,2,14,0.248292
0,16,2,15,0.249375
0,16,2,16,0.247375
0,16,2,17,0.249750
0,16,2,18,0.247875
0,16,2,19,0.248417
0,16,2,20,0.246542
0,16,2,21,0.248042
0,16,2,22,0.247875
0,16,2,23,0.247875
0,16,2,24,0.247875
0,16,2,25,0.247917
0,16,2,26,0.248125
0,16,2,27,0.248250
0,16,2,28,0.248875
0,16,2,29,0.247583
0,16,2,30,0.247125
0,16,2,31,0.247542
0,16,2,32,0.245208
0,16,2,33,0.247250
0,16,2,34,0.247375
0,16,2,35,0.248375
0,16,2,36,0.247708
0,16,2,37,0.248958
0,16,2,38,0.248375
0,16,2,39,0.246875
0,16,2,40,0.249458
0,16,2,41,0.247333
0,16,2,42,0.248458
0,16,3,0,0.138917
0,16,3,1,0.137875
0,16,3,2,0.138000
0,16,3,3,0.138208
0,16,3,4,0.137667
0,16,3,5,0.137750
0,16,3,6,0.137875
0,16,3,7,0.138083
0,16,3,8,0.138042
0,16,3,9,0.137542
0,16,3,10,0.137667
0,16,3,11,0.137583
0,16,3,12,0.138375
0,16,3,13,0.137542
0,16,3,14,0.138000
0,16,3,15,0.137875
0,16,3,16,0.138042
0,16,3,17,0.137750
0,16,3,18,0.138000
0,16,3,19,0.137875
0,16,3,20,0.138250
0,16,3,21,0.137875
0,16,3,22,0.137667
0,16,3,23,0.137458
0,16,3,24,0.138125
0,16,3,25,0.137667
0,16,3,26,0.137500
0,16,3,27,0.138250
0,16,3,28,0.138375
0,16,3,29,0.138458
0,16,3,30,0.137833
0,16,3,31,0.138000
0,16,3,32,0.137958
0,16,3,33,0.137750
0,16,3,34,0.140500
0,16,3,35,0.139125
0,16,3,36,0.138208
0,16,3,37,0.138292
0,16,3,38,0.138625
0,16,3,39,0.137708
0,16,3,40,0.138125
0,16,3,41,0.138250
0,16,3,42,0.136958
0,16,4,0,0.138208
0,16,4,1,0.138042
0,16,4,2,0.137750
0,16,4,3,0.137875
0,16,4,4,0.137417
0,16,4,5,0.137583
0,16,4,6,0.137750
0,16,4,7,0.137542
0,16,4,8,0.138125
0,16,4,9,0.138125
0,16,4,10,0.137625
0,16,4,11,0.137375
0,16,4,12,0.137708
0,16,4,13,0.138042
0,16,4,14,0.138125
0,16,4,15,0.137458
0,16,4,16,0.137792
0,16,4,17,0.137333
0,16,4,18,0.138375
0,16,4,19,0.138125
0,16,4,20,0.137875
0,16,4,21,0.137917
0,16,4,22,0.138375
0,16,4,23,0.137917
0,16,4,24,0.138375
0,16,4,25,0.137500
0,16,4,26,0.137667
0,16,4,27,0.138292
0,16,4,28,0.138083
0,16,4,29,0.137750
0,16,4,30,0.138042
0,16,4,31,0.137833
0,16,4,32,0.137833
0,16,4,33,0.138083
0,16,4,34,0.138500
0,16,4,35,0.139000
0,16,4,36,0.137667
0,16,4,37,0.137875
0,16,4,38,0.138250
0,16,4,39,0.137958
0,16,4,40,0.137917
0,16,4,41,0.137750
0,16,4,42,0.137333
0,17,2,0,0.248167
0,17,2,1,0.248667
0,17,2,2,0.247125
0,17,2,3,0.247208
0,17,2,4,0.248875
0,17,2,5,0.247000
0,17,2,6,0.248500
0,17,2,7,0.248625
0,17,2,8,0.247958
0,17,2,9,0.248625
0,17,2,10,0.248625
0,17,2,11,0.249500
0,17,2,12,0.248167
0,17,2,13,0.248375
0,17,2,14,0.249125
0,17,2,15,0.248292
0,17,2,16,0.249625
0,17,2,17,0.248417
0,17,2,18,0.247750
0,17,2,19,0.248708
0,17,2,20,0.248750
0,17,2,21,0.248333
0,17,2,22,0.248375
0,17,2,23,0.247750
0,17,2,24,0.248708
0,17,2,25,0.247917
0,17,2,26,0.246458
0,17,2,27,0.249625
0,17,2,28,0.247875
0,17,2,29,0.247833
0,17,2,30,0.248250
0,17,2,31,0.247750
0,17,2,32,0.248500
0,17,2,33,0.247625
0,17,2,34,0.247208
0,17,2,35,0.248500
0,17,2,36,0.247000
0,17,2,37,0.249000
0,17,2,38,0.248375
0,17,2,39,0.248000
0,17,2,40,0.248958
0,17,2,41,0.248125
0,17,2,42,0.249875
0,17,3,0,0.138667
0,17,3,1,0.138542
0,17,3,2,0.140375
0,17,3,3,0.174042
0,17,3,4,0.160292
0,17,3,5,0.141625
0,17,3,6,0.139292
0,17,3,7,0.139000
0,17,3,8,0.140375
0,17,3,9,0.186708
0,17,3,10,0.144625
0,17,3,11,0.138083
0,17,3,12,0.141250
0,17,3,13,0.139542
0,17,3,14,0.139000
0,17,3,15,0.138042
0,17,3,16,0.137875
0,17,3,17,0.139417
0,17,3,18,0.139250
0,17,3,19,0.139458
0,17,3,20,0.137958
0,17,3,21,0.139083
0,17,3,22,0.139000
0,17,3,23,0.137500
0,17,3,24,0.138417
0,17,3,25,0.137625
0,17,3,26,0.138625
0,17,3,27,0.139500
0,17,3,28,0.138875
0,17,3,29,0.138375
0,17,3,30,0.137750
0,17,3,31,0.139708
0,17,3,32,0.139625
0,17,3,33,0.139500
0,17,3,34,0.140250
0,17,3,35,0.140625
0,17,3,36,0.138583
0,17,3,37,0.137875
0,17,3,38,0.138250
0,17,3,39,0.138875
0,17,3,40,0.137833
0,17,3,41,0.137625
0,17,3,42,0.137500
0,17,4,0,0.139125
0,17,4,1,0.139625
0,17,4,2,0.139458
0,17,4,3,0.138250
0,17,4,4,0.138125
0,17,4,5,0.138792
0,17,4,6,0.138250
0,17,4,7,0.137625
0,17,4,8,0.137875
0,17,4,9,0.138333
0,17,4,10,0.137375
0,17,4,11,0.137083
0,17,4,12,0.137625
0,17,4,13,0.137750
0,17,4,14,0.137875
0,17,4,15,0.138333
0,17,4,16,0.137750
0,17,4,17,0.138250
0,17,4,18,0.137875
0,17,4,19,0.137875
0,17,4,20,0.138333
0,17,4,21,0.138250
0,17,4,22,0.138667
0,17,4,23,0.138292
0,17,4,24,0.137875
0,17,4,25,0.138250
0,17,4,26,0.137292
0,17,4,27,0.138958
0,17,4,28,0.138417
0,17,4,29,0.138500
0,17,4,30,0.138375
0,17,4,31,0.137750
0,17,4,32,0.137542
0,17,4,33,0.138500
0,17,4,34,0.139000
0,17,4,35,0.139250
0,17,4,36,0.138375
0,17,4,37,0.138875
0,17,4,38,0.139000
0,17,4,39,0.138125
0,17,4,40,0.138083
0,17,4,41,0.138625
0,17,4,42,0.138125
0,17,0,0,0.248125
0,17,0,1,0.248500
0,17,0,2,0.248250
0,17,0,3,0.246375
0,17,0,4,0.247375
0,17,0,5,0.247750
0,17,0,6,0.248042
0,17,0,7,0.248125
0,17,0,8,0.247250
0,17,0,9,0.247000
0,17,0,10,0.246792
0,17,0,11,0.247417
0,17,0,12,0.248917
0,17,0,13,0.248708
0,17,0,14,0.247667
0,17,0,15,0.248000
0,17,0,16,0.248500
0,17,0,17,0.248000
0,17,0,18,0.248042
0,17,0,19,0.247167
0,17,0,20,0.247875
0,17,0,21,0.247958
0,17,0,22,0.249750
0,17,0,23,0.248125
0,17,0,24,0.248375
0,17,0,25,0.246833
0,17,0,26,0.246875
0,17,0,27,0.247792
0,17,0,28,0.248417
0,17,0,29,0.249792
0,17,0,30,0.248208
0,17,0,31,0.246125
0,17,0,32,0.246083
0,17,0,33,0.248625
0,17,0,34,0.248375
0,17,0,35,0.248667
0,17,0,36,0.247708
0,17,0,37,0.247917
0,17,0,38,0.248250
0,17,0,39,0.247875
0,17,0,40,0.249083
0,17,0,41,0.247500
0,17,0,42,0.249250
0,18,3,0,0.138417
0,18,3,1,0.137750
0,18,3,2,0.137875
0,18,3,3,0.138083
0,18,3,4,0.137875
0,18,3,5,0.137625
0,18,3,6,0.137625
0,18,3,7,0.138208
0,18,3,8,0.138208
0,18,3,9,0.138167
0,18,3,10,0.137917
0,18,3,11,0.137750
0,18,3,12,0.138000
0,18,3,13,0.137458
0,18,3,14,0.138125
0,18,3,15,0.138000
0,18,3,16,0.137875
0,18,3,17,0.137667
0,18,3,18,0.138250
0,18,3,19,0.138000
0,18,3,20,0.138125
0,18,3,21,0.138250
0,18,3,22,0.138500
0,18,3,23,0.138208
0,18,3,24,0.137917
0,18,3,25,0.138167
0,18,3,26,0.138125
0,18,3,27,0.138708
0,18,3,28,0.138250
0,18,3,29,0.137667
0,18,3,30,0.137917
0,18,3,31,0.138458
0,18,3,32,0.137750
0,18,3,33,0.138500
0,18,3,34,0.138000
0,18,3,35,0.138917
0,18,3,36,0.138875
0,18,3,37,0.138250
0,18,3,38,0.138083
0,18,3,39,0.138250
0,18,3,40,0.138250
0,18,3,41,0.138750
0,18,3,42,0.138000
0,18,4,0,0.138708
0,18,4,1,0.138125
0,18,4,2,0.138208
0,18,4,3,0.138583
0,18,4,4,0.138208
0,18,4,5,0.138583
0,18,4,6,0.137750
0,18,4,7,0.138250
0,18,4,8,0.138417
0,18,4,9,0.137875
0,18,4,10,0.137500
0,18,4,11,0.137875
0,18,4,12,0.138208
0,18,4,13,0.138083
0,18,4,14,0.137750
0,18,4,15,0.137750
0,18,4,16,0.139625
0,18,4,17,0.138125
0,18,4,18,0.137875
0,18,4,19,0.139042
0,18,4,20,0.138458
0,18,4,21,0.138333
0,18,4,22,0.138708
0,18,4,23,0.138458
0,18,4,24,0.138000
0,18,4,25,0.138375
0,18,4,26,0.138000
0,18,4,27,0.144875
0,18,4,28,0.138750
0,18,4,29,0.137917
0,18,4,30,0.138125
0,18,4,31,0.138375
0,18,4,32,0.137708
0,18,4,33,0.138125
0,18,4,34,0.138458
0,18,4,35,0.138458
0,18,4,36,0.138250
0,18,4,37,0.138292
0,18,4,38,0.138750
0,18,4,39,0.138458
0,18,4,40,0.138708
0,18,4,41,0.138083
0,18,4,42,0.137208
0,18,0,0,0.247333
0,18,0,1,0.248125
0,18,0,2,0.248542
0,18,0,3,0.248000
0,18,0,4,0.248458
0,18,0,5,0.247792
0,18,0,6,0.248417
0,18,0,7,0.246333
0,18,0,8,0.248250
0,18,0,9,0.248708
0,18,0,10,0.247208
0,18,0,11,0.247667
0,18,0,12,0.246417
0,18,0,13,0.248292
0,18,0,14,0.247750
0,18,0,15,0.247792
0,18,0,16,0.247667
0,18,0,17,0.246083
0,18,0,18,0.248167
0,18,0,19,0.247750
0,18,0,20,0.248167
0,18,0,21,0.246750
0,18,0,22,0.248958
0,18,0,23,0.247958
0,18,0,24,0.247792
0,18,0,25,0.247458
0,18,0,26,0.247750
0,18,0,27,0.248125
0,18,0,28,0.248375
0,18,0,29,0.248375
0,18,0,30,0.248500
0,18,0,31,0.246500
0,18,0,32,0.247250
0,18,0,33,0.247042
0,18,0,34,0.249167
0,18,0,35,0.249833
0,18,0,36,0.247458
0,18,0,37,0.248292
0,18,0,38,0.248750
0,18,0,39,0.247375
0,18,0,40,0.247250
0,18,0,41,0.247542
0,18,0,42,0.247750
0,18,2,0,0.248500
0,18,2,1,0.248125
0,18,2,2,0.247792
0,18,2,3,0.246750
0,18,2,4,0.247875
0,18,2,5,0.247833
0,18,2,6,0.247875
0,18,2,7,0.248125
0,18,2,8,0.248083
0,18,2,9,0.248792
0,18,2,10,0.248250
0,18,2,11,0.249042
0,18,2,12,0.248500
0,18,2,13,0.247500
0,18,2,14,0.248542
0,18,2,15,0.247833
0,18,2,16,0.247875
0,18,2,17,0.248250
0,18,2,18,0.248375
0,18,2,19,0.248625
0,18,2,20,0.247875
0,18,2,21,0.247583
0,18,2,22,0.248125
0,18,2,23,0.247292
0,18,2,24,0.247625
0,18,2,25,0.249125
0,18,2,26,0.247250
0,18,2,27,0.249333
0,18,2,28,0.249250
0,18,2,29,0.246875
0,18,2,30,0.247917
0,18,2,31,0.245583
0,18,2,32,0.247292
0,18,2,33,0.249500
0,18,2,34,0.249542
0,18,2,35,0.248917
0,18,2,36,0.246875
0,18,2,37,0.248083
0,18,2,38,0.248500
0,18,2,39,0.247625
0,18,2,40,0.247708
0,18,2,41,0.248625
0,18,2,42,0.249167
0,19,4,0,0.138500
0,19,4,1,0.137958
0,19,4,2,0.138125
0,19,4,3,0.138042
0,19,4,4,0.138000
0,19,4,5,0.138000
0,19,4,6,0.138375
0,19,4,7,0.138250
0,19,4,8,0.138250
0,19,4,9,0.138417
0,19,4,10,0.138167
0,19,4,11,0.137125
0,19,4,12,0.138875
0,19,4,13,0.138125
0,19,4,14,0.139417
0,19,4,15,0.138000
0,19,4,16,0.137917
0,19,4,17,0.137625
0,19,4,18,0.138125
0,19,4,19,0.138833
0,19,4,20,0.139208
0,19,4,21,0.140000
0,19,4,22,0.139750
0,19,4,23,0.138000
0,19,4,24,0.138083
0,19,4,25,0.137875
0,19,4,26,0.137667
0,19,4,27,0.138625
0,19,4,28,0.139250
0,19,4,29,0.137875
0,19,4,30,0.138167
0,19,4,31,0.138375
0,19,4,32,0.138125
0,19,4,33,0.138625
0,19,4,34,0.138792
0,19,4,35,0.138625
0,19,4,36,0.138083
0,19,4,37,0.137958
0,19,4,38,0.138292
0,19,4,39,0.138083
0,19,4,40,0.138250
0,19,4,41,0.138417
0,19,4,42,0.138000
0,19,0,0,0.247750
0,19,0,1,0.247875
0,19,0,2,0.247833
0,19,0,3,0.248750
0,19,0,4,0.247125
0,19,0,5,0.248333
0,19,0,6,0.248250
0,19,0,7,0.247250
0,19,0,8,0.247875
0,19,0,9,0.247292
0,19,0,10,0.248375
0,19,0,11,0.247250
0,19,0,12,0.246875
0,19,0,13,0.248417
0,19,0,14,0.247667
0,19,0,15,0.249375
0,19,0,16,0.247667
0,19,0,17,0.248708
0,19,0,18,0.247875
0,19,0,19,0.248500
0,19,0,20,0.249375
0,19,0,21,0.247375
0,19,0,22,0.247125
0,19,0,23,0.248125
0,19,0,24,0.246292
0,19,0,25,0.248542
0,19,0,26,0.247125
0,19,0,27,0.248583
0,19,0,28,0.248250
0,19,0,29,0.248208
0,19,0,30,0.247292
0,19,0,31,0.245542
0,19,0,32,0.247375
0,19,0,33,0.246417
0,19,0,34,0.248333
0,19,0,35,0.247958
0,19,0,36,0.247667
0,19,0,37,0.246583
0,19,0,38,0.248708
0,19,0,39,0.248500
0,19,0,40,0.246042
0,19,0,41,0.245958
0,19,0,42,0.247417
0,19,2,0,0.248250
0,19,2,1,0.247750
0,19,2,2,0.247625
0,19,2,3,0.246500
0,19,2,4,0.247708
0,19,2,5,0.249292
0,19,2,6,0.248875
0,19,2,7,0.248750
0,19,2,8,0.247000
0,19,2,9,0.248375
0,19,2,10,0.248625
0,19,2,11,0.248375
0,19,2,12,0.248500
0,19,2,13,0.247625
0,19,2,14,0.249167
0,19,2,15,0.248750
0,19,2,16,0.247625
0,19,2,17,0.249708
0,19,2,18,0.247375
0,19,2,19,0.248208
0,19,2,20,0.249333
0,19,2,21,0.247000
0,19,2,22,0.249917
0,19,2,23,0.246125
0,19,2,24,0.247625
0,19,2,25,0.249000
0,19,2,26,0.248250
0,19,2,27,0.247958
0,19,2,28,0.249250
0,19,2,29,0.248333
0,19,2,30,0.247125
0,19,2,31,0.247500
0,19,2,32,0.247917
0,19,2,33,0.248167
0,19,2,34,0.247667
0,19,2,35,0.247917
0,19,2,36,0.247917
0,19,2,37,0.249250
0,19,2,38,0.246458
0,19,2,39,0.247667
0,19,2,40,0.248500
0,19,2,41,0.247625
0,19,2,42,0.248250
0,19,3,0,0.138833
0,19,3,1,0.138125
0,19,3,2,0.138000
0,19,3,3,0.138500
0,19,3,4,0.137875
0,19,3,5,0.137625
0,19,3,6,0.137917
0,19,3,7,0.138042
0,19,3,8,0.138792
0,19,3,9,0.138750
0,19,3,10,0.138125
0,19,3,11,0.137542
0,19,3,12,0.138458
0,19,3,13,0.138167
0,19,3,14,0.138750
0,19,3,15,0.137917
0,19,3,16,0.138375
0,19,3,17,0.138250
0,19,3,18,0.138333
0,19,3,19,0.141250
0,19,3,20,0.142292
0,19,3,21,0.140375
0,19,3,22,0.142750
0,19,3,23,0.141000
0,19,3,24,0.140333
0,19,3,25,0.140208
0,19,3,26,0.140625
0,19,3,27,0.138875
0,19,3,28,0.138333
0,19,3,29,0.138000
0,19,3,30,0.138750
0,19,3,31,0.138250
0,19,3,32,0.138125
0,19,3,33,0.138000
0,19,3,34,0.138250
0,19,3,35,0.139250
0,19,3,36,0.138292
0,19,3,37,0.138500
0,19,3,38,0.138083
0,19,3,39,0.138583
0,19,3,40,0.138500
0,19,3,41,0.138167
0,19,3,42,0.137625
0,20,0,0,0.249125
0,20,0,1,0.247500
0,20,0,2,0.248042
0,20,0,3,0.249417
0,20,0,4,0.247250
0,20,0,5,0.248375
0,20,0,6,0.247667
0,20,0,7,0.248625
0,20,0,8,0.248792
0,20,0,9,0.247125
0,20,0,10,0.247125
0,20,0,11,0.248000
0,20,0,12,0.247458
0,20,0,13,0.248375
0,20,0,14,0.247500
0,20,0,15,0.248375
0,20,0,16,0.248125
0,20,0,17,0.248500
0,20,0,18,0.247125
0,20,0,19,0.250250
0,20,0,20,0.248500
0,20,0,21,0.248167
0,20,0,22,0.247958
0,20,0,23,0.247667
0,20,0,24,0.248375
0,20,0,25,0.248500
0,20,0,26,0.247583
0,20,0,27,0.248792
0,20,0,28,0.248125
0,20,0,29,0.247833
0,20,0,30,0.249083
0,20,0,31,0.245958
0,20,0,32,0.248042
0,20,0,33,0.246542
0,20,0,34,0.247750
0,20,0,35,0.249000
0,20,0,36,0.248958
0,20,0,37,0.249375
0,20,0,38,0.246917
0,20,0,39,0.247875
0,20,0,40,0.247083
0,20,0,41,0.247625
0,20,0,42,0.248250
0,20,4,0,0.137250
0,20,4,1,0.137000
0,20,4,2,0.136625
0,20,4,3,0.137125
0,20,4,4,0.136625
0,20,4,5,0.136500
0,20,4,6,0.136625
0,20,4,7,0.137000
0,20,4,8,0.136500
0,20,4,9,0.136833
0,20,4,10,0.137250
0,20,4,11,0.137167
0,20,4,12,0.137792
0,20,4,13,0.136500
0,20,4,14,0.137000
0,20,4,15,0.136208
0,20,4,16,0.136875
0,20,4,17,0.136583
0,20,4,18,0.137458
0,20,4,19,0.137583
0,20,4,20,0.136958
0,20,4,21,0.137000
0,20,4,22,0.137333
0,20,4,23,0.136917
0,20,4,24,0.136625
0,20,4,25,0.136958
0,20,4,26,0.137042
0,20,4,27,0.137958
0,20,4,28,0.137125
0,20,4,29,0.137000
0,20,4,30,0.137333
0,20,4,31,0.137167
0,20,4,32,0.140083
0,20,4,33,0.138708
0,20,4,34,0.138250
0,20,4,35,0.138292
0,20,4,36,0.137500
0,20,4,37,0.137292
0,20,4,38,0.140125
0,20,4,39,0.172667
0,20,4,40,0.161083
0,20,4,41,0.142417
0,20,4,42,0.137542
0,20,3,0,0.139250
0,20,3,1,0.140083
0,20,3,2,0.185500
0,20,3,3,0.142083
0,20,3,4,0.138250
0,20,3,5,0.138292
0,20,3,6,0.137250
0,20,3,7,0.137458
0,20,3,8,0.137500
0,20,3,9,0.137417
0,20,3,10,0.136875
0,20,3,11,0.136625
0,20,3,12,0.136875
0,20,3,13,0.136875
0,20,3,14,0.137583
0,20,3,15,0.137125
0,20,3,16,0.137458
0,20,3,17,0.137125
0,20,3,18,0.137000
0,20,3,19,0.137375
0,20,3,20,0.137875
0,20,3,21,0.137917
0,20,3,22,0.138125
0,20,3,23,0.138875
0,20,3,24,0.137375
0,20,3,25,0.137708
0,20,3,26,0.137625
0,20,3,27,0.137917
0,20,3,28,0.137000
0,20,3,29,0.136792
0,20,3,30,0.137083
0,20,3,31,0.137125
0,20,3,32,0.136500
0,20,3,33,0.136917
0,20,3,34,0.136958
0,20,3,35,0.137750
0,20,3,36,0.137125
0,20,3,37,0.136750
0,20,3,38,0.137000
0,20,3,39,0.136875
0,20,3,40,0.137000
0,20,3,41,0.136750
0,20,3,42,0.136375
0,20,2,0,0.247708
0,20,2,1,0.248042
0,20,2,2,0.249208
0,20,2,3,0.247125
0,20,2,4,0.247792
0,20,2,5,0.248458
0,20,2,6,0.248667
0,20,2,7,0.247250
0,20,2,8,0.247250
0,20,2,9,0.246750
0,20,2,10,0.248417
0,20,2,11,0.247792
0,20,2,12,0.247542
0,20,2,13,0.248250
0,20,2,14,0.248750
0,20,2,15,0.248667
0,20,2,16,0.248875
0,20,2,17,0.249625
0,20,2,18,0.247500
0,20,2,19,0.249125
0,20,2,20,0.248250
0,20,2,21,0.247750
0,20,2,22,0.248458
0,20,2,23,0.247625
0,20,2,24,0.248375
0,20,2,25,0.248125
0,20,2,26,0.247750
0,20,2,27,0.247375
0,20,2,28,0.248125
0,20,2,29,0.248000
0,20,2,30,0.247750
0,20,2,31,0.247292
0,20,2,32,0.245875
0,20,2,33,0.246583
0,20,2,34,0.247542
0,20,2,35,0.248625
0,20,2,36,0.247417
0,20,2,37,0.247250
0,20,2,38,0.247375
0,20,2,39,0.249583
0,20,2,40,0.248250
0,20,2,41,0.246542
0,20,2,42,0.247125
0,21,2,0,0.247583
0,21,2,1,0.247667
0,21,2,2,0.247250
0,21,2,3,0.246958
0,21,2,4,0.248125
0,21,2,5,0.247667
0,21,2,6,0.248667
0,21,2,7,0.248000
0,21,2,8,0.248417
0,21,2,9,0.247500
0,21,2,10,0.249375
0,21,2,11,0.248500
0,21,2,12,0.248000
0,21,2,13,0.247958
0,21,2,14,0.248375
0,21,2,15,0.248875
0,21,2,16,0.247375
0,21,2,17,0.246875
0,21,2,18,0.248375
0,21,2,19,0.248750
0,21,2,20,0.248625
0,21,2,21,0.247375
0,21,2,22,0.248500
0,21,2,23,0.246750
0,21,2,24,0.249333
0,21,2,25,0.248500
0,21,2,26,0.248917
0,21,2,27,0.248333
0,21,2,28,0.247875
0,21,2,29,0.249042
0,21,2,30,0.248667
0,21,2,31,0.246292
0,21,2,32,0.247958
0,21,2,33,0.248750
0,21,2,34,0.247250
0,21,2,35,0.247625
0,21,2,36,0.248000
0,21,2,37,0.248500
0,21,2,38,0.247750
0,21,2,39,0.248750
0,21,2,40,0.248500
0,21,2,41,0.247583
0,21,2,42,0.247083
0,21,0,0,0.248083
0,21,0,1,0.247500
0,21,0,2,0.248750
0,21,0,3,0.247000
0,21,0,4,0.247625
0,21,0,5,0.247083
0,21,0,6,0.247292
0,21,0,7,0.247750
0,21,0,8,0.247708
0,21,0,9,0.247542
0,21,0,10,0.247708
0,21,0,11,0.248042
0,21,0,12,0.248667
0,21,0,13,0.247625
0,21,0,14,0.246917
0,21,0,15,0.249458
0,21,0,16,0.260750
0,21,0,17,0.255125
0,21,0,18,0.247292
0,21,0,19,0.249417
0,21,0,20,0.248125
0,21,0,21,0.247625
0,21,0,22,0.248125
0,21,0,23,0.247500
0,21,0,24,0.248333
0,21,0,25,0.246375
0,21,0,26,0.248750
0,21,0,27,0.247542
0,21,0,28,0.248583
0,21,0,29,0.247625
0,21,0,30,0.247875
0,21,0,31,0.244542
0,21,0,32,0.248417
0,21,0,33,0.246792
0,21,0,34,0.248625
0,21,0,35,0.248083
0,21,0,36,0.247500
0,21,0,37,0.248667
0,21,0,38,0.247625
0,21,0,39,0.247792
0,21,0,40,0.247917
0,21,0,41,0.247792
0,21,0,42,0.247542
0,21,4,0,0.141042
0,21,4,1,0.138958
0,21,4,2,0.138250
0,21,4,3,0.138833
0,21,4,4,0.138500
0,21,4,5,0.137625
0,21,4,6,0.137250
0,21,4,7,0.137792
0,21,4,8,0.138042
0,21,4,9,0.137792
0,21,4,10,0.137083
0,21,4,11,0.138042
0,21,4,12,0.137542
0,21,4,13,0.137833
0,21,4,14,0.137458
0,21,4,15,0.139542
0,21,4,16,0.137875
0,21,4,17,0.138250
0,21,4,18,0.138125
0,21,4,19,0.138125
0,21,4,20,0.138167
0,21,4,21,0.138125
0,21,4,22,0.138083
0,21,4,23,0.137875
0,21,4,24,0.137875
0,21,4,25,0.138125
0,21,4,26,0.137750
0,21,4,27,0.138417
0,21,4,28,0.138125
0,21,4,29,0.139083
0,21,4,30,0.139583
0,21,4,31,0.138500
0,21,4,32,0.137583
0,21,4,33,0.138208
0,21,4,34,0.138125
0,21,4,35,0.139125
0,21,4,36,0.138083
0,21,4,37,0.137333
0,21,4,38,0.137875
0,21,4,39,0.138167
0,21,4,40,0.137875
0,21,4,41,0.138375
0,21,4,42,0.137417
0,21,3,0,0.138292
0,21,3,1,0.138000
0,21,3,2,0.137875
0,21,3,3,0.138292
0,21,3,4,0.138000
0,21,3,5,0.137833
0,21,3,6,0.137250
0,21,3,7,0.137958
0,21,3,8,0.138250
0,21,3,9,0.137750
0,21,3,10,0.137500
0,21,3,11,0.138000
0,21,3,12,0.137750
0,21,3,13,0.138292
0,21,3,14,0.138083
0,21,3,15,0.137750
0,21,3,16,0.137917
0,21,3,17,0.137667
0,21,3,18,0.138000
0,21,3,19,0.137958
0,21,3,20,0.137750
0,21,3,21,0.137833
0,21,3,22,0.139458
0,21,3,23,0.137958
0,21,3,24,0.138042
0,21,3,25,0.137833
0,21,3,26,0.137375
0,21,3,27,0.137958
0,21,3,28,0.138167
0,21,3,29,0.137667
0,21,3,30,0.137625
0,21,3,31,0.137250
0,21,3,32,0.137875
0,21,3,33,0.137917
0,21,3,34,0.138000
0,21,3,35,0.138167
0,21,3,36,0.137708
0,21,3,37,0.138000
0,21,3,38,0.138250
0,21,3,39,0.137667
0,21,3,40,0.137958
0,21,3,41,0.138500
0,21,3,42,0.137875
0,22,3,0,0.138292
0,22,3,1,0.137875
0,22,3,2,0.139375
0,22,3,3,0.138625
0,22,3,4,0.137625
0,22,3,5,0.140042
0,22,3,6,0.138708
0,22,3,7,0.138208
0,22,3,8,0.138125
0,22,3,9,0.138167
0,22,3,10,0.138000
0,22,3,11,0.140375
0,22,3,12,0.175000
0,22,3,13,0.158708
0,22,3,14,0.141917
0,22,3,15,0.138042
0,22,3,16,0.138583
0,22,3,17,0.140417
0,22,3,18,0.185250
0,22,3,19,0.143500
0,22,3,20,0.138375
0,22,3,21,0.138500
0,22,3,22,0.138750
0,22,3,23,0.137625
0,22,3,24,0.137875
0,22,3,25,0.138375
0,22,3,26,0.137542
0,22,3,27,0.138167
0,22,3,28,0.138500
0,22,3,29,0.137750
0,22,3,30,0.137833
0,22,3,31,0.138042
0,22,3,32,0.137500
0,22,3,33,0.137875
0,22,3,34,0.138042
0,22,3,35,0.138333
0,22,3,36,0.137958
0,22,3,37,0.137917
0,22,3,38,0.138000
0,22,3,39,0.138000
0,22,3,40,0.138083
0,22,3,41,0.138208
0,22,3,42,0.137500
0,22,2,0,0.246875
0,22,2,1,0.247458
0,22,2,2,0.247500
0,22,2,3,0.247750
0,22,2,4,0.248125
0,22,2,5,0.247333
0,22,2,6,0.248458
0,22,2,7,0.248375
0,22,2,8,0.248917
0,22,2,9,0.246708
0,22,2,10,0.245875
0,22,2,11,0.248958
0,22,2,12,0.249000
0,22,2,13,0.248000
0,22,2,14,0.248500
0,22,2,15,0.248250
0,22,2,16,0.248500
0,22,2,17,0.249500
0,22,2,18,0.247250
0,22,2,19,0.249042
0,22,2,20,0.247625
0,22,2,21,0.248458
0,22,2,22,0.247708
0,22,2,23,0.248250
0,22,2,24,0.248542
0,22,2,25,0.247333
0,22,2,26,0.246625
0,22,2,27,0.248292
0,22,2,28,0.247750
0,22,2,29,0.245792
0,22,2,30,0.247375
0,22,2,31,0.246167
0,22,2,32,0.246583
0,22,2,33,0.247583
0,22,2,34,0.248333
0,22,2,35,0.248750
0,22,2,36,0.248000
0,22,2,37,0.248083
0,22,2,38,0.247542
0,22,2,39,0.247625
0,22,2,40,0.248875
0,22,2,41,0.248000
0,22,2,42,0.248625
0,22,0,0,0.246958
0,22,0,1,0.246708
0,22,0,2,0.247042
0,22,0,3,0.247625
0,22,0,4,0.247417
0,22,0,5,0.247375
0,22,0,6,0.248875
0,22,0,7,0.248083
0,22,0,8,0.247708
0,22,0,9,0.249458
0,22,0,10,0.248417
0,22,0,11,0.247875
0,22,0,12,0.246500
0,22,0,13,0.246792
0,22,0,14,0.247667
0,22,0,15,0.248125
0,22,0,16,0.247875
0,22,0,17,0.249750
0,22,0,18,0.247042
0,22,0,19,0.248417
0,22,0,20,0.248167
0,22,0,21,0.246250
0,22,0,22,0.248125
0,22,0,23,0.248250
0,22,0,24,0.247500
0,22,0,25,0.248250
0,22,0,26,0.248625
0,22,0,27,0.248125
0,22,0,28,0.247125
0,22,0,29,0.246417
0,22,0,30,0.248750
0,22,0,31,0.246500
0,22,0,32,0.247625
0,22,0,33,0.248125
0,22,0,34,0.248542
0,22,0,35,0.249250
0,22,0,36,0.246500
0,22,0,37,0.248250
0,22,0,38,0.247167
0,22,0,39,0.246750
0,22,0,40,0.247917
0,22,0,41,0.248000
0,22,0,42,0.249167
0,22,4,0,0.138833
0,22,4,1,0.137875
0,22,4,2,0.137500
0,22,4,3,0.138208
0,22,4,4,0.137958
0,22,4,5,0.137375
0,22,4,6,0.137542
0,22,4,7,0.137750
0,22,4,8,0.138250
0,22,4,9,0.138083
0,22,4,10,0.137958
0,22,4,11,0.137250
0,22,4,12,0.137750
0,22,4,13,0.137208
0,22,4,14,0.137750
0,22,4,15,0.137833
0,22,4,16,0.138125
0,22,4,17,0.138000
0,22,4,18,0.138125
0,22,4,19,0.138333
0,22,4,20,0.137875
0,22,4,21,0.138000
0,22,4,22,0.138167
0,22,4,23,0.137958
0,22,4,24,0.137750
0,22,4,25,0.137750
0,22,4,26,0.137792
0,22,4,27,0.138292
0,22,4,28,0.138000
0,22,4,29,0.137625
0,22,4,30,0.137875
0,22,4,31,0.138167
0,22,4,32,0.138083
0,22,4,33,0.138000
0,22,4,34,0.138125
0,22,4,35,0.138750
0,22,4,36,0.137625
0,22,4,37,0.137875
0,22,4,38,0.138208
0,22,4,39,0.137500
0,22,4,40,0.138125
0,22,4,41,0.138250
0,22,4,42,0.137833
0,23,4,0,0.138750
0,23,4,1,0.138000
0,23,4,2,0.137792
0,23,4,3,0.137917
0,23,4,4,0.137792
0,23,4,5,0.137375
0,23,4,6,0.137542
0,23,4,7,0.138000
0,23,4,8,0.137750
0,23,4,9,0.138167
0,23,4,10,0.137375
0,23,4,11,0.137583
0,23,4,12,0.137875
0,23,4,13,0.137833
0,23,4,14,0.138208
0,23,4,15,0.137375
0,23,4,16,0.137875
0,23,4,17,0.137417
0,23,4,18,0.137625
0,23,4,19,0.137667
0,23,4,20,0.137875
0,23,4,21,0.138500
0,23,4,22,0.138333
0,23,4,23,0.138000
0,23,4,24,0.137542
0,23,4,25,0.138125
0,23,4,26,0.137500
0,23,4,27,0.138625
0,23,4,28,0.138250
0,23,4,29,0.138250
0,23,4,30,0.137917
0,23,4,31,0.138125
0,23,4,32,0.138083
0,23,4,33,0.137875
0,23,4,34,0.137708
0,23,4,35,0.138708
0,23,4,36,0.138042
0,23,4,37,0.138500
0,23,4,38,0.138500
0,23,4,39,0.137583
0,23,4,40,0.137875
0,23,4,41,0.138208
0,23,4,42,0.137625
0,23,3,0,0.138042
0,23,3,1,0.137875
0,23,3,2,0.138083
0,23,3,3,0.137875
0,23,3,4,0.137667
0,23,3,5,0.137792
0,23,3,6,0.137833
0,23,3,7,0.137667
0,23,3,8,0.137750
0,23,3,9,0.137875
0,23,3,10,0.137500
0,23,3,11,0.137375
0,23,3,12,0.137833
0,23,3,13,0.137625
0,23,3,14,0.138500
0,23,3,15,0.138042
0,23,3,16,0.137875
0,23,3,17,0.137667
0,23,3,18,0.138000
0,23,3,19,0.138167
0,23,3,20,0.138042
0,23,3,21,0.138375
0,23,3,22,0.138500
0,23,3,23,0.138000
0,23,3,24,0.137500
0,23,3,25,0.138292
0,23,3,26,0.137625
0,23,3,27,0.138208
0,23,3,28,0.137958
0,23,3,29,0.137667
0,23,3,30,0.137583
0,23,3,31,0.138375
0,23,3,32,0.137583
0,23,3,33,0.137833
0,23,3,34,0.137875
0,23,3,35,0.138625
0,23,3,36,0.137917
0,23,3,37,0.137625
0,23,3,38,0.138625
0,23,3,39,0.137875
0,23,3,40,0.138167
0,23,3,41,0.137750
0,23,3,42,0.137667
0,23,2,0,0.248375
0,23,2,1,0.248875
0,23,2,2,0.248042
0,23,2,3,0.247750
0,23,2,4,0.247458
0,23,2,5,0.248292
0,23,2,6,0.248917
0,23,2,7,0.248417
0,23,2,8,0.247583
0,23,2,9,0.247875
0,23,2,10,0.248208
0,23,2,11,0.248458
0,23,2,12,0.249125
0,23,2,13,0.247542
0,23,2,14,0.247000
0,23,2,15,0.248583
0,23,2,16,0.246917
0,23,2,17,0.248875
0,23,2,18,0.247625
0,23,2,19,0.249042
0,23,2,20,0.249000
0,23,2,21,0.248167
0,23,2,22,0.248292
0,23,2,23,0.247792
0,23,2,24,0.247375
0,23,2,25,0.247208
0,23,2,26,0.247458
0,23,2,27,0.248667
0,23,2,28,0.247875
0,23,2,29,0.248542
0,23,2,30,0.246625
0,23,2,31,0.250750
0,23,2,32,0.250708
0,23,2,33,0.249500
0,23,2,34,0.247792
0,23,2,35,0.250500
0,23,2,36,0.250083
0,23,2,37,0.247500
0,23,2,38,0.249125
0,23,2,39,0.247458
0,23,2,40,0.247917
0,23,2,41,0.245875
0,23,2,42,0.247292
0,23,0,0,0.248375
0,23,0,1,0.247375
0,23,0,2,0.248042
0,23,0,3,0.247333
0,23,0,4,0.248250
0,23,0,5,0.248000
0,23,0,6,0.248250
0,23,0,7,0.248125
0,23,0,8,0.248250
0,23,0,9,0.247208
0,23,0,10,0.246667
0,23,0,11,0.247375
0,23,0,12,0.247958
0,23,0,13,0.247875
0,23,0,14,0.249500
0,23,0,15,0.247458
0,23,0,16,0.247333
0,23,0,17,0.249125
0,23,0,18,0.247667
0,23,0,19,0.249000
0,23,0,20,0.246958
0,23,0,21,0.246917
0,23,0,22,0.249125
0,23,0,23,0.247500
0,23,0,24,0.247375
0,23,0,25,0.247333
0,23,0,26,0.249000
0,23,0,27,0.248208
0,23,0,28,0.249250
0,23,0,29,0.247958
0,23,0,30,0.248500
0,23,0,31,0.245792
0,23,0,32,0.246292
0,23,0,33,0.247250
0,23,0,34,0.249333
0,23,0,35,0.247875
0,23,0,36,0.247458
0,23,0,37,0.248250
0,23,0,38,0.248333
0,23,0,39,0.247458
0,23,0,40,0.248917
0,23,0,41,0.248000
0,23,0,42,0.247875
0,24,0,0,0.247375
0,24,0,1,0.247958
0,24,0,2,0.247542
0,24,0,3,0.246458
0,24,0,4,0.248583
0,24,0,5,0.248417
0,24,0,6,0.248375
0,24,0,7,0.246667
0,24,0,8,0.246875
0,24,0,9,0.248667
0,24,0,10,0.248000
0,24,0,11,0.248667
0,24,0,12,0.246375
0,24,0,13,0.247625
0,24,0,14,0.247292
0,24,0,15,0.248333
0,24,0,16,0.248625
0,24,0,17,0.247333
0,24,0,18,0.248375
0,24,0,19,0.248542
0,24,0,20,0.248125
0,24,0,21,0.247375
0,24,0,22,0.248875
0,24,0,23,0.247750
0,24,0,24,0.247625
0,24,0,25,0.248333
0,24,0,26,0.248000
0,24,0,27,0.249375
0,24,0,28,0.248125
0,24,0,29,0.247792
0,24,0,30,0.246750
0,24,0,31,0.247458
0,24,0,32,0.246875
0,24,0,33,0.247667
0,24,0,34,0.248083
0,24,0,35,0.247500
0,24,0,36,0.247250
0,24,0,37,0.247208
0,24,0,38,0.247958
0,24,0,39,0.247958
0,24,0,40,0.248458
0,24,0,41,0.248167
0,24,0,42,0.247708
0,24,2,0,0.246750
0,24,2,1,0.247750
0,24,2,2,0.247000
0,24,2,3,0.247708
0,24,2,4,0.247875
0,24,2,5,0.248125
0,24,2,6,0.249500
0,24,2,7,0.247875
0,24,2,8,0.248792
0,24,2,9,0.247750
0,24,2,10,0.247500
0,24,2,11,0.247875
0,24,2,12,0.248625
0,24,2,13,0.248458
0,24,2,14,0.247875
0,24,2,15,0.248083
0,24,2,16,0.247875
0,24,2,17,0.248542
0,24,2,18,0.247750
0,24,2,19,0.245250
0,24,2,20,0.248708
0,24,2,21,0.247500
0,24,2,22,0.248250
0,24,2,23,0.247208
0,24,2,24,0.248583
0,24,2,25,0.247458
0,24,2,26,0.247375
0,24,2,27,0.255500
0,24,2,28,0.248000
0,24,2,29,0.248625
0,24,2,30,0.247333
0,24,2,31,0.246750
0,24,2,32,0.246667
0,24,2,33,0.247417
0,24,2,34,0.247875
0,24,2,35,0.247625
0,24,2,36,0.248000
0,24,2,37,0.248500
0,24,2,38,0.247875
0,24,2,39,0.248125
0,24,2,40,0.247625
0,24,2,41,0.248542
0,24,2,42,0.249375
0,24,3,0,0.139125
0,24,3,1,0.137917
0,24,3,2,0.137625
0,24,3,3,0.138000
0,24,3,4,0.138125
0,24,3,5,0.137542
0,24,3,6,0.137500
0,24,3,7,0.138125
0,24,3,8,0.137375
0,24,3,9,0.137833
0,24,3,10,0.137542
0,24,3,11,0.137833
0,24,3,12,0.137625
0,24,3,13,0.137583
0,24,3,14,0.137500
0,24,3,15,0.137833
0,24,3,16,0.137750
0,24,3,17,0.137333
0,24,3,18,0.137750
0,24,3,19,0.137875
0,24,3,20,0.137750
0,24,3,21,0.138000
0,24,3,22,0.138333
0,24,3,23,0.137875
0,24,3,24,0.137958
0,24,3,25,0.137875
0,24,3,26,0.137917
0,24,3,27,0.138125
0,24,3,28,0.138125
0,24,3,29,0.137625
0,24,3,30,0.138042
0,24,3,31,0.137917
0,24,3,32,0.138125
0,24,3,33,0.138167
0,24,3,34,0.138375
0,24,3,35,0.138667
0,24,3,36,0.137750
0,24,3,37,0.138125
0,24,3,38,0.138417
0,24,3,39,0.137875
0,24,3,40,0.138000
0,24,3,41,0.138333
0,24,3,42,0.137750
0,24,4,0,0.138125
0,24,4,1,0.137833
0,24,4,2,0.138125
0,24,4,3,0.138542
0,24,4,4,0.137292
0,24,4,5,0.137583
0,24,4,6,0.137875
0,24,4,7,0.137708
0,24,4,8,0.138000
0,24,4,9,0.137750
0,24,4,10,0.137875
0,24,4,11,0.137583
0,24,4,12,0.137750
0,24,4,13,0.138042
0,24,4,14,0.138083
0,24,4,15,0.138125
0,24,4,16,0.138125
0,24,4,17,0.140292
0,24,4,18,0.140917
0,24,4,19,0.141083
0,24,4,20,0.142000
0,24,4,21,0.142000
0,24,4,22,0.142292
0,24,4,23,0.141250
0,24,4,24,0.141125
0,24,4,25,0.141167
0,24,4,26,0.140833
0,24,4,27,0.142375
0,24,4,28,0.142333
0,24,4,29,0.141458
0,24,4,30,0.142000
0,24,4,31,0.141250
0,24,4,32,0.141750
0,24,4,33,0.141625
0,24,4,34,0.142125
0,24,4,35,0.142708
0,24,4,36,0.142042
0,24,4,37,0.141417
0,24,4,38,0.141958
0,24,4,39,0.141875
0,24,4,40,0.141250
0,24,4,41,0.141917
0,24,4,42,0.141333
0,25,2,0,0.247833
0,25,2,1,0.248125
0,25,2,2,0.247500
0,25,2,3,0.247250
0,25,2,4,0.247625
0,25,2,5,0.248125
0,25,2,6,0.248333
0,25,2,7,0.248667
0,25,2,8,0.247875
0,25,2,9,0.248083
0,25,2,10,0.248042
0,25,2,11,0.249500
0,25,2,12,0.247542
0,25,2,13,0.247625
0,25,2,14,0.249375
0,25,2,15,0.248250
0,25,2,16,0.247500
0,25,2,17,0.248000
0,25,2,18,0.248875
0,25,2,19,0.248625
0,25,2,20,0.247125
0,25,2,21,0.248542
0,25,2,22,0.248667
0,25,2,23,0.246625
0,25,2,24,0.246125
0,25,2,25,0.247250
0,25,2,26,0.248083
0,25,2,27,0.247750
0,25,2,28,0.248250
0,25,2,29,0.247750
0,25,2,30,0.251167
0,25,2,31,0.250917
0,25,2,32,0.246750
0,25,2,33,0.248625
0,25,2,34,0.251125
0,25,2,35,0.249792
0,25,2,36,0.247000
0,25,2,37,0.248500
0,25,2,38,0.247958
0,25,2,39,0.248458
0,25,2,40,0.247375
0,25,2,41,0.248917
0,25,2,42,0.247875
0,25,3,0,0.138833
0,25,3,1,0.138083
0,25,3,2,0.140125
0,25,3,3,0.138750
0,25,3,4,0.137375
0,25,3,5,0.137875
0,25,3,6,0.138083
0,25,3,7,0.138042
0,25,3,8,0.138000
0,25,3,9,0.138125
0,25,3,10,0.137750
0,25,3,11,0.137375
0,25,3,12,0.138250
0,25,3,13,0.138750
0,25,3,14,0.138375
0,25,3,15,0.137917
0,25,3,16,0.138000
0,25,3,17,0.137542
0,25,3,18,0.138250
0,25,3,19,0.138292
0,25,3,20,0.138125
0,25,3,21,0.138000
0,25,3,22,0.138375
0,25,3,23,0.138375
0,25,3,24,0.137750
0,25,3,25,0.137792
0,25,3,26,0.137708
0,25,3,27,0.138250
0,25,3,28,0.138375
0,25,3,29,0.137917
0,25,3,30,0.137833
0,25,3,31,0.137708
0,25,3,32,0.137917
0,25,3,33,0.138042
0,25,3,34,0.138583
0,25,3,35,0.138708
0,25,3,36,0.138542
0,25,3,37,0.138375
0,25,3,38,0.138750
0,25,3,39,0.138292
0,25,3,40,0.138333
0,25,3,41,0.138583
0,25,3,42,0.137625
0,25,4,0,0.138750
0,25,4,1,0.138208
0,25,4,2,0.138333
0,25,4,3,0.139083
0,25,4,4,0.137750
0,25,4,5,0.137542
0,25,4,6,0.137875
0,25,4,7,0.138000
0,25,4,8,0.138458
0,25,4,9,0.137625
0,25,4,10,0.138250
0,25,4,11,0.138292
0,25,4,12,0.137875
0,25,4,13,0.137667
0,25,4,14,0.138083
0,25,4,15,0.137917
0,25,4,16,0.137875
0,25,4,17,0.137375
0,25,4,18,0.137833
0,25,4,19,0.138458
0,25,4,20,0.138208
0,25,4,21,0.137875
0,25,4,22,0.138625
0,25,4,23,0.137750
0,25,4,24,0.138250
0,25,4,25,0.138333
0,25,4,26,0.137750
0,25,4,27,0.138125
0,25,4,28,0.138375
0,25,4,29,0.138125
0,25,4,30,0.137792
0,25,4,31,0.137958
0,25,4,32,0.138167
0,25,4,33,0.138708
0,25,4,34,0.139250
0,25,4,35,0.138750
0,25,4,36,0.138375
0,25,4,37,0.138417
0,25,4,38,0.138625
0,25,4,39,0.138500
0,25,4,40,0.138083
0,25,4,41,0.138750
0,25,4,42,0.138042
0,25,0,0,0.250042
0,25,0,1,0.248417
0,25,0,2,0.249042
0,25,0,3,0.248292
0,25,0,4,0.248125
0,25,0,5,0.248000
0,25,0,6,0.249375
0,25,0,7,0.248125
0,25,0,8,0.248000
0,25,0,9,0.248292
0,25,0,10,0.247125
0,25,0,11,0.247583
0,25,0,12,0.247917
0,25,0,13,0.248125
0,25,0,14,0.247833
0,25,0,15,0.248833
0,25,0,16,0.249000
0,25,0,17,0.248458
0,25,0,18,0.248875
0,25,0,19,0.248750
0,25,0,20,0.247750
0,25,0,21,0.248333
0,25,0,22,0.248333
0,25,0,23,0.248667
0,25,0,24,0.246875
0,25,0,25,0.247708
0,25,0,26,0.248250
0,25,0,27,0.247917
0,25,0,28,0.248083
0,25,0,29,0.247042
0,25,0,30,0.248917
0,25,0,31,0.247542
0,25,0,32,0.247250
0,25,0,33,0.246875
0,25,0,34,0.248000
0,25,0,35,0.247625
0,25,0,36,0.248625
0,25,0,37,0.247750
0,25,0,38,0.248625
0,25,0,39,0.247875
0,25,0,40,0.249875
0,25,0,41,0.248000
0,25,0,42,0.247708
0,26,3,0,0.138875
0,26,3,1,0.137667
0,26,3,2,0.137667
0,26,3,3,0.138417
0,26,3,4,0.138208
0,26,3,5,0.137958
0,26,3,6,0.138000
0,26,3,7,0.138292
0,26,3,8,0.138292
0,26,3,9,0.138083
0,26,3,10,0.138625
0,26,3,11,0.137583
0,26,3,12,0.138333
0,26,3,13,0.137792
0,26,3,14,0.138333
0,26,3,15,0.137833
0,26,3,16,0.137583
0,26,3,17,0.138125
0,26,3,18,0.138000
0,26,3,19,0.138250
0,26,3,20,0.138125
0,26,3,21,0.138250
0,26,3,22,0.139000
0,26,3,23,0.138417
0,26,3,24,0.138208
0,26,3,25,0.138000
0,26,3,26,0.137542
0,26,3,27,0.138625
0,26,3,28,0.137958
0,26,3,29,0.138000
0,26,3,30,0.137958
0,26,3,31,0.138250
0,26,3,32,0.138083
0,26,3,33,0.138000
0,26,3,34,0.138667
0,26,3,35,0.138667
0,26,3,36,0.138250
0,26,3,37,0.137917
0,26,3,38,0.138167
0,26,3,39,0.138208
0,26,3,40,0.137958
0,26,3,41,0.138625
0,26,3,42,0.138000
0,26,4,0,0.138375
0,26,4,1,0.138208
0,26,4,2,0.137833
0,26,4,3,0.138083
0,26,4,4,0.138167
0,26,4,5,0.138083
0,26,4,6,0.137875
0,26,4,7,0.137875
0,26,4,8,0.138625
0,26,4,9,0.138500
0,26,4,10,0.138000
0,26,4,11,0.138125
0,26,4,12,0.138292
0,26,4,13,0.138000
0,26,4,14,0.138458
0,26,4,15,0.138375
0,26,4,16,0.138625
0,26,4,17,0.137792
0,26,4,18,0.137917
0,26,4,19,0.137875
0,26,4,20,0.138125
0,26,4,21,0.138250
0,26,4,22,0.138750
0,26,4,23,0.137875
0,26,4,24,0.137375
0,26,4,25,0.138042
0,26,4,26,0.138208
0,26,4,27,0.138625
0,26,4,28,0.139208
0,26,4,29,0.138500
0,26,4,30,0.138292
0,26,4,31,0.138875
0,26,4,32,0.138625
0,26,4,33,0.139000
0,26,4,34,0.139167
0,26,4,35,0.139250
0,26,4,36,0.138042
0,26,4,37,0.139042
0,26,4,38,0.138500
0,26,4,39,0.138542
0,26,4,40,0.139000
0,26,4,41,0.139292
0,26,4,42,0.138125
0,26,0,0,0.247708
0,26,0,1,0.247417
0,26,0,2,0.246625
0,26,0,3,0.245500
0,26,0,4,0.246833
0,26,0,5,0.248000
0,26,0,6,0.249500
0,26,0,7,0.247750
0,26,0,8,0.247500
0,26,0,9,0.248042
0,26,0,10,0.247167
0,26,0,11,0.247458
0,26,0,12,0.248417
0,26,0,13,0.247375
0,26,0,14,0.248333
0,26,0,15,0.247625
0,26,0,16,0.248250
0,26,0,17,0.248875
0,26,0,18,0.248625
0,26,0,19,0.248375
0,26,0,20,0.247833
0,26,0,21,0.247292
0,26,0,22,0.247667
0,26,0,23,0.249417
0,26,0,24,0.248167
0,26,0,25,0.248167
0,26,0,26,0.248000
0,26,0,27,0.247625
0,26,0,28,0.248458
0,26,0,29,0.248250
0,26,0,30,0.249500
0,26,0,31,0.246458
0,26,0,32,0.248125
0,26,0,33,0.247000
0,26,0,34,0.248458
0,26,0,35,0.248958
0,26,0,36,0.248000
0,26,0,37,0.247542
0,26,0,38,0.247625
0,26,0,39,0.247375
0,26,0,40,0.247375
0,26,0,41,0.247500
0,26,0,42,0.250000
0,26,2,0,0.248375
0,26,2,1,0.248000
0,26,2,2,0.248000
0,26,2,3,0.247917
0,26,2,4,0.248833
0,26,2,5,0.247875
0,26,2,6,0.248750
0,26,2,7,0.248000
0,26,2,8,0.247583
0,26,2,9,0.249083
0,26,2,10,0.247250
0,26,2,11,0.248833
0,26,2,12,0.250958
0,26,2,13,0.248875
0,26,2,14,0.247625
0,26,2,15,0.247500
0,26,2,16,0.246750
0,26,2,17,0.249542
0,26,2,18,0.247417
0,26,2,19,0.247750
0,26,2,20,0.247625
0,26,2,21,0.247375
0,26,2,22,0.248250
0,26,2,23,0.248292
0,26,2,24,0.249083
0,26,2,25,0.246250
0,26,2,26,0.246667
0,26,2,27,0.248125
0,26,2,28,0.248750
0,26,2,29,0.247875
0,26,2,30,0.248500
0,26,2,31,0.246250
0,26,2,32,0.247917
0,26,2,33,0.248000
0,26,2,34,0.247542
0,26,2,35,0.247500
0,26,2,36,0.247125
0,26,2,37,0.248708
0,26,2,38,0.247375
0,26,2,39,0.248125
0,26,2,40,0.249125
0,26,2,41,0.248917
0,26,2,42,0.247500
0,27,4,0,0.138458
0,27,4,1,0.138333
0,27,4,2,0.137875
0,27,4,3,0.138292
0,27,4,4,0.138500
0,27,4,5,0.137875
0,27,4,6,0.137875
0,27,4,7,0.138125
0,27,4,8,0.138625
0,27,4,9,0.138333
0,27,4,10,0.137750
0,27,4,11,0.138125
0,27,4,12,0.137833
0,27,4,13,0.139417
0,27,4,14,0.138875
0,27,4,15,0.138250
0,27,4,16,0.138375
0,27,4,17,0.137750
0,27,4,18,0.138125
0,27,4,19,0.137875
0,27,4,20,0.138667
0,27,4,21,0.138583
0,27,4,22,0.138500
0,27,4,23,0.137458
0,27,4,24,0.137500
0,27,4,25,0.137875
0,27,4,26,0.137708
0,27,4,27,0.138750
0,27,4,28,0.138458
0,27,4,29,0.138250
0,27,4,30,0.137875
0,27,4,31,0.138042
0,27,4,32,0.138042
0,27,4,33,0.138125
0,27,4,34,0.138833
0,27,4,35,0.138458
0,27,4,36,0.138458
0,27,4,37,0.138500
0,27,4,38,0.138375
0,27,4,39,0.138583
0,27,4,40,0.139000
0,27,4,41,0.138875
0,27,4,42,0.138000
0,27,0,0,0.248667
0,27,0,1,0.246833
0,27,0,2,0.249333
0,27,0,3,0.247250
0,27,0,4,0.248542
0,27,0,5,0.249042
0,27,0,6,0.247667
0,27,0,7,0.247625
0,27,0,8,0.247583
0,27,0,9,0.248167
0,27,0,10,0.247250
0,27,0,11,0.249042
0,27,0,12,0.247875
0,27,0,13,0.248250
0,27,0,14,0.247958
0,27,0,15,0.249250
0,27,0,16,0.246000
0,27,0,17,0.248917
0,27,0,18,0.247458
0,27,0,19,0.248250
0,27,0,20,0.247250
0,27,0,21,0.246625
0,27,0,22,0.248500
0,27,0,23,0.247708
0,27,0,24,0.248833
0,27,0,25,0.248750
0,27,0,26,0.247375
0,27,0,27,0.248417
0,27,0,28,0.247875
0,27,0,29,0.248417
0,27,0,30,0.247250
0,27,0,31,0.246125
0,27,0,32,0.247000
0,27,0,33,0.247625
0,27,0,34,0.247958
0,27,0,35,0.247875
0,27,0,36,0.247750
0,27,0,37,0.248417
0,27,0,38,0.248583
0,27,0,39,0.247708
0,27,0,40,0.249250
0,27,0,41,0.247875
0,27,0,42,0.247875
0,27,2,0,0.249167
0,27,2,1,0.248417
0,27,2,2,0.248333
0,27,2,3,0.247333
0,27,2,4,0.246583
0,27,2,5,0.248500
0,27,2,6,0.248708
0,27,2,7,0.255500
0,27,2,8,0.247083
0,27,2,9,0.259750
0,27,2,10,0.248250
0,27,2,11,0.247708
0,27,2,12,0.247875
0,27,2,13,0.248625
0,27,2,14,0.248042
0,27,2,15,0.248000
0,27,2,16,0.247250
0,27,2,17,0.249792
0,27,2,18,0.247542
0,27,2,19,0.248500
0,27,2,20,0.248750
0,27,2,21,0.247000
0,27,2,22,0.247917
0,27,2,23,0.246750
0,27,2,24,0.247875
0,27,2,25,0.247000
0,27,2,26,0.248500
0,27,2,27,0.248125
0,27,2,28,0.246875
0,27,2,29,0.247000
0,27,2,30,0.247375
0,27,2,31,0.246625
0,27,2,32,0.246750
0,27,2,33,0.247083
0,27,2,34,0.247375
0,27,2,35,0.248083
0,27,2,36,0.247625
0,27,2,37,0.248625
0,27,2,38,0.247917
0,27,2,39,0.247375
0,27,2,40,0.247500
0,27,2,41,0.248625
0,27,2,42,0.248500
0,27,3,0,0.139042
0,27,3,1,0.138375
0,27,3,2,0.137833
0,27,3,3,0.138750
0,27,3,4,0.137833
0,27,3,5,0.138083
0,27,3,6,0.137458
0,27,3,7,0.139375
0,27,3,8,0.137958
0,27,3,9,0.138000
0,27,3,10,0.137667
0,27,3,11,0.138000
0,27,3,12,0.138250
0,27,3,13,0.137667
0,27,3,14,0.138167
0,27,3,15,0.137875
0,27,3,16,0.138000
0,27,3,17,0.137500
0,27,3,18,0.137875
0,27,3,19,0.138375
0,27,3,20,0.138167
0,27,3,21,0.138625
0,27,3,22,0.138750
0,27,3,23,0.137875
0,27,3,24,0.137875
0,27,3,25,0.138125
0,27,3,26,0.137625
0,27,3,27,0.139458
0,27,3,28,0.140375
0,27,3,29,0.139000
0,27,3,30,0.138125
0,27,3,31,0.138667
0,27,3,32,0.137292
0,27,3,33,0.137167
0,27,3,34,0.137458
0,27,3,35,0.139292
0,27,3,36,0.138208
0,27,3,37,0.137667
0,27,3,38,0.138125
0,27,3,39,0.137667
0,27,3,40,0.137500
0,27,3,41,0.138125
0,27,3,42,0.136667
0,28,0,0,0.249042
0,28,0,1,0.249000
0,28,0,2,0.245708
0,28,0,3,0.248208
0,28,0,4,0.247833
0,28,0,5,0.247500
0,28,0,6,0.246958
0,28,0,7,0.247875
0,28,0,8,0.246375
0,28,0,9,0.247333
0,28,0,10,0.247125
0,28,0,11,0.247583
0,28,0,12,0.246500
0,28,0,13,0.248375
0,28,0,14,0.247833
0,28,0,15,0.248250
0,28,0,16,0.247250
0,28,0,17,0.248542
0,28,0,18,0.248333
0,28,0,19,0.248750
0,28,0,20,0.248167
0,28,0,21,0.247750
0,28,0,22,0.248000
0,28,0,23,0.247375
0,28,0,24,0.248000
0,28,0,25,0.247542
0,28,0,26,0.247458
0,28,0,27,0.248667
0,28,0,28,0.248417
0,28,0,29,0.247792
0,28,0,30,0.248208
0,28,0,31,0.246417
0,28,0,32,0.246417
0,28,0,33,0.247292
0,28,0,34,0.248375
0,28,0,35,0.248125
0,28,0,36,0.248000
0,28,0,37,0.248167
0,28,0,38,0.248833
0,28,0,39,0.248500
0,28,0,40,0.248500
0,28,0,41,0.248500
0,28,0,42,0.247208
0,28,4,0,0.137292
0,28,4,1,0.136875
0,28,4,2,0.136625
0,28,4,3,0.136875
0,28,4,4,0.136500
0,28,4,5,0.136625
0,28,4,6,0.136500
0,28,4,7,0.136875
0,28,4,8,0.139375
0,28,4,9,0.137333
0,28,4,10,0.138125
0,28,4,11,0.137375
0,28,4,12,0.137500
0,28,4,13,0.136958
0,28,4,14,0.137500
0,28,4,15,0.139375
0,28,4,16,0.140417
0,28,4,17,0.184875
0,28,4,18,0.143667
0,28,4,19,0.138000
0,28,4,20,0.137375
0,28,4,21,0.138917
0,28,4,22,0.165250
0,28,4,23,0.167125
0,28,4,24,0.141292
0,28,4,25,0.137542
0,28,4,26,0.136583
0,28,4,27,0.137250
0,28,4,28,0.137125
0,28,4,29,0.137625
0,28,4,30,0.137417
0,28,4,31,0.138042
0,28,4,32,0.138125
0,28,4,33,0.138375
0,28,4,34,0.138083
0,28,4,35,0.138125
0,28,4,36,0.137208
0,28,4,37,0.136958
0,28,4,38,0.137458
0,28,4,39,0.137000
0,28,4,40,0.136750
0,28,4,41,0.137250
0,28,4,42,0.136833
0,28,3,0,0.137625
0,28,3,1,0.137500
0,28,3,2,0.137500
0,28,3,3,0.137750
0,28,3,4,0.138250
0,28,3,5,0.138000
0,28,3,6,0.138000
0,28,3,7,0.137833
0,28,3,8,0.138792
0,28,3,9,0.137833
0,28,3,10,0.136792
0,28,3,11,0.137167
0,28,3,12,0.136792
0,28,3,13,0.137042
0,28,3,14,0.137542
0,28,3,15,0.136875
0,28,3,16,0.137083
0,28,3,17,0.136583
0,28,3,18,0.136625
0,28,3,19,0.137250
0,28,3,20,0.137417
0,28,3,21,0.138125
0,28,3,22,0.138875
0,28,3,23,0.137125
0,28,3,24,0.137625
0,28,3,25,0.140375
0,28,3,26,0.139458
0,28,3,27,0.137958
0,28,3,28,0.137875
0,28,3,29,0.137000
0,28,3,30,0.138000
0,28,3,31,0.138625
0,28,3,32,0.138875
0,28,3,33,0.139292
0,28,3,34,0.143625
0,28,3,35,0.141750
0,28,3,36,0.141292
0,28,3,37,0.142042
0,28,3,38,0.144625
0,28,3,39,0.143583
0,28,3,40,0.140583
0,28,3,41,0.138583
0,28,3,42,0.136625
0,28,2,0,0.247542
0,28,2,1,0.248625
0,28,2,2,0.246167
0,28,2,3,0.248125
0,28,2,4,0.247375
0,28,2,5,0.248417
0,28,2,6,0.248333
0,28,2,7,0.247125
0,28,2,8,0.248042
0,28,2,9,0.248208
0,28,2,10,0.248333
0,28,2,11,0.249875
0,28,2,12,0.248167
0,28,2,13,0.248208
0,28,2,14,0.247917
0,28,2,15,0.247250
0,28,2,16,0.246125
0,28,2,17,0.249583
0,28,2,18,0.247292
0,28,2,19,0.249500
0,28,2,20,0.248625
0,28,2,21,0.247500
0,28,2,22,0.248958
0,28,2,23,0.247917
0,28,2,24,0.248625
0,28,2,25,0.248292
0,28,2,26,0.247125
0,28,2,27,0.247958
0,28,2,28,0.247792
0,28,2,29,0.248125
0,28,2,30,0.246083
0,28,2,31,0.245958
0,28,2,32,0.246750
0,28,2,33,0.248125
0,28,2,34,0.247292
0,28,2,35,0.247500
0,28,2,36,0.248000
0,28,2,37,0.247667
0,28,2,38,0.247792
0,28,2,39,0.247792
0,28,2,40,0.248625
0,28,2,41,0.247708
0,28,2,42,0.248167
0,29,2,0,0.249000
0,29,2,1,0.247500
0,29,2,2,0.246500
0,29,2,3,0.248125
0,29,2,4,0.247000
0,29,2,5,0.248625
0,29,2,6,0.248250
0,29,2,7,0.247875
0,29,2,8,0.248000
0,29,2,9,0.247000
0,29,2,10,0.247000
0,29,2,11,0.247875
0,29,2,12,0.247417
0,29,2,13,0.248750
0,29,2,14,0.248000
0,29,2,15,0.248333
0,29,2,16,0.247167
0,29,2,17,0.248917
0,29,2,18,0.247500
0,29,2,19,0.247375
0,29,2,20,0.246875
0,29,2,21,0.246875
0,29,2,22,0.247167
0,29,2,23,0.248208
0,29,2,24,0.247292
0,29,2,25,0.246750
0,29,2,26,0.247875
0,29,2,27,0.247333
0,29,2,28,0.247375
0,29,2,29,0.247500
0,29,2,30,0.247833
0,29,2,31,0.246125
0,29,2,32,0.247042
0,29,2,33,0.249000
0,29,2,34,0.249125
0,29,2,35,0.247750
0,29,2,36,0.247667
0,29,2,37,0.248125
0,29,2,38,0.248125
0,29,2,39,0.247708
0,29,2,40,0.247375
0,29,2,41,0.247958
0,29,2,42,0.248875
0,29,0,0,0.247625
0,29,0,1,0.248333
0,29,0,2,0.246250
0,29,0,3,0.248625
0,29,0,4,0.248250
0,29,0,5,0.248875
0,29,0,6,0.248250
0,29,0,7,0.248250
0,29,0,8,0.249500
0,29,0,9,0.248625
0,29,0,10,0.247292
0,29,0,11,0.248625
0,29,0,12,0.248542
0,29,0,13,0.248000
0,29,0,14,0.248292
0,29,0,15,0.248500
0,29,0,16,0.246167
0,29,0,17,0.248125
0,29,0,18,0.247125
0,29,0,19,0.248292
0,29,0,20,0.248375
0,29,0,21,0.246542
0,29,0,22,0.248000
0,29,0,23,0.250375
0,29,0,24,0.248708
0,29,0,25,0.247125
0,29,0,26,0.248250
0,29,0,27,0.247250
0,29,0,28,0.247625
0,29,0,29,0.249125
0,29,0,30,0.246750
0,29,0,31,0.244250
0,29,0,32,0.247292
0,29,0,33,0.248250
0,29,0,34,0.247583
0,29,0,35,0.247667
0,29,0,36,0.247250
0,29,0,37,0.248167
0,29,0,38,0.246500
0,29,0,39,0.247500
0,29,0,40,0.246667
0,29,0,41,0.248500
0,29,0,42,0.249125
0,29,4,0,0.137750
0,29,4,1,0.137042
0,29,4,2,0.137708
0,29,4,3,0.139125
0,29,4,4,0.137250
0,29,4,5,0.137292
0,29,4,6,0.137292
0,29,4,7,0.136542
0,29,4,8,0.137375
0,29,4,9,0.137667
0,29,4,10,0.137000
0,29,4,11,0.136875
0,29,4,12,0.137417
0,29,4,13,0.137167
0,29,4,14,0.137125
0,29,4,15,0.137292
0,29,4,16,0.137625
0,29,4,17,0.137125
0,29,4,18,0.137125
0,29,4,19,0.136625
0,29,4,20,0.137000
0,29,4,21,0.136917
0,29,4,22,0.137625
0,29,4,23,0.136125
0,29,4,24,0.136750
0,29,4,25,0.136792
0,29,4,26,0.136250
0,29,4,27,0.137000
0,29,4,28,0.137042
0,29,4,29,0.137500
0,29,4,30,0.138083
0,29,4,31,0.137042
0,29,4,32,0.136375
0,29,4,33,0.136375
0,29,4,34,0.136958
0,29,4,35,0.137708
0,29,4,36,0.136875
0,29,4,37,0.137250
0,29,4,38,0.138750
0,29,4,39,0.139667
0,29,4,40,0.138500
0,29,4,41,0.138167
0,29,4,42,0.137625
0,29,3,0,0.140625
0,29,3,1,0.140583
0,29,3,2,0.185500
0,29,3,3,0.142583
0,29,3,4,0.137250
0,29,3,5,0.137125
0,29,3,6,0.137417
0,29,3,7,0.136750
0,29,3,8,0.137792
0,29,3,9,0.137417
0,29,3,10,0.137000
0,29,3,11,0.136917
0,29,3,12,0.137042
0,29,3,13,0.136958
0,29,3,14,0.137500
0,29,3,15,0.136750
0,29,3,16,0.137000
0,29,3,17,0.136417
0,29,3,18,0.136500
0,29,3,19,0.136417
0,29,3,20,0.136708
0,29,3,21,0.136500
0,29,3,22,0.138875
0,29,3,23,0.137000
0,29,3,24,0.136792
0,29,3,25,0.136125
0,29,3,26,0.136042
0,29,3,27,0.137708
0,29,3,28,0.139750
0,29,3,29,0.184500
0,29,3,30,0.142750
0,29,3,31,0.137583
0,29,3,32,0.137042
0,29,3,33,0.139000
0,29,3,34,0.184375
0,29,3,35,0.145125
0,29,3,36,0.138000
0,29,3,37,0.137708
0,29,3,38,0.138042
0,29,3,39,0.138000
0,29,3,40,0.137292
0,29,3,41,0.138583
0,29,3,42,0.137000
0,30,3,0,0.136750
0,30,3,1,0.136750
0,30,3,2,0.137250
0,30,3,3,0.137250
0,30,3,4,0.136625
0,30,3,5,0.137000
0,30,3,6,0.136625
0,30,3,7,0.137792
0,30,3,8,0.138125
0,30,3,9,0.137500
0,30,3,10,0.138000
0,30,3,11,0.138875
0,30,3,12,0.138208
0,30,3,13,0.138458
0,30,3,14,0.138750
0,30,3,15,0.138375
0,30,3,16,0.138583
0,30,3,17,0.137417
0,30,3,18,0.138125
0,30,3,19,0.138375
0,30,3,20,0.136958
0,30,3,21,0.136750
0,30,3,22,0.136625
0,30,3,23,0.136333
0,30,3,24,0.135958
0,30,3,25,0.136417
0,30,3,26,0.135833
0,30,3,27,0.136750
0,30,3,28,0.136042
0,30,3,29,0.136042
0,30,3,30,0.136875
0,30,3,31,0.136625
0,30,3,32,0.137042
0,30,3,33,0.137833
0,30,3,34,0.137625
0,30,3,35,0.137500
0,30,3,36,0.136875
0,30,3,37,0.136833
0,30,3,38,0.136625
0,30,3,39,0.137250
0,30,3,40,0.136542
0,30,3,41,0.136875
0,30,3,42,0.135667
0,30,2,0,0.248417
0,30,2,1,0.247750
0,30,2,2,0.246125
0,30,2,3,0.246833
0,30,2,4,0.248500
0,30,2,5,0.248042
0,30,2,6,0.248250
0,30,2,7,0.249250
0,30,2,8,0.246958
0,30,2,9,0.248250
0,30,2,10,0.247875
0,30,2,11,0.248000
0,30,2,12,0.247208
0,30,2,13,0.248167
0,30,2,14,0.248375
0,30,2,15,0.249125
0,30,2,16,0.247500
0,30,2,17,0.248000
0,30,2,18,0.248250
0,30,2,19,0.248375
0,30,2,20,0.249292
0,30,2,21,0.246250
0,30,2,22,0.248458
0,30,2,23,0.247792
0,30,2,24,0.248000
0,30,2,25,0.247625
0,30,2,26,0.245292
0,30,2,27,0.249500
0,30,2,28,0.248875
0,30,2,29,0.249333
0,30,2,30,0.246667
0,30,2,31,0.246542
0,30,2,32,0.247167
0,30,2,33,0.249208
0,30,2,34,0.248000
0,30,2,35,0.248875
0,30,2,36,0.247792
0,30,2,37,0.247333
0,30,2,38,0.248583
0,30,2,39,0.247125
0,30,2,40,0.246875
0,30,2,41,0.247875
0,30,2,42,0.248458
0,30,0,0,0.248500
0,30,0,1,0.247667
0,30,0,2,0.247792
0,30,0,3,0.247083
0,30,0,4,0.249750
0,30,0,5,0.248500
0,30,0,6,0.248083
0,30,0,7,0.248375
0,30,0,8,0.248000
0,30,0,9,0.248708
0,30,0,10,0.247625
0,30,0,11,0.248417
0,30,0,12,0.248500
0,30,0,13,0.247792
0,30,0,14,0.254375
0,30,0,15,0.249125
0,30,0,16,0.257625
0,30,0,17,0.248792
0,30,0,18,0.248125
0,30,0,19,0.247958
0,30,0,20,0.248083
0,30,0,21,0.246750
0,30,0,22,0.248625
0,30,0,23,0.247875
0,30,0,24,0.248750
0,30,0,25,0.248958
0,30,0,26,0.247375
0,30,0,27,0.247583
0,30,0,28,0.247667
0,30,0,29,0.248375
0,30,0,30,0.248250
0,30,0,31,0.247375
0,30,0,32,0.247875
0,30,0,33,0.247583
0,30,0,34,0.248167
0,30,0,35,0.247917
0,30,0,36,0.248167
0,30,0,37,0.247583
0,30,0,38,0.248292
0,30,0,39,0.246208
0,30,0,40,0.248750
0,30,0,41,0.247625
0,30,0,42,0.247500
0,30,4,0,0.138500
0,30,4,1,0.136417
0,30,4,2,0.137042
0,30,4,3,0.136958
0,30,4,4,0.136208
0,30,4,5,0.137333
0,30,4,6,0.137083
0,30,4,7,0.136958
0,30,4,8,0.136792
0,30,4,9,0.136417
0,30,4,10,0.136625
0,30,4,11,0.136958
0,30,4,12,0.137042
0,30,4,13,0.136375
0,30,4,14,0.136625
0,30,4,15,0.136208
0,30,4,16,0.136500
0,30,4,17,0.136250
0,30,4,18,0.136583
0,30,4,19,0.136625
0,30,4,20,0.136833
0,30,4,21,0.136375
0,30,4,22,0.136833
0,30,4,23,0.136250
0,30,4,24,0.136792
0,30,4,25,0.136500
0,30,4,26,0.137167
0,30,4,27,0.138500
0,30,4,28,0.137125
0,30,4,29,0.136833
0,30,4,30,0.136750
0,30,4,31,0.137208
0,30,4,32,0.136500
0,30,4,33,0.136333
0,30,4,34,0.136375
0,30,4,35,0.137167
0,30,4,36,0.136500
0,30,4,37,0.136875
0,30,4,38,0.137000
0,30,4,39,0.137000
0,30,4,40,0.136375
0,30,4,41,0.137000
0,30,4,42,0.136250
0,31,4,0,0.137375
0,31,4,1,0.136500
0,31,4,2,0.136458
0,31,4,3,0.137125
0,31,4,4,0.136667
0,31,4,5,0.136667
0,31,4,6,0.136333
0,31,4,7,0.137125
0,31,4,8,0.136667
0,31,4,9,0.136625
0,31,4,10,0.136375
0,31,4,11,0.137000
0,31,4,12,0.137000
0,31,4,13,0.136250
0,31,4,14,0.136625
0,31,4,15,0.136292
0,31,4,16,0.136292
0,31,4,17,0.136042
0,31,4,18,0.136500
0,31,4,19,0.136417
0,31,4,20,0.136708
0,31,4,21,0.137208
0,31,4,22,0.136917
0,31,4,23,0.136500
0,31,4,24,0.136458
0,31,4,25,0.136500
0,31,4,26,0.136208
0,31,4,27,0.137458
0,31,4,28,0.136625
0,31,4,29,0.136333
0,31,4,30,0.136875
0,31,4,31,0.136875
0,31,4,32,0.137375
0,31,4,33,0.137000
0,31,4,34,0.136750
0,31,4,35,0.137208
0,31,4,36,0.137167
0,31,4,37,0.136625
0,31,4,38,0.136542
0,31,4,39,0.136500
0,31,4,40,0.136333
0,31,4,41,0.136375
0,31,4,42,0.136208
0,31,3,0,0.136750
0,31,3,1,0.136500
0,31,3,2,0.136625
0,31,3,3,0.136375
0,31,3,4,0.135750
0,31,3,5,0.136708
0,31,3,6,0.137125
0,31,3,7,0.137000
0,31,3,8,0.137125
0,31,3,9,0.136250
0,31,3,10,0.136375
0,31,3,11,0.136375
0,31,3,12,0.136667
0,31,3,13,0.136375
0,31,3,14,0.136917
0,31,3,15,0.138125
0,31,3,16,0.137333
0,31,3,17,0.136875
0,31,3,18,0.136500
0,31,3,19,0.136375
0,31,3,20,0.136958
0,31,3,21,0.136625
0,31,3,22,0.137125
0,31,3,23,0.136917
0,31,3,24,0.136750
0,31,3,25,0.136375
0,31,3,26,0.136042
0,31,3,27,0.136750
0,31,3,28,0.137000
0,31,3,29,0.136958
0,31,3,30,0.136542
0,31,3,31,0.136708
0,31,3,32,0.136208
0,31,3,33,0.136500
0,31,3,34,0.136708
0,31,3,35,0.137375
0,31,3,36,0.136583
0,31,3,37,0.136917
0,31,3,38,0.137375
0,31,3,39,0.137083
0,31,3,40,0.136625
0,31,3,41,0.136417
0,31,3,42,0.135917
0,31,2,0,0.248125
0,31,2,1,0.247708
0,31,2,2,0.246458
0,31,2,3,0.247750
0,31,2,4,0.247958
0,31,2,5,0.248417
0,31,2,6,0.247500
0,31,2,7,0.248500
0,31,2,8,0.247458
0,31,2,9,0.246292
0,31,2,10,0.247625
0,31,2,11,0.248333
0,31,2,12,0.251458
0,31,2,13,0.250833
0,31,2,14,0.249250
0,31,2,15,0.246167
0,31,2,16,0.248625
0,31,2,17,0.249875
0,31,2,18,0.248042
0,31,2,19,0.247875
0,31,2,20,0.247292
0,31,2,21,0.245750
0,31,2,22,0.249125
0,31,2,23,0.247625
0,31,2,24,0.248375
0,31,2,25,0.248042
0,31,2,26,0.248125
0,31,2,27,0.248625
0,31,2,28,0.247625
0,31,2,29,0.247458
0,31,2,30,0.247792
0,31,2,31,0.246250
0,31,2,32,0.245875
0,31,2,33,0.247375
0,31,2,34,0.247125
0,31,2,35,0.248250
0,31,2,36,0.246792
0,31,2,37,0.248083
0,31,2,38,0.248208
0,31,2,39,0.247375
0,31,2,40,0.248292
0,31,2,41,0.247958
0,31,2,42,0.248000
0,31,0,0,0.248083
0,31,0,1,0.247208
0,31,0,2,0.247375
0,31,0,3,0.248292
0,31,0,4,0.247750
0,31,0,5,0.247542
0,31,0,6,0.248542
0,31,0,7,0.248625
0,31,0,8,0.247125
0,31,0,9,0.246958
0,31,0,10,0.248625
0,31,0,11,0.247500
0,31,0,12,0.247375
0,31,0,13,0.247917
0,31,0,14,0.247542
0,31,0,15,0.248125
0,31,0,16,0.246917
0,31,0,17,0.249625
0,31,0,18,0.246667
0,31,0,19,0.248375
0,31,0,20,0.248000
0,31,0,21,0.247250
0,31,0,22,0.248583
0,31,0,23,0.247000
0,31,0,24,0.247958
0,31,0,25,0.246917
0,31,0,26,0.246500
0,31,0,27,0.248625
0,31,0,28,0.247125
0,31,0,29,0.247875
0,31,0,30,0.247000
0,31,0,31,0.245500
0,31,0,32,0.246250
0,31,0,33,0.247708
0,31,0,34,0.247500
0,31,0,35,0.248375
0,31,0,36,0.248458
0,31,0,37,0.247292
0,31,0,38,0.247458
0,31,0,39,0.247000
0,31,0,40,0.248500
0,31,0,41,0.247333
0,31,0,42,0.248625
1,0,0,0,0.249333
1,0,0,1,0.248417
1,0,0,2,0.248000
1,0,0,3,0.249000
1,0,0,4,0.248250
1,0,0,5,0.248917
1,0,0,6,0.247958
1,0,0,7,0.248000
1,0,0,8,0.248708
1,0,0,9,0.247833
1,0,0,10,0.248125
1,0,0,11,0.247708
1,0,0,12,0.247708
1,0,0,13,0.247750
1,0,0,14,0.249500
1,0,0,15,0.247667
1,0,0,16,0.249000
1,0,0,17,0.248250
1,0,0,18,0.248250
1,0,0,19,0.249000
1,0,0,20,0.248625
1,0,0,21,0.250875
1,0,0,22,0.249833
1,0,0,23,0.244000
1,0,0,24,0.247750
1,0,0,25,0.249000
1,0,0,26,0.247833
1,0,0,27,0.250292
1,0,0,28,0.246875
1,0,0,29,0.248875
1,0,0,30,0.247333
1,0,0,31,0.248375
1,0,0,32,0.249625
1,0,0,33,0.248750
1,0,0,34,0.249125
1,0,0,35,0.248542
1,0,0,36,0.248667
1,0,0,37,0.249083
1,0,0,38,0.248458
1,0,0,39,0.249250
1,0,0,40,0.248833
1,0,0,41,0.249250
1,0,0,42,0.247958
1,0,2,0,0.247917
1,0,2,1,0.249708
1,0,2,2,0.248458
1,0,2,3,0.248833
1,0,2,4,0.248208
1,0,2,5,0.248583
1,0,2,6,0.248167
1,0,2,7,0.248000
1,0,2,8,0.248083
1,0,2,9,0.248750
1,0,2,10,0.248625
1,0,2,11,0.248500
1,0,2,12,0.248458
1,0,2,13,0.249000
1,0,2,14,0.249500
1,0,2,15,0.248458
1,0,2,16,0.248833
1,0,2,17,0.248500
1,0,2,18,0.247875
1,0,2,19,0.248667
1,0,2,20,0.247250
1,0,2,21,0.248125
1,0,2,22,0.246750
1,0,2,23,0.247208
1,0,2,24,0.247750
1,0,2,25,0.247333
1,0,2,26,0.249125
1,0,2,27,0.248583
1,0,2,28,0.248000
1,0,2,29,0.247750
1,0,2,30,0.247875
1,0,2,31,0.247625
1,0,2,32,0.248000
1,0,2,33,0.248292
1,0,2,34,0.248542
1,0,2,35,0.248750
1,0,2,36,0.248250
1,0,2,37,0.247875
1,0,2,38,0.248292
1,0,2,39,0.247708
1,0,2,40,0.248625
1,0,2,41,0.248250
1,0,2,42,0.249750
1,0,3,0,0.138208
1,0,3,1,0.137583
1,0,3,2,0.136875
1,0,3,3,0.136375
1,0,3,4,0.137625
1,0,3,5,0.136792
1,0,3,6,0.137417
1,0,3,7,0.136583
1,0,3,8,0.137000
1,0,3,9,0.136750
1,0,3,10,0.137000
1,0,3,11,0.137417
1,0,3,12,0.136667
1,0,3,13,0.137167
1,0,3,14,0.137625
1,0,3,15,0.138000
1,0,3,16,0.137375
1,0,3,17,0.137583
1,0,3,18,0.137167
1,0,3,19,0.137458
1,0,3,20,0.137625
1,0,3,21,0.137250
1,0,3,22,0.137375
1,0,3,23,0.137625
1,0,3,24,0.136875
1,0,3,25,0.137083
1,0,3,26,0.136833
1,0,3,27,0.136958
1,0,3,28,0.136917
1,0,3,29,0.136833
1,0,3,30,0.137000
1,0,3,31,0.137125
1,0,3,32,0.137250
1,0,3,33,0.137125
1,0,3,34,0.139083
1,0,3,35,0.138042
1,0,3,36,0.138667
1,0,3,37,0.139000
1,0,3,38,0.137375
1,0,3,39,0.138458
1,0,3,40,0.137875
1,0,3,41,0.138458
1,0,3,42,0.137542
1,0,4,0,0.138875
1,0,4,1,0.137917
1,0,4,2,0.138167
1,0,4,3,0.137917
1,0,4,4,0.138042
1,0,4,5,0.138083
1,0,4,6,0.138500
1,0,4,7,0.137750
1,0,4,8,0.138125
1,0,4,9,0.138375
1,0,4,10,0.139000
1,0,4,11,0.138708
1,0,4,12,0.138375
1,0,4,13,0.138375
1,0,4,14,0.138417
1,0,4,15,0.138750
1,0,4,16,0.138958
1,0,4,17,0.138917
1,0,4,18,0.137667
1,0,4,19,0.138333
1,0,4,20,0.138250
1,0,4,21,0.137875
1,0,4,22,0.137417
1,0,4,23,0.138208
1,0,4,24,0.137292
1,0,4,25,0.138542
1,0,4,26,0.138042
1,0,4,27,0.141333
1,0,4,28,0.139292
1,0,4,29,0.138375
1,0,4,30,0.138500
1,0,4,31,0.138083
1,0,4,32,0.139000
1,0,4,33,0.140333
1,0,4,34,0.142625
1,0,4,35,0.185500
1,0,4,36,0.143208
1,0,4,37,0.139333
1,0,4,38,0.137750
1,0,4,39,0.140375
1,0,4,40,0.141042
1,0,4,41,0.186542
1,0,4,42,0.143083
1,1,2,0,0.250042
1,1,2,1,0.248417
1,1,2,2,0.249500
1,1,2,3,0.249042
1,1,2,4,0.247667
1,1,2,5,0.249292
1,1,2,6,0.248667
1,1,2,7,0.248750
1,1,2,8,0.248500
1,1,2,9,0.248500
1,1,2,10,0.248625
1,1,2,11,0.248625
1,1,2,12,0.247917
1,1,2,13,0.257750
1,1,2,14,0.248375
1,1,2,15,0.247625
1,1,2,16,0.248667
1,1,2,17,0.248000
1,1,2,18,0.248250
1,1,2,19,0.249250
1,1,2,20,0.247667
1,1,2,21,0.248833
1,1,2,22,0.247958
1,1,2,23,0.248375
1,1,2,24,0.248542
1,1,2,25,0.248625
1,1,2,26,0.248917
1,1,2,27,0.249000
1,1,2,28,0.247833
1,1,2,29,0.248167
1,1,2,30,0.248250
1,1,2,31,0.249250
1,1,2,32,0.249500
1,1,2,33,0.247667
1,1,2,34,0.248333
1,1,2,35,0.248875
1,1,2,36,0.247500
1,1,2,37,0.247750
1,1,2,38,0.247125
1,1,2,39,0.247667
1,1,2,40,0.249000
1,1,2,41,0.249667
1,1,2,42,0.248250
1,1,3,0,0.141292
1,1,3,1,0.186292
1,1,3,2,0.142375
1,1,3,3,0.137750
1,1,3,4,0.138583
1,1,3,5,0.137167
1,1,3,6,0.137917
1,1,3,7,0.137750
1,1,3,8,0.137250
1,1,3,9,0.137250
1,1,3,10,0.137000
1,1,3,11,0.137958
1,1,3,12,0.137250
1,1,3,13,0.138167
1,1,3,14,0.137708
1,1,3,15,0.137500
1,1,3,16,0.137542
1,1,3,17,0.136875
1,1,3,18,0.137292
1,1,3,19,0.137875
1,1,3,20,0.137375
1,1,3,21,0.137542
1,1,3,22,0.136917
1,1,3,23,0.137167
1,1,3,24,0.136792
1,1,3,25,0.137083
1,1,3,26,0.136583
1,1,3,27,0.136500
1,1,3,28,0.136542
1,1,3,29,0.136375
1,1,3,30,0.136375
1,1,3,31,0.135625
1,1,3,32,0.136042
1,1,3,33,0.135792
1,1,3,34,0.136708
1,1,3,35,0.136125
1,1,3,36,0.136000
1,1,3,37,0.136875
1,1,3,38,0.136375
1,1,3,39,0.136167
1,1,3,40,0.136833
1,1,3,41,0.137500
1,1,3,42,0.137625
1,1,4,0,0.139625
1,1,4,1,0.137958
1,1,4,2,0.137125
1,1,4,3,0.136875
1,1,4,4,0.137125
1,1,4,5,0.136958
1,1,4,6,0.137125
1,1,4,7,0.137500
1,1,4,8,0.136667
1,1,4,9,0.137042
1,1,4,10,0.136958
1,1,4,11,0.138250
1,1,4,12,0.137500
1,1,4,13,0.137375
1,1,4,14,0.139000
1,1,4,15,0.139250
1,1,4,16,0.138125
1,1,4,17,0.138625
1,1,4,18,0.138250
1,1,4,19,0.139000
1,1,4,20,0.138375
1,1,4,21,0.138083
1,1,4,22,0.137125
1,1,4,23,0.139125
1,1,4,24,0.137083
1,1,4,25,0.136625
1,1,4,26,0.136250
1,1,4,27,0.136333
1,1,4,28,0.136542
1,1,4,29,0.136125
1,1,4,30,0.136375
1,1,4,31,0.136208
1,1,4,32,0.135792
1,1,4,33,0.136125
1,1,4,34,0.137458
1,1,4,35,0.137458
1,1,4,36,0.137875
1,1,4,37,0.137625
1,1,4,38,0.137375
1,1,4,39,0.136500
1,1,4,40,0.136375
1,1,4,41,0.136958
1,1,4,42,0.136500
1,1,0,0,0.249292
1,1,0,1,0.248208
1,1,0,2,0.248500
1,1,0,3,0.248708
1,1,0,4,0.248167
1,1,0,5,0.247708
1,1,0,6,0.247417
1,1,0,7,0.248750
1,1,0,8,0.248625
1,1,0,9,0.248833
1,1,0,10,0.248958
1,1,0,11,0.249375
1,1,0,12,0.247875
1,1,0,13,0.247375
1,1,0,14,0.248292
1,1,0,15,0.247542
1,1,0,16,0.247125
1,1,0,17,0.248375
1,1,0,18,0.249000
1,1,0,19,0.249375
1,1,0,20,0.247875
1,1,0,21,0.248083
1,1,0,22,0.248083
1,1,0,23,0.249167
1,1,0,24,0.248000
1,1,0,25,0.247042
1,1,0,26,0.248000
1,1,0,27,0.248000
1,1,0,28,0.248583
1,1,0,29,0.248250
1,1,0,30,0.248625
1,1,0,31,0.249208
1,1,0,32,0.248125
1,1,0,33,0.247250
1,1,0,34,0.250208
1,1,0,35,0.248042
1,1,0,36,0.248000
1,1,0,37,0.249208
1,1,0,38,0.248292
1,1,0,39,0.249708
1,1,0,40,0.248375
1,1,0,41,0.248500
1,1,0,42,0.246958
1,2,3,0,0.137958
1,2,3,1,0.137792
1,2,3,2,0.137625
1,2,3,3,0.137083
1,2,3,4,0.137875
1,2,3,5,0.137625
1,2,3,6,0.137000
1,2,3,7,0.137625
1,2,3,8,0.137625
1,2,3,9,0.137458
1,2,3,10,0.137083
1,2,3,11,0.136625
1,2,3,12,0.136083
1,2,3,13,0.136417
1,2,3,14,0.136875
1,2,3,15,0.137375
1,2,3,16,0.137375
1,2,3,17,0.138000
1,2,3,18,0.138000
1,2,3,19,0.138000
1,2,3,20,0.137375
1,2,3,21,0.139458
1,2,3,22,0.138208
1,2,3,23,0.137375
1,2,3,24,0.136750
1,2,3,25,0.137250
1,2,3,26,0.136750
1,2,3,27,0.137458
1,2,3,28,0.137417
1,2,3,29,0.137958
1,2,3,30,0.136875
1,2,3,31,0.136500
1,2,3,32,0.136500
1,2,3,33,0.136375
1,2,3,34,0.136625
1,2,3,35,0.136500
1,2,3,36,0.136000
1,2,3,37,0.136375
1,2,3,38,0.136750
1,2,3,39,0.136500
1,2,3,40,0.137917
1,2,3,41,0.138750
1,2,3,42,0.137583
1,2,4,0,0.138167
1,2,4,1,0.137375
1,2,4,2,0.137500
1,2,4,3,0.137292
1,2,4,4,0.138500
1,2,4,5,0.138000
1,2,4,6,0.137292
1,2,4,7,0.137417
1,2,4,8,0.137708
1,2,4,9,0.137625
1,2,4,10,0.137625
1,2,4,11,0.137000
1,2,4,12,0.136875
1,2,4,13,0.137333
1,2,4,14,0.137417
1,2,4,15,0.138000
1,2,4,16,0.137750
1,2,4,17,0.137708
1,2,4,18,0.137375
1,2,4,19,0.137875
1,2,4,20,0.137417
1,2,4,21,0.137417
1,2,4,22,0.137417
1,2,4,23,0.138500
1,2,4,24,0.137708
1,2,4,25,0.137542
1,2,4,26,0.137208
1,2,4,27,0.137583
1,2,4,28,0.137417
1,2,4,29,0.138375
1,2,4,30,0.137125
1,2,4,31,0.137083
1,2,4,32,0.136583
1,2,4,33,0.136792
1,2,4,34,0.136792
1,2,4,35,0.137375
1,2,4,36,0.136583
1,2,4,37,0.136917
1,2,4,38,0.136833
1,2,4,39,0.137250
1,2,4,40,0.137375
1,2,4,41,0.137375
1,2,4,42,0.137208
1,2,0,0,0.250375
1,2,0,1,0.248250
1,2,0,2,0.248250
1,2,0,3,0.249375
1,2,0,4,0.249250
1,2,0,5,0.247375
1,2,0,6,0.247125
1,2,0,7,0.248083
1,2,0,8,0.249000
1,2,0,9,0.247625
1,2,0,10,0.248042
1,2,0,11,0.249458
1,2,0,12,0.248333
1,2,0,13,0.249083
1,2,0,14,0.248458
1,2,0,15,0.248333
1,2,0,16,0.250500
1,2,0,17,0.250125
1,2,0,18,0.249375
1,2,0,19,0.249625
1,2,0,20,0.255042
1,2,0,21,0.251125
1,2,0,22,0.248125
1,2,0,23,0.248500
1,2,0,24,0.247708
1,2,0,25,0.247250
1,2,0,26,0.249000
1,2,0,27,0.247500
1,2,0,28,0.248292
1,2,0,29,0.247875
1,2,0,30,0.247208
1,2,0,31,0.247500
1,2,0,32,0.248542
1,2,0,33,0.247417
1,2,0,34,0.246125
1,2,0,35,0.250500
1,2,0,36,0.248542
1,2,0,37,0.249167
1,2,0,38,0.246875
1,2,0,39,0.248583
1,2,0,40,0.248208
1,2,0,41,0.249125
1,2,0,42,0.248417
1,2,2,0,0.249167
1,2,2,1,0.248917
1,2,2,2,0.248292
1,2,2,3,0.249042
1,2,2,4,0.248500
1,2,2,5,0.248542
1,2,2,6,0.247292
1,2,2,7,0.247500
1,2,2,8,0.247875
1,2,2,9,0.247750
1,2,2,10,0.248583
1,2,2,11,0.249167
1,2,2,12,0.247875
1,2,2,13,0.247792
1,2,2,14,0.248667
1,2,2,15,0.248000
1,2,2,16,0.248375
1,2,2,17,0.246750
1,2,2,18,0.249000
1,2,2,19,0.248250
1,2,2,20,0.248000
1,2,2,21,0.250042
1,2,2,22,0.247792
1,2,2,23,0.247750
1,2,2,24,0.248000
1,2,2,25,0.248292
1,2,2,26,0.249833
1,2,2,27,0.248500
1,2,2,28,0.248625
1,2,2,29,0.248042
1,2,2,30,0.248625
1,2,2,31,0.248750
1,2,2,32,0.248417
1,2,2,33,0.246625
1,2,2,34,0.246708
1,2,2,35,0.249250
1,2,2,36,0.248500
1,2,2,37,0.247000
1,2,2,38,0.247958
1,2,2,39,0.248125
1,2,2,40,0.248083
1,2,2,41,0.250208
1,2,2,42,0.249250
1,3,4,0,0.142125
1,3,4,1,0.139375
1,3,4,2,0.139583
1,3,4,3,0.139542
1,3,4,4,0.138000
1,3,4,5,0.137375
1,3,4,6,0.137333
1,3,4,7,0.137167
1,3,4,8,0.136875
1,3,4,9,0.136875
1,3,4,10,0.137750
1,3,4,11,0.137042
1,3,4,12,0.137042
1,3,4,13,0.137292
1,3,4,14,0.137250
1,3,4,15,0.137167
1,3,4,16,0.137000
1,3,4,17,0.136875
1,3,4,18,0.136625
1,3,4,19,0.137042
1,3,4,20,0.136625
1,3,4,21,0.137000
1,3,4,22,0.137125
1,3,4,23,0.137083
1,3,4,24,0.136708
1,3,4,25,0.137250
1,3,4,26,0.136500
1,3,4,27,0.136958
1,3,4,28,0.137125
1,3,4,29,0.136708
1,3,4,30,0.137250
1,3,4,31,0.138750
1,3,4,32,0.138167
1,3,4,33,0.137333
1,3,4,34,0.137667
1,3,4,35,0.137375
1,3,4,36,0.137458
1,3,4,37,0.138042
1,3,4,38,0.137625
1,3,4,39,0.136542
1,3,4,40,0.136833
1,3,4,41,0.137500
1,3,4,42,0.137375
1,3,0,0,0.249375
1,3,0,1,0.248250
1,3,0,2,0.246792
1,3,0,3,0.248292
1,3,0,4,0.249375
1,3,0,5,0.247750
1,3,0,6,0.248292
1,3,0,7,0.247625
1,3,0,8,0.248375
1,3,0,9,0.248333
1,3,0,10,0.247458
1,3,0,11,0.246333
1,3,0,12,0.247083
1,3,0,13,0.246750
1,3,0,14,0.248875
1,3,0,15,0.248375
1,3,0,16,0.248000
1,3,0,17,0.247125
1,3,0,18,0.247917
1,3,0,19,0.248000
1,3,0,20,0.246375
1,3,0,21,0.249083
1,3,0,22,0.247625
1,3,0,23,0.248458
1,3,0,24,0.248000
1,3,0,25,0.247167
1,3,0,26,0.248000
1,3,0,27,0.248750
1,3,0,28,0.248708
1,3,0,29,0.248250
1,3,0,30,0.247708
1,3,0,31,0.247792
1,3,0,32,0.249458
1,3,0,33,0.248500
1,3,0,34,0.247625
1,3,0,35,0.248917
1,3,0,36,0.248750
1,3,0,37,0.248167
1,3,0,38,0.248875
1,3,0,39,0.249667
1,3,0,40,0.248417
1,3,0,41,0.247375
1,3,0,42,0.247500
1,3,2,0,0.246708
1,3,2,1,0.249000
1,3,2,2,0.249375
1,3,2,3,0.249125
1,3,2,4,0.249292
1,3,2,5,0.247625
1,3,2,6,0.248500
1,3,2,7,0.247958
1,3,2,8,0.248250
1,3,2,9,0.249417
1,3,2,10,0.247375
1,3,2,11,0.248625
1,3,2,12,0.248125
1,3,2,13,0.248042
1,3,2,14,0.247875
1,3,2,15,0.249500
1,3,2,16,0.247833
1,3,2,17,0.247875
1,3,2,18,0.249250
1,3,2,19,0.250250
1,3,2,20,0.248417
1,3,2,21,0.248875
1,3,2,22,0.249875
1,3,2,23,0.247375
1,3,2,24,0.248042
1,3,2,25,0.247375
1,3,2,26,0.249917
1,3,2,27,0.248708
1,3,2,28,0.248125
1,3,2,29,0.247667
1,3,2,30,0.246250
1,3,2,31,0.247625
1,3,2,32,0.249875
1,3,2,33,0.248917
1,3,2,34,0.248292
1,3,2,35,0.249375
1,3,2,36,0.247750
1,3,2,37,0.248417
1,3,2,38,0.248375
1,3,2,39,0.248250
1,3,2,40,0.248792
1,3,2,41,0.249083
1,3,2,42,0.248125
1,3,3,0,0.137375
1,3,3,1,0.137125
1,3,3,2,0.137042
1,3,3,3,0.136625
1,3,3,4,0.137500
1,3,3,5,0.136958
1,3,3,6,0.136667
1,3,3,7,0.136917
1,3,3,8,0.136750
1,3,3,9,0.137083
1,3,3,10,0.137375
1,3,3,11,0.136875
1,3,3,12,0.136375
1,3,3,13,0.137583
1,3,3,14,0.137083
1,3,3,15,0.137000
1,3,3,16,0.136875
1,3,3,17,0.136750
1,3,3,18,0.136583
1,3,3,19,0.137000
1,3,3,20,0.136833
1,3,3,21,0.136958
1,3,3,22,0.136667
1,3,3,23,0.137083
1,3,3,24,0.136750
1,3,3,25,0.136833
1,3,3,26,0.136792
1,3,3,27,0.137375
1,3,3,28,0.136875
1,3,3,29,0.136917
1,3,3,30,0.137542
1,3,3,31,0.136542
1,3,3,32,0.136583
1,3,3,33,0.136500
1,3,3,34,0.137208
1,3,3,35,0.136625
1,3,3,36,0.136542
1,3,3,37,0.136708
1,3,3,38,0.136750
1,3,3,39,0.136333
1,3,3,40,0.136542
1,3,3,41,0.137167
1,3,3,42,0.136500
1,4,0,0,0.249792
1,4,0,1,0.249333
1,4,0,2,0.249000
1,4,0,3,0.247625
1,4,0,4,0.248250
1,4,0,5,0.247875
1,4,0,6,0.247625
1,4,0,7,0.248208
1,4,0,8,0.248958
1,4,0,9,0.249000
1,4,0,10,0.248875
1,4,0,11,0.248958
1,4,0,12,0.247625
1,4,0,13,0.248750
1,4,0,14,0.249333
1,4,0,15,0.248917
1,4,0,16,0.251958
1,4,0,17,0.250750
1,4,0,18,0.248458
1,4,0,19,0.248875
1,4,0,20,0.248000
1,4,0,21,0.250750
1,4,0,22,0.247792
1,4,0,23,0.264250
1,4,0,24,0.247708
1,4,0,25,0.254833
1,4,0,26,0.249667
1,4,0,27,0.247667
1,4,0,28,0.248250
1,4,0,29,0.247542
1,4,0,30,0.247875
1,4,0,31,0.248000
1,4,0,32,0.246875
1,4,0,33,0.247125
1,4,0,34,0.248250
1,4,0,35,0.249333
1,4,0,36,0.248667
1,4,0,37,0.248458
1,4,0,38,0.248333
1,4,0,39,0.248208
1,4,0,40,0.247917
1,4,0,41,0.249000
1,4,0,42,0.247542
1,4,4,0,0.139833
1,4,4,1,0.138833
1,4,4,2,0.138708
1,4,4,3,0.138542
1,4,4,4,0.138875
1,4,4,5,0.138417
1,4,4,6,0.138292
1,4,4,7,0.138708
1,4,4,8,0.138292
1,4,4,9,0.138625
1,4,4,10,0.138458
1,4,4,11,0.138708
1,4,4,12,0.138250
1,4,4,13,0.138333
1,4,4,14,0.138958
1,4,4,15,0.139042
1,4,4,16,0.141333
1,4,4,17,0.141875
1,4,4,18,0.140250
1,4,4,19,0.139083
1,4,4,20,0.138375
1,4,4,21,0.138000
1,4,4,22,0.137625
1,4,4,23,0.138250
1,4,4,24,0.137583
1,4,4,25,0.138292
1,4,4,26,0.139542
1,4,4,27,0.139375
1,4,4,28,0.139625
1,4,4,29,0.139458
1,4,4,30,0.139875
1,4,4,31,0.139875
1,4,4,32,0.139542
1,4,4,33,0.139333
1,4,4,34,0.140250
1,4,4,35,0.139875
1,4,4,36,0.139375
1,4,4,37,0.139750
1,4,4,38,0.139583
1,4,4,39,0.139083
1,4,4,40,0.139083
1,4,4,41,0.140125
1,4,4,42,0.139167
1,4,3,0,0.139708
1,4,3,1,0.139917
1,4,3,2,0.139792
1,4,3,3,0.138750
1,4,3,4,0.139625
1,4,3,5,0.139125
1,4,3,6,0.139667
1,4,3,7,0.138958
1,4,3,8,0.138625
1,4,3,9,0.139083
1,4,3,10,0.139458
1,4,3,11,0.139250
1,4,3,12,0.138625
1,4,3,13,0.139250
1,4,3,14,0.139458
1,4,3,15,0.139500
1,4,3,16,0.139125
1,4,3,17,0.139000
1,4,3,18,0.139250
1,4,3,19,0.140708
1,4,3,20,0.140625
1,4,3,21,0.140958
1,4,3,22,0.140250
1,4,3,23,0.140375
1,4,3,24,0.139458
1,4,3,25,0.139250
1,4,3,26,0.138458
1,4,3,27,0.139000
1,4,3,28,0.139042
1,4,3,29,0.138875
1,4,3,30,0.138667
1,4,3,31,0.139083
1,4,3,32,0.138667
1,4,3,33,0.138917
1,4,3,34,0.139333
1,4,3,35,0.138833
1,4,3,36,0.138792
1,4,3,37,0.139250
1,4,3,38,0.138750
1,4,3,39,0.138500
1,4,3,40,0.138500
1,4,3,41,0.138500
1,4,3,42,0.138458
1,4,2,0,0.248667
1,4,2,1,0.249625
1,4,2,2,0.249500
1,4,2,3,0.249625
1,4,2,4,0.248292
1,4,2,5,0.248500
1,4,2,6,0.247583
1,4,2,7,0.248333
1,4,2,8,0.248625
1,4,2,9,0.249375
1,4,2,10,0.248625
1,4,2,11,0.248250
1,4,2,12,0.249208
1,4,2,13,0.248000
1,4,2,14,0.248500
1,4,2,15,0.247917
1,4,2,16,0.248000
1,4,2,17,0.247458
1,4,2,18,0.249625
1,4,2,19,0.250333
1,4,2,20,0.247375
1,4,2,21,0.249542
1,4,2,22,0.248125
1,4,2,23,0.249000
1,4,2,24,0.249167
1,4,2,25,0.248125
1,4,2,26,0.249000
1,4,2,27,0.247875
1,4,2,28,0.248750
1,4,2,29,0.248333
1,4,2,30,0.249000
1,4,2,31,0.247125
1,4,2,32,0.247625
1,4,2,33,0.247083
1,4,2,34,0.248625
1,4,2,35,0.249000
1,4,2,36,0.247500
1,4,2,37,0.249125
1,4,2,38,0.247458
1,4,2,39,0.247625
1,4,2,40,0.249250
1,4,2,41,0.250125
1,4,2,42,0.248333
1,5,2,0,0.249667
1,5,2,1,0.248833
1,5,2,2,0.247667
1,5,2,3,0.249000
1,5,2,4,0.248917
1,5,2,5,0.248292
1,5,2,6,0.249708
1,5,2,7,0.249333
1,5,2,8,0.248667
1,5,2,9,0.249375
1,5,2,10,0.248083
1,5,2,11,0.248875
1,5,2,12,0.248458
1,5,2,13,0.247792
1,5,2,14,0.249250
1,5,2,15,0.247792
1,5,2,16,0.248000
1,5,2,17,0.249000
1,5,2,18,0.247750
1,5,2,19,0.247375
1,5,2,20,0.247833
1,5,2,21,0.248250
1,5,2,22,0.248375
1,5,2,23,0.248375
1,5,2,24,0.248500
1,5,2,25,0.248625
1,5,2,26,0.248500
1,5,2,27,0.248583
1,5,2,28,0.248375
1,5,2,29,0.249208
1,5,2,30,0.247042
1,5,2,31,0.249375
1,5,2,32,0.248500
1,5,2,33,0.247375
1,5,2,34,0.247000
1,5,2,35,0.249917
1,5,2,36,0.248750
1,5,2,37,0.248375
1,5,2,38,0.248458
1,5,2,39,0.247375
1,5,2,40,0.248750
1,5,2,41,0.249375
1,5,2,42,0.250000
1,5,0,0,0.248917
1,5,0,1,0.249250
1,5,0,2,0.248625
1,5,0,3,0.249750
1,5,0,4,0.247625
1,5,0,5,0.248708
1,5,0,6,0.246708
1,5,0,7,0.246875
1,5,0,8,0.249375
1,5,0,9,0.247875
1,5,0,10,0.247000
1,5,0,11,0.248542
1,5,0,12,0.248250
1,5,0,13,0.248250
1,5,0,14,0.248375
1,5,0,15,0.247958
1,5,0,16,0.248375
1,5,0,17,0.247667
1,5,0,18,0.248750
1,5,0,19,0.248750
1,5,0,20,0.248375
1,5,0,21,0.248958
1,5,0,22,0.248625
1,5,0,23,0.249917
1,5,0,24,0.248417
1,5,0,25,0.247792
1,5,0,26,0.248708
1,5,0,27,0.249417
1,5,0,28,0.248375
1,5,0,29,0.248958
1,5,0,30,0.249958
1,5,0,31,0.247625
1,5,0,32,0.249833
1,5,0,33,0.248042
1,5,0,34,0.248000
1,5,0,35,0.248833
1,5,0,36,0.247833
1,5,0,37,0.247792
1,5,0,38,0.247750
1,5,0,39,0.247833
1,5,0,40,0.248833
1,5,0,41,0.249083
1,5,0,42,0.250583
1,5,4,0,0.139000
1,5,4,1,0.138375
1,5,4,2,0.138375
1,5,4,3,0.137958
1,5,4,4,0.138875
1,5,4,5,0.137875
1,5,4,6,0.140042
1,5,4,7,0.141625
1,5,4,8,0.139125
1,5,4,9,0.138375
1,5,4,10,0.138833
1,5,4,11,0.140375
1,5,4,12,0.139250
1,5,4,13,0.138667
1,5,4,14,0.139167
1,5,4,15,0.140250
1,5,4,16,0.142208
1,5,4,17,0.142083
1,5,4,18,0.185792
1,5,4,19,0.144625
1,5,4,20,0.140500
1,5,4,21,0.143083
1,5,4,22,0.185750
1,5,4,23,0.143625
1,5,4,24,0.139125
1,5,4,25,0.138875
1,5,4,26,0.139000
1,5,4,27,0.139500
1,5,4,28,0.139250
1,5,4,29,0.138583
1,5,4,30,0.139708
1,5,4,31,0.139250
1,5,4,32,0.138625
1,5,4,33,0.139167
1,5,4,34,0.139000
1,5,4,35,0.138792
1,5,4,36,0.139333
1,5,4,37,0.139625
1,5,4,38,0.139625
1,5,4,39,0.138542
1,5,4,40,0.138750
1,5,4,41,0.140000
1,5,4,42,0.139375
1,5,3,0,0.139625
1,5,3,1,0.139333
1,5,3,2,0.138833
1,5,3,3,0.138375
1,5,3,4,0.139958
1,5,3,5,0.138875
1,5,3,6,0.138917
1,5,3,7,0.139375
1,5,3,8,0.138917
1,5,3,9,0.139375
1,5,3,10,0.139167
1,5,3,11,0.139333
1,5,3,12,0.138958
1,5,3,13,0.139125
1,5,3,14,0.139875
1,5,3,15,0.139458
1,5,3,16,0.139125
1,5,3,17,0.139375
1,5,3,18,0.139333
1,5,3,19,0.139583
1,5,3,20,0.138792
1,5,3,21,0.138875
1,5,3,22,0.138500
1,5,3,23,0.139250
1,5,3,24,0.138875
1,5,3,25,0.138667
1,5,3,26,0.138708
1,5,3,27,0.139250
1,5,3,28,0.138875
1,5,3,29,0.138500
1,5,3,30,0.138500
1,5,3,31,0.138667
1,5,3,32,0.138583
1,5,3,33,0.138875
1,5,3,34,0.139167
1,5,3,35,0.139000
1,5,3,36,0.140500
1,5,3,37,0.139750
1,5,3,38,0.138708
1,5,3,39,0.139000
1,5,3,40,0.139417
1,5,3,41,0.139875
1,5,3,42,0.138958
1,6,3,0,0.139708
1,6,3,1,0.138667
1,6,3,2,0.139125
1,6,3,3,0.138167
1,6,3,4,0.139292
1,6,3,5,0.138833
1,6,3,6,0.138667
1,6,3,7,0.139292
1,6,3,8,0.138750
1,6,3,9,0.138875
1,6,3,10,0.138917
1,6,3,11,0.139375
1,6,3,12,0.139625
1,6,3,13,0.138500
1,6,3,14,0.138917
1,6,3,15,0.138625
1,6,3,16,0.138958
1,6,3,17,0.138958
1,6,3,18,0.138625
1,6,3,19,0.139875
1,6,3,20,0.138708
1,6,3,21,0.138875
1,6,3,22,0.139000
1,6,3,23,0.138750
1,6,3,24,0.138583
1,6,3,25,0.138625
1,6,3,26,0.139083
1,6,3,27,0.138917
1,6,3,28,0.138708
1,6,3,29,0.138500
1,6,3,30,0.138875
1,6,3,31,0.138292
1,6,3,32,0.138208
1,6,3,33,0.138417
1,6,3,34,0.139500
1,6,3,35,0.138667
1,6,3,36,0.138083
1,6,3,37,0.139417
1,6,3,38,0.138250
1,6,3,39,0.138208
1,6,3,40,0.138375
1,6,3,41,0.139167
1,6,3,42,0.138417
1,6,2,0,0.249083
1,6,2,1,0.248333
1,6,2,2,0.248125
1,6,2,3,0.247458
1,6,2,4,0.248292
1,6,2,5,0.248750
1,6,2,6,0.248250
1,6,2,7,0.247708
1,6,2,8,0.248250
1,6,2,9,0.249417
1,6,2,10,0.247708
1,6,2,11,0.248000
1,6,2,12,0.247667
1,6,2,13,0.247000
1,6,2,14,0.249583
1,6,2,15,0.247458
1,6,2,16,0.248250
1,6,2,17,0.247000
1,6,2,18,0.248125
1,6,2,19,0.249208
1,6,2,20,0.248000
1,6,2,21,0.248250
1,6,2,22,0.246500
1,6,2,23,0.249250
1,6,2,24,0.249250
1,6,2,25,0.248292
1,6,2,26,0.248208
1,6,2,27,0.248750
1,6,2,28,0.247750
1,6,2,29,0.248250
1,6,2,30,0.246875
1,6,2,31,0.247708
1,6,2,32,0.248167
1,6,2,33,0.247625
1,6,2,34,0.247500
1,6,2,35,0.247875
1,6,2,36,0.246375
1,6,2,37,0.248625
1,6,2,38,0.247458
1,6,2,39,0.248250
1,6,2,40,0.247208
1,6,2,41,0.248500
1,6,2,42,0.247250
1,6,0,0,0.248042
1,6,0,1,0.247750
1,6,0,2,0.248208
1,6,0,3,0.247292
1,6,0,4,0.248375
1,6,0,5,0.248708
1,6,0,6,0.246625
1,6,0,7,0.246958
1,6,0,8,0.249000
1,6,0,9,0.248250
1,6,0,10,0.249042
1,6,0,11,0.248917
1,6,0,12,0.247292
1,6,0,13,0.248500
1,6,0,14,0.249000
1,6,0,15,0.249125
1,6,0,16,0.249167
1,6,0,17,0.247375
1,6,0,18,0.247792
1,6,0,19,0.248708
1,6,0,20,0.246750
1,6,0,21,0.246625
1,6,0,22,0.248542
1,6,0,23,0.248333
1,6,0,24,0.246917
1,6,0,25,0.247708
1,6,0,26,0.248500
1,6,0,27,0.248042
1,6,0,28,0.248000
1,6,0,29,0.248625
1,6,0,30,0.248833
1,6,0,31,0.247875
1,6,0,32,0.247917
1,6,0,33,0.248167
1,6,0,34,0.248375
1,6,0,35,0.248167
1,6,0,36,0.248042
1,6,0,37,0.249125
1,6,0,38,0.247208
1,6,0,39,0.247750
1,6,0,40,0.248875
1,6,0,41,0.248917
1,6,0,42,0.248792
1,6,4,0,0.139875
1,6,4,1,0.138500
1,6,4,2,0.138333
1,6,4,3,0.137792
1,6,4,4,0.138750
1,6,4,5,0.140000
1,6,4,6,0.140875
1,6,4,7,0.141333
1,6,4,8,0.141250
1,6,4,9,0.140250
1,6,4,10,0.143000
1,6,4,11,0.142792
1,6,4,12,0.140958
1,6,4,13,0.140083
1,6,4,14,0.140500
1,6,4,15,0.140583
1,6,4,16,0.139208
1,6,4,17,0.138583
1,6,4,18,0.139000
1,6,4,19,0.139625
1,6,4,20,0.138750
1,6,4,21,0.139750
1,6,4,22,0.139667
1,6,4,23,0.138917
1,6,4,24,0.139667
1,6,4,25,0.140208
1,6,4,26,0.139500
1,6,4,27,0.139125
1,6,4,28,0.139250
1,6,4,29,0.139500
1,6,4,30,0.140458
1,6,4,31,0.139625
1,6,4,32,0.139542
1,6,4,33,0.140625
1,6,4,34,0.153917
1,6,4,35,0.166167
1,6,4,36,0.162625
1,6,4,37,0.162750
1,6,4,38,0.171000
1,6,4,39,0.166083
1,6,4,40,0.165167
1,6,4,41,0.171375
1,6,4,42,0.163750
1,7,4,0,0.176333
1,7,4,1,0.166875
1,7,4,2,0.169250
1,7,4,3,0.169042
1,7,4,4,0.174625
1,7,4,5,0.161833
1,7,4,6,0.164000
1,7,4,7,0.174333
1,7,4,8,0.164250
1,7,4,9,0.147375
1,7,4,10,0.165958
1,7,4,11,0.149500
1,7,4,12,0.154083
1,7,4,13,0.172000
1,7,4,14,0.144625
1,7,4,15,0.142542
1,7,4,16,0.141292
1,7,4,17,0.139708
1,7,4,18,0.139375
1,7,4,19,0.142708
1,7,4,20,0.140458
1,7,4,21,0.139292
1,7,4,22,0.139208
1,7,4,23,0.138750
1,7,4,24,0.138625
1,7,4,25,0.140542
1,7,4,26,0.140458
1,7,4,27,0.141125
1,7,4,28,0.141792
1,7,4,29,0.139583
1,7,4,30,0.138250
1,7,4,31,0.138042
1,7,4,32,0.137750
1,7,4,33,0.138625
1,7,4,34,0.140583
1,7,4,35,0.139000
1,7,4,36,0.137750
1,7,4,37,0.139708
1,7,4,38,0.138667
1,7,4,39,0.138417
1,7,4,40,0.138250
1,7,4,41,0.139667
1,7,4,42,0.139125
1,7,3,0,0.140625
1,7,3,1,0.140333
1,7,3,2,0.139125
1,7,3,3,0.138042
1,7,3,4,0.138375
1,7,3,5,0.141750
1,7,3,6,0.139958
1,7,3,7,0.138500
1,7,3,8,0.139125
1,7,3,9,0.142083
1,7,3,10,0.141500
1,7,3,11,0.148083
1,7,3,12,0.186375
1,7,3,13,0.146208
1,7,3,14,0.140125
1,7,3,15,0.139875
1,7,3,16,0.141500
1,7,3,17,0.185500
1,7,3,18,0.144625
1,7,3,19,0.139583
1,7,3,20,0.139125
1,7,3,21,0.138542
1,7,3,22,0.139000
1,7,3,23,0.140833
1,7,3,24,0.138500
1,7,3,25,0.138625
1,7,3,26,0.138583
1,7,3,27,0.138500
1,7,3,28,0.138625
1,7,3,29,0.138167
1,7,3,30,0.138708
1,7,3,31,0.138667
1,7,3,32,0.138417
1,7,3,33,0.138500
1,7,3,34,0.138667
1,7,3,35,0.138125
1,7,3,36,0.140125
1,7,3,37,0.140792
1,7,3,38,0.139958
1,7,3,39,0.140625
1,7,3,40,0.138917
1,7,3,41,0.139042
1,7,3,42,0.138625
1,7,2,0,0.248667
1,7,2,1,0.247417
1,7,2,2,0.248125
1,7,2,3,0.248167
1,7,2,4,0.247542
1,7,2,5,0.247708
1,7,2,6,0.247250
1,7,2,7,0.247875
1,7,2,8,0.248250
1,7,2,9,0.247125
1,7,2,10,0.247542
1,7,2,11,0.247792
1,7,2,12,0.248125
1,7,2,13,0.247667
1,7,2,14,0.248375
1,7,2,15,0.248042
1,7,2,16,0.247667
1,7,2,17,0.248958
1,7,2,18,0.248000
1,7,2,19,0.249292
1,7,2,20,0.246875
1,7,2,21,0.248792
1,7,2,22,0.247125
1,7,2,23,0.247958
1,7,2,24,0.248792
1,7,2,25,0.248042
1,7,2,26,0.247792
1,7,2,27,0.248625
1,7,2,28,0.248083
1,7,2,29,0.248750
1,7,2,30,0.246833
1,7,2,31,0.248042
1,7,2,32,0.247708
1,7,2,33,0.248083
1,7,2,34,0.247125
1,7,2,35,0.249167
1,7,2,36,0.246625
1,7,2,37,0.249625
1,7,2,38,0.247958
1,7,2,39,0.248542
1,7,2,40,0.248208
1,7,2,41,0.247833
1,7,2,42,0.248125
1,7,0,0,0.248417
1,7,0,1,0.249917
1,7,0,2,0.247542
1,7,0,3,0.248125
1,7,0,4,0.248458
1,7,0,5,0.248458
1,7,0,6,0.248417
1,7,0,7,0.248250
1,7,0,8,0.248500
1,7,0,9,0.248000
1,7,0,10,0.248042
1,7,0,11,0.247833
1,7,0,12,0.248167
1,7,0,13,0.246875
1,7,0,14,0.249000
1,7,0,15,0.247458
1,7,0,16,0.247250
1,7,0,17,0.248500
1,7,0,18,0.246625
1,7,0,19,0.248625
1,7,0,20,0.248250
1,7,0,21,0.249333
1,7,0,22,0.247542
1,7,0,23,0.247500
1,7,0,24,0.248625
1,7,0,25,0.247125
1,7,0,26,0.248042
1,7,0,27,0.249250
1,7,0,28,0.248875
1,7,0,29,0.248875
1,7,0,30,0.248125
1,7,0,31,0.249208
1,7,0,32,0.248625
1,7,0,33,0.247958
1,7,0,34,0.247625
1,7,0,35,0.248500
1,7,0,36,0.248875
1,7,0,37,0.248125
1,7,0,38,0.247250
1,7,0,39,0.248250
1,7,0,40,0.248708
1,7,0,41,0.250208
1,7,0,42,0.247875
1,8,0,0,0.249500
1,8,0,1,0.248750
1,8,0,2,0.249500
1,8,0,3,0.248333
1,8,0,4,0.247875
1,8,0,5,0.248708
1,8,0,6,0.248708
1,8,0,7,0.247667
1,8,0,8,0.247958
1,8,0,9,0.248458
1,8,0,10,0.248667
1,8,0,11,0.248125
1,8,0,12,0.246750
1,8,0,13,0.247667
1,8,0,14,0.248750
1,8,0,15,0.247708
1,8,0,16,0.247875
1,8,0,17,0.249125
1,8,0,18,0.247917
1,8,0,19,0.247375
1,8,0,20,0.248000
1,8,0,21,0.248208
1,8,0,22,0.247875
1,8,0,23,0.247792
1,8,0,24,0.247500
1,8,0,25,0.247208
1,8,0,26,0.246583
1,8,0,27,0.248750
1,8,0,28,0.247500
1,8,0,29,0.247625
1,8,0,30,0.248542
1,8,0,31,0.246750
1,8,0,32,0.248167
1,8,0,33,0.247792
1,8,0,34,0.248042
1,8,0,35,0.248250
1,8,0,36,0.247667
1,8,0,37,0.248583
1,8,0,38,0.247542
1,8,0,39,0.248625
1,8,0,40,0.249125
1,8,0,41,0.248167
1,8,0,42,0.248000
1,8,2,0,0.250625
1,8,2,1,0.246250
1,8,2,2,0.247875
1,8,2,3,0.249375
1,8,2,4,0.248583
1,8,2,5,0.248125
1,8,2,6,0.248750
1,8,2,7,0.250500
1,8,2,8,0.249375
1,8,2,9,0.246625
1,8,2,10,0.247250
1,8,2,11,0.248500
1,8,2,12,0.247500
1,8,2,13,0.248208
1,8,2,14,0.246917
1,8,2,15,0.248042
1,8,2,16,0.247750
1,8,2,17,0.247000
1,8,2,18,0.248542
1,8,2,19,0.247625
1,8,2,20,0.248000
1,8,2,21,0.249083
1,8,2,22,0.247833
1,8,2,23,0.248792
1,8,2,24,0.248500
1,8,2,25,0.249333
1,8,2,26,0.246875
1,8,2,27,0.248000
1,8,2,28,0.248167
1,8,2,29,0.248125
1,8,2,30,0.248333
1,8,2,31,0.247542
1,8,2,32,0.248708
1,8,2,33,0.247375
1,8,2,34,0.247042
1,8,2,35,0.248125
1,8,2,36,0.249083
1,8,2,37,0.248625
1,8,2,38,0.246875
1,8,2,39,0.247875
1,8,2,40,0.247583
1,8,2,41,0.248875
1,8,2,42,0.247000
1,8,3,0,0.139125
1,8,3,1,0.138333
1,8,3,2,0.138000
1,8,3,3,0.138167
1,8,3,4,0.138792
1,8,3,5,0.138500
1,8,3,6,0.138000
1,8,3,7,0.137958
1,8,3,8,0.138625
1,8,3,9,0.138375
1,8,3,10,0.138500
1,8,3,11,0.137750
1,8,3,12,0.137958
1,8,3,13,0.137958
1,8,3,14,0.138292
1,8,3,15,0.138458
1,8,3,16,0.138500
1,8,3,17,0.138500
1,8,3,18,0.138333
1,8,3,19,0.138458
1,8,3,20,0.140375
1,8,3,21,0.138958
1,8,3,22,0.137875
1,8,3,23,0.138250
1,8,3,24,0.138417
1,8,3,25,0.138500
1,8,3,26,0.140125
1,8,3,27,0.139875
1,8,3,28,0.139250
1,8,3,29,0.139792
1,8,3,30,0.139292
1,8,3,31,0.138375
1,8,3,32,0.137875
1,8,3,33,0.138292
1,8,3,34,0.138667
1,8,3,35,0.139250
1,8,3,36,0.138042
1,8,3,37,0.137750
1,8,3,38,0.137792
1,8,3,39,0.137750
1,8,3,40,0.138125
1,8,3,41,0.138917
1,8,3,42,0.138417
1,8,4,0,0.138458
1,8,4,1,0.138292
1,8,4,2,0.138292
1,8,4,3,0.137958
1,8,4,4,0.138625
1,8,4,5,0.138375
1,8,4,6,0.138875
1,8,4,7,0.138083
1,8,4,8,0.137792
1,8,4,9,0.137792
1,8,4,10,0.138250
1,8,4,11,0.138208
1,8,4,12,0.138292
1,8,4,13,0.137958
1,8,4,14,0.137875
1,8,4,15,0.138875
1,8,4,16,0.140292
1,8,4,17,0.138833
1,8,4,18,0.138750
1,8,4,19,0.139250
1,8,4,20,0.139000
1,8,4,21,0.140125
1,8,4,22,0.140542
1,8,4,23,0.175833
1,8,4,24,0.159208
1,8,4,25,0.141750
1,8,4,26,0.138917
1,8,4,27,0.140000
1,8,4,28,0.140750
1,8,4,29,0.185250
1,8,4,30,0.144292
1,8,4,31,0.138667
1,8,4,32,0.138375
1,8,4,33,0.138125
1,8,4,34,0.138625
1,8,4,35,0.138125
1,8,4,36,0.139792
1,8,4,37,0.140250
1,8,4,38,0.139333
1,8,4,39,0.140000
1,8,4,40,0.139375
1,8,4,41,0.139083
1,8,4,42,0.138250
1,9,2,0,0.249375
1,9,2,1,0.248667
1,9,2,2,0.247833
1,9,2,3,0.248333
1,9,2,4,0.248250
1,9,2,5,0.249375
1,9,2,6,0.247583
1,9,2,7,0.248500
1,9,2,8,0.248750
1,9,2,9,0.247875
1,9,2,10,0.248583
1,9,2,11,0.249750
1,9,2,12,0.248542
1,9,2,13,0.248042
1,9,2,14,0.249625
1,9,2,15,0.247750
1,9,2,16,0.247250
1,9,2,17,0.248208
1,9,2,18,0.248875
1,9,2,19,0.250083
1,9,2,20,0.247750
1,9,2,21,0.248000
1,9,2,22,0.247250
1,9,2,23,0.247458
1,9,2,24,0.246125
1,9,2,25,0.247875
1,9,2,26,0.246750
1,9,2,27,0.248333
1,9,2,28,0.249250
1,9,2,29,0.248208
1,9,2,30,0.248958
1,9,2,31,0.248792
1,9,2,32,0.247625
1,9,2,33,0.247333
1,9,2,34,0.248292
1,9,2,35,0.248583
1,9,2,36,0.248917
1,9,2,37,0.255625
1,9,2,38,0.248667
1,9,2,39,0.247875
1,9,2,40,0.249458
1,9,2,41,0.249000
1,9,2,42,0.249042
1,9,3,0,0.138500
1,9,3,1,0.137958
1,9,3,2,0.138042
1,9,3,3,0.137667
1,9,3,4,0.139292
1,9,3,5,0.138250
1,9,3,6,0.138333
1,9,3,7,0.138500
1,9,3,8,0.138250
1,9,3,9,0.138958
1,9,3,10,0.138583
1,9,3,11,0.140292
1,9,3,12,0.138500
1,9,3,13,0.138667
1,9,3,14,0.139000
1,9,3,15,0.138875
1,9,3,16,0.138625
1,9,3,17,0.138292
1,9,3,18,0.138500
1,9,3,19,0.138750
1,9,3,20,0.138500
1,9,3,21,0.138250
1,9,3,22,0.137875
1,9,3,23,0.138667
1,9,3,24,0.138125
1,9,3,25,0.140500
1,9,3,26,0.138583
1,9,3,27,0.138625
1,9,3,28,0.138833
1,9,3,29,0.137875
1,9,3,30,0.138375
1,9,3,31,0.138125
1,9,3,32,0.138500
1,9,3,33,0.138500
1,9,3,34,0.138417
1,9,3,35,0.137875
1,9,3,36,0.138208
1,9,3,37,0.138958
1,9,3,38,0.139875
1,9,3,39,0.139625
1,9,3,40,0.139208
1,9,3,41,0.140125
1,9,3,42,0.140750
1,9,4,0,0.140250
1,9,4,1,0.140667
1,9,4,2,0.139333
1,9,4,3,0.137833
1,9,4,4,0.139875
1,9,4,5,0.138625
1,9,4,6,0.138125
1,9,4,7,0.137750
1,9,4,8,0.137625
1,9,4,9,0.137875
1,9,4,10,0.138125
1,9,4,11,0.138083
1,9,4,12,0.137375
1,9,4,13,0.137875
1,9,4,14,0.138625
1,9,4,15,0.138583
1,9,4,16,0.137667
1,9,4,17,0.137708
1,9,4,18,0.138125
1,9,4,19,0.138750
1,9,4,20,0.138250
1,9,4,21,0.138708
1,9,4,22,0.138375
1,9,4,23,0.138583
1,9,4,24,0.138208
1,9,4,25,0.138667
1,9,4,26,0.138625
1,9,4,27,0.138125
1,9,4,28,0.138000
1,9,4,29,0.138417
1,9,4,30,0.138875
1,9,4,31,0.138667
1,9,4,32,0.137542
1,9,4,33,0.138500
1,9,4,34,0.138750
1,9,4,35,0.139583
1,9,4,36,0.138250
1,9,4,37,0.137875
1,9,4,38,0.138833
1,9,4,39,0.138417
1,9,4,40,0.138375
1,9,4,41,0.138875
1,9,4,42,0.138542
1,9,0,0,0.250667
1,9,0,1,0.249750
1,9,0,2,0.248542
1,9,0,3,0.249875
1,9,0,4,0.250500
1,9,0,5,0.248208
1,9,0,6,0.247833
1,9,0,7,0.253958
1,9,0,8,0.253750
1,9,0,9,0.248875
1,9,0,10,0.248708
1,9,0,11,0.249625
1,9,0,12,0.248083
1,9,0,13,0.248792
1,9,0,14,0.248500
1,9,0,15,0.248917
1,9,0,16,0.248208
1,9,0,17,0.248500
1,9,0,18,0.248417
1,9,0,19,0.248458
1,9,0,20,0.247833
1,9,0,21,0.247625
1,9,0,22,0.248125
1,9,0,23,0.248917
1,9,0,24,0.248250
1,9,0,25,0.246875
1,9,0,26,0.248208
1,9,0,27,0.248625
1,9,0,28,0.249250
1,9,0,29,0.247708
1,9,0,30,0.248292
1,9,0,31,0.248375
1,9,0,32,0.247500
1,9,0,33,0.248125
1,9,0,34,0.248250
1,9,0,35,0.247750
1,9,0,36,0.247625
1,9,0,37,0.248750
1,9,0,38,0.247625
1,9,0,39,0.249875
1,9,0,40,0.249125
1,9,0,41,0.248750
1,9,0,42,0.248500
1,10,3,0,0.142667
1,10,3,1,0.140792
1,10,3,2,0.140083
1,10,3,3,0.140250
1,10,3,4,0.141375
1,10,3,5,0.141250
1,10,3,6,0.139792
1,10,3,7,0.140083
1,10,3,8,0.139667
1,10,3,9,0.138958
1,10,3,10,0.139333
1,10,3,11,0.139792
1,10,3,12,0.138750
1,10,3,13,0.138125
1,10,3,14,0.138500
1,10,3,15,0.138792
1,10,3,16,0.138000
1,10,3,17,0.138125
1,10,3,18,0.138083
1,10,3,19,0.138542
1,10,3,20,0.137708
1,10,3,21,0.137875
1,10,3,22,0.137792
1,10,3,23,0.138625
1,10,3,24,0.138000
1,10,3,25,0.138333
1,10,3,26,0.138375
1,10,3,27,0.138042
1,10,3,28,0.138375
1,10,3,29,0.138125
1,10,3,30,0.138000
1,10,3,31,0.138042
1,10,3,32,0.138250
1,10,3,33,0.138167
1,10,3,34,0.138917
1,10,3,35,0.138125
1,10,3,36,0.137667
1,10,3,37,0.138458
1,10,3,38,0.138458
1,10,3,39,0.137875
1,10,3,40,0.138250
1,10,3,41,0.138625
1,10,3,42,0.138250
1,10,4,0,0.139000
1,10,4,1,0.138292
1,10,4,2,0.138125
1,10,4,3,0.138458
1,10,4,4,0.138458
1,10,4,5,0.138000
1,10,4,6,0.138125
1,10,4,7,0.140250
1,10,4,8,0.139667
1,10,4,9,0.139042
1,10,4,10,0.139750
1,10,4,11,0.139958
1,10,4,12,0.139375
1,10,4,13,0.141792
1,10,4,14,0.141333
1,10,4,15,0.139250
1,10,4,16,0.140375
1,10,4,17,0.139750
1,10,4,18,0.139000
1,10,4,19,0.138833
1,10,4,20,0.138292
1,10,4,21,0.138042
1,10,4,22,0.138125
1,10,4,23,0.139375
1,10,4,24,0.137833
1,10,4,25,0.138000
1,10,4,26,0.137875
1,10,4,27,0.138375
1,10,4,28,0.138292
1,10,4,29,0.137750
1,10,4,30,0.138458
1,10,4,31,0.137750
1,10,4,32,0.138208
1,10,4,33,0.138250
1,10,4,34,0.142083
1,10,4,35,0.138375
1,10,4,36,0.139083
1,10,4,37,0.141292
1,10,4,38,0.138375
1,10,4,39,0.137958
1,10,4,40,0.137833
1,10,4,41,0.140833
1,10,4,42,0.139083
1,10,0,0,0.248792
1,10,0,1,0.248375
1,10,0,2,0.247250
1,10,0,3,0.250375
1,10,0,4,0.247292
1,10,0,5,0.247917
1,10,0,6,0.249625
1,10,0,7,0.249250
1,10,0,8,0.248917
1,10,0,9,0.248000
1,10,0,10,0.248667
1,10,0,11,0.250000
1,10,0,12,0.249417
1,10,0,13,0.249583
1,10,0,14,0.250625
1,10,0,15,0.248042
1,10,0,16,0.248750
1,10,0,17,0.248292
1,10,0,18,0.249875
1,10,0,19,0.250625
1,10,0,20,0.248333
1,10,0,21,0.248083
1,10,0,22,0.247833
1,10,0,23,0.247250
1,10,0,24,0.248750
1,10,0,25,0.247500
1,10,0,26,0.248625
1,10,0,27,0.249125
1,10,0,28,0.247875
1,10,0,29,0.248000
1,10,0,30,0.246917
1,10,0,31,0.249250
1,10,0,32,0.249417
1,10,0,33,0.248833
1,10,0,34,0.248458
1,10,0,35,0.249417
1,10,0,36,0.249000
1,10,0,37,0.249000
1,10,0,38,0.248750
1,10,0,39,0.248375
1,10,0,40,0.247875
1,10,0,41,0.249125
1,10,0,42,0.248375
1,10,2,0,0.249583
1,10,2,1,0.248792
1,10,2,2,0.247750
1,10,2,3,0.247292
1,10,2,4,0.247500
1,10,2,5,0.248625
1,10,2,6,0.249292
1,10,2,7,0.248458
1,10,2,8,0.247750
1,10,2,9,0.248875
1,10,2,10,0.258375
1,10,2,11,0.249125
1,10,2,12,0.248000
1,10,2,13,0.248250
1,10,2,14,0.249250
1,10,2,15,0.249000
1,10,2,16,0.248875
1,10,2,17,0.250000
1,10,2,18,0.247583
1,10,2,19,0.248375
1,10,2,20,0.249083
1,10,2,21,0.250000
1,10,2,22,0.248000
1,10,2,23,0.248500
1,10,2,24,0.248125
1,10,2,25,0.247833
1,10,2,26,0.246833
1,10,2,27,0.249125
1,10,2,28,0.249083
1,10,2,29,0.247750
1,10,2,30,0.247792
1,10,2,31,0.247750
1,10,2,32,0.249292
1,10,2,33,0.248375
1,10,2,34,0.248000
1,10,2,35,0.248458
1,10,2,36,0.248000
1,10,2,37,0.248875
1,10,2,38,0.247625
1,10,2,39,0.248625
1,10,2,40,0.249375
1,10,2,41,0.248750
1,10,2,42,0.249250
1,11,4,0,0.138667
1,11,4,1,0.137458
1,11,4,2,0.139250
1,11,4,3,0.137625
1,11,4,4,0.140042
1,11,4,5,0.140208
1,11,4,6,0.139500
1,11,4,7,0.139917
1,11,4,8,0.137250
1,11,4,9,0.137500
1,11,4,10,0.137542
1,11,4,11,0.138250
1,11,4,12,0.137625
1,11,4,13,0.137833
1,11,4,14,0.137375
1,11,4,15,0.139000
1,11,4,16,0.137583
1,11,4,17,0.137625
1,11,4,18,0.136875
1,11,4,19,0.137500
1,11,4,20,0.137500
1,11,4,21,0.138042
1,11,4,22,0.137708
1,11,4,23,0.137667
1,11,4,24,0.137000
1,11,4,25,0.137375
1,11,4,26,0.137583
1,11,4,27,0.137250
1,11,4,28,0.137167
1,11,4,29,0.136833
1,11,4,30,0.138458
1,11,4,31,0.137250
1,11,4,32,0.136583
1,11,4,33,0.137333
1,11,4,34,0.137625
1,11,4,35,0.137083
1,11,4,36,0.136792
1,11,4,37,0.137375
1,11,4,38,0.136625
1,11,4,39,0.137000
1,11,4,40,0.137167
1,11,4,41,0.137333
1,11,4,42,0.136750
1,11,0,0,0.249500
1,11,0,1,0.248750
1,11,0,2,0.248667
1,11,0,3,0.247625
1,11,0,4,0.248292
1,11,0,5,0.248125
1,11,0,6,0.249042
1,11,0,7,0.248375
1,11,0,8,0.248750
1,11,0,9,0.249167
1,11,0,10,0.249917
1,11,0,11,0.247375
1,11,0,12,0.246250
1,11,0,13,0.247000
1,11,0,14,0.248958
1,11,0,15,0.248375
1,11,0,16,0.248375
1,11,0,17,0.249000
1,11,0,18,0.247750
1,11,0,19,0.248583
1,11,0,20,0.247000
1,11,0,21,0.247875
1,11,0,22,0.249458
1,11,0,23,0.248875
1,11,0,24,0.248792
1,11,0,25,0.247583
1,11,0,26,0.248000
1,11,0,27,0.249417
1,11,0,28,0.248458
1,11,0,29,0.247958
1,11,0,30,0.246917
1,11,0,31,0.248708
1,11,0,32,0.248500
1,11,0,33,0.248542
1,11,0,34,0.247875
1,11,0,35,0.248417
1,11,0,36,0.247333
1,11,0,37,0.248083
1,11,0,38,0.248083
1,11,0,39,0.247542
1,11,0,40,0.247875
1,11,0,41,0.249333
1,11,0,42,0.248750
1,11,2,0,0.249000
1,11,2,1,0.248750
1,11,2,2,0.249250
1,11,2,3,0.249500
1,11,2,4,0.248500
1,11,2,5,0.248417
1,11,2,6,0.253875
1,11,2,7,0.249250
1,11,2,8,0.249000
1,11,2,9,0.248542
1,11,2,10,0.248875
1,11,2,11,0.248750
1,11,2,12,0.247542
1,11,2,13,0.247833
1,11,2,14,0.248458
1,11,2,15,0.247458
1,11,2,16,0.248917
1,11,2,17,0.247875
1,11,2,18,0.248500
1,11,2,19,0.249167
1,11,2,20,0.246875
1,11,2,21,0.248000
1,11,2,22,0.248042
1,11,2,23,0.247750
1,11,2,24,0.249083
1,11,2,25,0.246958
1,11,2,26,0.247625
1,11,2,27,0.249083
1,11,2,28,0.248625
1,11,2,29,0.247625
1,11,2,30,0.247542
1,11,2,31,0.247917
1,11,2,32,0.247875
1,11,2,33,0.248875
1,11,2,34,0.247833
1,11,2,35,0.248500
1,11,2,36,0.247875
1,11,2,37,0.248875
1,11,2,38,0.247375
1,11,2,39,0.248500
1,11,2,40,0.247958
1,11,2,41,0.249208
1,11,2,42,0.248375
1,11,3,0,0.138875
1,11,3,1,0.138458
1,11,3,2,0.138333
1,11,3,3,0.137917
1,11,3,4,0.137875
1,11,3,5,0.137500
1,11,3,6,0.138125
1,11,3,7,0.139625
1,11,3,8,0.137875
1,11,3,9,0.138042
1,11,3,10,0.137833
1,11,3,11,0.138042
1,11,3,12,0.137875
1,11,3,13,0.138125
1,11,3,14,0.138125
1,11,3,15,0.138750
1,11,3,16,0.138500
1,11,3,17,0.138500
1,11,3,18,0.137875
1,11,3,19,0.138583
1,11,3,20,0.138292
1,11,3,21,0.138167
1,11,3,22,0.140250
1,11,3,23,0.140625
1,11,3,24,0.140167
1,11,3,25,0.139583
1,11,3,26,0.139125
1,11,3,27,0.139125
1,11,3,28,0.139417
1,11,3,29,0.139250
1,11,3,30,0.138875
1,11,3,31,0.138458
1,11,3,32,0.140208
1,11,3,33,0.139542
1,11,3,34,0.139000
1,11,3,35,0.138875
1,11,3,36,0.139208
1,11,3,37,0.139583
1,11,3,38,0.139250
1,11,3,39,0.140958
1,11,3,40,0.138333
1,11,3,41,0.137750
1,11,3,42,0.137375
1,12,0,0,0.250375
1,12,0,1,0.250292
1,12,0,2,0.248875
1,12,0,3,0.248042
1,12,0,4,0.248167
1,12,0,5,0.247958
1,12,0,6,0.247208
1,12,0,7,0.249000
1,12,0,8,0.249250
1,12,0,9,0.253083
1,12,0,10,0.252000
1,12,0,11,0.251750
1,12,0,12,0.248000
1,12,0,13,0.248458
1,12,0,14,0.251375
1,12,0,15,0.249500
1,12,0,16,0.248167
1,12,0,17,0.247958
1,12,0,18,0.247125
1,12,0,19,0.247750
1,12,0,20,0.247958
1,12,0,21,0.249542
1,12,0,22,0.249125
1,12,0,23,0.249167
1,12,0,24,0.248792
1,12,0,25,0.248375
1,12,0,26,0.248125
1,12,0,27,0.249750
1,12,0,28,0.248500
1,12,0,29,0.248458
1,12,0,30,0.246917
1,12,0,31,0.249125
1,12,0,32,0.248000
1,12,0,33,0.249250
1,12,0,34,0.249250
1,12,0,35,0.249542
1,12,0,36,0.247542
1,12,0,37,0.248375
1,12,0,38,0.248042
1,12,0,39,0.248625
1,12,0,40,0.249500
1,12,0,41,0.251125
1,12,0,42,0.250083
1,12,4,0,0.139792
1,12,4,1,0.141125
1,12,4,2,0.141125
1,12,4,3,0.140250
1,12,4,4,0.141625
1,12,4,5,0.141500
1,12,4,6,0.141750
1,12,4,7,0.140750
1,12,4,8,0.141250
1,12,4,9,0.140708
1,12,4,10,0.139542
1,12,4,11,0.140292
1,12,4,12,0.138792
1,12,4,13,0.139167
1,12,4,14,0.139292
1,12,4,15,0.139667
1,12,4,16,0.138458
1,12,4,17,0.139083
1,12,4,18,0.138625
1,12,4,19,0.139250
1,12,4,20,0.139000
1,12,4,21,0.139292
1,12,4,22,0.139500
1,12,4,23,0.139542
1,12,4,24,0.138750
1,12,4,25,0.139375
1,12,4,26,0.139208
1,12,4,27,0.139000
1,12,4,28,0.139375
1,12,4,29,0.138625
1,12,4,30,0.139250
1,12,4,31,0.138708
1,12,4,32,0.139000
1,12,4,33,0.140125
1,12,4,34,0.140000
1,12,4,35,0.138750
1,12,4,36,0.138583
1,12,4,37,0.138750
1,12,4,38,0.138500
1,12,4,39,0.138250
1,12,4,40,0.138083
1,12,4,41,0.139125
1,12,4,42,0.138375
1,12,3,0,0.138250
1,12,3,1,0.137792
1,12,3,2,0.137708
1,12,3,3,0.137625
1,12,3,4,0.138708
1,12,3,5,0.137875
1,12,3,6,0.137500
1,12,3,7,0.138000
1,12,3,8,0.137875
1,12,3,9,0.137583
1,12,3,10,0.138875
1,12,3,11,0.140875
1,12,3,12,0.139292
1,12,3,13,0.139417
1,12,3,14,0.139375
1,12,3,15,0.140667
1,12,3,16,0.141250
1,12,3,17,0.140750
1,12,3,18,0.139458
1,12,3,19,0.138750
1,12,3,20,0.139083
1,12,3,21,0.139000
1,12,3,22,0.137833
1,12,3,23,0.137833
1,12,3,24,0.138000
1,12,3,25,0.137958
1,12,3,26,0.137833
1,12,3,27,0.137792
1,12,3,28,0.137750
1,12,3,29,0.136958
1,12,3,30,0.137875
1,12,3,31,0.137750
1,12,3,32,0.137375
1,12,3,33,0.137708
1,12,3,34,0.138375
1,12,3,35,0.138042
1,12,3,36,0.137708
1,12,3,37,0.138500
1,12,3,38,0.138250
1,12,3,39,0.137417
1,12,3,40,0.137458
1,12,3,41,0.138625
1,12,3,42,0.138125
1,12,2,0,0.250167
1,12,2,1,0.249458
1,12,2,2,0.248375
1,12,2,3,0.250125
1,12,2,4,0.248250
1,12,2,5,0.247375
1,12,2,6,0.248667
1,12,2,7,0.248708
1,12,2,8,0.248500
1,12,2,9,0.247042
1,12,2,10,0.247750
1,12,2,11,0.248250
1,12,2,12,0.247875
1,12,2,13,0.247667
1,12,2,14,0.249750
1,12,2,15,0.247667
1,12,2,16,0.247750
1,12,2,17,0.248833
1,12,2,18,0.247750
1,12,2,19,0.248750
1,12,2,20,0.248333
1,12,2,21,0.249000
1,12,2,22,0.247708
1,12,2,23,0.247875
1,12,2,24,0.248833
1,12,2,25,0.248125
1,12,2,26,0.247625
1,12,2,27,0.248875
1,12,2,28,0.247500
1,12,2,29,0.247375
1,12,2,30,0.248625
1,12,2,31,0.248375
1,12,2,32,0.248375
1,12,2,33,0.248417
1,12,2,34,0.248292
1,12,2,35,0.248292
1,12,2,36,0.247625
1,12,2,37,0.247750
1,12,2,38,0.248250
1,12,2,39,0.247750
1,12,2,40,0.248917
1,12,2,41,0.249667
1,12,2,42,0.249125
1,13,2,0,0.249125
1,13,2,1,0.249125
1,13,2,2,0.248458
1,13,2,3,0.248500
1,13,2,4,0.248167
1,13,2,5,0.248125
1,13,2,6,0.248625
1,13,2,7,0.248750
1,13,2,8,0.249167
1,13,2,9,0.248500
1,13,2,10,0.248958
1,13,2,11,0.249208
1,13,2,12,0.249500
1,13,2,13,0.248250
1,13,2,14,0.248292
1,13,2,15,0.249167
1,13,2,16,0.248000
1,13,2,17,0.248375
1,13,2,18,0.248000
1,13,2,19,0.249375
1,13,2,20,0.246000
1,13,2,21,0.248125
1,13,2,22,0.247833
1,13,2,23,0.249500
1,13,2,24,0.248417
1,13,2,25,0.247000
1,13,2,26,0.247958
1,13,2,27,0.250875
1,13,2,28,0.248917
1,13,2,29,0.248708
1,13,2,30,0.247625
1,13,2,31,0.249833
1,13,2,32,0.249333
1,13,2,33,0.248125
1,13,2,34,0.247875
1,13,2,35,0.249042
1,13,2,36,0.248083
1,13,2,37,0.248333
1,13,2,38,0.247250
1,13,2,39,0.247750
1,13,2,40,0.247167
1,13,2,41,0.248792
1,13,2,42,0.248083
1,13,0,0,0.248958
1,13,0,1,0.247625
1,13,0,2,0.249125
1,13,0,3,0.247750
1,13,0,4,0.248125
1,13,0,5,0.248625
1,13,0,6,0.248250
1,13,0,7,0.248167
1,13,0,8,0.249500
1,13,0,9,0.248750
1,13,0,10,0.248625
1,13,0,11,0.248542
1,13,0,12,0.248792
1,13,0,13,0.247250
1,13,0,14,0.248875
1,13,0,15,0.249375
1,13,0,16,0.247708
1,13,0,17,0.247500
1,13,0,18,0.249875
1,13,0,19,0.249125
1,13,0,20,0.247750
1,13,0,21,0.249250
1,13,0,22,0.248125
1,13,0,23,0.247083
1,13,0,24,0.247750
1,13,0,25,0.252125
1,13,0,26,0.248125
1,13,0,27,0.271417
1,13,0,28,0.248625
1,13,0,29,0.247875
1,13,0,30,0.247500
1,13,0,31,0.247750
1,13,0,32,0.247125
1,13,0,33,0.248583
1,13,0,34,0.249000
1,13,0,35,0.248417
1,13,0,36,0.247875
1,13,0,37,0.248250
1,13,0,38,0.248125
1,13,0,39,0.246667
1,13,0,40,0.249583
1,13,0,41,0.250500
1,13,0,42,0.247875
1,13,4,0,0.140042
1,13,4,1,0.139375
1,13,4,2,0.140250
1,13,4,3,0.139750
1,13,4,4,0.141333
1,13,4,5,0.138750
1,13,4,6,0.138708
1,13,4,7,0.138625
1,13,4,8,0.138375
1,13,4,9,0.139250
1,13,4,10,0.141125
1,13,4,11,0.176000
1,13,4,12,0.157833
1,13,4,13,0.142625
1,13,4,14,0.139708
1,13,4,15,0.138875
1,13,4,16,0.140583
1,13,4,17,0.185625
1,13,4,18,0.143167
1,13,4,19,0.139333
1,13,4,20,0.138625
1,13,4,21,0.138375
1,13,4,22,0.138042
1,13,4,23,0.138500
1,13,4,24,0.137708
1,13,4,25,0.137542
1,13,4,26,0.138333
1,13,4,27,0.138125
1,13,4,28,0.137792
1,13,4,29,0.137708
1,13,4,30,0.138417
1,13,4,31,0.138000
1,13,4,32,0.137750
1,13,4,33,0.138208
1,13,4,34,0.138292
1,13,4,35,0.138125
1,13,4,36,0.137958
1,13,4,37,0.139083
1,13,4,38,0.141542
1,13,4,39,0.142625
1,13,4,40,0.140792
1,13,4,41,0.141667
1,13,4,42,0.141875
1,13,3,0,0.141125
1,13,3,1,0.140792
1,13,3,2,0.141500
1,13,3,3,0.138750
1,13,3,4,0.138750
1,13,3,5,0.138000
1,13,3,6,0.138042
1,13,3,7,0.138667
1,13,3,8,0.137875
1,13,3,9,0.139625
1,13,3,10,0.139333
1,13,3,11,0.139875
1,13,3,12,0.139625
1,13,3,13,0.140833
1,13,3,14,0.140875
1,13,3,15,0.139375
1,13,3,16,0.138542
1,13,3,17,0.138250
1,13,3,18,0.140500
1,13,3,19,0.141042
1,13,3,20,0.142250
1,13,3,21,0.140292
1,13,3,22,0.141000
1,13,3,23,0.140333
1,13,3,24,0.139542
1,13,3,25,0.139750
1,13,3,26,0.138083
1,13,3,27,0.138125
1,13,3,28,0.138292
1,13,3,29,0.138125
1,13,3,30,0.137875
1,13,3,31,0.138583
1,13,3,32,0.137750
1,13,3,33,0.138125
1,13,3,34,0.138875
1,13,3,35,0.138208
1,13,3,36,0.138542
1,13,3,37,0.138458
1,13,3,38,0.139125
1,13,3,39,0.141208
1,13,3,40,0.138042
1,13,3,41,0.138625
1,13,3,42,0.138250
1,14,3,0,0.139500
1,14,3,1,0.138250
1,14,3,2,0.138375
1,14,3,3,0.137333
1,14,3,4,0.138250
1,14,3,5,0.138208
1,14,3,6,0.138333
1,14,3,7,0.139750
1,14,3,8,0.139042
1,14,3,9,0.140000
1,14,3,10,0.140458
1,14,3,11,0.139000
1,14,3,12,0.138000
1,14,3,13,0.138083
1,14,3,14,0.138208
1,14,3,15,0.138625
1,14,3,16,0.138250
1,14,3,17,0.138125
1,14,3,18,0.139875
1,14,3,19,0.140125
1,14,3,20,0.139625
1,14,3,21,0.139708
1,14,3,22,0.140250
1,14,3,23,0.143750
1,14,3,24,0.140625
1,14,3,25,0.138292
1,14,3,26,0.137833
1,14,3,27,0.138250
1,14,3,28,0.138917
1,14,3,29,0.138042
1,14,3,30,0.137750
1,14,3,31,0.137583
1,14,3,32,0.138000
1,14,3,33,0.137875
1,14,3,34,0.138375
1,14,3,35,0.138083
1,14,3,36,0.138083
1,14,3,37,0.137708
1,14,3,38,0.137875
1,14,3,39,0.137750
1,14,3,40,0.137708
1,14,3,41,0.138750
1,14,3,42,0.137875
1,14,2,0,0.249250
1,14,2,1,0.248833
1,14,2,2,0.249375
1,14,2,3,0.247625
1,14,2,4,0.248083
1,14,2,5,0.247375
1,14,2,6,0.249125
1,14,2,7,0.247917
1,14,2,8,0.248708
1,14,2,9,0.250125
1,14,2,10,0.249375
1,14,2,11,0.249375
1,14,2,12,0.248625
1,14,2,13,0.249125
1,14,2,14,0.249875
1,14,2,15,0.247333
1,14,2,16,0.249417
1,14,2,17,0.248333
1,14,2,18,0.248792
1,14,2,19,0.248750
1,14,2,20,0.248250
1,14,2,21,0.249042
1,14,2,22,0.245875
1,14,2,23,0.249750
1,14,2,24,0.249000
1,14,2,25,0.248833
1,14,2,26,0.247750
1,14,2,27,0.249708
1,14,2,28,0.249167
1,14,2,29,0.247750
1,14,2,30,0.247875
1,14,2,31,0.247750
1,14,2,32,0.250500
1,14,2,33,0.247750
1,14,2,34,0.248250
1,14,2,35,0.249042
1,14,2,36,0.247583
1,14,2,37,0.249500
1,14,2,38,0.248000
1,14,2,39,0.249000
1,14,2,40,0.248250
1,14,2,41,0.249625
1,14,2,42,0.248292
1,14,0,0,0.248250
1,14,0,1,0.248083
1,14,0,2,0.249042
1,14,0,3,0.248750
1,14,0,4,0.247833
1,14,0,5,0.248958
1,14,0,6,0.248000
1,14,0,7,0.248833
1,14,0,8,0.250458
1,14,0,9,0.249417
1,14,0,10,0.247583
1,14,0,11,0.248833
1,14,0,12,0.249333
1,14,0,13,0.248875
1,14,0,14,0.248458
1,14,0,15,0.249083
1,14,0,16,0.247833
1,14,0,17,0.246750
1,14,0,18,0.248333
1,14,0,19,0.249250
1,14,0,20,0.248583
1,14,0,21,0.249000
1,14,0,22,0.248083
1,14,0,23,0.248000
1,14,0,24,0.248875
1,14,0,25,0.248125
1,14,0,26,0.248250
1,14,0,27,0.248083
1,14,0,28,0.247750
1,14,0,29,0.248458
1,14,0,30,0.248750
1,14,0,31,0.248250
1,14,0,32,0.248042
1,14,0,33,0.247375
1,14,0,34,0.248333
1,14,0,35,0.247792
1,14,0,36,0.248125
1,14,0,37,0.249208
1,14,0,38,0.248625
1,14,0,39,0.249000
1,14,0,40,0.248625
1,14,0,41,0.249250
1,14,0,42,0.247833
1,14,4,0,0.138625
1,14,4,1,0.137958
1,14,4,2,0.138000
1,14,4,3,0.137375
1,14,4,4,0.138250
1,14,4,5,0.137458
1,14,4,6,0.137667
1,14,4,7,0.139792
1,14,4,8,0.139250
1,14,4,9,0.138500
1,14,4,10,0.138375
1,14,4,11,0.138625
1,14,4,12,0.138375
1,14,4,13,0.140583
1,14,4,14,0.140208
1,14,4,15,0.140708
1,14,4,16,0.140500
1,14,4,17,0.145375
1,14,4,18,0.140125
1,14,4,19,0.139250
1,14,4,20,0.138125
1,14,4,21,0.138458
1,14,4,22,0.139500
1,14,4,23,0.138917
1,14,4,24,0.137875
1,14,4,25,0.138042
1,14,4,26,0.138250
1,14,4,27,0.138292
1,14,4,28,0.137625
1,14,4,29,0.137792
1,14,4,30,0.137750
1,14,4,31,0.137875
1,14,4,32,0.138500
1,14,4,33,0.137625
1,14,4,34,0.137917
1,14,4,35,0.138500
1,14,4,36,0.138208
1,14,4,37,0.138250
1,14,4,38,0.138125
1,14,4,39,0.137875
1,14,4,40,0.138167
1,14,4,41,0.138417
1,14,4,42,0.138125
1,15,4,0,0.138625
1,15,4,1,0.137833
1,15,4,2,0.138000
1,15,4,3,0.137500
1,15,4,4,0.138208
1,15,4,5,0.138375
1,15,4,6,0.138500
1,15,4,7,0.138625
1,15,4,8,0.137750
1,15,4,9,0.138125
1,15,4,10,0.138250
1,15,4,11,0.138000
1,15,4,12,0.137875
1,15,4,13,0.137333
1,15,4,14,0.138375
1,15,4,15,0.139083
1,15,4,16,0.138000
1,15,4,17,0.137917
1,15,4,18,0.138125
1,15,4,19,0.138000
1,15,4,20,0.137875
1,15,4,21,0.138750
1,15,4,22,0.138000
1,15,4,23,0.140000
1,15,4,24,0.139250
1,15,4,25,0.139875
1,15,4,26,0.139708
1,15,4,27,0.138333
1,15,4,28,0.138125
1,15,4,29,0.137750
1,15,4,30,0.138375
1,15,4,31,0.138167
1,15,4,32,0.138750
1,15,4,33,0.138500
1,15,4,34,0.138000
1,15,4,35,0.138500
1,15,4,36,0.138292
1,15,4,37,0.140625
1,15,4,38,0.138583
1,15,4,39,0.137875
1,15,4,40,0.138375
1,15,4,41,0.138958
1,15,4,42,0.140708
1,15,3,0,0.157667
1,15,3,1,0.185000
1,15,3,2,0.143000
1,15,3,3,0.138500
1,15,3,4,0.139375
1,15,3,5,0.140042
1,15,3,6,0.187000
1,15,3,7,0.143083
1,15,3,8,0.138375
1,15,3,9,0.138375
1,15,3,10,0.138125
1,15,3,11,0.137750
1,15,3,12,0.137375
1,15,3,13,0.138125
1,15,3,14,0.138875
1,15,3,15,0.138417
1,15,3,16,0.137958
1,15,3,17,0.138292
1,15,3,18,0.138083
1,15,3,19,0.138500
1,15,3,20,0.138000
1,15,3,21,0.138125
1,15,3,22,0.137833
1,15,3,23,0.138042
1,15,3,24,0.137750
1,15,3,25,0.138250
1,15,3,26,0.138125
1,15,3,27,0.138292
1,15,3,28,0.138333
1,15,3,29,0.137625
1,15,3,30,0.138625
1,15,3,31,0.138500
1,15,3,32,0.139708
1,15,3,33,0.139625
1,15,3,34,0.139667
1,15,3,35,0.139667
1,15,3,36,0.139958
1,15,3,37,0.140917
1,15,3,38,0.138875
1,15,3,39,0.138167
1,15,3,40,0.139250
1,15,3,41,0.139875
1,15,3,42,0.138583
1,15,2,0,0.248958
1,15,2,1,0.248958
1,15,2,2,0.248958
1,15,2,3,0.249500
1,15,2,4,0.248250
1,15,2,5,0.248500
1,15,2,6,0.249750
1,15,2,7,0.249000
1,15,2,8,0.249000
1,15,2,9,0.248625
1,15,2,10,0.246667
1,15,2,11,0.248875
1,15,2,12,0.248917
1,15,2,13,0.247750
1,15,2,14,0.249125
1,15,2,15,0.248375
1,15,2,16,0.248875
1,15,2,17,0.247375
1,15,2,18,0.248500
1,15,2,19,0.249833
1,15,2,20,0.247125
1,15,2,21,0.248750
1,15,2,22,0.248833
1,15,2,23,0.247250
1,15,2,24,0.248083
1,15,2,25,0.248417
1,15,2,26,0.247708
1,15,2,27,0.248833
1,15,2,28,0.247375
1,15,2,29,0.248917
1,15,2,30,0.247042
1,15,2,31,0.247833
1,15,2,32,0.248458
1,15,2,33,0.247625
1,15,2,34,0.248750
1,15,2,35,0.248250
1,15,2,36,0.247625
1,15,2,37,0.248375
1,15,2,38,0.248625
1,15,2,39,0.248458
1,15,2,40,0.247875
1,15,2,41,0.248417
1,15,2,42,0.248500
1,15,0,0,0.249875
1,15,0,1,0.249042
1,15,0,2,0.248083
1,15,0,3,0.249125
1,15,0,4,0.249083
1,15,0,5,0.248583
1,15,0,6,0.248125
1,15,0,7,0.248750
1,15,0,8,0.249125
1,15,0,9,0.247792
1,15,0,10,0.248333
1,15,0,11,0.249500
1,15,0,12,0.248500
1,15,0,13,0.248625
1,15,0,14,0.249000
1,15,0,15,0.248917
1,15,0,16,0.248625
1,15,0,17,0.248625
1,15,0,18,0.248125
1,15,0,19,0.249375
1,15,0,20,0.247000
1,15,0,21,0.248917
1,15,0,22,0.248750
1,15,0,23,0.250375
1,15,0,24,0.249500
1,15,0,25,0.247542
1,15,0,26,0.248125
1,15,0,27,0.253000
1,15,0,28,0.249750
1,15,0,29,0.247375
1,15,0,30,0.248000
1,15,0,31,0.248417
1,15,0,32,0.248625
1,15,0,33,0.247875
1,15,0,34,0.248958
1,15,0,35,0.248292
1,15,0,36,0.247250
1,15,0,37,0.248750
1,15,0,38,0.248042
1,15,0,39,0.248417
1,15,0,40,0.249250
1,15,0,41,0.249250
1,15,0,42,0.249375
1,16,0,0,0.248917
1,16,0,1,0.249458
1,16,0,2,0.248333
1,16,0,3,0.247667
1,16,0,4,0.246333
1,16,0,5,0.248750
1,16,0,6,0.248417
1,16,0,7,0.249083
1,16,0,8,0.248000
1,16,0,9,0.247000
1,16,0,10,0.247583
1,16,0,11,0.249375
1,16,0,12,0.248625
1,16,0,13,0.248958
1,16,0,14,0.249667
1,16,0,15,0.248958
1,16,0,16,0.248625
1,16,0,17,0.247875
1,16,0,18,0.247500
1,16,0,19,0.248708
1,16,0,20,0.248125
1,16,0,21,0.248042
1,16,0,22,0.247875
1,16,0,23,0.248917
1,16,0,24,0.247167
1,16,0,25,0.247667
1,16,0,26,0.249833
1,16,0,27,0.248250
1,16,0,28,0.249000
1,16,0,29,0.246625
1,16,0,30,0.247417
1,16,0,31,0.247333
1,16,0,32,0.248375
1,16,0,33,0.247625
1,16,0,34,0.247625
1,16,0,35,0.248458
1,16,0,36,0.248333
1,16,0,37,0.248083
1,16,0,38,0.248375
1,16,0,39,0.248417
1,16,0,40,0.247292
1,16,0,41,0.249042
1,16,0,42,0.248125
1,16,2,0,0.248875
1,16,2,1,0.248542
1,16,2,2,0.248125
1,16,2,3,0.249583
1,16,2,4,0.249250
1,16,2,5,0.247958
1,16,2,6,0.247500
1,16,2,7,0.248458
1,16,2,8,0.248750
1,16,2,9,0.247625
1,16,2,10,0.249583
1,16,2,11,0.249000
1,16,2,12,0.248500
1,16,2,13,0.249208
1,16,2,14,0.247667
1,16,2,15,0.249375
1,16,2,16,0.256125
1,16,2,17,0.249500
1,16,2,18,0.246000
1,16,2,19,0.248917
1,16,2,20,0.247958
1,16,2,21,0.248625
1,16,2,22,0.248500
1,16,2,23,0.247625
1,16,2,24,0.248250
1,16,2,25,0.247583
1,16,2,26,0.248875
1,16,2,27,0.248875
1,16,2,28,0.248292
1,16,2,29,0.247792
1,16,2,30,0.249000
1,16,2,31,0.247625
1,16,2,32,0.248375
1,16,2,33,0.248542
1,16,2,34,0.247958
1,16,2,35,0.249333
1,16,2,36,0.262750
1,16,2,37,0.248000
1,16,2,38,0.247750
1,16,2,39,0.249208
1,16,2,40,0.247417
1,16,2,41,0.249292
1,16,2,42,0.247833
1,16,3,0,0.138958
1,16,3,1,0.138875
1,16,3,2,0.138500
1,16,3,3,0.137500
1,16,3,4,0.138333
1,16,3,5,0.138083
1,16,3,6,0.137958
1,16,3,7,0.137958
1,16,3,8,0.137625
1,16,3,9,0.138250
1,16,3,10,0.138375
1,16,3,11,0.138250
1,16,3,12,0.139625
1,16,3,13,0.139500
1,16,3,14,0.140500
1,16,3,15,0.140833
1,16,3,16,0.138750
1,16,3,17,0.138625
1,16,3,18,0.137958
1,16,3,19,0.138250
1,16,3,20,0.137875
1,16,3,21,0.138792
1,16,3,22,0.138292
1,16,3,23,0.138333
1,16,3,24,0.137875
1,16,3,25,0.138708
1,16,3,26,0.138500
1,16,3,27,0.138125
1,16,3,28,0.138167
1,16,3,29,0.137875
1,16,3,30,0.138333
1,16,3,31,0.137833
1,16,3,32,0.138167
1,16,3,33,0.138125
1,16,3,34,0.138625
1,16,3,35,0.138167
1,16,3,36,0.140250
1,16,3,37,0.140417
1,16,3,38,0.138750
1,16,3,39,0.138000
1,16,3,40,0.138500
1,16,3,41,0.139208
1,16,3,42,0.141208
1,16,4,0,0.186708
1,16,4,1,0.144208
1,16,4,2,0.138833
1,16,4,3,0.138000
1,16,4,4,0.140667
1,16,4,5,0.186167
1,16,4,6,0.143250
1,16,4,7,0.138500
1,16,4,8,0.138667
1,16,4,9,0.138542
1,16,4,10,0.138125
1,16,4,11,0.138500
1,16,4,12,0.138500
1,16,4,13,0.137750
1,16,4,14,0.138875
1,16,4,15,0.138333
1,16,4,16,0.138125
1,16,4,17,0.138125
1,16,4,18,0.138167
1,16,4,19,0.138625
1,16,4,20,0.138042
1,16,4,21,0.139917
1,16,4,22,0.140125
1,16,4,23,0.140083
1,16,4,24,0.139625
1,16,4,25,0.139125
1,16,4,26,0.138333
1,16,4,27,0.137958
1,16,4,28,0.137792
1,16,4,29,0.137917
1,16,4,30,0.138542
1,16,4,31,0.139292
1,16,4,32,0.138750
1,16,4,33,0.138500
1,16,4,34,0.138875
1,16,4,35,0.138250
1,16,4,36,0.138250
1,16,4,37,0.138417
1,16,4,38,0.138375
1,16,4,39,0.138375
1,16,4,40,0.138208
1,16,4,41,0.138500
1,16,4,42,0.138375
1,17,2,0,0.249583
1,17,2,1,0.247500
1,17,2,2,0.248542
1,17,2,3,0.250250
1,17,2,4,0.247917
1,17,2,5,0.248542
1,17,2,6,0.249625
1,17,2,7,0.248625
1,17,2,8,0.249833
1,17,2,9,0.248125
1,17,2,10,0.248125
1,17,2,11,0.247500
1,17,2,12,0.248000
1,17,2,13,0.245750
1,17,2,14,0.248458
1,17,2,15,0.248750
1,17,2,16,0.247500
1,17,2,17,0.248125
1,17,2,18,0.248750
1,17,2,19,0.247292
1,17,2,20,0.247792
1,17,2,21,0.248333
1,17,2,22,0.248750
1,17,2,23,0.248000
1,17,2,24,0.248875
1,17,2,25,0.248042
1,17,2,26,0.247750
1,17,2,27,0.248667
1,17,2,28,0.247750
1,17,2,29,0.248292
1,17,2,30,0.249417
1,17,2,31,0.249375
1,17,2,32,0.249875
1,17,2,33,0.247500
1,17,2,34,0.248000
1,17,2,35,0.249250
1,17,2,36,0.247875
1,17,2,37,0.248958
1,17,2,38,0.247792
1,17,2,39,0.248667
1,17,2,40,0.248875
1,17,2,41,0.248875
1,17,2,42,0.248917
1,17,3,0,0.139000
1,17,3,1,0.138375
1,17,3,2,0.138250
1,17,3,3,0.137542
1,17,3,4,0.138542
1,17,3,5,0.137875
1,17,3,6,0.139083
1,17,3,7,0.139750
1,17,3,8,0.138625
1,17,3,9,0.138583
1,17,3,10,0.138750
1,17,3,11,0.138000
1,17,3,12,0.139500
1,17,3,13,0.138875
1,17,3,14,0.138958
1,17,3,15,0.138708
1,17,3,16,0.138375
1,17,3,17,0.138875
1,17,3,18,0.138208
1,17,3,19,0.138833
1,17,3,20,0.138125
1,17,3,21,0.138125
1,17,3,22,0.138333
1,17,3,23,0.138875
1,17,3,24,0.139750
1,17,3,25,0.139292
1,17,3,26,0.140500
1,17,3,27,0.139875
1,17,3,28,0.138792
1,17,3,29,0.138250
1,17,3,30,0.138042
1,17,3,31,0.137917
1,17,3,32,0.138250
1,17,3,33,0.139333
1,17,3,34,0.138542
1,17,3,35,0.137917
1,17,3,36,0.138125
1,17,3,37,0.138625
1,17,3,38,0.137958
1,17,3,39,0.138083
1,17,3,40,0.139792
1,17,3,41,0.139875
1,17,3,42,0.138250
1,17,4,0,0.138417
1,17,4,1,0.138000
1,17,4,2,0.138500
1,17,4,3,0.137875
1,17,4,4,0.138625
1,17,4,5,0.138042
1,17,4,6,0.137958
1,17,4,7,0.137917
1,17,4,8,0.138042
1,17,4,9,0.137917
1,17,4,10,0.138500
1,17,4,11,0.138167
1,17,4,12,0.137875
1,17,4,13,0.138458
1,17,4,14,0.138833
1,17,4,15,0.138458
1,17,4,16,0.139125
1,17,4,17,0.138500
1,17,4,18,0.138375
1,17,4,19,0.138750
1,17,4,20,0.138125
1,17,4,21,0.138625
1,17,4,22,0.138542
1,17,4,23,0.138333
1,17,4,24,0.138167
1,17,4,25,0.138708
1,17,4,26,0.138292
1,17,4,27,0.138250
1,17,4,28,0.138292
1,17,4,29,0.138083
1,17,4,30,0.138292
1,17,4,31,0.138500
1,17,4,32,0.138292
1,17,4,33,0.138500
1,17,4,34,0.140042
1,17,4,35,0.140250
1,17,4,36,0.140625
1,17,4,37,0.141542
1,17,4,38,0.141000
1,17,4,39,0.139958
1,17,4,40,0.138417
1,17,4,41,0.138875
1,17,4,42,0.137875
1,17,0,0,0.249000
1,17,0,1,0.248083
1,17,0,2,0.248167
1,17,0,3,0.249583
1,17,0,4,0.247625
1,17,0,5,0.247875
1,17,0,6,0.248667
1,17,0,7,0.248292
1,17,0,8,0.248792
1,17,0,9,0.248083
1,17,0,10,0.248375
1,17,0,11,0.248292
1,17,0,12,0.248875
1,17,0,13,0.248042
1,17,0,14,0.247833
1,17,0,15,0.248625
1,17,0,16,0.248375
1,17,0,17,0.248000
1,17,0,18,0.247500
1,17,0,19,0.248792
1,17,0,20,0.247250
1,17,0,21,0.248875
1,17,0,22,0.248125
1,17,0,23,0.248625
1,17,0,24,0.248750
1,17,0,25,0.248250
1,17,0,26,0.247750
1,17,0,27,0.248000
1,17,0,28,0.249375
1,17,0,29,0.248000
1,17,0,30,0.247875
1,17,0,31,0.248167
1,17,0,32,0.247625
1,17,0,33,0.248083
1,17,0,34,0.248375
1,17,0,35,0.248833
1,17,0,36,0.248083
1,17,0,37,0.248708
1,17,0,38,0.247250
1,17,0,39,0.248500
1,17,0,40,0.248000
1,17,0,41,0.248833
1,17,0,42,0.249417
1,18,3,0,0.139000
1,18,3,1,0.138000
1,18,3,2,0.138125
1,18,3,3,0.139667
1,18,3,4,0.139083
1,18,3,5,0.138375
1,18,3,6,0.138542
1,18,3,7,0.138750
1,18,3,8,0.138458
1,18,3,9,0.138208
1,18,3,10,0.138000
1,18,3,11,0.138000
1,18,3,12,0.137500
1,18,3,13,0.138167
1,18,3,14,0.138708
1,18,3,15,0.138375
1,18,3,16,0.138792
1,18,3,17,0.138583
1,18,3,18,0.137875
1,18,3,19,0.138625
1,18,3,20,0.138542
1,18,3,21,0.138958
1,18,3,22,0.138000
1,18,3,23,0.137792
1,18,3,24,0.137875
1,18,3,25,0.139000
1,18,3,26,0.138125
1,18,3,27,0.138375
1,18,3,28,0.138417
1,18,3,29,0.138125
1,18,3,30,0.138333
1,18,3,31,0.138500
1,18,3,32,0.138042
1,18,3,33,0.138125
1,18,3,34,0.138542
1,18,3,35,0.140500
1,18,3,36,0.139708
1,18,3,37,0.141333
1,18,3,38,0.140208
1,18,3,39,0.138375
1,18,3,40,0.138625
1,18,3,41,0.138750
1,18,3,42,0.138000
1,18,4,0,0.138500
1,18,4,1,0.139583
1,18,4,2,0.138542
1,18,4,3,0.137542
1,18,4,4,0.138625
1,18,4,5,0.138750
1,18,4,6,0.138417
1,18,4,7,0.138542
1,18,4,8,0.138375
1,18,4,9,0.138375
1,18,4,10,0.138375
1,18,4,11,0.139542
1,18,4,12,0.138542
1,18,4,13,0.138250
1,18,4,14,0.138833
1,18,4,15,0.139250
1,18,4,16,0.138750
1,18,4,17,0.138500
1,18,4,18,0.138333
1,18,4,19,0.138250
1,18,4,20,0.138625
1,18,4,21,0.138625
1,18,4,22,0.138250
1,18,4,23,0.138375
1,18,4,24,0.138000
1,18,4,25,0.140500
1,18,4,26,0.139667
1,18,4,27,0.139125
1,18,4,28,0.139500
1,18,4,29,0.139250
1,18,4,30,0.142167
1,18,4,31,0.145042
1,18,4,32,0.183917
1,18,4,33,0.144958
1,18,4,34,0.142917
1,18,4,35,0.185500
1,18,4,36,0.144333
1,18,4,37,0.139750
1,18,4,38,0.139375
1,18,4,39,0.138125
1,18,4,40,0.138500
1,18,4,41,0.139000
1,18,4,42,0.138792
1,18,0,0,0.249875
1,18,0,1,0.249458
1,18,0,2,0.246583
1,18,0,3,0.248500
1,18,0,4,0.248750
1,18,0,5,0.247417
1,18,0,6,0.247000
1,18,0,7,0.247958
1,18,0,8,0.248125
1,18,0,9,0.248375
1,18,0,10,0.247667
1,18,0,11,0.247792
1,18,0,12,0.249250
1,18,0,13,0.248458
1,18,0,14,0.247625
1,18,0,15,0.249375
1,18,0,16,0.248250
1,18,0,17,0.247583
1,18,0,18,0.248583
1,18,0,19,0.249583
1,18,0,20,0.247375
1,18,0,21,0.248167
1,18,0,22,0.248250
1,18,0,23,0.249125
1,18,0,24,0.249333
1,18,0,25,0.247208
1,18,0,26,0.248750
1,18,0,27,0.250000
1,18,0,28,0.248875
1,18,0,29,0.247625
1,18,0,30,0.247750
1,18,0,31,0.248417
1,18,0,32,0.247625
1,18,0,33,0.248375
1,18,0,34,0.249375
1,18,0,35,0.247375
1,18,0,36,0.247667
1,18,0,37,0.248667
1,18,0,38,0.247167
1,18,0,39,0.249625
1,18,0,40,0.249625
1,18,0,41,0.249917
1,18,0,42,0.248458
1,18,2,0,0.249083
1,18,2,1,0.247625
1,18,2,2,0.247875
1,18,2,3,0.248750
1,18,2,4,0.247875
1,18,2,5,0.248708
1,18,2,6,0.248208
1,18,2,7,0.246833
1,18,2,8,0.248250
1,18,2,9,0.248583
1,18,2,10,0.247750
1,18,2,11,0.248958
1,18,2,12,0.248625
1,18,2,13,0.247000
1,18,2,14,0.248375
1,18,2,15,0.248250
1,18,2,16,0.248792
1,18,2,17,0.247750
1,18,2,18,0.248667
1,18,2,19,0.250333
1,18,2,20,0.248875
1,18,2,21,0.248625
1,18,2,22,0.248500
1,18,2,23,0.249000
1,18,2,24,0.247833
1,18,2,25,0.248042
1,18,2,26,0.248875
1,18,2,27,0.248583
1,18,2,28,0.248000
1,18,2,29,0.247750
1,18,2,30,0.247542
1,18,2,31,0.248042
1,18,2,32,0.248667
1,18,2,33,0.247792
1,18,2,34,0.248250
1,18,2,35,0.249625
1,18,2,36,0.247500
1,18,2,37,0.249625
1,18,2,38,0.248250
1,18,2,39,0.248208
1,18,2,40,0.248083
1,18,2,41,0.248625
1,18,2,42,0.247500
1,19,4,0,0.136958
1,19,4,1,0.136667
1,19,4,2,0.136875
1,19,4,3,0.136333
1,19,4,4,0.137458
1,19,4,5,0.137250
1,19,4,6,0.136750
1,19,4,7,0.136875
1,19,4,8,0.136500
1,19,4,9,0.136875
1,19,4,10,0.136792
1,19,4,11,0.136500
1,19,4,12,0.136000
1,19,4,13,0.137250
1,19,4,14,0.137333
1,19,4,15,0.137375
1,19,4,16,0.136833
1,19,4,17,0.136958
1,19,4,18,0.136833
1,19,4,19,0.137000
1,19,4,20,0.137042
1,19,4,21,0.137250
1,19,4,22,0.137792
1,19,4,23,0.137333
1,19,4,24,0.136750
1,19,4,25,0.137125
1,19,4,26,0.136958
1,19,4,27,0.136667
1,19,4,28,0.136958
1,19,4,29,0.136375
1,19,4,30,0.137125
1,19,4,31,0.136625
1,19,4,32,0.136583
1,19,4,33,0.136792
1,19,4,34,0.137375
1,19,4,35,0.137000
1,19,4,36,0.137000
1,19,4,37,0.137375
1,19,4,38,0.137833
1,19,4,39,0.138083
1,19,4,40,0.138875
1,19,4,41,0.139292
1,19,4,42,0.137083
1,19,0,0,0.250250
1,19,0,1,0.248625
1,19,0,2,0.249208
1,19,0,3,0.248000
1,19,0,4,0.248250
1,19,0,5,0.247458
1,19,0,6,0.248083
1,19,0,7,0.248333
1,19,0,8,0.249292
1,19,0,9,0.248083
1,19,0,10,0.247917
1,19,0,11,0.248125
1,19,0,12,0.248000
1,19,0,13,0.248000
1,19,0,14,0.248125
1,19,0,15,0.249083
1,19,0,16,0.248875
1,19,0,17,0.248292
1,19,0,18,0.247625
1,19,0,19,0.248000
1,19,0,20,0.247000
1,19,0,21,0.249292
1,19,0,22,0.248375
1,19,0,23,0.248167
1,19,0,24,0.248250
1,19,0,25,0.247375
1,19,0,26,0.248250
1,19,0,27,0.248667
1,19,0,28,0.248750
1,19,0,29,0.248125
1,19,0,30,0.246875
1,19,0,31,0.248958
1,19,0,32,0.248250
1,19,0,33,0.247667
1,19,0,34,0.248333
1,19,0,35,0.250750
1,19,0,36,0.247375
1,19,0,37,0.248667
1,19,0,38,0.247625
1,19,0,39,0.248833
1,19,0,40,0.248542
1,19,0,41,0.250250
1,19,0,42,0.247792
1,19,2,0,0.250125
1,19,2,1,0.247875
1,19,2,2,0.248500
1,19,2,3,0.249208
1,19,2,4,0.248000
1,19,2,5,0.247708
1,19,2,6,0.248750
1,19,2,7,0.248083
1,19,2,8,0.246750
1,19,2,9,0.248292
1,19,2,10,0.248375
1,19,2,11,0.247958
1,19,2,12,0.254167
1,19,2,13,0.246875
1,19,2,14,0.270167
1,19,2,15,0.248292
1,19,2,16,0.248375
1,19,2,17,0.250125
1,19,2,18,0.247875
1,19,2,19,0.244500
1,19,2,20,0.248208
1,19,2,21,0.248500
1,19,2,22,0.248500
1,19,2,23,0.247750
1,19,2,24,0.248917
1,19,2,25,0.249375
1,19,2,26,0.247500
1,19,2,27,0.250333
1,19,2,28,0.249042
1,19,2,29,0.247750
1,19,2,30,0.248625
1,19,2,31,0.248458
1,19,2,32,0.249125
1,19,2,33,0.249042
1,19,2,34,0.248375
1,19,2,35,0.249083
1,19,2,36,0.248250
1,19,2,37,0.248583
1,19,2,38,0.247958
1,19,2,39,0.247333
1,19,2,40,0.249000
1,19,2,41,0.249417
1,19,2,42,0.248292
1,19,3,0,0.137750
1,19,3,1,0.137000
1,19,3,2,0.137208
1,19,3,3,0.135958
1,19,3,4,0.137750
1,19,3,5,0.136750
1,19,3,6,0.137750
1,19,3,7,0.138000
1,19,3,8,0.137458
1,19,3,9,0.137375
1,19,3,10,0.137792
1,19,3,11,0.137292
1,19,3,12,0.136208
1,19,3,13,0.137625
1,19,3,14,0.138083
1,19,3,15,0.137750
1,19,3,16,0.137500
1,19,3,17,0.137667
1,19,3,18,0.137500
1,19,3,19,0.137750
1,19,3,20,0.137500
1,19,3,21,0.137042
1,19,3,22,0.139625
1,19,3,23,0.138292
1,19,3,24,0.137417
1,19,3,25,0.137500
1,19,3,26,0.137458
1,19,3,27,0.138250
1,19,3,28,0.140125
1,19,3,29,0.141125
1,19,3,30,0.183750
1,19,3,31,0.144833
1,19,3,32,0.139750
1,19,3,33,0.138500
1,19,3,34,0.140125
1,19,3,35,0.140750
1,19,3,36,0.185250
1,19,3,37,0.143625
1,19,3,38,0.137875
1,19,3,39,0.137750
1,19,3,40,0.137833
1,19,3,41,0.139125
1,19,3,42,0.138250
1,20,0,0,0.247792
1,20,0,1,0.247417
1,20,0,2,0.248000
1,20,0,3,0.249042
1,20,0,4,0.249500
1,20,0,5,0.248333
1,20,0,6,0.246833
1,20,0,7,0.248500
1,20,0,8,0.247458
1,20,0,9,0.247625
1,20,0,10,0.248375
1,20,0,11,0.249375
1,20,0,12,0.248000
1,20,0,13,0.247542
1,20,0,14,0.248583
1,20,0,15,0.247375
1,20,0,16,0.247500
1,20,0,17,0.252208
1,20,0,18,0.250250
1,20,0,19,0.247917
1,20,0,20,0.247625
1,20,0,21,0.247750
1,20,0,22,0.248000
1,20,0,23,0.247750
1,20,0,24,0.248292
1,20,0,25,0.247500
1,20,0,26,0.248750
1,20,0,27,0.248792
1,20,0,28,0.248833
1,20,0,29,0.245792
1,20,0,30,0.248333
1,20,0,31,0.247625
1,20,0,32,0.249125
1,20,0,33,0.248000
1,20,0,34,0.248125
1,20,0,35,0.249583
1,20,0,36,0.249292
1,20,0,37,0.247833
1,20,0,38,0.249167
1,20,0,39,0.247833
1,20,0,40,0.248292
1,20,0,41,0.249208
1,20,0,42,0.248125
1,20,4,0,0.137750
1,20,4,1,0.137500
1,20,4,2,0.137250
1,20,4,3,0.136375
1,20,4,4,0.137375
1,20,4,5,0.137375
1,20,4,6,0.137792
1,20,4,7,0.137625
1,20,4,8,0.137458
1,20,4,9,0.139000
1,20,4,10,0.138792
1,20,4,11,0.139583
1,20,4,12,0.138000
1,20,4,13,0.138542
1,20,4,14,0.138125
1,20,4,15,0.137917
1,20,4,16,0.137625
1,20,4,17,0.137417
1,20,4,18,0.137500
1,20,4,19,0.138250
1,20,4,20,0.137875
1,20,4,21,0.137583
1,20,4,22,0.138750
1,20,4,23,0.139333
1,20,4,24,0.137583
1,20,4,25,0.138750
1,20,4,26,0.137125
1,20,4,27,0.137625
1,20,4,28,0.137875
1,20,4,29,0.137083
1,20,4,30,0.137292
1,20,4,31,0.137000
1,20,4,32,0.136750
1,20,4,33,0.137000
1,20,4,34,0.139542
1,20,4,35,0.138458
1,20,4,36,0.138958
1,20,4,37,0.139583
1,20,4,38,0.138583
1,20,4,39,0.138000
1,20,4,40,0.137750
1,20,4,41,0.138417
1,20,4,42,0.137792
1,20,3,0,0.139000
1,20,3,1,0.139875
1,20,3,2,0.138000
1,20,3,3,0.137917
1,20,3,4,0.137542
1,20,3,5,0.136750
1,20,3,6,0.136500
1,20,3,7,0.136833
1,20,3,8,0.137292
1,20,3,9,0.137750
1,20,3,10,0.138125
1,20,3,11,0.138125
1,20,3,12,0.137167
1,20,3,13,0.137250
1,20,3,14,0.137458
1,20,3,15,0.139333
1,20,3,16,0.138250
1,20,3,17,0.138000
1,20,3,18,0.137792
1,20,3,19,0.138167
1,20,3,20,0.138250
1,20,3,21,0.137833
1,20,3,22,0.137625
1,20,3,23,0.137750
1,20,3,24,0.138500
1,20,3,25,0.138583
1,20,3,26,0.139875
1,20,3,27,0.138000
1,20,3,28,0.136708
1,20,3,29,0.136417
1,20,3,30,0.136375
1,20,3,31,0.136375
1,20,3,32,0.137125
1,20,3,33,0.137375
1,20,3,34,0.138042
1,20,3,35,0.137208
1,20,3,36,0.137125
1,20,3,37,0.138125
1,20,3,38,0.138750
1,20,3,39,0.137750
1,20,3,40,0.137500
1,20,3,41,0.138375
1,20,3,42,0.137625
1,20,2,0,0.250250
1,20,2,1,0.247542
1,20,2,2,0.247875
1,20,2,3,0.248625
1,20,2,4,0.248875
1,20,2,5,0.247750
1,20,2,6,0.247375
1,20,2,7,0.248000
1,20,2,8,0.247958
1,20,2,9,0.248833
1,20,2,10,0.247875
1,20,2,11,0.248708
1,20,2,12,0.247875
1,20,2,13,0.248750
1,20,2,14,0.247125
1,20,2,15,0.249000
1,20,2,16,0.247625
1,20,2,17,0.248125
1,20,2,18,0.248750
1,20,2,19,0.248500
1,20,2,20,0.247333
1,20,2,21,0.248875
1,20,2,22,0.248250
1,20,2,23,0.250208
1,20,2,24,0.250958
1,20,2,25,0.248708
1,20,2,26,0.247250
1,20,2,27,0.249875
1,20,2,28,0.248750
1,20,2,29,0.247750
1,20,2,30,0.249333
1,20,2,31,0.248667
1,20,2,32,0.248208
1,20,2,33,0.248083
1,20,2,34,0.250208
1,20,2,35,0.248750
1,20,2,36,0.248000
1,20,2,37,0.248750
1,20,2,38,0.249000
1,20,2,39,0.248375
1,20,2,40,0.248542
1,20,2,41,0.250542
1,20,2,42,0.248750
1,21,2,0,0.249875
1,21,2,1,0.249708
1,21,2,2,0.249042
1,21,2,3,0.248458
1,21,2,4,0.249083
1,21,2,5,0.249625
1,21,2,6,0.248750
1,21,2,7,0.248000
1,21,2,8,0.248667
1,21,2,9,0.248375
1,21,2,10,0.247708
1,21,2,11,0.250500
1,21,2,12,0.249083
1,21,2,13,0.248375
1,21,2,14,0.248917
1,21,2,15,0.249083
1,21,2,16,0.248417
1,21,2,17,0.247583
1,21,2,18,0.248750
1,21,2,19,0.249292
1,21,2,20,0.248250
1,21,2,21,0.248917
1,21,2,22,0.248458
1,21,2,23,0.249167
1,21,2,24,0.247750
1,21,2,25,0.247625
1,21,2,26,0.248000
1,21,2,27,0.248375
1,21,2,28,0.248500
1,21,2,29,0.248583
1,21,2,30,0.247625
1,21,2,31,0.248333
1,21,2,32,0.247708
1,21,2,33,0.248000
1,21,2,34,0.247250
1,21,2,35,0.249583
1,21,2,36,0.247500
1,21,2,37,0.249000
1,21,2,38,0.248333
1,21,2,39,0.249292
1,21,2,40,0.248667
1,21,2,41,0.250667
1,21,2,42,0.248500
1,21,0,0,0.249500
1,21,0,1,0.247750
1,21,0,2,0.248125
1,21,0,3,0.250458
1,21,0,4,0.248000
1,21,0,5,0.247833
1,21,0,6,0.247333
1,21,0,7,0.248000
1,21,0,8,0.248875
1,21,0,9,0.247750
1,21,0,10,0.248750
1,21,0,11,0.249375
1,21,0,12,0.248958
1,21,0,13,0.247250
1,21,0,14,0.248250
1,21,0,15,0.249250
1,21,0,16,0.249542
1,21,0,17,0.248042
1,21,0,18,0.248583
1,21,0,19,0.249792
1,21,0,20,0.247667
1,21,0,21,0.248542
1,21,0,22,0.247792
1,21,0,23,0.248208
1,21,0,24,0.247292
1,21,0,25,0.247958
1,21,0,26,0.249458
1,21,0,27,0.248542
1,21,0,28,0.249250
1,21,0,29,0.249208
1,21,0,30,0.248750
1,21,0,31,0.250750
1,21,0,32,0.251750
1,21,0,33,0.247792
1,21,0,34,0.248542
1,21,0,35,0.249000
1,21,0,36,0.247125
1,21,0,37,0.248375
1,21,0,38,0.246000
1,21,0,39,0.250292
1,21,0,40,0.250000
1,21,0,41,0.250750
1,21,0,42,0.247625
1,21,4,0,0.139208
1,21,4,1,0.138500
1,21,4,2,0.137500
1,21,4,3,0.136917
1,21,4,4,0.138375
1,21,4,5,0.138708
1,21,4,6,0.140083
1,21,4,7,0.184500
1,21,4,8,0.143458
1,21,4,9,0.137958
1,21,4,10,0.137833
1,21,4,11,0.137625
1,21,4,12,0.137000
1,21,4,13,0.137375
1,21,4,14,0.138625
1,21,4,15,0.137917
1,21,4,16,0.138125
1,21,4,17,0.137375
1,21,4,18,0.137500
1,21,4,19,0.137875
1,21,4,20,0.137125
1,21,4,21,0.136792
1,21,4,22,0.137833
1,21,4,23,0.137000
1,21,4,24,0.137750
1,21,4,25,0.137667
1,21,4,26,0.136708
1,21,4,27,0.136500
1,21,4,28,0.137125
1,21,4,29,0.136375
1,21,4,30,0.136333
1,21,4,31,0.136500
1,21,4,32,0.137375
1,21,4,33,0.137750
1,21,4,34,0.138333
1,21,4,35,0.136833
1,21,4,36,0.137125
1,21,4,37,0.137750
1,21,4,38,0.136958
1,21,4,39,0.136792
1,21,4,40,0.137083
1,21,4,41,0.139500
1,21,4,42,0.137500
1,21,3,0,0.137042
1,21,3,1,0.137542
1,21,3,2,0.136750
1,21,3,3,0.137125
1,21,3,4,0.136875
1,21,3,5,0.136375
1,21,3,6,0.136625
1,21,3,7,0.137500
1,21,3,8,0.136750
1,21,3,9,0.137042
1,21,3,10,0.137125
1,21,3,11,0.136792
1,21,3,12,0.135875
1,21,3,13,0.137333
1,21,3,14,0.137750
1,21,3,15,0.137708
1,21,3,16,0.137708
1,21,3,17,0.137250
1,21,3,18,0.137500
1,21,3,19,0.138125
1,21,3,20,0.137500
1,21,3,21,0.137292
1,21,3,22,0.136750
1,21,3,23,0.137583
1,21,3,24,0.137000
1,21,3,25,0.137000
1,21,3,26,0.137000
1,21,3,27,0.137375
1,21,3,28,0.136958
1,21,3,29,0.136750
1,21,3,30,0.137500
1,21,3,31,0.136917
1,21,3,32,0.137208
1,21,3,33,0.137375
1,21,3,34,0.138125
1,21,3,35,0.137208
1,21,3,36,0.137458
1,21,3,37,0.138250
1,21,3,38,0.137333
1,21,3,39,0.136792
1,21,3,40,0.137833
1,21,3,41,0.138500
1,21,3,42,0.140000
1,22,3,0,0.139708
1,22,3,1,0.138167
1,22,3,2,0.137375
1,22,3,3,0.137000
1,22,3,4,0.137625
1,22,3,5,0.137208
1,22,3,6,0.137625
1,22,3,7,0.137625
1,22,3,8,0.138083
1,22,3,9,0.137375
1,22,3,10,0.136708
1,22,3,11,0.137042
1,22,3,12,0.136500
1,22,3,13,0.136583
1,22,3,14,0.136958
1,22,3,15,0.136750
1,22,3,16,0.136708
1,22,3,17,0.137500
1,22,3,18,0.138625
1,22,3,19,0.138375
1,22,3,20,0.137542
1,22,3,21,0.137625
1,22,3,22,0.137083
1,22,3,23,0.137375
1,22,3,24,0.137958
1,22,3,25,0.137000
1,22,3,26,0.137708
1,22,3,27,0.137417
1,22,3,28,0.137667
1,22,3,29,0.136625
1,22,3,30,0.136708
1,22,3,31,0.136708
1,22,3,32,0.135667
1,22,3,33,0.136500
1,22,3,34,0.137125
1,22,3,35,0.137500
1,22,3,36,0.138000
1,22,3,37,0.138250
1,22,3,38,0.137375
1,22,3,39,0.138167
1,22,3,40,0.138667
1,22,3,41,0.138625
1,22,3,42,0.138125
1,22,2,0,0.249208
1,22,2,1,0.248000
1,22,2,2,0.248500
1,22,2,3,0.248000
1,22,2,4,0.248000
1,22,2,5,0.248583
1,22,2,6,0.248542
1,22,2,7,0.249833
1,22,2,8,0.248500
1,22,2,9,0.248042
1,22,2,10,0.248500
1,22,2,11,0.249333
1,22,2,12,0.248375
1,22,2,13,0.248917
1,22,2,14,0.248917
1,22,2,15,0.249083
1,22,2,16,0.247917
1,22,2,17,0.248500
1,22,2,18,0.248125
1,22,2,19,0.248875
1,22,2,20,0.248167
1,22,2,21,0.249542
1,22,2,22,0.248708
1,22,2,23,0.247292
1,22,2,24,0.249750
1,22,2,25,0.247792
1,22,2,26,0.248000
1,22,2,27,0.249625
1,22,2,28,0.249250
1,22,2,29,0.247833
1,22,2,30,0.248792
1,22,2,31,0.248625
1,22,2,32,0.248250
1,22,2,33,0.248625
1,22,2,34,0.246917
1,22,2,35,0.248500
1,22,2,36,0.248583
1,22,2,37,0.247875
1,22,2,38,0.247458
1,22,2,39,0.248542
1,22,2,40,0.249000
1,22,2,41,0.249833
1,22,2,42,0.247667
1,22,0,0,0.248750
1,22,0,1,0.248792
1,22,0,2,0.249083
1,22,0,3,0.249208
1,22,0,4,0.248208
1,22,0,5,0.248250
1,22,0,6,0.247125
1,22,0,7,0.249708
1,22,0,8,0.249208
1,22,0,9,0.248667
1,22,0,10,0.249125
1,22,0,11,0.248667
1,22,0,12,0.248375
1,22,0,13,0.249000
1,22,0,14,0.249250
1,22,0,15,0.248125
1,22,0,16,0.247750
1,22,0,17,0.248417
1,22,0,18,0.249125
1,22,0,19,0.247958
1,22,0,20,0.248375
1,22,0,21,0.249375
1,22,0,22,0.247792
1,22,0,23,0.247750
1,22,0,24,0.254125
1,22,0,25,0.248625
1,22,0,26,0.262167
1,22,0,27,0.247167
1,22,0,28,0.248250
1,22,0,29,0.247708
1,22,0,30,0.247667
1,22,0,31,0.247167
1,22,0,32,0.248875
1,22,0,33,0.248125
1,22,0,34,0.247500
1,22,0,35,0.248625
1,22,0,36,0.247667
1,22,0,37,0.249208
1,22,0,38,0.248250
1,22,0,39,0.248250
1,22,0,40,0.248875
1,22,0,41,0.249208
1,22,0,42,0.248000
1,22,4,0,0.138417
1,22,4,1,0.136917
1,22,4,2,0.136875
1,22,4,3,0.136458
1,22,4,4,0.137625
1,22,4,5,0.136625
1,22,4,6,0.136500
1,22,4,7,0.139250
1,22,4,8,0.137583
1,22,4,9,0.138083
1,22,4,10,0.137375
1,22,4,11,0.138125
1,22,4,12,0.137250
1,22,4,13,0.137500
1,22,4,14,0.137250
1,22,4,15,0.137875
1,22,4,16,0.137208
1,22,4,17,0.137417
1,22,4,18,0.137083
1,22,4,19,0.137625
1,22,4,20,0.137250
1,22,4,21,0.137375
1,22,4,22,0.136667
1,22,4,23,0.137250
1,22,4,24,0.137167
1,22,4,25,0.137250
1,22,4,26,0.136625
1,22,4,27,0.137042
1,22,4,28,0.137000
1,22,4,29,0.136875
1,22,4,30,0.137167
1,22,4,31,0.137125
1,22,4,32,0.136458
1,22,4,33,0.137000
1,22,4,34,0.137042
1,22,4,35,0.137083
1,22,4,36,0.136458
1,22,4,37,0.136958
1,22,4,38,0.136875
1,22,4,39,0.137500
1,22,4,40,0.136750
1,22,4,41,0.137583
1,22,4,42,0.137000
1,23,4,0,0.137125
1,23,4,1,0.136917
1,23,4,2,0.136750
1,23,4,3,0.136083
1,23,4,4,0.138625
1,23,4,5,0.138583
1,23,4,6,0.137750
1,23,4,7,0.137000
1,23,4,8,0.137125
1,23,4,9,0.140625
1,23,4,10,0.138458
1,23,4,11,0.137333
1,23,4,12,0.137000
1,23,4,13,0.137458
1,23,4,14,0.140125
1,23,4,15,0.139958
1,23,4,16,0.171708
1,23,4,17,0.161833
1,23,4,18,0.141542
1,23,4,19,0.137583
1,23,4,20,0.137625
1,23,4,21,0.139625
1,23,4,22,0.184792
1,23,4,23,0.141500
1,23,4,24,0.137292
1,23,4,25,0.137500
1,23,4,26,0.137833
1,23,4,27,0.137333
1,23,4,28,0.136958
1,23,4,29,0.137042
1,23,4,30,0.137792
1,23,4,31,0.137042
1,23,4,32,0.137000
1,23,4,33,0.136875
1,23,4,34,0.138375
1,23,4,35,0.137458
1,23,4,36,0.137583
1,23,4,37,0.137500
1,23,4,38,0.136917
1,23,4,39,0.136417
1,23,4,40,0.137208
1,23,4,41,0.138250
1,23,4,42,0.138625
1,23,3,0,0.138750
1,23,3,1,0.137750
1,23,3,2,0.137250
1,23,3,3,0.136750
1,23,3,4,0.137583
1,23,3,5,0.136667
1,23,3,6,0.136375
1,23,3,7,0.136500
1,23,3,8,0.136375
1,23,3,9,0.136667
1,23,3,10,0.137333
1,23,3,11,0.136917
1,23,3,12,0.136125
1,23,3,13,0.137667
1,23,3,14,0.137875
1,23,3,15,0.138125
1,23,3,16,0.137583
1,23,3,17,0.137750
1,23,3,18,0.137583
1,23,3,19,0.138000
1,23,3,20,0.137250
1,23,3,21,0.137125
1,23,3,22,0.137875
1,23,3,23,0.138083
1,23,3,24,0.137667
1,23,3,25,0.137375
1,23,3,26,0.136583
1,23,3,27,0.137125
1,23,3,28,0.136875
1,23,3,29,0.136375
1,23,3,30,0.136875
1,23,3,31,0.136500
1,23,3,32,0.137000
1,23,3,33,0.137083
1,23,3,34,0.137292
1,23,3,35,0.136792
1,23,3,36,0.136875
1,23,3,37,0.137250
1,23,3,38,0.138125
1,23,3,39,0.136958
1,23,3,40,0.137167
1,23,3,41,0.137958
1,23,3,42,0.137042
1,23,2,0,0.249000
1,23,2,1,0.247750
1,23,2,2,0.248667
1,23,2,3,0.247375
1,23,2,4,0.248417
1,23,2,5,0.247417
1,23,2,6,0.248083
1,23,2,7,0.247917
1,23,2,8,0.249500
1,23,2,9,0.247875
1,23,2,10,0.247917
1,23,2,11,0.248000
1,23,2,12,0.248375
1,23,2,13,0.248458
1,23,2,14,0.248083
1,23,2,15,0.248792
1,23,2,16,0.249500
1,23,2,17,0.248875
1,23,2,18,0.247958
1,23,2,19,0.248000
1,23,2,20,0.247333
1,23,2,21,0.248917
1,23,2,22,0.247083
1,23,2,23,0.248000
1,23,2,24,0.249083
1,23,2,25,0.248417
1,23,2,26,0.248000
1,23,2,27,0.248792
1,23,2,28,0.248000
1,23,2,29,0.248250
1,23,2,30,0.249125
1,23,2,31,0.248500
1,23,2,32,0.248292
1,23,2,33,0.247208
1,23,2,34,0.247125
1,23,2,35,0.249375
1,23,2,36,0.248542
1,23,2,37,0.248083
1,23,2,38,0.246750
1,23,2,39,0.248750
1,23,2,40,0.248375
1,23,2,41,0.248167
1,23,2,42,0.247625
1,23,0,0,0.249292
1,23,0,1,0.248625
1,23,0,2,0.249208
1,23,0,3,0.248417
1,23,0,4,0.248125
1,23,0,5,0.248083
1,23,0,6,0.247667
1,23,0,7,0.247750
1,23,0,8,0.248625
1,23,0,9,0.247625
1,23,0,10,0.248083
1,23,0,11,0.248167
1,23,0,12,0.248625
1,23,0,13,0.248250
1,23,0,14,0.247917
1,23,0,15,0.247750
1,23,0,16,0.250125
1,23,0,17,0.247875
1,23,0,18,0.247333
1,23,0,19,0.248917
1,23,0,20,0.247875
1,23,0,21,0.247333
1,23,0,22,0.249250
1,23,0,23,0.246750
1,23,0,24,0.249083
1,23,0,25,0.247250
1,23,0,26,0.248042
1,23,0,27,0.249250
1,23,0,28,0.247125
1,23,0,29,0.247250
1,23,0,30,0.247083
1,23,0,31,0.247125
1,23,0,32,0.248750
1,23,0,33,0.248625
1,23,0,34,0.249000
1,23,0,35,0.247792
1,23,0,36,0.247250
1,23,0,37,0.248292
1,23,0,38,0.247000
1,23,0,39,0.246625
1,23,0,40,0.249583
1,23,0,41,0.249375
1,23,0,42,0.248000
1,24,0,0,0.249125
1,24,0,1,0.247250
1,24,0,2,0.248750
1,24,0,3,0.250333
1,24,0,4,0.248000
1,24,0,5,0.248458
1,24,0,6,0.249125
1,24,0,7,0.249167
1,24,0,8,0.247250
1,24,0,9,0.247292
1,24,0,10,0.247250
1,24,0,11,0.249542
1,24,0,12,0.247500
1,24,0,13,0.247708
1,24,0,14,0.249083
1,24,0,15,0.248583
1,24,0,16,0.247542
1,24,0,17,0.248250
1,24,0,18,0.247500
1,24,0,19,0.248875
1,24,0,20,0.248250
1,24,0,21,0.248417
1,24,0,22,0.248583
1,24,0,23,0.248125
1,24,0,24,0.249042
1,24,0,25,0.248667
1,24,0,26,0.248833
1,24,0,27,0.248375
1,24,0,28,0.249125
1,24,0,29,0.248167
1,24,0,30,0.248625
1,24,0,31,0.248500
1,24,0,32,0.248375
1,24,0,33,0.247875
1,24,0,34,0.248375
1,24,0,35,0.249458
1,24,0,36,0.247625
1,24,0,37,0.248958
1,24,0,38,0.248250
1,24,0,39,0.247375
1,24,0,40,0.248000
1,24,0,41,0.249375
1,24,0,42,0.248917
1,24,2,0,0.248292
1,24,2,1,0.250250
1,24,2,2,0.247167
1,24,2,3,0.248750
1,24,2,4,0.247125
1,24,2,5,0.248708
1,24,2,6,0.248000
1,24,2,7,0.249292
1,24,2,8,0.249625
1,24,2,9,0.248833
1,24,2,10,0.249167
1,24,2,11,0.249000
1,24,2,12,0.248417
1,24,2,13,0.248583
1,24,2,14,0.248083
1,24,2,15,0.247958
1,24,2,16,0.248625
1,24,2,17,0.248625
1,24,2,18,0.249625
1,24,2,19,0.248375
1,24,2,20,0.248375
1,24,2,21,0.248708
1,24,2,22,0.248375
1,24,2,23,0.248875
1,24,2,24,0.247625
1,24,2,25,0.248958
1,24,2,26,0.247375
1,24,2,27,0.250083
1,24,2,28,0.248375
1,24,2,29,0.247500
1,24,2,30,0.248625
1,24,2,31,0.247042
1,24,2,32,0.248542
1,24,2,33,0.248417
1,24,2,34,0.248083
1,24,2,35,0.247750
1,24,2,36,0.248375
1,24,2,37,0.248250
1,24,2,38,0.248708
1,24,2,39,0.249000
1,24,2,40,0.248750
1,24,2,41,0.250208
1,24,2,42,0.249708
1,24,3,0,0.139250
1,24,3,1,0.139125
1,24,3,2,0.140792
1,24,3,3,0.139375
1,24,3,4,0.139500
1,24,3,5,0.138875
1,24,3,6,0.139333
1,24,3,7,0.140917
1,24,3,8,0.139875
1,24,3,9,0.139500
1,24,3,10,0.139708
1,24,3,11,0.139458
1,24,3,12,0.140750
1,24,3,13,0.143208
1,24,3,14,0.186583
1,24,3,15,0.145458
1,24,3,16,0.140250
1,24,3,17,0.139792
1,24,3,18,0.140250
1,24,3,19,0.142750
1,24,3,20,0.186917
1,24,3,21,0.144250
1,24,3,22,0.140250
1,24,3,23,0.138958
1,24,3,24,0.138917
1,24,3,25,0.138750
1,24,3,26,0.138792
1,24,3,27,0.139208
1,24,3,28,0.138042
1,24,3,29,0.138500
1,24,3,30,0.138875
1,24,3,31,0.139000
1,24,3,32,0.137958
1,24,3,33,0.137958
1,24,3,34,0.138125
1,24,3,35,0.138083
1,24,3,36,0.137917
1,24,3,37,0.138625
1,24,3,38,0.137375
1,24,3,39,0.137875
1,24,3,40,0.137625
1,24,3,41,0.138375
1,24,3,42,0.138000
1,24,4,0,0.137833
1,24,4,1,0.138375
1,24,4,2,0.140000
1,24,4,3,0.139167
1,24,4,4,0.140000
1,24,4,5,0.140000
1,24,4,6,0.139083
1,24,4,7,0.139417
1,24,4,8,0.139625
1,24,4,9,0.138208
1,24,4,10,0.138250
1,24,4,11,0.139167
1,24,4,12,0.137750
1,24,4,13,0.137958
1,24,4,14,0.138083
1,24,4,15,0.138167
1,24,4,16,0.137875
1,24,4,17,0.138083
1,24,4,18,0.137750
1,24,4,19,0.138125
1,24,4,20,0.137542
1,24,4,21,0.138000
1,24,4,22,0.137458
1,24,4,23,0.138500
1,24,4,24,0.137583
1,24,4,25,0.137917
1,24,4,26,0.137500
1,24,4,27,0.137750
1,24,4,28,0.138375
1,24,4,29,0.138042
1,24,4,30,0.137708
1,24,4,31,0.137833
1,24,4,32,0.137250
1,24,4,33,0.138208
1,24,4,34,0.138750
1,24,4,35,0.138000
1,24,4,36,0.138458
1,24,4,37,0.138750
1,24,4,38,0.138125
1,24,4,39,0.137625
1,24,4,40,0.138083
1,24,4,41,0.138875
1,24,4,42,0.137667
1,25,2,0,0.250083
1,25,2,1,0.248750
1,25,2,2,0.249875
1,25,2,3,0.249750
1,25,2,4,0.247833
1,25,2,5,0.249042
1,25,2,6,0.247750
1,25,2,7,0.248000
1,25,2,8,0.249000
1,25,2,9,0.249000
1,25,2,10,0.247583
1,25,2,11,0.249708
1,25,2,12,0.258500
1,25,2,13,0.249375
1,25,2,14,0.248667
1,25,2,15,0.248625
1,25,2,16,0.248167
1,25,2,17,0.246042
1,25,2,18,0.249375
1,25,2,19,0.249000
1,25,2,20,0.247250
1,25,2,21,0.247458
1,25,2,22,0.248417
1,25,2,23,0.246708
1,25,2,24,0.247500
1,25,2,25,0.247833
1,25,2,26,0.249167
1,25,2,27,0.249125
1,25,2,28,0.249625
1,25,2,29,0.249208
1,25,2,30,0.249000
1,25,2,31,0.248583
1,25,2,32,0.248708
1,25,2,33,0.247500
1,25,2,34,0.249000
1,25,2,35,0.247708
1,25,2,36,0.249250
1,25,2,37,0.248000
1,25,2,38,0.248250
1,25,2,39,0.247250
1,25,2,40,0.247375
1,25,2,41,0.249500
1,25,2,42,0.248125
1,25,3,0,0.138250
1,25,3,1,0.138125
1,25,3,2,0.137958
1,25,3,3,0.137458
1,25,3,4,0.139750
1,25,3,5,0.139708
1,25,3,6,0.139000
1,25,3,7,0.139458
1,25,3,8,0.137750
1,25,3,9,0.138417
1,25,3,10,0.138167
1,25,3,11,0.138167
1,25,3,12,0.137250
1,25,3,13,0.137833
1,25,3,14,0.139333
1,25,3,15,0.138208
1,25,3,16,0.138000
1,25,3,17,0.137958
1,25,3,18,0.137750
1,25,3,19,0.138208
1,25,3,20,0.138125
1,25,3,21,0.138000
1,25,3,22,0.138125
1,25,3,23,0.137750
1,25,3,24,0.137583
1,25,3,25,0.137792
1,25,3,26,0.137667
1,25,3,27,0.137917
1,25,3,28,0.138500
1,25,3,29,0.137500
1,25,3,30,0.137958
1,25,3,31,0.137875
1,25,3,32,0.138958
1,25,3,33,0.138250
1,25,3,34,0.138542
1,25,3,35,0.137667
1,25,3,36,0.138167
1,25,3,37,0.138250
1,25,3,38,0.138042
1,25,3,39,0.137542
1,25,3,40,0.137708
1,25,3,41,0.138833
1,25,3,42,0.138000
1,25,4,0,0.138208
1,25,4,1,0.138333
1,25,4,2,0.138000
1,25,4,3,0.137333
1,25,4,4,0.138500
1,25,4,5,0.137958
1,25,4,6,0.137625
1,25,4,7,0.137792
1,25,4,8,0.137792
1,25,4,9,0.138250
1,25,4,10,0.138042
1,25,4,11,0.137833
1,25,4,12,0.137583
1,25,4,13,0.137875
1,25,4,14,0.140292
1,25,4,15,0.140250
1,25,4,16,0.139542
1,25,4,17,0.140042
1,25,4,18,0.138458
1,25,4,19,0.138500
1,25,4,20,0.137708
1,25,4,21,0.138667
1,25,4,22,0.137917
1,25,4,23,0.139125
1,25,4,24,0.137667
1,25,4,25,0.138167
1,25,4,26,0.137917
1,25,4,27,0.138000
1,25,4,28,0.138042
1,25,4,29,0.137917
1,25,4,30,0.137792
1,25,4,31,0.137750
1,25,4,32,0.137250
1,25,4,33,0.138000
1,25,4,34,0.138083
1,25,4,35,0.137750
1,25,4,36,0.137792
1,25,4,37,0.138500
1,25,4,38,0.137875
1,25,4,39,0.137417
1,25,4,40,0.137500
1,25,4,41,0.139292
1,25,4,42,0.138125
1,25,0,0,0.250208
1,25,0,1,0.255958
1,25,0,2,0.248875
1,25,0,3,0.265708
1,25,0,4,0.248500
1,25,0,5,0.247875
1,25,0,6,0.247375
1,25,0,7,0.248500
1,25,0,8,0.249458
1,25,0,9,0.248167
1,25,0,10,0.247667
1,25,0,11,0.248542
1,25,0,12,0.248125
1,25,0,13,0.248458
1,25,0,14,0.248875
1,25,0,15,0.248000
1,25,0,16,0.247333
1,25,0,17,0.249542
1,25,0,18,0.248375
1,25,0,19,0.249292
1,25,0,20,0.249250
1,25,0,21,0.248500
1,25,0,22,0.248125
1,25,0,23,0.249500
1,25,0,24,0.248875
1,25,0,25,0.247167
1,25,0,26,0.248917
1,25,0,27,0.248625
1,25,0,28,0.248542
1,25,0,29,0.248583
1,25,0,30,0.248042
1,25,0,31,0.248000
1,25,0,32,0.249167
1,25,0,33,0.248042
1,25,0,34,0.248417
1,25,0,35,0.246375
1,25,0,36,0.247875
1,25,0,37,0.249750
1,25,0,38,0.248542
1,25,0,39,0.249000
1,25,0,40,0.247625
1,25,0,41,0.249125
1,25,0,42,0.247667
1,26,3,0,0.138750
1,26,3,1,0.138250
1,26,3,2,0.138167
1,26,3,3,0.137042
1,26,3,4,0.138375
1,26,3,5,0.138000
1,26,3,6,0.138000
1,26,3,7,0.138250
1,26,3,8,0.138042
1,26,3,9,0.137792
1,26,3,10,0.138750
1,26,3,11,0.139375
1,26,3,12,0.138000
1,26,3,13,0.138000
1,26,3,14,0.140208
1,26,3,15,0.140583
1,26,3,16,0.140000
1,26,3,17,0.138625
1,26,3,18,0.137958
1,26,3,19,0.138833
1,26,3,20,0.137667
1,26,3,21,0.137792
1,26,3,22,0.138000
1,26,3,23,0.138750
1,26,3,24,0.138500
1,26,3,25,0.137958
1,26,3,26,0.137500
1,26,3,27,0.137958
1,26,3,28,0.138083
1,26,3,29,0.137500
1,26,3,30,0.138042
1,26,3,31,0.138208
1,26,3,32,0.137750
1,26,3,33,0.137750
1,26,3,34,0.137750
1,26,3,35,0.138167
1,26,3,36,0.138333
1,26,3,37,0.138125
1,26,3,38,0.138542
1,26,3,39,0.138958
1,26,3,40,0.138750
1,26,3,41,0.139625
1,26,3,42,0.139125
1,26,4,0,0.139375
1,26,4,1,0.141000
1,26,4,2,0.144500
1,26,4,3,0.184292
1,26,4,4,0.144250
1,26,4,5,0.138500
1,26,4,6,0.138333
1,26,4,7,0.139792
1,26,4,8,0.176875
1,26,4,9,0.157833
1,26,4,10,0.141625
1,26,4,11,0.138750
1,26,4,12,0.138167
1,26,4,13,0.138375
1,26,4,14,0.138250
1,26,4,15,0.138500
1,26,4,16,0.137917
1,26,4,17,0.138000
1,26,4,18,0.138042
1,26,4,19,0.138250
1,26,4,20,0.137833
1,26,4,21,0.137958
1,26,4,22,0.137542
1,26,4,23,0.138208
1,26,4,24,0.139917
1,26,4,25,0.140792
1,26,4,26,0.140083
1,26,4,27,0.140042
1,26,4,28,0.139750
1,26,4,29,0.138375
1,26,4,30,0.139250
1,26,4,31,0.138625
1,26,4,32,0.138625
1,26,4,33,0.139625
1,26,4,34,0.138500
1,26,4,35,0.138500
1,26,4,36,0.140250
1,26,4,37,0.139500
1,26,4,38,0.138583
1,26,4,39,0.138583
1,26,4,40,0.138042
1,26,4,41,0.139000
1,26,4,42,0.137750
1,26,0,0,0.248750
1,26,0,1,0.249708
1,26,0,2,0.248000
1,26,0,3,0.248667
1,26,0,4,0.249542
1,26,0,5,0.247500
1,26,0,6,0.248000
1,26,0,7,0.247750
1,26,0,8,0.248375
1,26,0,9,0.247375
1,26,0,10,0.247542
1,26,0,11,0.248292
1,26,0,12,0.247125
1,26,0,13,0.248250
1,26,0,14,0.248708
1,26,0,15,0.249375
1,26,0,16,0.249167
1,26,0,17,0.249125
1,26,0,18,0.248167
1,26,0,19,0.248542
1,26,0,20,0.248625
1,26,0,21,0.249292
1,26,0,22,0.249458
1,26,0,23,0.248250
1,26,0,24,0.249083
1,26,0,25,0.246750
1,26,0,26,0.248000
1,26,0,27,0.249375
1,26,0,28,0.248375
1,26,0,29,0.248000
1,26,0,30,0.248500
1,26,0,31,0.249750
1,26,0,32,0.248875
1,26,0,33,0.248792
1,26,0,34,0.247875
1,26,0,35,0.248500
1,26,0,36,0.248000
1,26,0,37,0.249625
1,26,0,38,0.247250
1,26,0,39,0.248250
1,26,0,40,0.248708
1,26,0,41,0.249667
1,26,0,42,0.248125
1,26,2,0,0.248292
1,26,2,1,0.248292
1,26,2,2,0.249000
1,26,2,3,0.249125
1,26,2,4,0.247500
1,26,2,5,0.248542
1,26,2,6,0.248250
1,26,2,7,0.249375
1,26,2,8,0.248250
1,26,2,9,0.247792
1,26,2,10,0.247542
1,26,2,11,0.248125
1,26,2,12,0.249375
1,26,2,13,0.248250
1,26,2,14,0.249167
1,26,2,15,0.248250
1,26,2,16,0.248000
1,26,2,17,0.248125
1,26,2,18,0.247917
1,26,2,19,0.249208
1,26,2,20,0.249125
1,26,2,21,0.248542
1,26,2,22,0.248500
1,26,2,23,0.249500
1,26,2,24,0.247167
1,26,2,25,0.247583
1,26,2,26,0.249542
1,26,2,27,0.249958
1,26,2,28,0.248208
1,26,2,29,0.248250
1,26,2,30,0.247917
1,26,2,31,0.248125
1,26,2,32,0.248583
1,26,2,33,0.247500
1,26,2,34,0.247375
1,26,2,35,0.247667
1,26,2,36,0.247125
1,26,2,37,0.248583
1,26,2,38,0.247708
1,26,2,39,0.248750
1,26,2,40,0.248375
1,26,2,41,0.248500
1,26,2,42,0.248167
1,27,4,0,0.138750
1,27,4,1,0.138250
1,27,4,2,0.137958
1,27,4,3,0.139583
1,27,4,4,0.138750
1,27,4,5,0.138000
1,27,4,6,0.138000
1,27,4,7,0.138000
1,27,4,8,0.138375
1,27,4,9,0.138208
1,27,4,10,0.138333
1,27,4,11,0.137583
1,27,4,12,0.137458
1,27,4,13,0.138167
1,27,4,14,0.138708
1,27,4,15,0.138250
1,27,4,16,0.137958
1,27,4,17,0.138625
1,27,4,18,0.138250
1,27,4,19,0.140625
1,27,4,20,0.140250
1,27,4,21,0.139417
1,27,4,22,0.140125
1,27,4,23,0.141000
1,27,4,24,0.140250
1,27,4,25,0.138750
1,27,4,26,0.138083
1,27,4,27,0.137875
1,27,4,28,0.140083
1,27,4,29,0.138583
1,27,4,30,0.137833
1,27,4,31,0.138458
1,27,4,32,0.138208
1,27,4,33,0.138125
1,27,4,34,0.138125
1,27,4,35,0.137917
1,27,4,36,0.138208
1,27,4,37,0.138625
1,27,4,38,0.137708
1,27,4,39,0.137458
1,27,4,40,0.138000
1,27,4,41,0.138625
1,27,4,42,0.138125
1,27,0,0,0.250000
1,27,0,1,0.248250
1,27,0,2,0.248583
1,27,0,3,0.248625
1,27,0,4,0.248375
1,27,0,5,0.247625
1,27,0,6,0.249750
1,27,0,7,0.247292
1,27,0,8,0.248375
1,27,0,9,0.248833
1,27,0,10,0.247625
1,27,0,11,0.247875
1,27,0,12,0.247500
1,27,0,13,0.248375
1,27,0,14,0.248125
1,27,0,15,0.248125
1,27,0,16,0.248750
1,27,0,17,0.247875
1,27,0,18,0.248375
1,27,0,19,0.250292
1,27,0,20,0.248208
1,27,0,21,0.249000
1,27,0,22,0.249750
1,27,0,23,0.248750
1,27,0,24,0.248375
1,27,0,25,0.248583
1,27,0,26,0.249000
1,27,0,27,0.248625
1,27,0,28,0.248708
1,27,0,29,0.246625
1,27,0,30,0.247000
1,27,0,31,0.248542
1,27,0,32,0.249958
1,27,0,33,0.248375
1,27,0,34,0.249208
1,27,0,35,0.249000
1,27,0,36,0.249125
1,27,0,37,0.246833
1,27,0,38,0.247750
1,27,0,39,0.248167
1,27,0,40,0.248542
1,27,0,41,0.250625
1,27,0,42,0.247875
1,27,2,0,0.248875
1,27,2,1,0.249750
1,27,2,2,0.247375
1,27,2,3,0.246417
1,27,2,4,0.248208
1,27,2,5,0.248583
1,27,2,6,0.248750
1,27,2,7,0.248625
1,27,2,8,0.249500
1,27,2,9,0.247333
1,27,2,10,0.249083
1,27,2,11,0.248250
1,27,2,12,0.248500
1,27,2,13,0.248250
1,27,2,14,0.248875
1,27,2,15,0.249375
1,27,2,16,0.247542
1,27,2,17,0.248667
1,27,2,18,0.249042
1,27,2,19,0.249125
1,27,2,20,0.247208
1,27,2,21,0.247750
1,27,2,22,0.248375
1,27,2,23,0.247458
1,27,2,24,0.248625
1,27,2,25,0.247667
1,27,2,26,0.248375
1,27,2,27,0.250333
1,27,2,28,0.247792
1,27,2,29,0.249250
1,27,2,30,0.247417
1,27,2,31,0.248875
1,27,2,32,0.248500
1,27,2,33,0.248833
1,27,2,34,0.249250
1,27,2,35,0.248875
1,27,2,36,0.248458
1,27,2,37,0.248750
1,27,2,38,0.247500
1,27,2,39,0.248292
1,27,2,40,0.249875
1,27,2,41,0.248792
1,27,2,42,0.249875
1,27,3,0,0.139208
1,27,3,1,0.141000
1,27,3,2,0.167667
1,27,3,3,0.166708
1,27,3,4,0.143250
1,27,3,5,0.139000
1,27,3,6,0.139292
1,27,3,7,0.141125
1,27,3,8,0.186125
1,27,3,9,0.143625
1,27,3,10,0.138875
1,27,3,11,0.138000
1,27,3,12,0.138125
1,27,3,13,0.138333
1,27,3,14,0.140000
1,27,3,15,0.140250
1,27,3,16,0.139583
1,27,3,17,0.139500
1,27,3,18,0.137958
1,27,3,19,0.138500
1,27,3,20,0.138042
1,27,3,21,0.138375
1,27,3,22,0.138208
1,27,3,23,0.139708
1,27,3,24,0.138125
1,27,3,25,0.138250
1,27,3,26,0.138000
1,27,3,27,0.137917
1,27,3,28,0.137875
1,27,3,29,0.138042
1,27,3,30,0.138625
1,27,3,31,0.138083
1,27,3,32,0.137750
1,27,3,33,0.138500
1,27,3,34,0.138792
1,27,3,35,0.138500
1,27,3,36,0.137917
1,27,3,37,0.137958
1,27,3,38,0.138333
1,27,3,39,0.137917
1,27,3,40,0.138042
1,27,3,41,0.139000
1,27,3,42,0.138125
1,28,0,0,0.249792
1,28,0,1,0.248292
1,28,0,2,0.248708
1,28,0,3,0.249125
1,28,0,4,0.248125
1,28,0,5,0.248083
1,28,0,6,0.247167
1,28,0,7,0.248792
1,28,0,8,0.248000
1,28,0,9,0.247667
1,28,0,10,0.248292
1,28,0,11,0.249792
1,28,0,12,0.249000
1,28,0,13,0.249125
1,28,0,14,0.249875
1,28,0,15,0.248500
1,28,0,16,0.248542
1,28,0,17,0.248667
1,28,0,18,0.248792
1,28,0,19,0.249125
1,28,0,20,0.248625
1,28,0,21,0.249583
1,28,0,22,0.248792
1,28,0,23,0.248125
1,28,0,24,0.248667
1,28,0,25,0.248875
1,28,0,26,0.248458
1,28,0,27,0.248833
1,28,0,28,0.248167
1,28,0,29,0.248333
1,28,0,30,0.248375
1,28,0,31,0.247708
1,28,0,32,0.248417
1,28,0,33,0.247625
1,28,0,34,0.247125
1,28,0,35,0.248708
1,28,0,36,0.248375
1,28,0,37,0.247833
1,28,0,38,0.247125
1,28,0,39,0.248250
1,28,0,40,0.248500
1,28,0,41,0.250208
1,28,0,42,0.249792
1,28,4,0,0.138708
1,28,4,1,0.138125
1,28,4,2,0.138167
1,28,4,3,0.137625
1,28,4,4,0.138292
1,28,4,5,0.138208
1,28,4,6,0.138250
1,28,4,7,0.138125
1,28,4,8,0.137792
1,28,4,9,0.138292
1,28,4,10,0.137917
1,28,4,11,0.138042
1,28,4,12,0.137583
1,28,4,13,0.137750
1,28,4,14,0.138208
1,28,4,15,0.139000
1,28,4,16,0.140000
1,28,4,17,0.140458
1,28,4,18,0.139875
1,28,4,19,0.138792
1,28,4,20,0.138292
1,28,4,21,0.138042
1,28,4,22,0.137875
1,28,4,23,0.137792
1,28,4,24,0.137750
1,28,4,25,0.139375
1,28,4,26,0.138333
1,28,4,27,0.138000
1,28,4,28,0.138125
1,28,4,29,0.138042
1,28,4,30,0.137875
1,28,4,31,0.138250
1,28,4,32,0.137667
1,28,4,33,0.138250
1,28,4,34,0.138167
1,28,4,35,0.138125
1,28,4,36,0.138000
1,28,4,37,0.138125
1,28,4,38,0.138500
1,28,4,39,0.137875
1,28,4,40,0.138125
1,28,4,41,0.138750
1,28,4,42,0.138000
1,28,3,0,0.138875
1,28,3,1,0.139917
1,28,3,2,0.138208
1,28,3,3,0.138125
1,28,3,4,0.138917
1,28,3,5,0.138125
1,28,3,6,0.139417
1,28,3,7,0.138000
1,28,3,8,0.138125
1,28,3,9,0.138083
1,28,3,10,0.138542
1,28,3,11,0.137750
1,28,3,12,0.137750
1,28,3,13,0.138333
1,28,3,14,0.138417
1,28,3,15,0.138958
1,28,3,16,0.138292
1,28,3,17,0.138167
1,28,3,18,0.138542
1,28,3,19,0.138625
1,28,3,20,0.138292
1,28,3,21,0.138500
1,28,3,22,0.138375
1,28,3,23,0.138375
1,28,3,24,0.138083
1,28,3,25,0.137875
1,28,3,26,0.140417
1,28,3,27,0.140250
1,28,3,28,0.140000
1,28,3,29,0.138750
1,28,3,30,0.138417
1,28,3,31,0.138042
1,28,3,32,0.137750
1,28,3,33,0.137500
1,28,3,34,0.138000
1,28,3,35,0.139708
1,28,3,36,0.138042
1,28,3,37,0.138750
1,28,3,38,0.137750
1,28,3,39,0.137750
1,28,3,40,0.138000
1,28,3,41,0.139042
1,28,3,42,0.138375
1,28,2,0,0.250500
1,28,2,1,0.248625
1,28,2,2,0.248542
1,28,2,3,0.248750
1,28,2,4,0.247625
1,28,2,5,0.249125
1,28,2,6,0.248792
1,28,2,7,0.250542
1,28,2,8,0.249500
1,28,2,9,0.247750
1,28,2,10,0.248083
1,28,2,11,0.264125
1,28,2,12,0.247750
1,28,2,13,0.257250
1,28,2,14,0.248250
1,28,2,15,0.248167
1,28,2,16,0.247917
1,28,2,17,0.247208
1,28,2,18,0.248792
1,28,2,19,0.247958
1,28,2,20,0.247375
1,28,2,21,0.248625
1,28,2,22,0.248500
1,28,2,23,0.248667
1,28,2,24,0.248375
1,28,2,25,0.248208
1,28,2,26,0.248625
1,28,2,27,0.248250
1,28,2,28,0.248458
1,28,2,29,0.248042
1,28,2,30,0.248375
1,28,2,31,0.248583
1,28,2,32,0.248500
1,28,2,33,0.248750
1,28,2,34,0.248375
1,28,2,35,0.249000
1,28,2,36,0.248542
1,28,2,37,0.248208
1,28,2,38,0.247250
1,28,2,39,0.248667
1,28,2,40,0.248417
1,28,2,41,0.249125
1,28,2,42,0.248875
1,29,2,0,0.248625
1,29,2,1,0.248875
1,29,2,2,0.249667
1,29,2,3,0.249292
1,29,2,4,0.247750
1,29,2,5,0.248625
1,29,2,6,0.248625
1,29,2,7,0.249125
1,29,2,8,0.248375
1,29,2,9,0.248875
1,29,2,10,0.248000
1,29,2,11,0.248500
1,29,2,12,0.247833
1,29,2,13,0.248625
1,29,2,14,0.247500
1,29,2,15,0.248625
1,29,2,16,0.248167
1,29,2,17,0.248750
1,29,2,18,0.247792
1,29,2,19,0.249917
1,29,2,20,0.247708
1,29,2,21,0.248750
1,29,2,22,0.249875
1,29,2,23,0.249000
1,29,2,24,0.246542
1,29,2,25,0.247625
1,29,2,26,0.248583
1,29,2,27,0.248875
1,29,2,28,0.249500
1,29,2,29,0.247875
1,29,2,30,0.248000
1,29,2,31,0.249625
1,29,2,32,0.245750
1,29,2,33,0.249208
1,29,2,34,0.249958
1,29,2,35,0.249625
1,29,2,36,0.246750
1,29,2,37,0.248917
1,29,2,38,0.246750
1,29,2,39,0.249958
1,29,2,40,0.250417
1,29,2,41,0.249708
1,29,2,42,0.250125
1,29,0,0,0.249417
1,29,0,1,0.249333
1,29,0,2,0.249250
1,29,0,3,0.249917
1,29,0,4,0.248042
1,29,0,5,0.248625
1,29,0,6,0.248375
1,29,0,7,0.249750
1,29,0,8,0.249667
1,29,0,9,0.249000
1,29,0,10,0.250458
1,29,0,11,0.250750
1,29,0,12,0.248375
1,29,0,13,0.250750
1,29,0,14,0.250583
1,29,0,15,0.247750
1,29,0,16,0.248750
1,29,0,17,0.249542
1,29,0,18,0.248250
1,29,0,19,0.248917
1,29,0,20,0.247625
1,29,0,21,0.248125
1,29,0,22,0.247750
1,29,0,23,0.248583
1,29,0,24,0.248750
1,29,0,25,0.248000
1,29,0,26,0.248333
1,29,0,27,0.249083
1,29,0,28,0.247875
1,29,0,29,0.247875
1,29,0,30,0.247250
1,29,0,31,0.248250
1,29,0,32,0.248875
1,29,0,33,0.248708
1,29,0,34,0.247208
1,29,0,35,0.250708
1,29,0,36,0.247833
1,29,0,37,0.248917
1,29,0,38,0.248000
1,29,0,39,0.249375
1,29,0,40,0.248167
1,29,0,41,0.250250
1,29,0,42,0.247375
1,29,4,0,0.140458
1,29,4,1,0.141083
1,29,4,2,0.140958
1,29,4,3,0.138583
1,29,4,4,0.139417
1,29,4,5,0.139125
1,29,4,6,0.139000
1,29,4,7,0.138250
1,29,4,8,0.138750
1,29,4,9,0.139500
1,29,4,10,0.138875
1,29,4,11,0.138625
1,29,4,12,0.138333
1,29,4,13,0.139625
1,29,4,14,0.138958
1,29,4,15,0.141125
1,29,4,16,0.140125
1,29,4,17,0.140167
1,29,4,18,0.139208
1,29,4,19,0.138375
1,29,4,20,0.138833
1,29,4,21,0.138792
1,29,4,22,0.138125
1,29,4,23,0.138583
1,29,4,24,0.138500
1,29,4,25,0.138458
1,29,4,26,0.138500
1,29,4,27,0.139875
1,29,4,28,0.138500
1,29,4,29,0.138250
1,29,4,30,0.138417
1,29,4,31,0.138708
1,29,4,32,0.138250
1,29,4,33,0.137958
1,29,4,34,0.138500
1,29,4,35,0.138500
1,29,4,36,0.138500
1,29,4,37,0.139333
1,29,4,38,0.138250
1,29,4,39,0.138250
1,29,4,40,0.138125
1,29,4,41,0.138875
1,29,4,42,0.138125
1,29,3,0,0.138500
1,29,3,1,0.138625
1,29,3,2,0.138375
1,29,3,3,0.138042
1,29,3,4,0.138875
1,29,3,5,0.137667
1,29,3,6,0.138208
1,29,3,7,0.138208
1,29,3,8,0.138250
1,29,3,9,0.138333
1,29,3,10,0.139083
1,29,3,11,0.138042
1,29,3,12,0.139583
1,29,3,13,0.138792
1,29,3,14,0.138917
1,29,3,15,0.138417
1,29,3,16,0.138958
1,29,3,17,0.138625
1,29,3,18,0.138000
1,29,3,19,0.139000
1,29,3,20,0.138458
1,29,3,21,0.138625
1,29,3,22,0.138167
1,29,3,23,0.138500
1,29,3,24,0.137792
1,29,3,25,0.139583
1,29,3,26,0.140375
1,29,3,27,0.140500
1,29,3,28,0.140125
1,29,3,29,0.140375
1,29,3,30,0.140833
1,29,3,31,0.140333
1,29,3,32,0.138417
1,29,3,33,0.138125
1,29,3,34,0.138875
1,29,3,35,0.139500
1,29,3,36,0.138500
1,29,3,37,0.138417
1,29,3,38,0.137875
1,29,3,39,0.137917
1,29,3,40,0.137958
1,29,3,41,0.139333
1,29,3,42,0.138375
1,30,3,0,0.138500
1,30,3,1,0.138125
1,30,3,2,0.137833
1,30,3,3,0.137917
1,30,3,4,0.138792
1,30,3,5,0.138042
1,30,3,6,0.137792
1,30,3,7,0.138250
1,30,3,8,0.138042
1,30,3,9,0.139083
1,30,3,10,0.138125
1,30,3,11,0.138125
1,30,3,12,0.138000
1,30,3,13,0.138375
1,30,3,14,0.138500
1,30,3,15,0.138667
1,30,3,16,0.138500
1,30,3,17,0.138625
1,30,3,18,0.138750
1,30,3,19,0.138625
1,30,3,20,0.138875
1,30,3,21,0.138208
1,30,3,22,0.138292
1,30,3,23,0.138750
1,30,3,24,0.138125
1,30,3,25,0.138458
1,30,3,26,0.138708
1,30,3,27,0.139042
1,30,3,28,0.138500
1,30,3,29,0.138292
1,30,3,30,0.138875
1,30,3,31,0.138083
1,30,3,32,0.137792
1,30,3,33,0.138083
1,30,3,34,0.138625
1,30,3,35,0.141875
1,30,3,36,0.140875
1,30,3,37,0.140792
1,30,3,38,0.140125
1,30,3,39,0.140750
1,30,3,40,0.140250
1,30,3,41,0.139333
1,30,3,42,0.138000
1,30,2,0,0.250042
1,30,2,1,0.249250
1,30,2,2,0.249500
1,30,2,3,0.249792
1,30,2,4,0.248250
1,30,2,5,0.247333
1,30,2,6,0.247667
1,30,2,7,0.249750
1,30,2,8,0.248375
1,30,2,9,0.247583
1,30,2,10,0.249000
1,30,2,11,0.247958
1,30,2,12,0.247125
1,30,2,13,0.249000
1,30,2,14,0.250125
1,30,2,15,0.247833
1,30,2,16,0.248542
1,30,2,17,0.248625
1,30,2,18,0.249125
1,30,2,19,0.248542
1,30,2,20,0.247750
1,30,2,21,0.249667
1,30,2,22,0.249000
1,30,2,23,0.246417
1,30,2,24,0.248792
1,30,2,25,0.247625
1,30,2,26,0.249292
1,30,2,27,0.248208
1,30,2,28,0.247875
1,30,2,29,0.246708
1,30,2,30,0.248375
1,30,2,31,0.248542
1,30,2,32,0.247750
1,30,2,33,0.248750
1,30,2,34,0.248500
1,30,2,35,0.248875
1,30,2,36,0.248833
1,30,2,37,0.247625
1,30,2,38,0.247375
1,30,2,39,0.247250
1,30,2,40,0.249000
1,30,2,41,0.249000
1,30,2,42,0.248167
1,30,0,0,0.249667
1,30,0,1,0.248500
1,30,0,2,0.248750
1,30,0,3,0.250167
1,30,0,4,0.249000
1,30,0,5,0.249000
1,30,0,6,0.247500
1,30,0,7,0.248625
1,30,0,8,0.248875
1,30,0,9,0.249375
1,30,0,10,0.249250
1,30,0,11,0.248875
1,30,0,12,0.248042
1,30,0,13,0.247750
1,30,0,14,0.249500
1,30,0,15,0.248958
1,30,0,16,0.247667
1,30,0,17,0.247958
1,30,0,18,0.248625
1,30,0,19,0.248000
1,30,0,20,0.247792
1,30,0,21,0.247583
1,30,0,22,0.248708
1,30,0,23,0.248500
1,30,0,24,0.248125
1,30,0,25,0.249250
1,30,0,26,0.247250
1,30,0,27,0.249583
1,30,0,28,0.248417
1,30,0,29,0.248917
1,30,0,30,0.247417
1,30,0,31,0.248125
1,30,0,32,0.247458
1,30,0,33,0.247417
1,30,0,34,0.249458
1,30,0,35,0.248750
1,30,0,36,0.248500
1,30,0,37,0.248667
1,30,0,38,0.247375
1,30,0,39,0.248000
1,30,0,40,0.247917
1,30,0,41,0.249500
1,30,0,42,0.248667
1,30,4,0,0.139042
1,30,4,1,0.138250
1,30,4,2,0.138250
1,30,4,3,0.138042
1,30,4,4,0.138708
1,30,4,5,0.138250
1,30,4,6,0.138417
1,30,4,7,0.138417
1,30,4,8,0.138500
1,30,4,9,0.138625
1,30,4,10,0.138250
1,30,4,11,0.138250
1,30,4,12,0.137833
1,30,4,13,0.138750
1,30,4,14,0.138625
1,30,4,15,0.138375
1,30,4,16,0.138208
1,30,4,17,0.138625
1,30,4,18,0.137958
1,30,4,19,0.138375
1,30,4,20,0.138458
1,30,4,21,0.138083
1,30,4,22,0.138500
1,30,4,23,0.138500
1,30,4,24,0.138542
1,30,4,25,0.138292
1,30,4,26,0.138500
1,30,4,27,0.139750
1,30,4,28,0.140208
1,30,4,29,0.140500
1,30,4,30,0.140500
1,30,4,31,0.141000
1,30,4,32,0.138792
1,30,4,33,0.140458
1,30,4,34,0.141000
1,30,4,35,0.186125
1,30,4,36,0.143958
1,30,4,37,0.139750
1,30,4,38,0.140458
1,30,4,39,0.140500
1,30,4,40,0.157125
1,30,4,41,0.185500
1,30,4,42,0.144000
1,31,4,0,0.141333
1,31,4,1,0.138708
1,31,4,2,0.138458
1,31,4,3,0.138125
1,31,4,4,0.138750
1,31,4,5,0.138375
1,31,4,6,0.138000
1,31,4,7,0.137917
1,31,4,8,0.138083
1,31,4,9,0.138500
1,31,4,10,0.138250
1,31,4,11,0.138167
1,31,4,12,0.137750
1,31,4,13,0.138708
1,31,4,14,0.138792
1,31,4,15,0.139167
1,31,4,16,0.138167
1,31,4,17,0.138958
1,31,4,18,0.138042
1,31,4,19,0.138833
1,31,4,20,0.138750
1,31,4,21,0.138292
1,31,4,22,0.138375
1,31,4,23,0.139000
1,31,4,24,0.138000
1,31,4,25,0.138417
1,31,4,26,0.138667
1,31,4,27,0.138875
1,31,4,28,0.138542
1,31,4,29,0.138250
1,31,4,30,0.138375
1,31,4,31,0.138625
1,31,4,32,0.138417
1,31,4,33,0.138250
1,31,4,34,0.139667
1,31,4,35,0.139375
1,31,4,36,0.138208
1,31,4,37,0.137917
1,31,4,38,0.139125
1,31,4,39,0.138458
1,31,4,40,0.139375
1,31,4,41,0.138000
1,31,4,42,0.137292
1,31,3,0,0.137458
1,31,3,1,0.136583
1,31,3,2,0.137125
1,31,3,3,0.136583
1,31,3,4,0.138750
1,31,3,5,0.137083
1,31,3,6,0.137625
1,31,3,7,0.136792
1,31,3,8,0.137750
1,31,3,9,0.137125
1,31,3,10,0.137208
1,31,3,11,0.136750
1,31,3,12,0.136625
1,31,3,13,0.136750
1,31,3,14,0.137750
1,31,3,15,0.138250
1,31,3,16,0.137583
1,31,3,17,0.137500
1,31,3,18,0.137667
1,31,3,19,0.137875
1,31,3,20,0.137542
1,31,3,21,0.137125
1,31,3,22,0.138042
1,31,3,23,0.137417
1,31,3,24,0.137000
1,31,3,25,0.137500
1,31,3,26,0.137250
1,31,3,27,0.136833
1,31,3,28,0.137250
1,31,3,29,0.137000
1,31,3,30,0.137125
1,31,3,31,0.138125
1,31,3,32,0.137125
1,31,3,33,0.137292
1,31,3,34,0.137750
1,31,3,35,0.136750
1,31,3,36,0.136750
1,31,3,37,0.137375
1,31,3,38,0.137083
1,31,3,39,0.136375
1,31,3,40,0.136750
1,31,3,41,0.137625
1,31,3,42,0.137417
1,31,2,0,0.250000
1,31,2,1,0.248917
1,31,2,2,0.247375
1,31,2,3,0.249333
1,31,2,4,0.248208
1,31,2,5,0.248250
1,31,2,6,0.249125
1,31,2,7,0.247125
1,31,2,8,0.248500
1,31,2,9,0.248625
1,31,2,10,0.248375
1,31,2,11,0.249667
1,31,2,12,0.247750
1,31,2,13,0.248417
1,31,2,14,0.248375
1,31,2,15,0.248167
1,31,2,16,0.248750
1,31,2,17,0.248125
1,31,2,18,0.247125
1,31,2,19,0.249917
1,31,2,20,0.245417
1,31,2,21,0.247667
1,31,2,22,0.248833
1,31,2,23,0.247667
1,31,2,24,0.247625
1,31,2,25,0.248500
1,31,2,26,0.248625
1,31,2,27,0.249458
1,31,2,28,0.248500
1,31,2,29,0.247000
1,31,2,30,0.248000
1,31,2,31,0.248583
1,31,2,32,0.248333
1,31,2,33,0.248250
1,31,2,34,0.249000
1,31,2,35,0.248125
1,31,2,36,0.248333
1,31,2,37,0.247958
1,31,2,38,0.248125
1,31,2,39,0.249083
1,31,2,40,0.249750
1,31,2,41,0.250417
1,31,2,42,0.248167
1,31,0,0,0.249167
1,31,0,1,0.248625
1,31,0,2,0.248625
1,31,0,3,0.250542
1,31,0,4,0.248250
1,31,0,5,0.248500
1,31,0,6,0.248750
1,31,0,7,0.248042
1,31,0,8,0.247750
1,31,0,9,0.247667
1,31,0,10,0.247833
1,31,0,11,0.248917
1,31,0,12,0.248833
1,31,0,13,0.248417
1,31,0,14,0.249500
1,31,0,15,0.248333
1,31,0,16,0.248500
1,31,0,17,0.248875
1,31,0,18,0.249000
1,31,0,19,0.249208
1,31,0,20,0.248167
1,31,0,21,0.247875
1,31,0,22,0.263125
1,31,0,23,0.248125
1,31,0,24,0.263250
1,31,0,25,0.247875
1,31,0,26,0.247667
1,31,0,27,0.249292
1,31,0,28,0.248667
1,31,0,29,0.247375
1,31,0,30,0.248000
1,31,0,31,0.248333
1,31,0,32,0.248417
1,31,0,33,0.248333
1,31,0,34,0.249708
1,31,0,35,0.247000
1,31,0,36,0.247583
1,31,0,37,0.248958
1,31,0,38,0.248417
1,31,0,39,0.248625
1,31,0,40,0.248167
1,31,0,41,0.249708
1,31,0,42,0.249042
