layer,site,format,corpus,m,k,n,input_hash_ds4_64,candidate_dispatches,grid_y,bit_diffs,first_index,first_ref_bits,first_got_bits,max_abs,result
0,0,f16,C0,2,16384,24,bc91ad0b35b50383,1,1,0,-1,00000000,00000000,0,PASS
0,0,f16,C1,2,16384,24,5dc3d7543112adb3,1,1,0,-1,00000000,00000000,0,PASS
0,0,f16,C2,2,16384,24,2182d4551e4fe2a3,1,1,0,-1,00000000,00000000,0,PASS
0,0,f16,C3,2,16384,24,adedb8697450af67,1,1,0,-1,00000000,00000000,0,PASS
0,0,f16,C4,2,16384,24,b25fa2af1f4d979f,1,1,0,-1,00000000,00000000,0,PASS
0,0,f16,C0,3,16384,24,8fc0340096c10383,1,1,0,-1,00000000,00000000,0,PASS
0,0,f16,C1,3,16384,24,b7a628de7278e07a,1,1,0,-1,00000000,00000000,0,PASS
0,0,f16,C2,3,16384,24,05a69f75d2d8e36d,1,1,0,-1,00000000,00000000,0,PASS
0,0,f16,C3,3,16384,24,11f57fba9537e932,1,1,0,-1,00000000,00000000,0,PASS
0,0,f16,C4,3,16384,24,f5166e1daf6a5307,1,1,0,-1,00000000,00000000,0,PASS
0,0,f16,C0,4,16384,24,f8a98b25f7cd0383,1,1,0,-1,00000000,00000000,0,PASS
0,0,f16,C1,4,16384,24,6dd2f6a152781763,1,1,0,-1,00000000,00000000,0,PASS
0,0,f16,C2,4,16384,24,03b1a534c5b2c557,1,1,0,-1,00000000,00000000,0,PASS
0,0,f16,C3,4,16384,24,86675726d265cae3,1,1,0,-1,00000000,00000000,0,PASS
0,0,f16,C4,4,16384,24,77f735b69bbdcc77,1,1,0,-1,00000000,00000000,0,PASS
0,0,f16,C0,5,16384,24,680db27b58d90383,1,1,0,-1,00000000,00000000,0,PASS
0,0,f16,C1,5,16384,24,849b32211e8c92aa,1,1,0,-1,00000000,00000000,0,PASS
0,0,f16,C2,5,16384,24,5c63d5b6c8cd0fe7,1,1,0,-1,00000000,00000000,0,PASS
0,0,f16,C3,5,16384,24,8a9e43ec766c73e4,1,1,0,-1,00000000,00000000,0,PASS
0,0,f16,C4,5,16384,24,afa0291542a0c337,1,1,0,-1,00000000,00000000,0,PASS
0,0,f16,C0,6,16384,24,4eacaa00b9e50383,1,1,0,-1,00000000,00000000,0,PASS
0,0,f16,C1,6,16384,24,aa9ab88976b3b793,1,1,0,-1,00000000,00000000,0,PASS
0,0,f16,C2,6,16384,24,7492baf760eee0bc,1,1,0,-1,00000000,00000000,0,PASS
0,0,f16,C3,6,16384,24,4d296363a9e6dabb,1,1,0,-1,00000000,00000000,0,PASS
0,0,f16,C4,6,16384,24,f28d61a32b65fc0a,1,1,0,-1,00000000,00000000,0,PASS
0,0,f16,C0,7,16384,24,1d4671b61af10383,1,1,0,-1,00000000,00000000,0,PASS
0,0,f16,C1,7,16384,24,3a7a16ba8fd8d85a,1,1,0,-1,00000000,00000000,0,PASS
0,0,f16,C2,7,16384,24,711aa99ced25a706,1,1,0,-1,00000000,00000000,0,PASS
0,0,f16,C3,7,16384,24,0e33b631d35c3232,1,1,0,-1,00000000,00000000,0,PASS
0,0,f16,C4,7,16384,24,6441aebc43e8962a,1,1,0,-1,00000000,00000000,0,PASS
0,0,f16,C0,8,16384,24,449b099b7bfd0383,1,1,0,-1,00000000,00000000,0,PASS
0,0,f16,C1,8,16384,24,80cdba4d8810a5c3,1,1,0,-1,00000000,00000000,0,PASS
0,0,f16,C2,8,16384,24,af28154ffb9ea876,1,1,0,-1,00000000,00000000,0,PASS
0,0,f16,C3,8,16384,24,8f48c046eb87af38,1,1,0,-1,00000000,00000000,0,PASS
0,0,f16,C4,8,16384,24,9e50fb1212e9adde,1,1,0,-1,00000000,00000000,0,PASS
0,1,q8_0,C0,2,4096,1024,61e628f524230383,1,1,0,-1,00000000,00000000,0,PASS
0,1,q8_0,C1,2,4096,1024,f3458625c6b0adb3,1,1,0,-1,00000000,00000000,0,PASS
0,1,q8_0,C2,2,4096,1024,eaa8b46e71e992b4,1,1,0,-1,00000000,00000000,0,PASS
0,1,q8_0,C3,2,4096,1024,13f5aba7faa9796f,1,1,0,-1,00000000,00000000,0,PASS
0,1,q8_0,C4,2,4096,1024,4712e9c2b1324d63,1,1,0,-1,00000000,00000000,0,PASS
0,1,q8_0,C0,3,4096,1024,f361b91bfc660383,1,1,0,-1,00000000,00000000,0,PASS
0,1,q8_0,C1,3,4096,1024,36aaaa69a328e07a,1,1,0,-1,00000000,00000000,0,PASS
0,1,q8_0,C2,3,4096,1024,e36dde151415c0df,1,1,0,-1,00000000,00000000,0,PASS
0,1,q8_0,C3,3,4096,1024,fd9360be4c0ee9c0,1,1,0,-1,00000000,00000000,0,PASS
0,1,q8_0,C4,3,4096,1024,e34480993503b8a3,1,1,0,-1,00000000,00000000,0,PASS
0,1,q8_0,C0,4,4096,1024,0e5df645d4a90383,1,1,0,-1,00000000,00000000,0,PASS
0,1,q8_0,C1,4,4096,1024,cb611474e6bf1763,1,1,0,-1,00000000,00000000,0,PASS
0,1,q8_0,C2,4,4096,1024,a668df01d5618865,1,1,0,-1,00000000,00000000,0,PASS
0,1,q8_0,C3,4,4096,1024,aaff6c862f88a789,1,1,0,-1,00000000,00000000,0,PASS
0,1,q8_0,C4,4,4096,1024,04144d081eb41f66,1,1,0,-1,00000000,00000000,0,PASS
0,1,q8_0,C0,5,4096,1024,649de072acec0383,1,1,0,-1,00000000,00000000,0,PASS
0,1,q8_0,C1,5,4096,1024,7d3627c9d35592aa,1,1,0,-1,00000000,00000000,0,PASS
0,1,q8_0,C2,5,4096,1024,d13581044f3dfab0,1,1,0,-1,00000000,00000000,0,PASS
0,1,q8_0,C3,5,4096,1024,11b3c80fd3c635fb,1,1,0,-1,00000000,00000000,0,PASS
0,1,q8_0,C4,5,4096,1024,9ca02a032bb24fc6,1,1,0,-1,00000000,00000000,0,PASS
0,1,q8_0,C0,6,4096,1024,a7e477a2852f0383,1,1,0,-1,00000000,00000000,0,PASS
0,1,q8_0,C1,6,4096,1024,a8f5fc63ca83b793,1,1,0,-1,00000000,00000000,0,PASS
0,1,q8_0,C2,6,4096,1024,2e2a6a2802a71ed0,1,1,0,-1,00000000,00000000,0,PASS
0,1,q8_0,C3,6,4096,1024,b18e16fa97b898ab,1,1,0,-1,00000000,00000000,0,PASS
0,1,q8_0,C4,6,4096,1024,e725a82e9783c012,1,1,0,-1,00000000,00000000,0,PASS
0,1,q8_0,C0,7,4096,1024,89f4bbd55d720383,1,1,0,-1,00000000,00000000,0,PASS
0,1,q8_0,C1,7,4096,1024,8a1e5e5f2f1ad85a,1,1,0,-1,00000000,00000000,0,PASS
0,1,q8_0,C2,7,4096,1024,38cba9f3d15ed87c,1,1,0,-1,00000000,00000000,0,PASS
0,1,q8_0,C3,7,4096,1024,faf0b813d9ee1d4d,1,1,0,-1,00000000,00000000,0,PASS
0,1,q8_0,C4,7,4096,1024,a56d33ae4c8c775a,1,1,0,-1,00000000,00000000,0,PASS
0,1,q8_0,C0,8,4096,1024,bc91ad0b35b50383,1,1,0,-1,00000000,00000000,0,PASS
0,1,q8_0,C1,8,4096,1024,b049445697c9a5c3,1,1,0,-1,00000000,00000000,0,PASS
0,1,q8_0,C2,8,4096,1024,7efc99aea35888c7,1,1,0,-1,00000000,00000000,0,PASS
0,1,q8_0,C3,8,4096,1024,0bd4b5355ae82965,1,1,0,-1,00000000,00000000,0,PASS
0,1,q8_0,C4,8,4096,1024,d8f79ecae2861f1f,1,1,0,-1,00000000,00000000,0,PASS
0,2,q8_0,C0,2,4096,512,61e628f524230383,1,1,0,-1,00000000,00000000,0,PASS
0,2,q8_0,C1,2,4096,512,f3458625c6b0adb3,1,1,0,-1,00000000,00000000,0,PASS
0,2,q8_0,C2,2,4096,512,eaa8b46e71e992b4,1,1,0,-1,00000000,00000000,0,PASS
0,2,q8_0,C3,2,4096,512,e1ff3ff7b4993b98,1,1,0,-1,00000000,00000000,0,PASS
0,2,q8_0,C4,2,4096,512,4712e9c2b1324d63,1,1,0,-1,00000000,00000000,0,PASS
0,2,q8_0,C0,3,4096,512,f361b91bfc660383,1,1,0,-1,00000000,00000000,0,PASS
0,2,q8_0,C1,3,4096,512,36aaaa69a328e07a,1,1,0,-1,00000000,00000000,0,PASS
0,2,q8_0,C2,3,4096,512,e36dde151415c0df,1,1,0,-1,00000000,00000000,0,PASS
0,2,q8_0,C3,3,4096,512,e32b4b3e3b6ffdcd,1,1,0,-1,00000000,00000000,0,PASS
0,2,q8_0,C4,3,4096,512,e34480993503b8a3,1,1,0,-1,00000000,00000000,0,PASS
0,2,q8_0,C0,4,4096,512,0e5df645d4a90383,1,1,0,-1,00000000,00000000,0,PASS
0,2,q8_0,C1,4,4096,512,cb611474e6bf1763,1,1,0,-1,00000000,00000000,0,PASS
0,2,q8_0,C2,4,4096,512,a668df01d5618865,1,1,0,-1,00000000,00000000,0,PASS
0,2,q8_0,C3,4,4096,512,3dccf7e0f94ef57f,1,1,0,-1,00000000,00000000,0,PASS
0,2,q8_0,C4,4,4096,512,04144d081eb41f66,1,1,0,-1,00000000,00000000,0,PASS
0,2,q8_0,C0,5,4096,512,649de072acec0383,1,1,0,-1,00000000,00000000,0,PASS
0,2,q8_0,C1,5,4096,512,7d3627c9d35592aa,1,1,0,-1,00000000,00000000,0,PASS
0,2,q8_0,C2,5,4096,512,d13581044f3dfab0,1,1,0,-1,00000000,00000000,0,PASS
0,2,q8_0,C3,5,4096,512,1ff7cebae2137f3c,1,1,0,-1,00000000,00000000,0,PASS
0,2,q8_0,C4,5,4096,512,9ca02a032bb24fc6,1,1,0,-1,00000000,00000000,0,PASS
0,2,q8_0,C0,6,4096,512,a7e477a2852f0383,1,1,0,-1,00000000,00000000,0,PASS
0,2,q8_0,C1,6,4096,512,a8f5fc63ca83b793,1,1,0,-1,00000000,00000000,0,PASS
0,2,q8_0,C2,6,4096,512,2e2a6a2802a71ed0,1,1,0,-1,00000000,00000000,0,PASS
0,2,q8_0,C3,6,4096,512,80a0be95c34ab3c1,1,1,0,-1,00000000,00000000,0,PASS
0,2,q8_0,C4,6,4096,512,e725a82e9783c012,1,1,0,-1,00000000,00000000,0,PASS
0,2,q8_0,C0,7,4096,512,89f4bbd55d720383,1,1,0,-1,00000000,00000000,0,PASS
0,2,q8_0,C1,7,4096,512,8a1e5e5f2f1ad85a,1,1,0,-1,00000000,00000000,0,PASS
0,2,q8_0,C2,7,4096,512,38cba9f3d15ed87c,1,1,0,-1,00000000,00000000,0,PASS
0,2,q8_0,C3,7,4096,512,eef36b7563926cf2,1,1,0,-1,00000000,00000000,0,PASS
0,2,q8_0,C4,7,4096,512,a56d33ae4c8c775a,1,1,0,-1,00000000,00000000,0,PASS
0,2,q8_0,C0,8,4096,512,bc91ad0b35b50383,1,1,0,-1,00000000,00000000,0,PASS
0,2,q8_0,C1,8,4096,512,b049445697c9a5c3,1,1,0,-1,00000000,00000000,0,PASS
0,2,q8_0,C2,8,4096,512,7efc99aea35888c7,1,1,0,-1,00000000,00000000,0,PASS
0,2,q8_0,C3,8,4096,512,ad5db5c4df800845,1,1,0,-1,00000000,00000000,0,PASS
0,2,q8_0,C4,8,4096,512,d8f79ecae2861f1f,1,1,0,-1,00000000,00000000,0,PASS
0,3,q8_0,C0,2,1024,32768,66a385207fbe8383,1,1,0,-1,00000000,00000000,0,PASS
0,3,q8_0,C1,2,1024,32768,ea4b97e88c182db3,1,1,0,-1,00000000,00000000,0,PASS
0,3,q8_0,C2,2,1024,32768,70800d37477b9cc9,1,1,0,-1,00000000,00000000,0,PASS
0,3,q8_0,C3,2,1024,32768,8807200f9ed183ce,1,1,0,-1,00000000,00000000,0,PASS
0,3,q8_0,C4,2,1024,32768,71e3b48a7ebcb79f,1,1,0,-1,00000000,00000000,0,PASS
0,3,q8_0,C0,3,1024,32768,09b99610cdcf4383,1,1,0,-1,00000000,00000000,0,PASS
0,3,q8_0,C1,3,1024,32768,f303d2023f54e07a,1,1,0,-1,00000000,00000000,0,PASS
0,3,q8_0,C2,3,1024,32768,17b139ff4bb1b56e,1,1,0,-1,00000000,00000000,0,PASS
0,3,q8_0,C3,3,1024,32768,97ad6d5f80c1d84d,1,1,0,-1,00000000,00000000,0,PASS
0,3,q8_0,C4,3,1024,32768,7684a1bb04066307,1,1,0,-1,00000000,00000000,0,PASS
0,3,q8_0,C0,4,1024,32768,a82845d14be00383,1,1,0,-1,00000000,00000000,0,PASS
0,3,q8_0,C1,4,1024,32768,829e2379d3d0d763,1,1,0,-1,00000000,00000000,0,PASS
0,3,q8_0,C2,4,1024,32768,2c41771fb26e6aa4,1,1,0,-1,00000000,00000000,0,PASS
0,3,q8_0,C3,4,1024,32768,4e48b515f6518698,1,1,0,-1,00000000,00000000,0,PASS
0,3,q8_0,C4,4,1024,32768,00c364baeed7cc77,1,1,0,-1,00000000,00000000,0,PASS
0,3,q8_0,C0,5,1024,32768,a536a061f9f0c383,1,1,0,-1,00000000,00000000,0,PASS
0,3,q8_0,C1,5,1024,32768,cd5cb4a48887d2aa,1,1,0,-1,00000000,00000000,0,PASS
0,3,q8_0,C2,5,1024,32768,fe68e9da3c4fa0b4,1,1,0,-1,00000000,00000000,0,PASS
0,3,q8_0,C3,5,1024,32768,0e968d17b6930058,1,1,0,-1,00000000,00000000,0,PASS
0,3,q8_0,C4,5,1024,32768,85d67414a04db337,1,1,0,-1,00000000,00000000,0,PASS
0,3,q8_0,C0,6,1024,32768,e72bb1c2d8018383,1,1,0,-1,00000000,00000000,0,PASS
0,3,q8_0,C1,6,1024,32768,606b07352f77b793,1,1,0,-1,00000000,00000000,0,PASS
0,3,q8_0,C2,6,1024,32768,aac88d06cc8d8c24,1,1,0,-1,00000000,00000000,0,PASS
0,3,q8_0,C3,6,1024,32768,88b2a770da6731e9,1,1,0,-1,00000000,00000000,0,PASS
0,3,q8_0,C4,6,1024,32768,90a3e3c502279c0a,1,1,0,-1,00000000,00000000,0,PASS
0,3,q8_0,C0,7,1024,32768,d74e85f3e6124383,1,1,0,-1,00000000,00000000,0,PASS
0,3,q8_0,C1,7,1024,32768,0680c4d6b6eb585a,1,1,0,-1,00000000,00000000,0,PASS
0,3,q8_0,C2,7,1024,32768,68aeccecb4841b1a,1,1,0,-1,00000000,00000000,0,PASS
0,3,q8_0,C3,7,1024,32768,6641d58e9de392c4,1,1,0,-1,00000000,00000000,0,PASS
0,3,q8_0,C4,7,1024,32768,e3547e032da9e62a,1,1,0,-1,00000000,00000000,0,PASS
0,3,q8_0,C0,8,1024,32768,61e628f524230383,1,1,0,-1,00000000,00000000,0,PASS
0,3,q8_0,C1,8,1024,32768,f5568f1793b7e5c3,1,1,0,-1,00000000,00000000,0,PASS
0,3,q8_0,C2,8,1024,32768,f510f9a7c42e2707,1,1,0,-1,00000000,00000000,0,PASS
0,3,q8_0,C3,8,1024,32768,a721291ed98b03f9,1,1,0,-1,00000000,00000000,0,PASS
0,3,q8_0,C4,8,1024,32768,bb27994fbd6c0dde,1,1,0,-1,00000000,00000000,0,PASS
0,4,q8_0,C0,2,8192,4096,0e5df645d4a90383,1,1,0,-1,00000000,00000000,0,PASS
0,4,q8_0,C1,2,8192,4096,a7596f63ea26adb3,1,1,0,-1,00000000,00000000,0,PASS
0,4,q8_0,C2,2,8192,4096,6024392d967b7573,1,1,0,-1,00000000,00000000,0,PASS
0,4,q8_0,C3,2,8192,4096,bc65f85f7eaa3390,1,1,0,-1,00000000,00000000,0,PASS
0,4,q8_0,C4,2,8192,4096,756a42230c87de66,1,1,0,-1,00000000,00000000,0,PASS
0,4,q8_0,C0,3,8192,4096,a7e477a2852f0383,1,1,0,-1,00000000,00000000,0,PASS
0,4,q8_0,C1,3,8192,4096,40f463593d98e07a,1,1,0,-1,00000000,00000000,0,PASS
0,4,q8_0,C2,3,8192,4096,6bda8fe4c61d0fba,1,1,0,-1,00000000,00000000,0,PASS
0,4,q8_0,C3,3,8192,4096,7a283aec56de180a,1,1,0,-1,00000000,00000000,0,PASS
0,4,q8_0,C4,3,8192,4096,7ef18a95c50f9806,1,1,0,-1,00000000,00000000,0,PASS
0,4,q8_0,C0,4,8192,4096,bc91ad0b35b50383,1,1,0,-1,00000000,00000000,0,PASS
0,4,q8_0,C1,4,8192,4096,1e7b80deb5521763,1,1,0,-1,00000000,00000000,0,PASS
0,4,q8_0,C2,4,8192,4096,95646a8ebd044b5d,1,1,0,-1,00000000,00000000,0,PASS
0,4,q8_0,C3,4,8192,4096,c91fdd6c8d5f2a72,1,1,0,-1,00000000,00000000,0,PASS
0,4,q8_0,C4,4,8192,4096,7b7263e3adedcd6f,1,1,0,-1,00000000,00000000,0,PASS
0,4,q8_0,C0,5,8192,4096,da7d967fe63b0383,1,1,0,-1,00000000,00000000,0,PASS
0,4,q8_0,C1,5,8192,4096,2439109c971292aa,1,1,0,-1,00000000,00000000,0,PASS
0,4,q8_0,C2,5,8192,4096,ac7103964b5c796d,1,1,0,-1,00000000,00000000,0,PASS
0,4,q8_0,C3,5,8192,4096,d45f52f490786467,1,1,0,-1,00000000,00000000,0,PASS
0,4,q8_0,C4,5,8192,4096,84cd276f9ee09557,1,1,0,-1,00000000,00000000,0,PASS
0,4,q8_0,C0,6,8192,4096,8fc0340096c10383,1,1,0,-1,00000000,00000000,0,PASS
0,4,q8_0,C1,6,8192,4096,6b7fdec3ae93b793,1,1,0,-1,00000000,00000000,0,PASS
0,4,q8_0,C2,6,8192,4096,158880dca80356a5,1,1,0,-1,00000000,00000000,0,PASS
0,4,q8_0,C3,6,8192,4096,72cbcd7f626d0f3f,1,1,0,-1,00000000,00000000,0,PASS
0,4,q8_0,C4,6,8192,4096,6fb2cac120b4a24e,1,1,0,-1,00000000,00000000,0,PASS
0,4,q8_0,C0,7,8192,4096,6a71858d47470383,1,1,0,-1,00000000,00000000,0,PASS
0,4,q8_0,C1,7,8192,4096,665eaf56fa04d85a,1,1,0,-1,00000000,00000000,0,PASS
0,4,q8_0,C2,7,8192,4096,d0efefe3fcd897e2,1,1,0,-1,00000000,00000000,0,PASS
0,4,q8_0,C3,7,8192,4096,f1b928f4de2ae669,1,1,0,-1,00000000,00000000,0,PASS
0,4,q8_0,C4,7,8192,4096,90b943a9e7d55d36,1,1,0,-1,00000000,00000000,0,PASS
0,4,q8_0,C0,8,8192,4096,f8a98b25f7cd0383,1,1,0,-1,00000000,00000000,0,PASS
0,4,q8_0,C1,8,8192,4096,c26c1a6b3d36a5c3,1,1,0,-1,00000000,00000000,0,PASS
0,4,q8_0,C2,8,8192,4096,95ac06e3a54b4ef2,1,1,0,-1,00000000,00000000,0,PASS
0,4,q8_0,C3,8,8192,4096,177882d6bd22c1bb,1,1,0,-1,00000000,00000000,0,PASS
0,4,q8_0,C4,8,8192,4096,3da45e1f8a9f3b1f,1,1,0,-1,00000000,00000000,0,PASS
0,5,f16,C0,2,16384,24,bc91ad0b35b50383,1,1,0,-1,00000000,00000000,0,PASS
0,5,f16,C1,2,16384,24,5dc3d7543112adb3,1,1,0,-1,00000000,00000000,0,PASS
0,5,f16,C2,2,16384,24,2182d4551e4fe2a3,1,1,0,-1,00000000,00000000,0,PASS
0,5,f16,C3,2,16384,24,e0a7c9dd52c97e3d,1,1,0,-1,00000000,00000000,0,PASS
0,5,f16,C4,2,16384,24,b25fa2af1f4d979f,1,1,0,-1,00000000,00000000,0,PASS
0,5,f16,C0,3,16384,24,8fc0340096c10383,1,1,0,-1,00000000,00000000,0,PASS
0,5,f16,C1,3,16384,24,b7a628de7278e07a,1,1,0,-1,00000000,00000000,0,PASS
0,5,f16,C2,3,16384,24,05a69f75d2d8e36d,1,1,0,-1,00000000,00000000,0,PASS
0,5,f16,C3,3,16384,24,fb2afcb077ba072f,1,1,0,-1,00000000,00000000,0,PASS
0,5,f16,C4,3,16384,24,f5166e1daf6a5307,1,1,0,-1,00000000,00000000,0,PASS
0,5,f16,C0,4,16384,24,f8a98b25f7cd0383,1,1,0,-1,00000000,00000000,0,PASS
0,5,f16,C1,4,16384,24,6dd2f6a152781763,1,1,0,-1,00000000,00000000,0,PASS
0,5,f16,C2,4,16384,24,03b1a534c5b2c557,1,1,0,-1,00000000,00000000,0,PASS
0,5,f16,C3,4,16384,24,2bce70eb9752cf05,1,1,0,-1,00000000,00000000,0,PASS
0,5,f16,C4,4,16384,24,77f735b69bbdcc77,1,1,0,-1,00000000,00000000,0,PASS
0,5,f16,C0,5,16384,24,680db27b58d90383,1,1,0,-1,00000000,00000000,0,PASS
0,5,f16,C1,5,16384,24,849b32211e8c92aa,1,1,0,-1,00000000,00000000,0,PASS
0,5,f16,C2,5,16384,24,5c63d5b6c8cd0fe7,1,1,0,-1,00000000,00000000,0,PASS
0,5,f16,C3,5,16384,24,12dec994dfb85762,1,1,0,-1,00000000,00000000,0,PASS
0,5,f16,C4,5,16384,24,afa0291542a0c337,1,1,0,-1,00000000,00000000,0,PASS
0,5,f16,C0,6,16384,24,4eacaa00b9e50383,1,1,0,-1,00000000,00000000,0,PASS
0,5,f16,C1,6,16384,24,aa9ab88976b3b793,1,1,0,-1,00000000,00000000,0,PASS
0,5,f16,C2,6,16384,24,7492baf760eee0bc,1,1,0,-1,00000000,00000000,0,PASS
0,5,f16,C3,6,16384,24,9515ea49b3e94624,1,1,0,-1,00000000,00000000,0,PASS
0,5,f16,C4,6,16384,24,f28d61a32b65fc0a,1,1,0,-1,00000000,00000000,0,PASS
0,5,f16,C0,7,16384,24,1d4671b61af10383,1,1,0,-1,00000000,00000000,0,PASS
0,5,f16,C1,7,16384,24,3a7a16ba8fd8d85a,1,1,0,-1,00000000,00000000,0,PASS
0,5,f16,C2,7,16384,24,711aa99ced25a706,1,1,0,-1,00000000,00000000,0,PASS
0,5,f16,C3,7,16384,24,b2686afc298603db,1,1,0,-1,00000000,00000000,0,PASS
0,5,f16,C4,7,16384,24,6441aebc43e8962a,1,1,0,-1,00000000,00000000,0,PASS
0,5,f16,C0,8,16384,24,449b099b7bfd0383,1,1,0,-1,00000000,00000000,0,PASS
0,5,f16,C1,8,16384,24,80cdba4d8810a5c3,1,1,0,-1,00000000,00000000,0,PASS
0,5,f16,C2,8,16384,24,af28154ffb9ea876,1,1,0,-1,00000000,00000000,0,PASS
0,5,f16,C3,8,16384,24,5b28530508884dcf,1,1,0,-1,00000000,00000000,0,PASS
0,5,f16,C4,8,16384,24,9e50fb1212e9adde,1,1,0,-1,00000000,00000000,0,PASS
0,6,f16,C0,2,4096,256,61e628f524230383,1,1,0,-1,00000000,00000000,0,PASS
0,6,f16,C1,2,4096,256,f3458625c6b0adb3,1,1,0,-1,00000000,00000000,0,PASS
0,6,f16,C2,2,4096,256,eaa8b46e71e992b4,1,1,0,-1,00000000,00000000,0,PASS
0,6,f16,C3,2,4096,256,6875bb1bec415b0f,1,1,0,-1,00000000,00000000,0,PASS
0,6,f16,C4,2,4096,256,4712e9c2b1324d63,1,1,0,-1,00000000,00000000,0,PASS
0,6,f16,C0,3,4096,256,f361b91bfc660383,1,1,0,-1,00000000,00000000,0,PASS
0,6,f16,C1,3,4096,256,36aaaa69a328e07a,1,1,0,-1,00000000,00000000,0,PASS
0,6,f16,C2,3,4096,256,e36dde151415c0df,1,1,0,-1,00000000,00000000,0,PASS
0,6,f16,C3,3,4096,256,f64ea5b45d2ecedd,1,1,0,-1,00000000,00000000,0,PASS
0,6,f16,C4,3,4096,256,e34480993503b8a3,1,1,0,-1,00000000,00000000,0,PASS
0,6,f16,C0,4,4096,256,0e5df645d4a90383,1,1,0,-1,00000000,00000000,0,PASS
0,6,f16,C1,4,4096,256,cb611474e6bf1763,1,1,0,-1,00000000,00000000,0,PASS
0,6,f16,C2,4,4096,256,a668df01d5618865,1,1,0,-1,00000000,00000000,0,PASS
0,6,f16,C3,4,4096,256,f9e221ffe806a50d,1,1,0,-1,00000000,00000000,0,PASS
0,6,f16,C4,4,4096,256,04144d081eb41f66,1,1,0,-1,00000000,00000000,0,PASS
0,6,f16,C0,5,4096,256,649de072acec0383,1,1,0,-1,00000000,00000000,0,PASS
0,6,f16,C1,5,4096,256,7d3627c9d35592aa,1,1,0,-1,00000000,00000000,0,PASS
0,6,f16,C2,5,4096,256,d13581044f3dfab0,1,1,0,-1,00000000,00000000,0,PASS
0,6,f16,C3,5,4096,256,8a503a78d8ff09b9,1,1,0,-1,00000000,00000000,0,PASS
0,6,f16,C4,5,4096,256,9ca02a032bb24fc6,1,1,0,-1,00000000,00000000,0,PASS
0,6,f16,C0,6,4096,256,a7e477a2852f0383,1,1,0,-1,00000000,00000000,0,PASS
0,6,f16,C1,6,4096,256,a8f5fc63ca83b793,1,1,0,-1,00000000,00000000,0,PASS
0,6,f16,C2,6,4096,256,2e2a6a2802a71ed0,1,1,0,-1,00000000,00000000,0,PASS
0,6,f16,C3,6,4096,256,64f3c2dfc6bea9f0,1,1,0,-1,00000000,00000000,0,PASS
0,6,f16,C4,6,4096,256,e725a82e9783c012,1,1,0,-1,00000000,00000000,0,PASS
0,6,f16,C0,7,4096,256,89f4bbd55d720383,1,1,0,-1,00000000,00000000,0,PASS
0,6,f16,C1,7,4096,256,8a1e5e5f2f1ad85a,1,1,0,-1,00000000,00000000,0,PASS
0,6,f16,C2,7,4096,256,38cba9f3d15ed87c,1,1,0,-1,00000000,00000000,0,PASS
0,6,f16,C3,7,4096,256,def3caa29f53c3ed,1,1,0,-1,00000000,00000000,0,PASS
0,6,f16,C4,7,4096,256,a56d33ae4c8c775a,1,1,0,-1,00000000,00000000,0,PASS
0,6,f16,C0,8,4096,256,bc91ad0b35b50383,1,1,0,-1,00000000,00000000,0,PASS
0,6,f16,C1,8,4096,256,b049445697c9a5c3,1,1,0,-1,00000000,00000000,0,PASS
0,6,f16,C2,8,4096,256,7efc99aea35888c7,1,1,0,-1,00000000,00000000,0,PASS
0,6,f16,C3,8,4096,256,a61495c9e03e402d,1,1,0,-1,00000000,00000000,0,PASS
0,6,f16,C4,8,4096,256,d8f79ecae2861f1f,1,1,0,-1,00000000,00000000,0,PASS
1,0,f16,C0,2,16384,24,bc91ad0b35b50383,1,1,0,-1,00000000,00000000,0,PASS
1,0,f16,C1,2,16384,24,5dc3d7543112adb3,1,1,0,-1,00000000,00000000,0,PASS
1,0,f16,C2,2,16384,24,2182d4551e4fe2a3,1,1,0,-1,00000000,00000000,0,PASS
1,0,f16,C3,2,16384,24,310d37cbae6b0b5a,1,1,0,-1,00000000,00000000,0,PASS
1,0,f16,C4,2,16384,24,b25fa2af1f4d979f,1,1,0,-1,00000000,00000000,0,PASS
1,0,f16,C0,3,16384,24,8fc0340096c10383,1,1,0,-1,00000000,00000000,0,PASS
1,0,f16,C1,3,16384,24,b7a628de7278e07a,1,1,0,-1,00000000,00000000,0,PASS
1,0,f16,C2,3,16384,24,05a69f75d2d8e36d,1,1,0,-1,00000000,00000000,0,PASS
1,0,f16,C3,3,16384,24,9d40c7839a6648a5,1,1,0,-1,00000000,00000000,0,PASS
1,0,f16,C4,3,16384,24,f5166e1daf6a5307,1,1,0,-1,00000000,00000000,0,PASS
1,0,f16,C0,4,16384,24,f8a98b25f7cd0383,1,1,0,-1,00000000,00000000,0,PASS
1,0,f16,C1,4,16384,24,6dd2f6a152781763,1,1,0,-1,00000000,00000000,0,PASS
1,0,f16,C2,4,16384,24,03b1a534c5b2c557,1,1,0,-1,00000000,00000000,0,PASS
1,0,f16,C3,4,16384,24,efcffb7ed4d69023,1,1,0,-1,00000000,00000000,0,PASS
1,0,f16,C4,4,16384,24,77f735b69bbdcc77,1,1,0,-1,00000000,00000000,0,PASS
1,0,f16,C0,5,16384,24,680db27b58d90383,1,1,0,-1,00000000,00000000,0,PASS
1,0,f16,C1,5,16384,24,849b32211e8c92aa,1,1,0,-1,00000000,00000000,0,PASS
1,0,f16,C2,5,16384,24,5c63d5b6c8cd0fe7,1,1,0,-1,00000000,00000000,0,PASS
1,0,f16,C3,5,16384,24,1a8b0b7996fd1d84,1,1,0,-1,00000000,00000000,0,PASS
1,0,f16,C4,5,16384,24,afa0291542a0c337,1,1,0,-1,00000000,00000000,0,PASS
1,0,f16,C0,6,16384,24,4eacaa00b9e50383,1,1,0,-1,00000000,00000000,0,PASS
1,0,f16,C1,6,16384,24,aa9ab88976b3b793,1,1,0,-1,00000000,00000000,0,PASS
1,0,f16,C2,6,16384,24,7492baf760eee0bc,1,1,0,-1,00000000,00000000,0,PASS
1,0,f16,C3,6,16384,24,9dffe1cd0148d026,1,1,0,-1,00000000,00000000,0,PASS
1,0,f16,C4,6,16384,24,f28d61a32b65fc0a,1,1,0,-1,00000000,00000000,0,PASS
1,0,f16,C0,7,16384,24,1d4671b61af10383,1,1,0,-1,00000000,00000000,0,PASS
1,0,f16,C1,7,16384,24,3a7a16ba8fd8d85a,1,1,0,-1,00000000,00000000,0,PASS
1,0,f16,C2,7,16384,24,711aa99ced25a706,1,1,0,-1,00000000,00000000,0,PASS
1,0,f16,C3,7,16384,24,9c7dd150cdb67525,1,1,0,-1,00000000,00000000,0,PASS
1,0,f16,C4,7,16384,24,6441aebc43e8962a,1,1,0,-1,00000000,00000000,0,PASS
1,0,f16,C0,8,16384,24,449b099b7bfd0383,1,1,0,-1,00000000,00000000,0,PASS
1,0,f16,C1,8,16384,24,80cdba4d8810a5c3,1,1,0,-1,00000000,00000000,0,PASS
1,0,f16,C2,8,16384,24,af28154ffb9ea876,1,1,0,-1,00000000,00000000,0,PASS
1,0,f16,C3,8,16384,24,34e9162d842466ae,1,1,0,-1,00000000,00000000,0,PASS
1,0,f16,C4,8,16384,24,9e50fb1212e9adde,1,1,0,-1,00000000,00000000,0,PASS
1,1,q8_0,C0,2,4096,1024,61e628f524230383,1,1,0,-1,00000000,00000000,0,PASS
1,1,q8_0,C1,2,4096,1024,f3458625c6b0adb3,1,1,0,-1,00000000,00000000,0,PASS
1,1,q8_0,C2,2,4096,1024,eaa8b46e71e992b4,1,1,0,-1,00000000,00000000,0,PASS
1,1,q8_0,C3,2,4096,1024,0bd7633bd14daf47,1,1,0,-1,00000000,00000000,0,PASS
1,1,q8_0,C4,2,4096,1024,4712e9c2b1324d63,1,1,0,-1,00000000,00000000,0,PASS
1,1,q8_0,C0,3,4096,1024,f361b91bfc660383,1,1,0,-1,00000000,00000000,0,PASS
1,1,q8_0,C1,3,4096,1024,36aaaa69a328e07a,1,1,0,-1,00000000,00000000,0,PASS
1,1,q8_0,C2,3,4096,1024,e36dde151415c0df,1,1,0,-1,00000000,00000000,0,PASS
1,1,q8_0,C3,3,4096,1024,d68b61aaf171b91f,1,1,0,-1,00000000,00000000,0,PASS
1,1,q8_0,C4,3,4096,1024,e34480993503b8a3,1,1,0,-1,00000000,00000000,0,PASS
1,1,q8_0,C0,4,4096,1024,0e5df645d4a90383,1,1,0,-1,00000000,00000000,0,PASS
1,1,q8_0,C1,4,4096,1024,cb611474e6bf1763,1,1,0,-1,00000000,00000000,0,PASS
1,1,q8_0,C2,4,4096,1024,a668df01d5618865,1,1,0,-1,00000000,00000000,0,PASS
1,1,q8_0,C3,4,4096,1024,54f9015ecd92865d,1,1,0,-1,00000000,00000000,0,PASS
1,1,q8_0,C4,4,4096,1024,04144d081eb41f66,1,1,0,-1,00000000,00000000,0,PASS
1,1,q8_0,C0,5,4096,1024,649de072acec0383,1,1,0,-1,00000000,00000000,0,PASS
1,1,q8_0,C1,5,4096,1024,7d3627c9d35592aa,1,1,0,-1,00000000,00000000,0,PASS
1,1,q8_0,C2,5,4096,1024,d13581044f3dfab0,1,1,0,-1,00000000,00000000,0,PASS
1,1,q8_0,C3,5,4096,1024,83ee0b1c8e953897,1,1,0,-1,00000000,00000000,0,PASS
1,1,q8_0,C4,5,4096,1024,9ca02a032bb24fc6,1,1,0,-1,00000000,00000000,0,PASS
1,1,q8_0,C0,6,4096,1024,a7e477a2852f0383,1,1,0,-1,00000000,00000000,0,PASS
1,1,q8_0,C1,6,4096,1024,a8f5fc63ca83b793,1,1,0,-1,00000000,00000000,0,PASS
1,1,q8_0,C2,6,4096,1024,2e2a6a2802a71ed0,1,1,0,-1,00000000,00000000,0,PASS
1,1,q8_0,C3,6,4096,1024,a75549c74ec523c5,1,1,0,-1,00000000,00000000,0,PASS
1,1,q8_0,C4,6,4096,1024,e725a82e9783c012,1,1,0,-1,00000000,00000000,0,PASS
1,1,q8_0,C0,7,4096,1024,89f4bbd55d720383,1,1,0,-1,00000000,00000000,0,PASS
1,1,q8_0,C1,7,4096,1024,8a1e5e5f2f1ad85a,1,1,0,-1,00000000,00000000,0,PASS
1,1,q8_0,C2,7,4096,1024,38cba9f3d15ed87c,1,1,0,-1,00000000,00000000,0,PASS
1,1,q8_0,C3,7,4096,1024,f1760509677f6bb0,1,1,0,-1,00000000,00000000,0,PASS
1,1,q8_0,C4,7,4096,1024,a56d33ae4c8c775a,1,1,0,-1,00000000,00000000,0,PASS
1,1,q8_0,C0,8,4096,1024,bc91ad0b35b50383,1,1,0,-1,00000000,00000000,0,PASS
1,1,q8_0,C1,8,4096,1024,b049445697c9a5c3,1,1,0,-1,00000000,00000000,0,PASS
1,1,q8_0,C2,8,4096,1024,7efc99aea35888c7,1,1,0,-1,00000000,00000000,0,PASS
1,1,q8_0,C3,8,4096,1024,e02a84d459b896ab,1,1,0,-1,00000000,00000000,0,PASS
1,1,q8_0,C4,8,4096,1024,d8f79ecae2861f1f,1,1,0,-1,00000000,00000000,0,PASS
1,2,q8_0,C0,2,4096,512,61e628f524230383,1,1,0,-1,00000000,00000000,0,PASS
1,2,q8_0,C1,2,4096,512,f3458625c6b0adb3,1,1,0,-1,00000000,00000000,0,PASS
1,2,q8_0,C2,2,4096,512,eaa8b46e71e992b4,1,1,0,-1,00000000,00000000,0,PASS
1,2,q8_0,C3,2,4096,512,d380107c25ac2846,1,1,0,-1,00000000,00000000,0,PASS
1,2,q8_0,C4,2,4096,512,4712e9c2b1324d63,1,1,0,-1,00000000,00000000,0,PASS
1,2,q8_0,C0,3,4096,512,f361b91bfc660383,1,1,0,-1,00000000,00000000,0,PASS
1,2,q8_0,C1,3,4096,512,36aaaa69a328e07a,1,1,0,-1,00000000,00000000,0,PASS
1,2,q8_0,C2,3,4096,512,e36dde151415c0df,1,1,0,-1,00000000,00000000,0,PASS
1,2,q8_0,C3,3,4096,512,5bb8c27ab927f7f1,1,1,0,-1,00000000,00000000,0,PASS
1,2,q8_0,C4,3,4096,512,e34480993503b8a3,1,1,0,-1,00000000,00000000,0,PASS
1,2,q8_0,C0,4,4096,512,0e5df645d4a90383,1,1,0,-1,00000000,00000000,0,PASS
1,2,q8_0,C1,4,4096,512,cb611474e6bf1763,1,1,0,-1,00000000,00000000,0,PASS
1,2,q8_0,C2,4,4096,512,a668df01d5618865,1,1,0,-1,00000000,00000000,0,PASS
1,2,q8_0,C3,4,4096,512,557315921a8980f0,1,1,0,-1,00000000,00000000,0,PASS
1,2,q8_0,C4,4,4096,512,04144d081eb41f66,1,1,0,-1,00000000,00000000,0,PASS
1,2,q8_0,C0,5,4096,512,649de072acec0383,1,1,0,-1,00000000,00000000,0,PASS
1,2,q8_0,C1,5,4096,512,7d3627c9d35592aa,1,1,0,-1,00000000,00000000,0,PASS
1,2,q8_0,C2,5,4096,512,d13581044f3dfab0,1,1,0,-1,00000000,00000000,0,PASS
1,2,q8_0,C3,5,4096,512,b3566a2d8f7a8431,1,1,0,-1,00000000,00000000,0,PASS
1,2,q8_0,C4,5,4096,512,9ca02a032bb24fc6,1,1,0,-1,00000000,00000000,0,PASS
1,2,q8_0,C0,6,4096,512,a7e477a2852f0383,1,1,0,-1,00000000,00000000,0,PASS
1,2,q8_0,C1,6,4096,512,a8f5fc63ca83b793,1,1,0,-1,00000000,00000000,0,PASS
1,2,q8_0,C2,6,4096,512,2e2a6a2802a71ed0,1,1,0,-1,00000000,00000000,0,PASS
1,2,q8_0,C3,6,4096,512,9dc6b486c5b800c6,1,1,0,-1,00000000,00000000,0,PASS
1,2,q8_0,C4,6,4096,512,e725a82e9783c012,1,1,0,-1,00000000,00000000,0,PASS
1,2,q8_0,C0,7,4096,512,89f4bbd55d720383,1,1,0,-1,00000000,00000000,0,PASS
1,2,q8_0,C1,7,4096,512,8a1e5e5f2f1ad85a,1,1,0,-1,00000000,00000000,0,PASS
1,2,q8_0,C2,7,4096,512,38cba9f3d15ed87c,1,1,0,-1,00000000,00000000,0,PASS
1,2,q8_0,C3,7,4096,512,7d358264ded97c41,1,1,0,-1,00000000,00000000,0,PASS
1,2,q8_0,C4,7,4096,512,a56d33ae4c8c775a,1,1,0,-1,00000000,00000000,0,PASS
1,2,q8_0,C0,8,4096,512,bc91ad0b35b50383,1,1,0,-1,00000000,00000000,0,PASS
1,2,q8_0,C1,8,4096,512,b049445697c9a5c3,1,1,0,-1,00000000,00000000,0,PASS
1,2,q8_0,C2,8,4096,512,7efc99aea35888c7,1,1,0,-1,00000000,00000000,0,PASS
1,2,q8_0,C3,8,4096,512,66031f406e87ad77,1,1,0,-1,00000000,00000000,0,PASS
1,2,q8_0,C4,8,4096,512,d8f79ecae2861f1f,1,1,0,-1,00000000,00000000,0,PASS
1,3,q8_0,C0,2,1024,32768,66a385207fbe8383,1,1,0,-1,00000000,00000000,0,PASS
1,3,q8_0,C1,2,1024,32768,ea4b97e88c182db3,1,1,0,-1,00000000,00000000,0,PASS
1,3,q8_0,C2,2,1024,32768,70800d37477b9cc9,1,1,0,-1,00000000,00000000,0,PASS
1,3,q8_0,C3,2,1024,32768,3cdc8c284b99ac48,1,1,0,-1,00000000,00000000,0,PASS
1,3,q8_0,C4,2,1024,32768,71e3b48a7ebcb79f,1,1,0,-1,00000000,00000000,0,PASS
1,3,q8_0,C0,3,1024,32768,09b99610cdcf4383,1,1,0,-1,00000000,00000000,0,PASS
1,3,q8_0,C1,3,1024,32768,f303d2023f54e07a,1,1,0,-1,00000000,00000000,0,PASS
1,3,q8_0,C2,3,1024,32768,17b139ff4bb1b56e,1,1,0,-1,00000000,00000000,0,PASS
1,3,q8_0,C3,3,1024,32768,3bc4409c3d39ceec,1,1,0,-1,00000000,00000000,0,PASS
1,3,q8_0,C4,3,1024,32768,7684a1bb04066307,1,1,0,-1,00000000,00000000,0,PASS
1,3,q8_0,C0,4,1024,32768,a82845d14be00383,1,1,0,-1,00000000,00000000,0,PASS
1,3,q8_0,C1,4,1024,32768,829e2379d3d0d763,1,1,0,-1,00000000,00000000,0,PASS
1,3,q8_0,C2,4,1024,32768,2c41771fb26e6aa4,1,1,0,-1,00000000,00000000,0,PASS
1,3,q8_0,C3,4,1024,32768,4fc425f7430d222c,1,1,0,-1,00000000,00000000,0,PASS
1,3,q8_0,C4,4,1024,32768,00c364baeed7cc77,1,1,0,-1,00000000,00000000,0,PASS
1,3,q8_0,C0,5,1024,32768,a536a061f9f0c383,1,1,0,-1,00000000,00000000,0,PASS
1,3,q8_0,C1,5,1024,32768,cd5cb4a48887d2aa,1,1,0,-1,00000000,00000000,0,PASS
1,3,q8_0,C2,5,1024,32768,fe68e9da3c4fa0b4,1,1,0,-1,00000000,00000000,0,PASS
1,3,q8_0,C3,5,1024,32768,905799b7ead1b0c2,1,1,0,-1,00000000,00000000,0,PASS
1,3,q8_0,C4,5,1024,32768,85d67414a04db337,1,1,0,-1,00000000,00000000,0,PASS
1,3,q8_0,C0,6,1024,32768,e72bb1c2d8018383,1,1,0,-1,00000000,00000000,0,PASS
1,3,q8_0,C1,6,1024,32768,606b07352f77b793,1,1,0,-1,00000000,00000000,0,PASS
1,3,q8_0,C2,6,1024,32768,aac88d06cc8d8c24,1,1,0,-1,00000000,00000000,0,PASS
1,3,q8_0,C3,6,1024,32768,d725096922a83a4c,1,1,0,-1,00000000,00000000,0,PASS
1,3,q8_0,C4,6,1024,32768,90a3e3c502279c0a,1,1,0,-1,00000000,00000000,0,PASS
1,3,q8_0,C0,7,1024,32768,d74e85f3e6124383,1,1,0,-1,00000000,00000000,0,PASS
1,3,q8_0,C1,7,1024,32768,0680c4d6b6eb585a,1,1,0,-1,00000000,00000000,0,PASS
1,3,q8_0,C2,7,1024,32768,68aeccecb4841b1a,1,1,0,-1,00000000,00000000,0,PASS
1,3,q8_0,C3,7,1024,32768,f0de901fba0b9702,1,1,0,-1,00000000,00000000,0,PASS
1,3,q8_0,C4,7,1024,32768,e3547e032da9e62a,1,1,0,-1,00000000,00000000,0,PASS
1,3,q8_0,C0,8,1024,32768,61e628f524230383,1,1,0,-1,00000000,00000000,0,PASS
1,3,q8_0,C1,8,1024,32768,f5568f1793b7e5c3,1,1,0,-1,00000000,00000000,0,PASS
1,3,q8_0,C2,8,1024,32768,f510f9a7c42e2707,1,1,0,-1,00000000,00000000,0,PASS
1,3,q8_0,C3,8,1024,32768,5522765d8d1eb4fa,1,1,0,-1,00000000,00000000,0,PASS
1,3,q8_0,C4,8,1024,32768,bb27994fbd6c0dde,1,1,0,-1,00000000,00000000,0,PASS
1,4,q8_0,C0,2,8192,4096,0e5df645d4a90383,1,1,0,-1,00000000,00000000,0,PASS
1,4,q8_0,C1,2,8192,4096,a7596f63ea26adb3,1,1,0,-1,00000000,00000000,0,PASS
1,4,q8_0,C2,2,8192,4096,6024392d967b7573,1,1,0,-1,00000000,00000000,0,PASS
1,4,q8_0,C3,2,8192,4096,c24a206d8e4c12eb,1,1,0,-1,00000000,00000000,0,PASS
1,4,q8_0,C4,2,8192,4096,756a42230c87de66,1,1,0,-1,00000000,00000000,0,PASS
1,4,q8_0,C0,3,8192,4096,a7e477a2852f0383,1,1,0,-1,00000000,00000000,0,PASS
1,4,q8_0,C1,3,8192,4096,40f463593d98e07a,1,1,0,-1,00000000,00000000,0,PASS
1,4,q8_0,C2,3,8192,4096,6bda8fe4c61d0fba,1,1,0,-1,00000000,00000000,0,PASS
1,4,q8_0,C3,3,8192,4096,85e13763fb55639d,1,1,0,-1,00000000,00000000,0,PASS
1,4,q8_0,C4,3,8192,4096,7ef18a95c50f9806,1,1,0,-1,00000000,00000000,0,PASS
1,4,q8_0,C0,4,8192,4096,bc91ad0b35b50383,1,1,0,-1,00000000,00000000,0,PASS
1,4,q8_0,C1,4,8192,4096,1e7b80deb5521763,1,1,0,-1,00000000,00000000,0,PASS
1,4,q8_0,C2,4,8192,4096,95646a8ebd044b5d,1,1,0,-1,00000000,00000000,0,PASS
1,4,q8_0,C3,4,8192,4096,d3c0995656587fe0,1,1,0,-1,00000000,00000000,0,PASS
1,4,q8_0,C4,4,8192,4096,7b7263e3adedcd6f,1,1,0,-1,00000000,00000000,0,PASS
1,4,q8_0,C0,5,8192,4096,da7d967fe63b0383,1,1,0,-1,00000000,00000000,0,PASS
1,4,q8_0,C1,5,8192,4096,2439109c971292aa,1,1,0,-1,00000000,00000000,0,PASS
1,4,q8_0,C2,5,8192,4096,ac7103964b5c796d,1,1,0,-1,00000000,00000000,0,PASS
1,4,q8_0,C3,5,8192,4096,aa3ac6cff7766e9c,1,1,0,-1,00000000,00000000,0,PASS
1,4,q8_0,C4,5,8192,4096,84cd276f9ee09557,1,1,0,-1,00000000,00000000,0,PASS
1,4,q8_0,C0,6,8192,4096,8fc0340096c10383,1,1,0,-1,00000000,00000000,0,PASS
1,4,q8_0,C1,6,8192,4096,6b7fdec3ae93b793,1,1,0,-1,00000000,00000000,0,PASS
1,4,q8_0,C2,6,8192,4096,158880dca80356a5,1,1,0,-1,00000000,00000000,0,PASS
1,4,q8_0,C3,6,8192,4096,299c0f4956660bdd,1,1,0,-1,00000000,00000000,0,PASS
1,4,q8_0,C4,6,8192,4096,6fb2cac120b4a24e,1,1,0,-1,00000000,00000000,0,PASS
1,4,q8_0,C0,7,8192,4096,6a71858d47470383,1,1,0,-1,00000000,00000000,0,PASS
1,4,q8_0,C1,7,8192,4096,665eaf56fa04d85a,1,1,0,-1,00000000,00000000,0,PASS
1,4,q8_0,C2,7,8192,4096,d0efefe3fcd897e2,1,1,0,-1,00000000,00000000,0,PASS
1,4,q8_0,C3,7,8192,4096,827446ceeff7c2b4,1,1,0,-1,00000000,00000000,0,PASS
1,4,q8_0,C4,7,8192,4096,90b943a9e7d55d36,1,1,0,-1,00000000,00000000,0,PASS
1,4,q8_0,C0,8,8192,4096,f8a98b25f7cd0383,1,1,0,-1,00000000,00000000,0,PASS
1,4,q8_0,C1,8,8192,4096,c26c1a6b3d36a5c3,1,1,0,-1,00000000,00000000,0,PASS
1,4,q8_0,C2,8,8192,4096,95ac06e3a54b4ef2,1,1,0,-1,00000000,00000000,0,PASS
1,4,q8_0,C3,8,8192,4096,85ccdff00cc34104,1,1,0,-1,00000000,00000000,0,PASS
1,4,q8_0,C4,8,8192,4096,3da45e1f8a9f3b1f,1,1,0,-1,00000000,00000000,0,PASS
1,5,f16,C0,2,16384,24,bc91ad0b35b50383,1,1,0,-1,00000000,00000000,0,PASS
1,5,f16,C1,2,16384,24,5dc3d7543112adb3,1,1,0,-1,00000000,00000000,0,PASS
1,5,f16,C2,2,16384,24,2182d4551e4fe2a3,1,1,0,-1,00000000,00000000,0,PASS
1,5,f16,C3,2,16384,24,15fb53acb7bc0156,1,1,0,-1,00000000,00000000,0,PASS
1,5,f16,C4,2,16384,24,b25fa2af1f4d979f,1,1,0,-1,00000000,00000000,0,PASS
1,5,f16,C0,3,16384,24,8fc0340096c10383,1,1,0,-1,00000000,00000000,0,PASS
1,5,f16,C1,3,16384,24,b7a628de7278e07a,1,1,0,-1,00000000,00000000,0,PASS
1,5,f16,C2,3,16384,24,05a69f75d2d8e36d,1,1,0,-1,00000000,00000000,0,PASS
1,5,f16,C3,3,16384,24,0d5501875c2cca88,1,1,0,-1,00000000,00000000,0,PASS
1,5,f16,C4,3,16384,24,f5166e1daf6a5307,1,1,0,-1,00000000,00000000,0,PASS
1,5,f16,C0,4,16384,24,f8a98b25f7cd0383,1,1,0,-1,00000000,00000000,0,PASS
1,5,f16,C1,4,16384,24,6dd2f6a152781763,1,1,0,-1,00000000,00000000,0,PASS
1,5,f16,C2,4,16384,24,03b1a534c5b2c557,1,1,0,-1,00000000,00000000,0,PASS
1,5,f16,C3,4,16384,24,81db07d083c6b470,1,1,0,-1,00000000,00000000,0,PASS
1,5,f16,C4,4,16384,24,77f735b69bbdcc77,1,1,0,-1,00000000,00000000,0,PASS
1,5,f16,C0,5,16384,24,680db27b58d90383,1,1,0,-1,00000000,00000000,0,PASS
1,5,f16,C1,5,16384,24,849b32211e8c92aa,1,1,0,-1,00000000,00000000,0,PASS
1,5,f16,C2,5,16384,24,5c63d5b6c8cd0fe7,1,1,0,-1,00000000,00000000,0,PASS
1,5,f16,C3,5,16384,24,61b492768a467ede,1,1,0,-1,00000000,00000000,0,PASS
1,5,f16,C4,5,16384,24,afa0291542a0c337,1,1,0,-1,00000000,00000000,0,PASS
1,5,f16,C0,6,16384,24,4eacaa00b9e50383,1,1,0,-1,00000000,00000000,0,PASS
1,5,f16,C1,6,16384,24,aa9ab88976b3b793,1,1,0,-1,00000000,00000000,0,PASS
1,5,f16,C2,6,16384,24,7492baf760eee0bc,1,1,0,-1,00000000,00000000,0,PASS
1,5,f16,C3,6,16384,24,5a336cf83f32188e,1,1,0,-1,00000000,00000000,0,PASS
1,5,f16,C4,6,16384,24,f28d61a32b65fc0a,1,1,0,-1,00000000,00000000,0,PASS
1,5,f16,C0,7,16384,24,1d4671b61af10383,1,1,0,-1,00000000,00000000,0,PASS
1,5,f16,C1,7,16384,24,3a7a16ba8fd8d85a,1,1,0,-1,00000000,00000000,0,PASS
1,5,f16,C2,7,16384,24,711aa99ced25a706,1,1,0,-1,00000000,00000000,0,PASS
1,5,f16,C3,7,16384,24,6f03772fb541e164,1,1,0,-1,00000000,00000000,0,PASS
1,5,f16,C4,7,16384,24,6441aebc43e8962a,1,1,0,-1,00000000,00000000,0,PASS
1,5,f16,C0,8,16384,24,449b099b7bfd0383,1,1,0,-1,00000000,00000000,0,PASS
1,5,f16,C1,8,16384,24,80cdba4d8810a5c3,1,1,0,-1,00000000,00000000,0,PASS
1,5,f16,C2,8,16384,24,af28154ffb9ea876,1,1,0,-1,00000000,00000000,0,PASS
1,5,f16,C3,8,16384,24,2db4eeb93abc0262,1,1,0,-1,00000000,00000000,0,PASS
1,5,f16,C4,8,16384,24,9e50fb1212e9adde,1,1,0,-1,00000000,00000000,0,PASS
1,6,f16,C0,2,4096,256,61e628f524230383,1,1,0,-1,00000000,00000000,0,PASS
1,6,f16,C1,2,4096,256,f3458625c6b0adb3,1,1,0,-1,00000000,00000000,0,PASS
1,6,f16,C2,2,4096,256,eaa8b46e71e992b4,1,1,0,-1,00000000,00000000,0,PASS
1,6,f16,C3,2,4096,256,791cb1edf73b0e93,1,1,0,-1,00000000,00000000,0,PASS
1,6,f16,C4,2,4096,256,4712e9c2b1324d63,1,1,0,-1,00000000,00000000,0,PASS
1,6,f16,C0,3,4096,256,f361b91bfc660383,1,1,0,-1,00000000,00000000,0,PASS
1,6,f16,C1,3,4096,256,36aaaa69a328e07a,1,1,0,-1,00000000,00000000,0,PASS
1,6,f16,C2,3,4096,256,e36dde151415c0df,1,1,0,-1,00000000,00000000,0,PASS
1,6,f16,C3,3,4096,256,738591753558f08b,1,1,0,-1,00000000,00000000,0,PASS
1,6,f16,C4,3,4096,256,e34480993503b8a3,1,1,0,-1,00000000,00000000,0,PASS
1,6,f16,C0,4,4096,256,0e5df645d4a90383,1,1,0,-1,00000000,00000000,0,PASS
1,6,f16,C1,4,4096,256,cb611474e6bf1763,1,1,0,-1,00000000,00000000,0,PASS
1,6,f16,C2,4,4096,256,a668df01d5618865,1,1,0,-1,00000000,00000000,0,PASS
1,6,f16,C3,4,4096,256,21ad2043c8459649,1,1,0,-1,00000000,00000000,0,PASS
1,6,f16,C4,4,4096,256,04144d081eb41f66,1,1,0,-1,00000000,00000000,0,PASS
1,6,f16,C0,5,4096,256,649de072acec0383,1,1,0,-1,00000000,00000000,0,PASS
1,6,f16,C1,5,4096,256,7d3627c9d35592aa,1,1,0,-1,00000000,00000000,0,PASS
1,6,f16,C2,5,4096,256,d13581044f3dfab0,1,1,0,-1,00000000,00000000,0,PASS
1,6,f16,C3,5,4096,256,4105439f33bf9951,1,1,0,-1,00000000,00000000,0,PASS
1,6,f16,C4,5,4096,256,9ca02a032bb24fc6,1,1,0,-1,00000000,00000000,0,PASS
1,6,f16,C0,6,4096,256,a7e477a2852f0383,1,1,0,-1,00000000,00000000,0,PASS
1,6,f16,C1,6,4096,256,a8f5fc63ca83b793,1,1,0,-1,00000000,00000000,0,PASS
1,6,f16,C2,6,4096,256,2e2a6a2802a71ed0,1,1,0,-1,00000000,00000000,0,PASS
1,6,f16,C3,6,4096,256,1a064ed7c479f2c3,1,1,0,-1,00000000,00000000,0,PASS
1,6,f16,C4,6,4096,256,e725a82e9783c012,1,1,0,-1,00000000,00000000,0,PASS
1,6,f16,C0,7,4096,256,89f4bbd55d720383,1,1,0,-1,00000000,00000000,0,PASS
1,6,f16,C1,7,4096,256,8a1e5e5f2f1ad85a,1,1,0,-1,00000000,00000000,0,PASS
1,6,f16,C2,7,4096,256,38cba9f3d15ed87c,1,1,0,-1,00000000,00000000,0,PASS
1,6,f16,C3,7,4096,256,e88a002b7ae3d51b,1,1,0,-1,00000000,00000000,0,PASS
1,6,f16,C4,7,4096,256,a56d33ae4c8c775a,1,1,0,-1,00000000,00000000,0,PASS
1,6,f16,C0,8,4096,256,bc91ad0b35b50383,1,1,0,-1,00000000,00000000,0,PASS
1,6,f16,C1,8,4096,256,b049445697c9a5c3,1,1,0,-1,00000000,00000000,0,PASS
1,6,f16,C2,8,4096,256,7efc99aea35888c7,1,1,0,-1,00000000,00000000,0,PASS
1,6,f16,C3,8,4096,256,3f20dd2d4a4154f0,1,1,0,-1,00000000,00000000,0,PASS
1,6,f16,C4,8,4096,256,d8f79ecae2861f1f,1,1,0,-1,00000000,00000000,0,PASS
2,0,f16,C0,2,16384,24,bc91ad0b35b50383,1,1,0,-1,00000000,00000000,0,PASS
2,0,f16,C1,2,16384,24,5dc3d7543112adb3,1,1,0,-1,00000000,00000000,0,PASS
2,0,f16,C2,2,16384,24,2182d4551e4fe2a3,1,1,0,-1,00000000,00000000,0,PASS
2,0,f16,C3,2,16384,24,801e423f39f26283,1,1,0,-1,00000000,00000000,0,PASS
2,0,f16,C4,2,16384,24,b25fa2af1f4d979f,1,1,0,-1,00000000,00000000,0,PASS
2,0,f16,C0,3,16384,24,8fc0340096c10383,1,1,0,-1,00000000,00000000,0,PASS
2,0,f16,C1,3,16384,24,b7a628de7278e07a,1,1,0,-1,00000000,00000000,0,PASS
2,0,f16,C2,3,16384,24,05a69f75d2d8e36d,1,1,0,-1,00000000,00000000,0,PASS
2,0,f16,C3,3,16384,24,9b5d86a8dbce7336,1,1,0,-1,00000000,00000000,0,PASS
2,0,f16,C4,3,16384,24,f5166e1daf6a5307,1,1,0,-1,00000000,00000000,0,PASS
2,0,f16,C0,4,16384,24,f8a98b25f7cd0383,1,1,0,-1,00000000,00000000,0,PASS
2,0,f16,C1,4,16384,24,6dd2f6a152781763,1,1,0,-1,00000000,00000000,0,PASS
2,0,f16,C2,4,16384,24,03b1a534c5b2c557,1,1,0,-1,00000000,00000000,0,PASS
2,0,f16,C3,4,16384,24,569839713c9fd803,1,1,0,-1,00000000,00000000,0,PASS
2,0,f16,C4,4,16384,24,77f735b69bbdcc77,1,1,0,-1,00000000,00000000,0,PASS
2,0,f16,C0,5,16384,24,680db27b58d90383,1,1,0,-1,00000000,00000000,0,PASS
2,0,f16,C1,5,16384,24,849b32211e8c92aa,1,1,0,-1,00000000,00000000,0,PASS
2,0,f16,C2,5,16384,24,5c63d5b6c8cd0fe7,1,1,0,-1,00000000,00000000,0,PASS
2,0,f16,C3,5,16384,24,f79a66d32e62123f,1,1,0,-1,00000000,00000000,0,PASS
2,0,f16,C4,5,16384,24,afa0291542a0c337,1,1,0,-1,00000000,00000000,0,PASS
2,0,f16,C0,6,16384,24,4eacaa00b9e50383,1,1,0,-1,00000000,00000000,0,PASS
2,0,f16,C1,6,16384,24,aa9ab88976b3b793,1,1,0,-1,00000000,00000000,0,PASS
2,0,f16,C2,6,16384,24,7492baf760eee0bc,1,1,0,-1,00000000,00000000,0,PASS
2,0,f16,C3,6,16384,24,16ff3c841711c64b,1,1,0,-1,00000000,00000000,0,PASS
2,0,f16,C4,6,16384,24,f28d61a32b65fc0a,1,1,0,-1,00000000,00000000,0,PASS
2,0,f16,C0,7,16384,24,1d4671b61af10383,1,1,0,-1,00000000,00000000,0,PASS
2,0,f16,C1,7,16384,24,3a7a16ba8fd8d85a,1,1,0,-1,00000000,00000000,0,PASS
2,0,f16,C2,7,16384,24,711aa99ced25a706,1,1,0,-1,00000000,00000000,0,PASS
2,0,f16,C3,7,16384,24,da464a2d9e5d4b5c,1,1,0,-1,00000000,00000000,0,PASS
2,0,f16,C4,7,16384,24,6441aebc43e8962a,1,1,0,-1,00000000,00000000,0,PASS
2,0,f16,C0,8,16384,24,449b099b7bfd0383,1,1,0,-1,00000000,00000000,0,PASS
2,0,f16,C1,8,16384,24,80cdba4d8810a5c3,1,1,0,-1,00000000,00000000,0,PASS
2,0,f16,C2,8,16384,24,af28154ffb9ea876,1,1,0,-1,00000000,00000000,0,PASS
2,0,f16,C3,8,16384,24,f5196d8e809853d4,1,1,0,-1,00000000,00000000,0,PASS
2,0,f16,C4,8,16384,24,9e50fb1212e9adde,1,1,0,-1,00000000,00000000,0,PASS
2,1,q8_0,C0,2,4096,1024,61e628f524230383,1,1,0,-1,00000000,00000000,0,PASS
2,1,q8_0,C1,2,4096,1024,f3458625c6b0adb3,1,1,0,-1,00000000,00000000,0,PASS
2,1,q8_0,C2,2,4096,1024,eaa8b46e71e992b4,1,1,0,-1,00000000,00000000,0,PASS
2,1,q8_0,C3,2,4096,1024,ca17be255024f08c,1,1,0,-1,00000000,00000000,0,PASS
2,1,q8_0,C4,2,4096,1024,4712e9c2b1324d63,1,1,0,-1,00000000,00000000,0,PASS
2,1,q8_0,C0,3,4096,1024,f361b91bfc660383,1,1,0,-1,00000000,00000000,0,PASS
2,1,q8_0,C1,3,4096,1024,36aaaa69a328e07a,1,1,0,-1,00000000,00000000,0,PASS
2,1,q8_0,C2,3,4096,1024,e36dde151415c0df,1,1,0,-1,00000000,00000000,0,PASS
2,1,q8_0,C3,3,4096,1024,c840e2cbfae00ad9,1,1,0,-1,00000000,00000000,0,PASS
2,1,q8_0,C4,3,4096,1024,e34480993503b8a3,1,1,0,-1,00000000,00000000,0,PASS
2,1,q8_0,C0,4,4096,1024,0e5df645d4a90383,1,1,0,-1,00000000,00000000,0,PASS
2,1,q8_0,C1,4,4096,1024,cb611474e6bf1763,1,1,0,-1,00000000,00000000,0,PASS
2,1,q8_0,C2,4,4096,1024,a668df01d5618865,1,1,0,-1,00000000,00000000,0,PASS
2,1,q8_0,C3,4,4096,1024,47adc2165351ce3d,1,1,0,-1,00000000,00000000,0,PASS
2,1,q8_0,C4,4,4096,1024,04144d081eb41f66,1,1,0,-1,00000000,00000000,0,PASS
2,1,q8_0,C0,5,4096,1024,649de072acec0383,1,1,0,-1,00000000,00000000,0,PASS
2,1,q8_0,C1,5,4096,1024,7d3627c9d35592aa,1,1,0,-1,00000000,00000000,0,PASS
2,1,q8_0,C2,5,4096,1024,d13581044f3dfab0,1,1,0,-1,00000000,00000000,0,PASS
2,1,q8_0,C3,5,4096,1024,b92847695a5e53b3,1,1,0,-1,00000000,00000000,0,PASS
2,1,q8_0,C4,5,4096,1024,9ca02a032bb24fc6,1,1,0,-1,00000000,00000000,0,PASS
2,1,q8_0,C0,6,4096,1024,a7e477a2852f0383,1,1,0,-1,00000000,00000000,0,PASS
2,1,q8_0,C1,6,4096,1024,a8f5fc63ca83b793,1,1,0,-1,00000000,00000000,0,PASS
2,1,q8_0,C2,6,4096,1024,2e2a6a2802a71ed0,1,1,0,-1,00000000,00000000,0,PASS
2,1,q8_0,C3,6,4096,1024,8a84125a929aedac,1,1,0,-1,00000000,00000000,0,PASS
2,1,q8_0,C4,6,4096,1024,e725a82e9783c012,1,1,0,-1,00000000,00000000,0,PASS
2,1,q8_0,C0,7,4096,1024,89f4bbd55d720383,1,1,0,-1,00000000,00000000,0,PASS
2,1,q8_0,C1,7,4096,1024,8a1e5e5f2f1ad85a,1,1,0,-1,00000000,00000000,0,PASS
2,1,q8_0,C2,7,4096,1024,38cba9f3d15ed87c,1,1,0,-1,00000000,00000000,0,PASS
2,1,q8_0,C3,7,4096,1024,6d96dbffed838542,1,1,0,-1,00000000,00000000,0,PASS
2,1,q8_0,C4,7,4096,1024,a56d33ae4c8c775a,1,1,0,-1,00000000,00000000,0,PASS
2,1,q8_0,C0,8,4096,1024,bc91ad0b35b50383,1,1,0,-1,00000000,00000000,0,PASS
2,1,q8_0,C1,8,4096,1024,b049445697c9a5c3,1,1,0,-1,00000000,00000000,0,PASS
2,1,q8_0,C2,8,4096,1024,7efc99aea35888c7,1,1,0,-1,00000000,00000000,0,PASS
2,1,q8_0,C3,8,4096,1024,e4fbd084e4d046a5,1,1,0,-1,00000000,00000000,0,PASS
2,1,q8_0,C4,8,4096,1024,d8f79ecae2861f1f,1,1,0,-1,00000000,00000000,0,PASS
2,2,q8_0,C0,2,4096,512,61e628f524230383,1,1,0,-1,00000000,00000000,0,PASS
2,2,q8_0,C1,2,4096,512,f3458625c6b0adb3,1,1,0,-1,00000000,00000000,0,PASS
2,2,q8_0,C2,2,4096,512,eaa8b46e71e992b4,1,1,0,-1,00000000,00000000,0,PASS
2,2,q8_0,C3,2,4096,512,a38e8597ff0d98ef,1,1,0,-1,00000000,00000000,0,PASS
2,2,q8_0,C4,2,4096,512,4712e9c2b1324d63,1,1,0,-1,00000000,00000000,0,PASS
2,2,q8_0,C0,3,4096,512,f361b91bfc660383,1,1,0,-1,00000000,00000000,0,PASS
2,2,q8_0,C1,3,4096,512,36aaaa69a328e07a,1,1,0,-1,00000000,00000000,0,PASS
2,2,q8_0,C2,3,4096,512,e36dde151415c0df,1,1,0,-1,00000000,00000000,0,PASS
2,2,q8_0,C3,3,4096,512,1ec3ac101b5608bd,1,1,0,-1,00000000,00000000,0,PASS
2,2,q8_0,C4,3,4096,512,e34480993503b8a3,1,1,0,-1,00000000,00000000,0,PASS
2,2,q8_0,C0,4,4096,512,0e5df645d4a90383,1,1,0,-1,00000000,00000000,0,PASS
2,2,q8_0,C1,4,4096,512,cb611474e6bf1763,1,1,0,-1,00000000,00000000,0,PASS
2,2,q8_0,C2,4,4096,512,a668df01d5618865,1,1,0,-1,00000000,00000000,0,PASS
2,2,q8_0,C3,4,4096,512,b6ae03cf7c22542a,1,1,0,-1,00000000,00000000,0,PASS
2,2,q8_0,C4,4,4096,512,04144d081eb41f66,1,1,0,-1,00000000,00000000,0,PASS
2,2,q8_0,C0,5,4096,512,649de072acec0383,1,1,0,-1,00000000,00000000,0,PASS
2,2,q8_0,C1,5,4096,512,7d3627c9d35592aa,1,1,0,-1,00000000,00000000,0,PASS
2,2,q8_0,C2,5,4096,512,d13581044f3dfab0,1,1,0,-1,00000000,00000000,0,PASS
2,2,q8_0,C3,5,4096,512,bbf12550c92403cd,1,1,0,-1,00000000,00000000,0,PASS
2,2,q8_0,C4,5,4096,512,9ca02a032bb24fc6,1,1,0,-1,00000000,00000000,0,PASS
2,2,q8_0,C0,6,4096,512,a7e477a2852f0383,1,1,0,-1,00000000,00000000,0,PASS
2,2,q8_0,C1,6,4096,512,a8f5fc63ca83b793,1,1,0,-1,00000000,00000000,0,PASS
2,2,q8_0,C2,6,4096,512,2e2a6a2802a71ed0,1,1,0,-1,00000000,00000000,0,PASS
2,2,q8_0,C3,6,4096,512,c5676773ba76c3b6,1,1,0,-1,00000000,00000000,0,PASS
2,2,q8_0,C4,6,4096,512,e725a82e9783c012,1,1,0,-1,00000000,00000000,0,PASS
2,2,q8_0,C0,7,4096,512,89f4bbd55d720383,1,1,0,-1,00000000,00000000,0,PASS
2,2,q8_0,C1,7,4096,512,8a1e5e5f2f1ad85a,1,1,0,-1,00000000,00000000,0,PASS
2,2,q8_0,C2,7,4096,512,38cba9f3d15ed87c,1,1,0,-1,00000000,00000000,0,PASS
2,2,q8_0,C3,7,4096,512,7ed34d35edc6eece,1,1,0,-1,00000000,00000000,0,PASS
2,2,q8_0,C4,7,4096,512,a56d33ae4c8c775a,1,1,0,-1,00000000,00000000,0,PASS
2,2,q8_0,C0,8,4096,512,bc91ad0b35b50383,1,1,0,-1,00000000,00000000,0,PASS
2,2,q8_0,C1,8,4096,512,b049445697c9a5c3,1,1,0,-1,00000000,00000000,0,PASS
2,2,q8_0,C2,8,4096,512,7efc99aea35888c7,1,1,0,-1,00000000,00000000,0,PASS
2,2,q8_0,C3,8,4096,512,fede391adb0a3c1d,1,1,0,-1,00000000,00000000,0,PASS
2,2,q8_0,C4,8,4096,512,d8f79ecae2861f1f,1,1,0,-1,00000000,00000000,0,PASS
2,3,q8_0,C0,2,1024,32768,66a385207fbe8383,1,1,0,-1,00000000,00000000,0,PASS
2,3,q8_0,C1,2,1024,32768,ea4b97e88c182db3,1,1,0,-1,00000000,00000000,0,PASS
2,3,q8_0,C2,2,1024,32768,70800d37477b9cc9,1,1,0,-1,00000000,00000000,0,PASS
2,3,q8_0,C3,2,1024,32768,a5ac2a9219948357,1,1,0,-1,00000000,00000000,0,PASS
2,3,q8_0,C4,2,1024,32768,71e3b48a7ebcb79f,1,1,0,-1,00000000,00000000,0,PASS
2,3,q8_0,C0,3,1024,32768,09b99610cdcf4383,1,1,0,-1,00000000,00000000,0,PASS
2,3,q8_0,C1,3,1024,32768,f303d2023f54e07a,1,1,0,-1,00000000,00000000,0,PASS
2,3,q8_0,C2,3,1024,32768,17b139ff4bb1b56e,1,1,0,-1,00000000,00000000,0,PASS
2,3,q8_0,C3,3,1024,32768,eb4e8b126b928dc7,1,1,0,-1,00000000,00000000,0,PASS
2,3,q8_0,C4,3,1024,32768,7684a1bb04066307,1,1,0,-1,00000000,00000000,0,PASS
2,3,q8_0,C0,4,1024,32768,a82845d14be00383,1,1,0,-1,00000000,00000000,0,PASS
2,3,q8_0,C1,4,1024,32768,829e2379d3d0d763,1,1,0,-1,00000000,00000000,0,PASS
2,3,q8_0,C2,4,1024,32768,2c41771fb26e6aa4,1,1,0,-1,00000000,00000000,0,PASS
2,3,q8_0,C3,4,1024,32768,316d9f914019b162,1,1,0,-1,00000000,00000000,0,PASS
2,3,q8_0,C4,4,1024,32768,00c364baeed7cc77,1,1,0,-1,00000000,00000000,0,PASS
2,3,q8_0,C0,5,1024,32768,a536a061f9f0c383,1,1,0,-1,00000000,00000000,0,PASS
2,3,q8_0,C1,5,1024,32768,cd5cb4a48887d2aa,1,1,0,-1,00000000,00000000,0,PASS
2,3,q8_0,C2,5,1024,32768,fe68e9da3c4fa0b4,1,1,0,-1,00000000,00000000,0,PASS
2,3,q8_0,C3,5,1024,32768,502a49b573f9e5f7,1,1,0,-1,00000000,00000000,0,PASS
2,3,q8_0,C4,5,1024,32768,85d67414a04db337,1,1,0,-1,00000000,00000000,0,PASS
2,3,q8_0,C0,6,1024,32768,e72bb1c2d8018383,1,1,0,-1,00000000,00000000,0,PASS
2,3,q8_0,C1,6,1024,32768,606b07352f77b793,1,1,0,-1,00000000,00000000,0,PASS
2,3,q8_0,C2,6,1024,32768,aac88d06cc8d8c24,1,1,0,-1,00000000,00000000,0,PASS
2,3,q8_0,C3,6,1024,32768,a9341589dc11c09c,1,1,0,-1,00000000,00000000,0,PASS
2,3,q8_0,C4,6,1024,32768,90a3e3c502279c0a,1,1,0,-1,00000000,00000000,0,PASS
2,3,q8_0,C0,7,1024,32768,d74e85f3e6124383,1,1,0,-1,00000000,00000000,0,PASS
2,3,q8_0,C1,7,1024,32768,0680c4d6b6eb585a,1,1,0,-1,00000000,00000000,0,PASS
2,3,q8_0,C2,7,1024,32768,68aeccecb4841b1a,1,1,0,-1,00000000,00000000,0,PASS
2,3,q8_0,C3,7,1024,32768,0e4470d6be8cc24a,1,1,0,-1,00000000,00000000,0,PASS
2,3,q8_0,C4,7,1024,32768,e3547e032da9e62a,1,1,0,-1,00000000,00000000,0,PASS
2,3,q8_0,C0,8,1024,32768,61e628f524230383,1,1,0,-1,00000000,00000000,0,PASS
2,3,q8_0,C1,8,1024,32768,f5568f1793b7e5c3,1,1,0,-1,00000000,00000000,0,PASS
2,3,q8_0,C2,8,1024,32768,f510f9a7c42e2707,1,1,0,-1,00000000,00000000,0,PASS
2,3,q8_0,C3,8,1024,32768,df0fd49d02d63994,1,1,0,-1,00000000,00000000,0,PASS
2,3,q8_0,C4,8,1024,32768,bb27994fbd6c0dde,1,1,0,-1,00000000,00000000,0,PASS
2,4,q8_0,C0,2,8192,4096,0e5df645d4a90383,1,1,0,-1,00000000,00000000,0,PASS
2,4,q8_0,C1,2,8192,4096,a7596f63ea26adb3,1,1,0,-1,00000000,00000000,0,PASS
2,4,q8_0,C2,2,8192,4096,6024392d967b7573,1,1,0,-1,00000000,00000000,0,PASS
2,4,q8_0,C3,2,8192,4096,4e1294e1c00b679a,1,1,0,-1,00000000,00000000,0,PASS
2,4,q8_0,C4,2,8192,4096,756a42230c87de66,1,1,0,-1,00000000,00000000,0,PASS
2,4,q8_0,C0,3,8192,4096,a7e477a2852f0383,1,1,0,-1,00000000,00000000,0,PASS
2,4,q8_0,C1,3,8192,4096,40f463593d98e07a,1,1,0,-1,00000000,00000000,0,PASS
2,4,q8_0,C2,3,8192,4096,6bda8fe4c61d0fba,1,1,0,-1,00000000,00000000,0,PASS
2,4,q8_0,C3,3,8192,4096,5c62d36fdb939f19,1,1,0,-1,00000000,00000000,0,PASS
2,4,q8_0,C4,3,8192,4096,7ef18a95c50f9806,1,1,0,-1,00000000,00000000,0,PASS
2,4,q8_0,C0,4,8192,4096,bc91ad0b35b50383,1,1,0,-1,00000000,00000000,0,PASS
2,4,q8_0,C1,4,8192,4096,1e7b80deb5521763,1,1,0,-1,00000000,00000000,0,PASS
2,4,q8_0,C2,4,8192,4096,95646a8ebd044b5d,1,1,0,-1,00000000,00000000,0,PASS
2,4,q8_0,C3,4,8192,4096,97a4adad0382278e,1,1,0,-1,00000000,00000000,0,PASS
2,4,q8_0,C4,4,8192,4096,7b7263e3adedcd6f,1,1,0,-1,00000000,00000000,0,PASS
2,4,q8_0,C0,5,8192,4096,da7d967fe63b0383,1,1,0,-1,00000000,00000000,0,PASS
2,4,q8_0,C1,5,8192,4096,2439109c971292aa,1,1,0,-1,00000000,00000000,0,PASS
2,4,q8_0,C2,5,8192,4096,ac7103964b5c796d,1,1,0,-1,00000000,00000000,0,PASS
2,4,q8_0,C3,5,8192,4096,028d8aaf99716ba5,1,1,0,-1,00000000,00000000,0,PASS
2,4,q8_0,C4,5,8192,4096,84cd276f9ee09557,1,1,0,-1,00000000,00000000,0,PASS
2,4,q8_0,C0,6,8192,4096,8fc0340096c10383,1,1,0,-1,00000000,00000000,0,PASS
2,4,q8_0,C1,6,8192,4096,6b7fdec3ae93b793,1,1,0,-1,00000000,00000000,0,PASS
2,4,q8_0,C2,6,8192,4096,158880dca80356a5,1,1,0,-1,00000000,00000000,0,PASS
2,4,q8_0,C3,6,8192,4096,2b346e18fe5c1e6a,1,1,0,-1,00000000,00000000,0,PASS
2,4,q8_0,C4,6,8192,4096,6fb2cac120b4a24e,1,1,0,-1,00000000,00000000,0,PASS
2,4,q8_0,C0,7,8192,4096,6a71858d47470383,1,1,0,-1,00000000,00000000,0,PASS
2,4,q8_0,C1,7,8192,4096,665eaf56fa04d85a,1,1,0,-1,00000000,00000000,0,PASS
2,4,q8_0,C2,7,8192,4096,d0efefe3fcd897e2,1,1,0,-1,00000000,00000000,0,PASS
2,4,q8_0,C3,7,8192,4096,056c308b874fb1e8,1,1,0,-1,00000000,00000000,0,PASS
2,4,q8_0,C4,7,8192,4096,90b943a9e7d55d36,1,1,0,-1,00000000,00000000,0,PASS
2,4,q8_0,C0,8,8192,4096,f8a98b25f7cd0383,1,1,0,-1,00000000,00000000,0,PASS
2,4,q8_0,C1,8,8192,4096,c26c1a6b3d36a5c3,1,1,0,-1,00000000,00000000,0,PASS
2,4,q8_0,C2,8,8192,4096,95ac06e3a54b4ef2,1,1,0,-1,00000000,00000000,0,PASS
2,4,q8_0,C3,8,8192,4096,4163c9a3226a09d4,1,1,0,-1,00000000,00000000,0,PASS
2,4,q8_0,C4,8,8192,4096,3da45e1f8a9f3b1f,1,1,0,-1,00000000,00000000,0,PASS
2,5,f16,C0,2,16384,24,bc91ad0b35b50383,1,1,0,-1,00000000,00000000,0,PASS
2,5,f16,C1,2,16384,24,5dc3d7543112adb3,1,1,0,-1,00000000,00000000,0,PASS
2,5,f16,C2,2,16384,24,2182d4551e4fe2a3,1,1,0,-1,00000000,00000000,0,PASS
2,5,f16,C3,2,16384,24,3afe1b1d8cd96138,1,1,0,-1,00000000,00000000,0,PASS
2,5,f16,C4,2,16384,24,b25fa2af1f4d979f,1,1,0,-1,00000000,00000000,0,PASS
2,5,f16,C0,3,16384,24,8fc0340096c10383,1,1,0,-1,00000000,00000000,0,PASS
2,5,f16,C1,3,16384,24,b7a628de7278e07a,1,1,0,-1,00000000,00000000,0,PASS
2,5,f16,C2,3,16384,24,05a69f75d2d8e36d,1,1,0,-1,00000000,00000000,0,PASS
2,5,f16,C3,3,16384,24,c12a4851681d9802,1,1,0,-1,00000000,00000000,0,PASS
2,5,f16,C4,3,16384,24,f5166e1daf6a5307,1,1,0,-1,00000000,00000000,0,PASS
2,5,f16,C0,4,16384,24,f8a98b25f7cd0383,1,1,0,-1,00000000,00000000,0,PASS
2,5,f16,C1,4,16384,24,6dd2f6a152781763,1,1,0,-1,00000000,00000000,0,PASS
2,5,f16,C2,4,16384,24,03b1a534c5b2c557,1,1,0,-1,00000000,00000000,0,PASS
2,5,f16,C3,4,16384,24,85044f44a4173d26,1,1,0,-1,00000000,00000000,0,PASS
2,5,f16,C4,4,16384,24,77f735b69bbdcc77,1,1,0,-1,00000000,00000000,0,PASS
2,5,f16,C0,5,16384,24,680db27b58d90383,1,1,0,-1,00000000,00000000,0,PASS
2,5,f16,C1,5,16384,24,849b32211e8c92aa,1,1,0,-1,00000000,00000000,0,PASS
2,5,f16,C2,5,16384,24,5c63d5b6c8cd0fe7,1,1,0,-1,00000000,00000000,0,PASS
2,5,f16,C3,5,16384,24,db79e44075649003,1,1,0,-1,00000000,00000000,0,PASS
2,5,f16,C4,5,16384,24,afa0291542a0c337,1,1,0,-1,00000000,00000000,0,PASS
2,5,f16,C0,6,16384,24,4eacaa00b9e50383,1,1,0,-1,00000000,00000000,0,PASS
2,5,f16,C1,6,16384,24,aa9ab88976b3b793,1,1,0,-1,00000000,00000000,0,PASS
2,5,f16,C2,6,16384,24,7492baf760eee0bc,1,1,0,-1,00000000,00000000,0,PASS
2,5,f16,C3,6,16384,24,24065b8176f3e791,1,1,0,-1,00000000,00000000,0,PASS
2,5,f16,C4,6,16384,24,f28d61a32b65fc0a,1,1,0,-1,00000000,00000000,0,PASS
2,5,f16,C0,7,16384,24,1d4671b61af10383,1,1,0,-1,00000000,00000000,0,PASS
2,5,f16,C1,7,16384,24,3a7a16ba8fd8d85a,1,1,0,-1,00000000,00000000,0,PASS
2,5,f16,C2,7,16384,24,711aa99ced25a706,1,1,0,-1,00000000,00000000,0,PASS
2,5,f16,C3,7,16384,24,be0ca18939255cad,1,1,0,-1,00000000,00000000,0,PASS
2,5,f16,C4,7,16384,24,6441aebc43e8962a,1,1,0,-1,00000000,00000000,0,PASS
2,5,f16,C0,8,16384,24,449b099b7bfd0383,1,1,0,-1,00000000,00000000,0,PASS
2,5,f16,C1,8,16384,24,80cdba4d8810a5c3,1,1,0,-1,00000000,00000000,0,PASS
2,5,f16,C2,8,16384,24,af28154ffb9ea876,1,1,0,-1,00000000,00000000,0,PASS
2,5,f16,C3,8,16384,24,45d08a41c274acf5,1,1,0,-1,00000000,00000000,0,PASS
2,5,f16,C4,8,16384,24,9e50fb1212e9adde,1,1,0,-1,00000000,00000000,0,PASS
2,6,f16,C0,2,4096,256,61e628f524230383,1,1,0,-1,00000000,00000000,0,PASS
2,6,f16,C1,2,4096,256,f3458625c6b0adb3,1,1,0,-1,00000000,00000000,0,PASS
2,6,f16,C2,2,4096,256,eaa8b46e71e992b4,1,1,0,-1,00000000,00000000,0,PASS
2,6,f16,C3,2,4096,256,ded11a8ade2c8ece,1,1,0,-1,00000000,00000000,0,PASS
2,6,f16,C4,2,4096,256,4712e9c2b1324d63,1,1,0,-1,00000000,00000000,0,PASS
2,6,f16,C0,3,4096,256,f361b91bfc660383,1,1,0,-1,00000000,00000000,0,PASS
2,6,f16,C1,3,4096,256,36aaaa69a328e07a,1,1,0,-1,00000000,00000000,0,PASS
2,6,f16,C2,3,4096,256,e36dde151415c0df,1,1,0,-1,00000000,00000000,0,PASS
2,6,f16,C3,3,4096,256,49a45e470a3ff57f,1,1,0,-1,00000000,00000000,0,PASS
2,6,f16,C4,3,4096,256,e34480993503b8a3,1,1,0,-1,00000000,00000000,0,PASS
2,6,f16,C0,4,4096,256,0e5df645d4a90383,1,1,0,-1,00000000,00000000,0,PASS
2,6,f16,C1,4,4096,256,cb611474e6bf1763,1,1,0,-1,00000000,00000000,0,PASS
2,6,f16,C2,4,4096,256,a668df01d5618865,1,1,0,-1,00000000,00000000,0,PASS
2,6,f16,C3,4,4096,256,961f799618f35808,1,1,0,-1,00000000,00000000,0,PASS
2,6,f16,C4,4,4096,256,04144d081eb41f66,1,1,0,-1,00000000,00000000,0,PASS
2,6,f16,C0,5,4096,256,649de072acec0383,1,1,0,-1,00000000,00000000,0,PASS
2,6,f16,C1,5,4096,256,7d3627c9d35592aa,1,1,0,-1,00000000,00000000,0,PASS
2,6,f16,C2,5,4096,256,d13581044f3dfab0,1,1,0,-1,00000000,00000000,0,PASS
2,6,f16,C3,5,4096,256,802b966d2f8f13b7,1,1,0,-1,00000000,00000000,0,PASS
2,6,f16,C4,5,4096,256,9ca02a032bb24fc6,1,1,0,-1,00000000,00000000,0,PASS
2,6,f16,C0,6,4096,256,a7e477a2852f0383,1,1,0,-1,00000000,00000000,0,PASS
2,6,f16,C1,6,4096,256,a8f5fc63ca83b793,1,1,0,-1,00000000,00000000,0,PASS
2,6,f16,C2,6,4096,256,2e2a6a2802a71ed0,1,1,0,-1,00000000,00000000,0,PASS
2,6,f16,C3,6,4096,256,1b5926e2e6927aa9,1,1,0,-1,00000000,00000000,0,PASS
2,6,f16,C4,6,4096,256,e725a82e9783c012,1,1,0,-1,00000000,00000000,0,PASS
2,6,f16,C0,7,4096,256,89f4bbd55d720383,1,1,0,-1,00000000,00000000,0,PASS
2,6,f16,C1,7,4096,256,8a1e5e5f2f1ad85a,1,1,0,-1,00000000,00000000,0,PASS
2,6,f16,C2,7,4096,256,38cba9f3d15ed87c,1,1,0,-1,00000000,00000000,0,PASS
2,6,f16,C3,7,4096,256,cd7f26fad4d20bf2,1,1,0,-1,00000000,00000000,0,PASS
2,6,f16,C4,7,4096,256,a56d33ae4c8c775a,1,1,0,-1,00000000,00000000,0,PASS
2,6,f16,C0,8,4096,256,bc91ad0b35b50383,1,1,0,-1,00000000,00000000,0,PASS
2,6,f16,C1,8,4096,256,b049445697c9a5c3,1,1,0,-1,00000000,00000000,0,PASS
2,6,f16,C2,8,4096,256,7efc99aea35888c7,1,1,0,-1,00000000,00000000,0,PASS
2,6,f16,C3,8,4096,256,c59ab27ff03ce4c9,1,1,0,-1,00000000,00000000,0,PASS
2,6,f16,C4,8,4096,256,d8f79ecae2861f1f,1,1,0,-1,00000000,00000000,0,PASS
3,0,f16,C0,2,16384,24,bc91ad0b35b50383,1,1,0,-1,00000000,00000000,0,PASS
3,0,f16,C1,2,16384,24,5dc3d7543112adb3,1,1,0,-1,00000000,00000000,0,PASS
3,0,f16,C2,2,16384,24,2182d4551e4fe2a3,1,1,0,-1,00000000,00000000,0,PASS
3,0,f16,C3,2,16384,24,62d1a734c81d634c,1,1,0,-1,00000000,00000000,0,PASS
3,0,f16,C4,2,16384,24,b25fa2af1f4d979f,1,1,0,-1,00000000,00000000,0,PASS
3,0,f16,C0,3,16384,24,8fc0340096c10383,1,1,0,-1,00000000,00000000,0,PASS
3,0,f16,C1,3,16384,24,b7a628de7278e07a,1,1,0,-1,00000000,00000000,0,PASS
3,0,f16,C2,3,16384,24,05a69f75d2d8e36d,1,1,0,-1,00000000,00000000,0,PASS
3,0,f16,C3,3,16384,24,0b7c3cc452d8f535,1,1,0,-1,00000000,00000000,0,PASS
3,0,f16,C4,3,16384,24,f5166e1daf6a5307,1,1,0,-1,00000000,00000000,0,PASS
3,0,f16,C0,4,16384,24,f8a98b25f7cd0383,1,1,0,-1,00000000,00000000,0,PASS
3,0,f16,C1,4,16384,24,6dd2f6a152781763,1,1,0,-1,00000000,00000000,0,PASS
3,0,f16,C2,4,16384,24,03b1a534c5b2c557,1,1,0,-1,00000000,00000000,0,PASS
3,0,f16,C3,4,16384,24,a7fb03335692931f,1,1,0,-1,00000000,00000000,0,PASS
3,0,f16,C4,4,16384,24,77f735b69bbdcc77,1,1,0,-1,00000000,00000000,0,PASS
3,0,f16,C0,5,16384,24,680db27b58d90383,1,1,0,-1,00000000,00000000,0,PASS
3,0,f16,C1,5,16384,24,849b32211e8c92aa,1,1,0,-1,00000000,00000000,0,PASS
3,0,f16,C2,5,16384,24,5c63d5b6c8cd0fe7,1,1,0,-1,00000000,00000000,0,PASS
3,0,f16,C3,5,16384,24,7afa451bb90a2347,1,1,0,-1,00000000,00000000,0,PASS
3,0,f16,C4,5,16384,24,afa0291542a0c337,1,1,0,-1,00000000,00000000,0,PASS
3,0,f16,C0,6,16384,24,4eacaa00b9e50383,1,1,0,-1,00000000,00000000,0,PASS
3,0,f16,C1,6,16384,24,aa9ab88976b3b793,1,1,0,-1,00000000,00000000,0,PASS
3,0,f16,C2,6,16384,24,7492baf760eee0bc,1,1,0,-1,00000000,00000000,0,PASS
3,0,f16,C3,6,16384,24,966b16a34f93d8af,1,1,0,-1,00000000,00000000,0,PASS
3,0,f16,C4,6,16384,24,f28d61a32b65fc0a,1,1,0,-1,00000000,00000000,0,PASS
3,0,f16,C0,7,16384,24,1d4671b61af10383,1,1,0,-1,00000000,00000000,0,PASS
3,0,f16,C1,7,16384,24,3a7a16ba8fd8d85a,1,1,0,-1,00000000,00000000,0,PASS
3,0,f16,C2,7,16384,24,711aa99ced25a706,1,1,0,-1,00000000,00000000,0,PASS
3,0,f16,C3,7,16384,24,63ec60f3cff7c441,1,1,0,-1,00000000,00000000,0,PASS
3,0,f16,C4,7,16384,24,6441aebc43e8962a,1,1,0,-1,00000000,00000000,0,PASS
3,0,f16,C0,8,16384,24,449b099b7bfd0383,1,1,0,-1,00000000,00000000,0,PASS
3,0,f16,C1,8,16384,24,80cdba4d8810a5c3,1,1,0,-1,00000000,00000000,0,PASS
3,0,f16,C2,8,16384,24,af28154ffb9ea876,1,1,0,-1,00000000,00000000,0,PASS
3,0,f16,C3,8,16384,24,d04c904aa2d195e5,1,1,0,-1,00000000,00000000,0,PASS
3,0,f16,C4,8,16384,24,9e50fb1212e9adde,1,1,0,-1,00000000,00000000,0,PASS
3,1,q8_0,C0,2,4096,1024,61e628f524230383,1,1,0,-1,00000000,00000000,0,PASS
3,1,q8_0,C1,2,4096,1024,f3458625c6b0adb3,1,1,0,-1,00000000,00000000,0,PASS
3,1,q8_0,C2,2,4096,1024,eaa8b46e71e992b4,1,1,0,-1,00000000,00000000,0,PASS
3,1,q8_0,C3,2,4096,1024,d52370d4663e0e7b,1,1,0,-1,00000000,00000000,0,PASS
3,1,q8_0,C4,2,4096,1024,4712e9c2b1324d63,1,1,0,-1,00000000,00000000,0,PASS
3,1,q8_0,C0,3,4096,1024,f361b91bfc660383,1,1,0,-1,00000000,00000000,0,PASS
3,1,q8_0,C1,3,4096,1024,36aaaa69a328e07a,1,1,0,-1,00000000,00000000,0,PASS
3,1,q8_0,C2,3,4096,1024,e36dde151415c0df,1,1,0,-1,00000000,00000000,0,PASS
3,1,q8_0,C3,3,4096,1024,368f01441efcc966,1,1,0,-1,00000000,00000000,0,PASS
3,1,q8_0,C4,3,4096,1024,e34480993503b8a3,1,1,0,-1,00000000,00000000,0,PASS
3,1,q8_0,C0,4,4096,1024,0e5df645d4a90383,1,1,0,-1,00000000,00000000,0,PASS
3,1,q8_0,C1,4,4096,1024,cb611474e6bf1763,1,1,0,-1,00000000,00000000,0,PASS
3,1,q8_0,C2,4,4096,1024,a668df01d5618865,1,1,0,-1,00000000,00000000,0,PASS
3,1,q8_0,C3,4,4096,1024,ba7792f58fc47040,1,1,0,-1,00000000,00000000,0,PASS
3,1,q8_0,C4,4,4096,1024,04144d081eb41f66,1,1,0,-1,00000000,00000000,0,PASS
3,1,q8_0,C0,5,4096,1024,649de072acec0383,1,1,0,-1,00000000,00000000,0,PASS
3,1,q8_0,C1,5,4096,1024,7d3627c9d35592aa,1,1,0,-1,00000000,00000000,0,PASS
3,1,q8_0,C2,5,4096,1024,d13581044f3dfab0,1,1,0,-1,00000000,00000000,0,PASS
3,1,q8_0,C3,5,4096,1024,295cfebcca7715b2,1,1,0,-1,00000000,00000000,0,PASS
3,1,q8_0,C4,5,4096,1024,9ca02a032bb24fc6,1,1,0,-1,00000000,00000000,0,PASS
3,1,q8_0,C0,6,4096,1024,a7e477a2852f0383,1,1,0,-1,00000000,00000000,0,PASS
3,1,q8_0,C1,6,4096,1024,a8f5fc63ca83b793,1,1,0,-1,00000000,00000000,0,PASS
3,1,q8_0,C2,6,4096,1024,2e2a6a2802a71ed0,1,1,0,-1,00000000,00000000,0,PASS
3,1,q8_0,C3,6,4096,1024,8fb373c624857922,1,1,0,-1,00000000,00000000,0,PASS
3,1,q8_0,C4,6,4096,1024,e725a82e9783c012,1,1,0,-1,00000000,00000000,0,PASS
3,1,q8_0,C0,7,4096,1024,89f4bbd55d720383,1,1,0,-1,00000000,00000000,0,PASS
3,1,q8_0,C1,7,4096,1024,8a1e5e5f2f1ad85a,1,1,0,-1,00000000,00000000,0,PASS
3,1,q8_0,C2,7,4096,1024,38cba9f3d15ed87c,1,1,0,-1,00000000,00000000,0,PASS
3,1,q8_0,C3,7,4096,1024,255a2b8b455aec1f,1,1,0,-1,00000000,00000000,0,PASS
3,1,q8_0,C4,7,4096,1024,a56d33ae4c8c775a,1,1,0,-1,00000000,00000000,0,PASS
3,1,q8_0,C0,8,4096,1024,bc91ad0b35b50383,1,1,0,-1,00000000,00000000,0,PASS
3,1,q8_0,C1,8,4096,1024,b049445697c9a5c3,1,1,0,-1,00000000,00000000,0,PASS
3,1,q8_0,C2,8,4096,1024,7efc99aea35888c7,1,1,0,-1,00000000,00000000,0,PASS
3,1,q8_0,C3,8,4096,1024,61c50e8bf7ebf9cc,1,1,0,-1,00000000,00000000,0,PASS
3,1,q8_0,C4,8,4096,1024,d8f79ecae2861f1f,1,1,0,-1,00000000,00000000,0,PASS
3,2,q8_0,C0,2,4096,512,61e628f524230383,1,1,0,-1,00000000,00000000,0,PASS
3,2,q8_0,C1,2,4096,512,f3458625c6b0adb3,1,1,0,-1,00000000,00000000,0,PASS
3,2,q8_0,C2,2,4096,512,eaa8b46e71e992b4,1,1,0,-1,00000000,00000000,0,PASS
3,2,q8_0,C3,2,4096,512,0c60e937fe45bd7c,1,1,0,-1,00000000,00000000,0,PASS
3,2,q8_0,C4,2,4096,512,4712e9c2b1324d63,1,1,0,-1,00000000,00000000,0,PASS
3,2,q8_0,C0,3,4096,512,f361b91bfc660383,1,1,0,-1,00000000,00000000,0,PASS
3,2,q8_0,C1,3,4096,512,36aaaa69a328e07a,1,1,0,-1,00000000,00000000,0,PASS
3,2,q8_0,C2,3,4096,512,e36dde151415c0df,1,1,0,-1,00000000,00000000,0,PASS
3,2,q8_0,C3,3,4096,512,f2c72bb845520a69,1,1,0,-1,00000000,00000000,0,PASS
3,2,q8_0,C4,3,4096,512,e34480993503b8a3,1,1,0,-1,00000000,00000000,0,PASS
3,2,q8_0,C0,4,4096,512,0e5df645d4a90383,1,1,0,-1,00000000,00000000,0,PASS
3,2,q8_0,C1,4,4096,512,cb611474e6bf1763,1,1,0,-1,00000000,00000000,0,PASS
3,2,q8_0,C2,4,4096,512,a668df01d5618865,1,1,0,-1,00000000,00000000,0,PASS
3,2,q8_0,C3,4,4096,512,0dc032a2264327bd,1,1,0,-1,00000000,00000000,0,PASS
3,2,q8_0,C4,4,4096,512,04144d081eb41f66,1,1,0,-1,00000000,00000000,0,PASS
3,2,q8_0,C0,5,4096,512,649de072acec0383,1,1,0,-1,00000000,00000000,0,PASS
3,2,q8_0,C1,5,4096,512,7d3627c9d35592aa,1,1,0,-1,00000000,00000000,0,PASS
3,2,q8_0,C2,5,4096,512,d13581044f3dfab0,1,1,0,-1,00000000,00000000,0,PASS
3,2,q8_0,C3,5,4096,512,5217c042cf20f64b,1,1,0,-1,00000000,00000000,0,PASS
3,2,q8_0,C4,5,4096,512,9ca02a032bb24fc6,1,1,0,-1,00000000,00000000,0,PASS
3,2,q8_0,C0,6,4096,512,a7e477a2852f0383,1,1,0,-1,00000000,00000000,0,PASS
3,2,q8_0,C1,6,4096,512,a8f5fc63ca83b793,1,1,0,-1,00000000,00000000,0,PASS
3,2,q8_0,C2,6,4096,512,2e2a6a2802a71ed0,1,1,0,-1,00000000,00000000,0,PASS
3,2,q8_0,C3,6,4096,512,67b097256f8e1537,1,1,0,-1,00000000,00000000,0,PASS
3,2,q8_0,C4,6,4096,512,e725a82e9783c012,1,1,0,-1,00000000,00000000,0,PASS
3,2,q8_0,C0,7,4096,512,89f4bbd55d720383,1,1,0,-1,00000000,00000000,0,PASS
3,2,q8_0,C1,7,4096,512,8a1e5e5f2f1ad85a,1,1,0,-1,00000000,00000000,0,PASS
3,2,q8_0,C2,7,4096,512,38cba9f3d15ed87c,1,1,0,-1,00000000,00000000,0,PASS
3,2,q8_0,C3,7,4096,512,6b229a87e6745129,1,1,0,-1,00000000,00000000,0,PASS
3,2,q8_0,C4,7,4096,512,a56d33ae4c8c775a,1,1,0,-1,00000000,00000000,0,PASS
3,2,q8_0,C0,8,4096,512,bc91ad0b35b50383,1,1,0,-1,00000000,00000000,0,PASS
3,2,q8_0,C1,8,4096,512,b049445697c9a5c3,1,1,0,-1,00000000,00000000,0,PASS
3,2,q8_0,C2,8,4096,512,7efc99aea35888c7,1,1,0,-1,00000000,00000000,0,PASS
3,2,q8_0,C3,8,4096,512,a5b0b2ecbf2c9acf,1,1,0,-1,00000000,00000000,0,PASS
3,2,q8_0,C4,8,4096,512,d8f79ecae2861f1f,1,1,0,-1,00000000,00000000,0,PASS
3,3,q8_0,C0,2,1024,32768,66a385207fbe8383,1,1,0,-1,00000000,00000000,0,PASS
3,3,q8_0,C1,2,1024,32768,ea4b97e88c182db3,1,1,0,-1,00000000,00000000,0,PASS
3,3,q8_0,C2,2,1024,32768,70800d37477b9cc9,1,1,0,-1,00000000,00000000,0,PASS
3,3,q8_0,C3,2,1024,32768,195f499526f3cb9f,1,1,0,-1,00000000,00000000,0,PASS
3,3,q8_0,C4,2,1024,32768,71e3b48a7ebcb79f,1,1,0,-1,00000000,00000000,0,PASS
3,3,q8_0,C0,3,1024,32768,09b99610cdcf4383,1,1,0,-1,00000000,00000000,0,PASS
3,3,q8_0,C1,3,1024,32768,f303d2023f54e07a,1,1,0,-1,00000000,00000000,0,PASS
3,3,q8_0,C2,3,1024,32768,17b139ff4bb1b56e,1,1,0,-1,00000000,00000000,0,PASS
3,3,q8_0,C3,3,1024,32768,c83edcca57e06e24,1,1,0,-1,00000000,00000000,0,PASS
3,3,q8_0,C4,3,1024,32768,7684a1bb04066307,1,1,0,-1,00000000,00000000,0,PASS
3,3,q8_0,C0,4,1024,32768,a82845d14be00383,1,1,0,-1,00000000,00000000,0,PASS
3,3,q8_0,C1,4,1024,32768,829e2379d3d0d763,1,1,0,-1,00000000,00000000,0,PASS
3,3,q8_0,C2,4,1024,32768,2c41771fb26e6aa4,1,1,0,-1,00000000,00000000,0,PASS
3,3,q8_0,C3,4,1024,32768,27019f94ba6f8582,1,1,0,-1,00000000,00000000,0,PASS
3,3,q8_0,C4,4,1024,32768,00c364baeed7cc77,1,1,0,-1,00000000,00000000,0,PASS
3,3,q8_0,C0,5,1024,32768,a536a061f9f0c383,1,1,0,-1,00000000,00000000,0,PASS
3,3,q8_0,C1,5,1024,32768,cd5cb4a48887d2aa,1,1,0,-1,00000000,00000000,0,PASS
3,3,q8_0,C2,5,1024,32768,fe68e9da3c4fa0b4,1,1,0,-1,00000000,00000000,0,PASS
3,3,q8_0,C3,5,1024,32768,df0d8b68149e8cec,1,1,0,-1,00000000,00000000,0,PASS
3,3,q8_0,C4,5,1024,32768,85d67414a04db337,1,1,0,-1,00000000,00000000,0,PASS
3,3,q8_0,C0,6,1024,32768,e72bb1c2d8018383,1,1,0,-1,00000000,00000000,0,PASS
3,3,q8_0,C1,6,1024,32768,606b07352f77b793,1,1,0,-1,00000000,00000000,0,PASS
3,3,q8_0,C2,6,1024,32768,aac88d06cc8d8c24,1,1,0,-1,00000000,00000000,0,PASS
3,3,q8_0,C3,6,1024,32768,93133301d246fc23,1,1,0,-1,00000000,00000000,0,PASS
3,3,q8_0,C4,6,1024,32768,90a3e3c502279c0a,1,1,0,-1,00000000,00000000,0,PASS
3,3,q8_0,C0,7,1024,32768,d74e85f3e6124383,1,1,0,-1,00000000,00000000,0,PASS
3,3,q8_0,C1,7,1024,32768,0680c4d6b6eb585a,1,1,0,-1,00000000,00000000,0,PASS
3,3,q8_0,C2,7,1024,32768,68aeccecb4841b1a,1,1,0,-1,00000000,00000000,0,PASS
3,3,q8_0,C3,7,1024,32768,bd3dc08fbd22bd07,1,1,0,-1,00000000,00000000,0,PASS
3,3,q8_0,C4,7,1024,32768,e3547e032da9e62a,1,1,0,-1,00000000,00000000,0,PASS
3,3,q8_0,C0,8,1024,32768,61e628f524230383,1,1,0,-1,00000000,00000000,0,PASS
3,3,q8_0,C1,8,1024,32768,f5568f1793b7e5c3,1,1,0,-1,00000000,00000000,0,PASS
3,3,q8_0,C2,8,1024,32768,f510f9a7c42e2707,1,1,0,-1,00000000,00000000,0,PASS
3,3,q8_0,C3,8,1024,32768,e58e0eb6411baa1c,1,1,0,-1,00000000,00000000,0,PASS
3,3,q8_0,C4,8,1024,32768,bb27994fbd6c0dde,1,1,0,-1,00000000,00000000,0,PASS
3,4,q8_0,C0,2,8192,4096,0e5df645d4a90383,1,1,0,-1,00000000,00000000,0,PASS
3,4,q8_0,C1,2,8192,4096,a7596f63ea26adb3,1,1,0,-1,00000000,00000000,0,PASS
3,4,q8_0,C2,2,8192,4096,6024392d967b7573,1,1,0,-1,00000000,00000000,0,PASS
3,4,q8_0,C3,2,8192,4096,3b0d93d97dd38f34,1,1,0,-1,00000000,00000000,0,PASS
3,4,q8_0,C4,2,8192,4096,756a42230c87de66,1,1,0,-1,00000000,00000000,0,PASS
3,4,q8_0,C0,3,8192,4096,a7e477a2852f0383,1,1,0,-1,00000000,00000000,0,PASS
3,4,q8_0,C1,3,8192,4096,40f463593d98e07a,1,1,0,-1,00000000,00000000,0,PASS
3,4,q8_0,C2,3,8192,4096,6bda8fe4c61d0fba,1,1,0,-1,00000000,00000000,0,PASS
3,4,q8_0,C3,3,8192,4096,ecae7d3460bdea59,1,1,0,-1,00000000,00000000,0,PASS
3,4,q8_0,C4,3,8192,4096,7ef18a95c50f9806,1,1,0,-1,00000000,00000000,0,PASS
3,4,q8_0,C0,4,8192,4096,bc91ad0b35b50383,1,1,0,-1,00000000,00000000,0,PASS
3,4,q8_0,C1,4,8192,4096,1e7b80deb5521763,1,1,0,-1,00000000,00000000,0,PASS
3,4,q8_0,C2,4,8192,4096,95646a8ebd044b5d,1,1,0,-1,00000000,00000000,0,PASS
3,4,q8_0,C3,4,8192,4096,feda74e063853c41,1,1,0,-1,00000000,00000000,0,PASS
3,4,q8_0,C4,4,8192,4096,7b7263e3adedcd6f,1,1,0,-1,00000000,00000000,0,PASS
3,4,q8_0,C0,5,8192,4096,da7d967fe63b0383,1,1,0,-1,00000000,00000000,0,PASS
3,4,q8_0,C1,5,8192,4096,2439109c971292aa,1,1,0,-1,00000000,00000000,0,PASS
3,4,q8_0,C2,5,8192,4096,ac7103964b5c796d,1,1,0,-1,00000000,00000000,0,PASS
3,4,q8_0,C3,5,8192,4096,65f3bcc98b97ed35,1,1,0,-1,00000000,00000000,0,PASS
3,4,q8_0,C4,5,8192,4096,84cd276f9ee09557,1,1,0,-1,00000000,00000000,0,PASS
3,4,q8_0,C0,6,8192,4096,8fc0340096c10383,1,1,0,-1,00000000,00000000,0,PASS
3,4,q8_0,C1,6,8192,4096,6b7fdec3ae93b793,1,1,0,-1,00000000,00000000,0,PASS
3,4,q8_0,C2,6,8192,4096,158880dca80356a5,1,1,0,-1,00000000,00000000,0,PASS
3,4,q8_0,C3,6,8192,4096,049158256ab65736,1,1,0,-1,00000000,00000000,0,PASS
3,4,q8_0,C4,6,8192,4096,6fb2cac120b4a24e,1,1,0,-1,00000000,00000000,0,PASS
3,4,q8_0,C0,7,8192,4096,6a71858d47470383,1,1,0,-1,00000000,00000000,0,PASS
3,4,q8_0,C1,7,8192,4096,665eaf56fa04d85a,1,1,0,-1,00000000,00000000,0,PASS
3,4,q8_0,C2,7,8192,4096,d0efefe3fcd897e2,1,1,0,-1,00000000,00000000,0,PASS
3,4,q8_0,C3,7,8192,4096,36b62d5d19a8f865,1,1,0,-1,00000000,00000000,0,PASS
3,4,q8_0,C4,7,8192,4096,90b943a9e7d55d36,1,1,0,-1,00000000,00000000,0,PASS
3,4,q8_0,C0,8,8192,4096,f8a98b25f7cd0383,1,1,0,-1,00000000,00000000,0,PASS
3,4,q8_0,C1,8,8192,4096,c26c1a6b3d36a5c3,1,1,0,-1,00000000,00000000,0,PASS
3,4,q8_0,C2,8,8192,4096,95ac06e3a54b4ef2,1,1,0,-1,00000000,00000000,0,PASS
3,4,q8_0,C3,8,8192,4096,85b177b56727aeb1,1,1,0,-1,00000000,00000000,0,PASS
3,4,q8_0,C4,8,8192,4096,3da45e1f8a9f3b1f,1,1,0,-1,00000000,00000000,0,PASS
3,5,f16,C0,2,16384,24,bc91ad0b35b50383,1,1,0,-1,00000000,00000000,0,PASS
3,5,f16,C1,2,16384,24,5dc3d7543112adb3,1,1,0,-1,00000000,00000000,0,PASS
3,5,f16,C2,2,16384,24,2182d4551e4fe2a3,1,1,0,-1,00000000,00000000,0,PASS
3,5,f16,C3,2,16384,24,1637c8197c4a00b6,1,1,0,-1,00000000,00000000,0,PASS
3,5,f16,C4,2,16384,24,b25fa2af1f4d979f,1,1,0,-1,00000000,00000000,0,PASS
3,5,f16,C0,3,16384,24,8fc0340096c10383,1,1,0,-1,00000000,00000000,0,PASS
3,5,f16,C1,3,16384,24,b7a628de7278e07a,1,1,0,-1,00000000,00000000,0,PASS
3,5,f16,C2,3,16384,24,05a69f75d2d8e36d,1,1,0,-1,00000000,00000000,0,PASS
3,5,f16,C3,3,16384,24,5c5bb26c1ba3368e,1,1,0,-1,00000000,00000000,0,PASS
3,5,f16,C4,3,16384,24,f5166e1daf6a5307,1,1,0,-1,00000000,00000000,0,PASS
3,5,f16,C0,4,16384,24,f8a98b25f7cd0383,1,1,0,-1,00000000,00000000,0,PASS
3,5,f16,C1,4,16384,24,6dd2f6a152781763,1,1,0,-1,00000000,00000000,0,PASS
3,5,f16,C2,4,16384,24,03b1a534c5b2c557,1,1,0,-1,00000000,00000000,0,PASS
3,5,f16,C3,4,16384,24,f54840f1ae6e4274,1,1,0,-1,00000000,00000000,0,PASS
3,5,f16,C4,4,16384,24,77f735b69bbdcc77,1,1,0,-1,00000000,00000000,0,PASS
3,5,f16,C0,5,16384,24,680db27b58d90383,1,1,0,-1,00000000,00000000,0,PASS
3,5,f16,C1,5,16384,24,849b32211e8c92aa,1,1,0,-1,00000000,00000000,0,PASS
3,5,f16,C2,5,16384,24,5c63d5b6c8cd0fe7,1,1,0,-1,00000000,00000000,0,PASS
3,5,f16,C3,5,16384,24,b28ec804fad3fa1c,1,1,0,-1,00000000,00000000,0,PASS
3,5,f16,C4,5,16384,24,afa0291542a0c337,1,1,0,-1,00000000,00000000,0,PASS
3,5,f16,C0,6,16384,24,4eacaa00b9e50383,1,1,0,-1,00000000,00000000,0,PASS
3,5,f16,C1,6,16384,24,aa9ab88976b3b793,1,1,0,-1,00000000,00000000,0,PASS
3,5,f16,C2,6,16384,24,7492baf760eee0bc,1,1,0,-1,00000000,00000000,0,PASS
3,5,f16,C3,6,16384,24,1b0aa491635022d1,1,1,0,-1,00000000,00000000,0,PASS
3,5,f16,C4,6,16384,24,f28d61a32b65fc0a,1,1,0,-1,00000000,00000000,0,PASS
3,5,f16,C0,7,16384,24,1d4671b61af10383,1,1,0,-1,00000000,00000000,0,PASS
3,5,f16,C1,7,16384,24,3a7a16ba8fd8d85a,1,1,0,-1,00000000,00000000,0,PASS
3,5,f16,C2,7,16384,24,711aa99ced25a706,1,1,0,-1,00000000,00000000,0,PASS
3,5,f16,C3,7,16384,24,2ce6188fba0459fe,1,1,0,-1,00000000,00000000,0,PASS
3,5,f16,C4,7,16384,24,6441aebc43e8962a,1,1,0,-1,00000000,00000000,0,PASS
3,5,f16,C0,8,16384,24,449b099b7bfd0383,1,1,0,-1,00000000,00000000,0,PASS
3,5,f16,C1,8,16384,24,80cdba4d8810a5c3,1,1,0,-1,00000000,00000000,0,PASS
3,5,f16,C2,8,16384,24,af28154ffb9ea876,1,1,0,-1,00000000,00000000,0,PASS
3,5,f16,C3,8,16384,24,3c614e268c605da7,1,1,0,-1,00000000,00000000,0,PASS
3,5,f16,C4,8,16384,24,9e50fb1212e9adde,1,1,0,-1,00000000,00000000,0,PASS
3,6,f16,C0,2,4096,256,61e628f524230383,1,1,0,-1,00000000,00000000,0,PASS
3,6,f16,C1,2,4096,256,f3458625c6b0adb3,1,1,0,-1,00000000,00000000,0,PASS
3,6,f16,C2,2,4096,256,eaa8b46e71e992b4,1,1,0,-1,00000000,00000000,0,PASS
3,6,f16,C3,2,4096,256,91d40177a598140b,1,1,0,-1,00000000,00000000,0,PASS
3,6,f16,C4,2,4096,256,4712e9c2b1324d63,1,1,0,-1,00000000,00000000,0,PASS
3,6,f16,C0,3,4096,256,f361b91bfc660383,1,1,0,-1,00000000,00000000,0,PASS
3,6,f16,C1,3,4096,256,36aaaa69a328e07a,1,1,0,-1,00000000,00000000,0,PASS
3,6,f16,C2,3,4096,256,e36dde151415c0df,1,1,0,-1,00000000,00000000,0,PASS
3,6,f16,C3,3,4096,256,88aa82faa1892f41,1,1,0,-1,00000000,00000000,0,PASS
3,6,f16,C4,3,4096,256,e34480993503b8a3,1,1,0,-1,00000000,00000000,0,PASS
3,6,f16,C0,4,4096,256,0e5df645d4a90383,1,1,0,-1,00000000,00000000,0,PASS
3,6,f16,C1,4,4096,256,cb611474e6bf1763,1,1,0,-1,00000000,00000000,0,PASS
3,6,f16,C2,4,4096,256,a668df01d5618865,1,1,0,-1,00000000,00000000,0,PASS
3,6,f16,C3,4,4096,256,69dc2d461bc9711c,1,1,0,-1,00000000,00000000,0,PASS
3,6,f16,C4,4,4096,256,04144d081eb41f66,1,1,0,-1,00000000,00000000,0,PASS
3,6,f16,C0,5,4096,256,649de072acec0383,1,1,0,-1,00000000,00000000,0,PASS
3,6,f16,C1,5,4096,256,7d3627c9d35592aa,1,1,0,-1,00000000,00000000,0,PASS
3,6,f16,C2,5,4096,256,d13581044f3dfab0,1,1,0,-1,00000000,00000000,0,PASS
3,6,f16,C3,5,4096,256,13fd4e18dc7ac2bd,1,1,0,-1,00000000,00000000,0,PASS
3,6,f16,C4,5,4096,256,9ca02a032bb24fc6,1,1,0,-1,00000000,00000000,0,PASS
3,6,f16,C0,6,4096,256,a7e477a2852f0383,1,1,0,-1,00000000,00000000,0,PASS
3,6,f16,C1,6,4096,256,a8f5fc63ca83b793,1,1,0,-1,00000000,00000000,0,PASS
3,6,f16,C2,6,4096,256,2e2a6a2802a71ed0,1,1,0,-1,00000000,00000000,0,PASS
3,6,f16,C3,6,4096,256,456b68b9b318a338,1,1,0,-1,00000000,00000000,0,PASS
3,6,f16,C4,6,4096,256,e725a82e9783c012,1,1,0,-1,00000000,00000000,0,PASS
3,6,f16,C0,7,4096,256,89f4bbd55d720383,1,1,0,-1,00000000,00000000,0,PASS
3,6,f16,C1,7,4096,256,8a1e5e5f2f1ad85a,1,1,0,-1,00000000,00000000,0,PASS
3,6,f16,C2,7,4096,256,38cba9f3d15ed87c,1,1,0,-1,00000000,00000000,0,PASS
3,6,f16,C3,7,4096,256,5fcc5956390182d4,1,1,0,-1,00000000,00000000,0,PASS
3,6,f16,C4,7,4096,256,a56d33ae4c8c775a,1,1,0,-1,00000000,00000000,0,PASS
3,6,f16,C0,8,4096,256,bc91ad0b35b50383,1,1,0,-1,00000000,00000000,0,PASS
3,6,f16,C1,8,4096,256,b049445697c9a5c3,1,1,0,-1,00000000,00000000,0,PASS
3,6,f16,C2,8,4096,256,7efc99aea35888c7,1,1,0,-1,00000000,00000000,0,PASS
3,6,f16,C3,8,4096,256,3e2d952c46ee1144,1,1,0,-1,00000000,00000000,0,PASS
3,6,f16,C4,8,4096,256,d8f79ecae2861f1f,1,1,0,-1,00000000,00000000,0,PASS
4,0,f16,C0,2,16384,24,bc91ad0b35b50383,1,1,0,-1,00000000,00000000,0,PASS
4,0,f16,C1,2,16384,24,5dc3d7543112adb3,1,1,0,-1,00000000,00000000,0,PASS
4,0,f16,C2,2,16384,24,2182d4551e4fe2a3,1,1,0,-1,00000000,00000000,0,PASS
4,0,f16,C3,2,16384,24,8a259f92d9bf5468,1,1,0,-1,00000000,00000000,0,PASS
4,0,f16,C4,2,16384,24,b25fa2af1f4d979f,1,1,0,-1,00000000,00000000,0,PASS
4,0,f16,C0,3,16384,24,8fc0340096c10383,1,1,0,-1,00000000,00000000,0,PASS
4,0,f16,C1,3,16384,24,b7a628de7278e07a,1,1,0,-1,00000000,00000000,0,PASS
4,0,f16,C2,3,16384,24,05a69f75d2d8e36d,1,1,0,-1,00000000,00000000,0,PASS
4,0,f16,C3,3,16384,24,30f4860a43c8f836,1,1,0,-1,00000000,00000000,0,PASS
4,0,f16,C4,3,16384,24,f5166e1daf6a5307,1,1,0,-1,00000000,00000000,0,PASS
4,0,f16,C0,4,16384,24,f8a98b25f7cd0383,1,1,0,-1,00000000,00000000,0,PASS
4,0,f16,C1,4,16384,24,6dd2f6a152781763,1,1,0,-1,00000000,00000000,0,PASS
4,0,f16,C2,4,16384,24,03b1a534c5b2c557,1,1,0,-1,00000000,00000000,0,PASS
4,0,f16,C3,4,16384,24,093fde57cf235561,1,1,0,-1,00000000,00000000,0,PASS
4,0,f16,C4,4,16384,24,77f735b69bbdcc77,1,1,0,-1,00000000,00000000,0,PASS
4,0,f16,C0,5,16384,24,680db27b58d90383,1,1,0,-1,00000000,00000000,0,PASS
4,0,f16,C1,5,16384,24,849b32211e8c92aa,1,1,0,-1,00000000,00000000,0,PASS
4,0,f16,C2,5,16384,24,5c63d5b6c8cd0fe7,1,1,0,-1,00000000,00000000,0,PASS
4,0,f16,C3,5,16384,24,ad127b9bbc36fd74,1,1,0,-1,00000000,00000000,0,PASS
4,0,f16,C4,5,16384,24,afa0291542a0c337,1,1,0,-1,00000000,00000000,0,PASS
4,0,f16,C0,6,16384,24,4eacaa00b9e50383,1,1,0,-1,00000000,00000000,0,PASS
4,0,f16,C1,6,16384,24,aa9ab88976b3b793,1,1,0,-1,00000000,00000000,0,PASS
4,0,f16,C2,6,16384,24,7492baf760eee0bc,1,1,0,-1,00000000,00000000,0,PASS
4,0,f16,C3,6,16384,24,578b741a45242076,1,1,0,-1,00000000,00000000,0,PASS
4,0,f16,C4,6,16384,24,f28d61a32b65fc0a,1,1,0,-1,00000000,00000000,0,PASS
4,0,f16,C0,7,16384,24,1d4671b61af10383,1,1,0,-1,00000000,00000000,0,PASS
4,0,f16,C1,7,16384,24,3a7a16ba8fd8d85a,1,1,0,-1,00000000,00000000,0,PASS
4,0,f16,C2,7,16384,24,711aa99ced25a706,1,1,0,-1,00000000,00000000,0,PASS
4,0,f16,C3,7,16384,24,9aaa795b719260c4,1,1,0,-1,00000000,00000000,0,PASS
4,0,f16,C4,7,16384,24,6441aebc43e8962a,1,1,0,-1,00000000,00000000,0,PASS
4,0,f16,C0,8,16384,24,449b099b7bfd0383,1,1,0,-1,00000000,00000000,0,PASS
4,0,f16,C1,8,16384,24,80cdba4d8810a5c3,1,1,0,-1,00000000,00000000,0,PASS
4,0,f16,C2,8,16384,24,af28154ffb9ea876,1,1,0,-1,00000000,00000000,0,PASS
4,0,f16,C3,8,16384,24,45935b18f10888b1,1,1,0,-1,00000000,00000000,0,PASS
4,0,f16,C4,8,16384,24,9e50fb1212e9adde,1,1,0,-1,00000000,00000000,0,PASS
4,1,q8_0,C0,2,4096,1024,61e628f524230383,1,1,0,-1,00000000,00000000,0,PASS
4,1,q8_0,C1,2,4096,1024,f3458625c6b0adb3,1,1,0,-1,00000000,00000000,0,PASS
4,1,q8_0,C2,2,4096,1024,eaa8b46e71e992b4,1,1,0,-1,00000000,00000000,0,PASS
4,1,q8_0,C3,2,4096,1024,089d4e579aba5f03,1,1,0,-1,00000000,00000000,0,PASS
4,1,q8_0,C4,2,4096,1024,4712e9c2b1324d63,1,1,0,-1,00000000,00000000,0,PASS
4,1,q8_0,C0,3,4096,1024,f361b91bfc660383,1,1,0,-1,00000000,00000000,0,PASS
4,1,q8_0,C1,3,4096,1024,36aaaa69a328e07a,1,1,0,-1,00000000,00000000,0,PASS
4,1,q8_0,C2,3,4096,1024,e36dde151415c0df,1,1,0,-1,00000000,00000000,0,PASS
4,1,q8_0,C3,3,4096,1024,5ac8ee57a7ef639b,1,1,0,-1,00000000,00000000,0,PASS
4,1,q8_0,C4,3,4096,1024,e34480993503b8a3,1,1,0,-1,00000000,00000000,0,PASS
4,1,q8_0,C0,4,4096,1024,0e5df645d4a90383,1,1,0,-1,00000000,00000000,0,PASS
4,1,q8_0,C1,4,4096,1024,cb611474e6bf1763,1,1,0,-1,00000000,00000000,0,PASS
4,1,q8_0,C2,4,4096,1024,a668df01d5618865,1,1,0,-1,00000000,00000000,0,PASS
4,1,q8_0,C3,4,4096,1024,62001184d3f45e14,1,1,0,-1,00000000,00000000,0,PASS
4,1,q8_0,C4,4,4096,1024,04144d081eb41f66,1,1,0,-1,00000000,00000000,0,PASS
4,1,q8_0,C0,5,4096,1024,649de072acec0383,1,1,0,-1,00000000,00000000,0,PASS
4,1,q8_0,C1,5,4096,1024,7d3627c9d35592aa,1,1,0,-1,00000000,00000000,0,PASS
4,1,q8_0,C2,5,4096,1024,d13581044f3dfab0,1,1,0,-1,00000000,00000000,0,PASS
4,1,q8_0,C3,5,4096,1024,c1694d3599cff541,1,1,0,-1,00000000,00000000,0,PASS
4,1,q8_0,C4,5,4096,1024,9ca02a032bb24fc6,1,1,0,-1,00000000,00000000,0,PASS
4,1,q8_0,C0,6,4096,1024,a7e477a2852f0383,1,1,0,-1,00000000,00000000,0,PASS
4,1,q8_0,C1,6,4096,1024,a8f5fc63ca83b793,1,1,0,-1,00000000,00000000,0,PASS
4,1,q8_0,C2,6,4096,1024,2e2a6a2802a71ed0,1,1,0,-1,00000000,00000000,0,PASS
4,1,q8_0,C3,6,4096,1024,f782f7d5a3571260,1,1,0,-1,00000000,00000000,0,PASS
4,1,q8_0,C4,6,4096,1024,e725a82e9783c012,1,1,0,-1,00000000,00000000,0,PASS
4,1,q8_0,C0,7,4096,1024,89f4bbd55d720383,1,1,0,-1,00000000,00000000,0,PASS
4,1,q8_0,C1,7,4096,1024,8a1e5e5f2f1ad85a,1,1,0,-1,00000000,00000000,0,PASS
4,1,q8_0,C2,7,4096,1024,38cba9f3d15ed87c,1,1,0,-1,00000000,00000000,0,PASS
4,1,q8_0,C3,7,4096,1024,9d94f630bbeab5e9,1,1,0,-1,00000000,00000000,0,PASS
4,1,q8_0,C4,7,4096,1024,a56d33ae4c8c775a,1,1,0,-1,00000000,00000000,0,PASS
4,1,q8_0,C0,8,4096,1024,bc91ad0b35b50383,1,1,0,-1,00000000,00000000,0,PASS
4,1,q8_0,C1,8,4096,1024,b049445697c9a5c3,1,1,0,-1,00000000,00000000,0,PASS
4,1,q8_0,C2,8,4096,1024,7efc99aea35888c7,1,1,0,-1,00000000,00000000,0,PASS
4,1,q8_0,C3,8,4096,1024,b4388e09b4239511,1,1,0,-1,00000000,00000000,0,PASS
4,1,q8_0,C4,8,4096,1024,d8f79ecae2861f1f,1,1,0,-1,00000000,00000000,0,PASS
4,2,q8_0,C0,2,4096,512,61e628f524230383,1,1,0,-1,00000000,00000000,0,PASS
4,2,q8_0,C1,2,4096,512,f3458625c6b0adb3,1,1,0,-1,00000000,00000000,0,PASS
4,2,q8_0,C2,2,4096,512,eaa8b46e71e992b4,1,1,0,-1,00000000,00000000,0,PASS
4,2,q8_0,C3,2,4096,512,9f400600c335c383,1,1,0,-1,00000000,00000000,0,PASS
4,2,q8_0,C4,2,4096,512,4712e9c2b1324d63,1,1,0,-1,00000000,00000000,0,PASS
4,2,q8_0,C0,3,4096,512,f361b91bfc660383,1,1,0,-1,00000000,00000000,0,PASS
4,2,q8_0,C1,3,4096,512,36aaaa69a328e07a,1,1,0,-1,00000000,00000000,0,PASS
4,2,q8_0,C2,3,4096,512,e36dde151415c0df,1,1,0,-1,00000000,00000000,0,PASS
4,2,q8_0,C3,3,4096,512,05698a6ee567d963,1,1,0,-1,00000000,00000000,0,PASS
4,2,q8_0,C4,3,4096,512,e34480993503b8a3,1,1,0,-1,00000000,00000000,0,PASS
4,2,q8_0,C0,4,4096,512,0e5df645d4a90383,1,1,0,-1,00000000,00000000,0,PASS
4,2,q8_0,C1,4,4096,512,cb611474e6bf1763,1,1,0,-1,00000000,00000000,0,PASS
4,2,q8_0,C2,4,4096,512,a668df01d5618865,1,1,0,-1,00000000,00000000,0,PASS
4,2,q8_0,C3,4,4096,512,4d0c3977ba97cfc2,1,1,0,-1,00000000,00000000,0,PASS
4,2,q8_0,C4,4,4096,512,04144d081eb41f66,1,1,0,-1,00000000,00000000,0,PASS
4,2,q8_0,C0,5,4096,512,649de072acec0383,1,1,0,-1,00000000,00000000,0,PASS
4,2,q8_0,C1,5,4096,512,7d3627c9d35592aa,1,1,0,-1,00000000,00000000,0,PASS
4,2,q8_0,C2,5,4096,512,d13581044f3dfab0,1,1,0,-1,00000000,00000000,0,PASS
4,2,q8_0,C3,5,4096,512,5140429747b8e58b,1,1,0,-1,00000000,00000000,0,PASS
4,2,q8_0,C4,5,4096,512,9ca02a032bb24fc6,1,1,0,-1,00000000,00000000,0,PASS
4,2,q8_0,C0,6,4096,512,a7e477a2852f0383,1,1,0,-1,00000000,00000000,0,PASS
4,2,q8_0,C1,6,4096,512,a8f5fc63ca83b793,1,1,0,-1,00000000,00000000,0,PASS
4,2,q8_0,C2,6,4096,512,2e2a6a2802a71ed0,1,1,0,-1,00000000,00000000,0,PASS
4,2,q8_0,C3,6,4096,512,f404425a526f0f4e,1,1,0,-1,00000000,00000000,0,PASS
4,2,q8_0,C4,6,4096,512,e725a82e9783c012,1,1,0,-1,00000000,00000000,0,PASS
4,2,q8_0,C0,7,4096,512,89f4bbd55d720383,1,1,0,-1,00000000,00000000,0,PASS
4,2,q8_0,C1,7,4096,512,8a1e5e5f2f1ad85a,1,1,0,-1,00000000,00000000,0,PASS
4,2,q8_0,C2,7,4096,512,38cba9f3d15ed87c,1,1,0,-1,00000000,00000000,0,PASS
4,2,q8_0,C3,7,4096,512,bd649533ccbd9062,1,1,0,-1,00000000,00000000,0,PASS
4,2,q8_0,C4,7,4096,512,a56d33ae4c8c775a,1,1,0,-1,00000000,00000000,0,PASS
4,2,q8_0,C0,8,4096,512,bc91ad0b35b50383,1,1,0,-1,00000000,00000000,0,PASS
4,2,q8_0,C1,8,4096,512,b049445697c9a5c3,1,1,0,-1,00000000,00000000,0,PASS
4,2,q8_0,C2,8,4096,512,7efc99aea35888c7,1,1,0,-1,00000000,00000000,0,PASS
4,2,q8_0,C3,8,4096,512,de1c438902e5cb19,1,1,0,-1,00000000,00000000,0,PASS
4,2,q8_0,C4,8,4096,512,d8f79ecae2861f1f,1,1,0,-1,00000000,00000000,0,PASS
4,3,q8_0,C0,2,1024,32768,66a385207fbe8383,1,1,0,-1,00000000,00000000,0,PASS
4,3,q8_0,C1,2,1024,32768,ea4b97e88c182db3,1,1,0,-1,00000000,00000000,0,PASS
4,3,q8_0,C2,2,1024,32768,70800d37477b9cc9,1,1,0,-1,00000000,00000000,0,PASS
4,3,q8_0,C3,2,1024,32768,f54365e7c5ad01c2,1,1,0,-1,00000000,00000000,0,PASS
4,3,q8_0,C4,2,1024,32768,71e3b48a7ebcb79f,1,1,0,-1,00000000,00000000,0,PASS
4,3,q8_0,C0,3,1024,32768,09b99610cdcf4383,1,1,0,-1,00000000,00000000,0,PASS
4,3,q8_0,C1,3,1024,32768,f303d2023f54e07a,1,1,0,-1,00000000,00000000,0,PASS
4,3,q8_0,C2,3,1024,32768,17b139ff4bb1b56e,1,1,0,-1,00000000,00000000,0,PASS
4,3,q8_0,C3,3,1024,32768,72b278f0e41d6dcc,1,1,0,-1,00000000,00000000,0,PASS
4,3,q8_0,C4,3,1024,32768,7684a1bb04066307,1,1,0,-1,00000000,00000000,0,PASS
4,3,q8_0,C0,4,1024,32768,a82845d14be00383,1,1,0,-1,00000000,00000000,0,PASS
4,3,q8_0,C1,4,1024,32768,829e2379d3d0d763,1,1,0,-1,00000000,00000000,0,PASS
4,3,q8_0,C2,4,1024,32768,2c41771fb26e6aa4,1,1,0,-1,00000000,00000000,0,PASS
4,3,q8_0,C3,4,1024,32768,a09fddebc8f1b59e,1,1,0,-1,00000000,00000000,0,PASS
4,3,q8_0,C4,4,1024,32768,00c364baeed7cc77,1,1,0,-1,00000000,00000000,0,PASS
4,3,q8_0,C0,5,1024,32768,a536a061f9f0c383,1,1,0,-1,00000000,00000000,0,PASS
4,3,q8_0,C1,5,1024,32768,cd5cb4a48887d2aa,1,1,0,-1,00000000,00000000,0,PASS
4,3,q8_0,C2,5,1024,32768,fe68e9da3c4fa0b4,1,1,0,-1,00000000,00000000,0,PASS
4,3,q8_0,C3,5,1024,32768,711e08d1a18caa03,1,1,0,-1,00000000,00000000,0,PASS
4,3,q8_0,C4,5,1024,32768,85d67414a04db337,1,1,0,-1,00000000,00000000,0,PASS
4,3,q8_0,C0,6,1024,32768,e72bb1c2d8018383,1,1,0,-1,00000000,00000000,0,PASS
4,3,q8_0,C1,6,1024,32768,606b07352f77b793,1,1,0,-1,00000000,00000000,0,PASS
4,3,q8_0,C2,6,1024,32768,aac88d06cc8d8c24,1,1,0,-1,00000000,00000000,0,PASS
4,3,q8_0,C3,6,1024,32768,486c094fa4121bb8,1,1,0,-1,00000000,00000000,0,PASS
4,3,q8_0,C4,6,1024,32768,90a3e3c502279c0a,1,1,0,-1,00000000,00000000,0,PASS
4,3,q8_0,C0,7,1024,32768,d74e85f3e6124383,1,1,0,-1,00000000,00000000,0,PASS
4,3,q8_0,C1,7,1024,32768,0680c4d6b6eb585a,1,1,0,-1,00000000,00000000,0,PASS
4,3,q8_0,C2,7,1024,32768,68aeccecb4841b1a,1,1,0,-1,00000000,00000000,0,PASS
4,3,q8_0,C3,7,1024,32768,8f7799afee0263d9,1,1,0,-1,00000000,00000000,0,PASS
4,3,q8_0,C4,7,1024,32768,e3547e032da9e62a,1,1,0,-1,00000000,00000000,0,PASS
4,3,q8_0,C0,8,1024,32768,61e628f524230383,1,1,0,-1,00000000,00000000,0,PASS
4,3,q8_0,C1,8,1024,32768,f5568f1793b7e5c3,1,1,0,-1,00000000,00000000,0,PASS
4,3,q8_0,C2,8,1024,32768,f510f9a7c42e2707,1,1,0,-1,00000000,00000000,0,PASS
4,3,q8_0,C3,8,1024,32768,7a2baa6289a9ecc2,1,1,0,-1,00000000,00000000,0,PASS
4,3,q8_0,C4,8,1024,32768,bb27994fbd6c0dde,1,1,0,-1,00000000,00000000,0,PASS
4,4,q8_0,C0,2,8192,4096,0e5df645d4a90383,1,1,0,-1,00000000,00000000,0,PASS
4,4,q8_0,C1,2,8192,4096,a7596f63ea26adb3,1,1,0,-1,00000000,00000000,0,PASS
4,4,q8_0,C2,2,8192,4096,6024392d967b7573,1,1,0,-1,00000000,00000000,0,PASS
4,4,q8_0,C3,2,8192,4096,643bf65ead001ef8,1,1,0,-1,00000000,00000000,0,PASS
4,4,q8_0,C4,2,8192,4096,756a42230c87de66,1,1,0,-1,00000000,00000000,0,PASS
4,4,q8_0,C0,3,8192,4096,a7e477a2852f0383,1,1,0,-1,00000000,00000000,0,PASS
4,4,q8_0,C1,3,8192,4096,40f463593d98e07a,1,1,0,-1,00000000,00000000,0,PASS
4,4,q8_0,C2,3,8192,4096,6bda8fe4c61d0fba,1,1,0,-1,00000000,00000000,0,PASS
4,4,q8_0,C3,3,8192,4096,c489134ad659990a,1,1,0,-1,00000000,00000000,0,PASS
4,4,q8_0,C4,3,8192,4096,7ef18a95c50f9806,1,1,0,-1,00000000,00000000,0,PASS
4,4,q8_0,C0,4,8192,4096,bc91ad0b35b50383,1,1,0,-1,00000000,00000000,0,PASS
4,4,q8_0,C1,4,8192,4096,1e7b80deb5521763,1,1,0,-1,00000000,00000000,0,PASS
4,4,q8_0,C2,4,8192,4096,95646a8ebd044b5d,1,1,0,-1,00000000,00000000,0,PASS
4,4,q8_0,C3,4,8192,4096,9ea953043031cfa6,1,1,0,-1,00000000,00000000,0,PASS
4,4,q8_0,C4,4,8192,4096,7b7263e3adedcd6f,1,1,0,-1,00000000,00000000,0,PASS
4,4,q8_0,C0,5,8192,4096,da7d967fe63b0383,1,1,0,-1,00000000,00000000,0,PASS
4,4,q8_0,C1,5,8192,4096,2439109c971292aa,1,1,0,-1,00000000,00000000,0,PASS
4,4,q8_0,C2,5,8192,4096,ac7103964b5c796d,1,1,0,-1,00000000,00000000,0,PASS
4,4,q8_0,C3,5,8192,4096,4d4d5f4589a11f57,1,1,0,-1,00000000,00000000,0,PASS
4,4,q8_0,C4,5,8192,4096,84cd276f9ee09557,1,1,0,-1,00000000,00000000,0,PASS
4,4,q8_0,C0,6,8192,4096,8fc0340096c10383,1,1,0,-1,00000000,00000000,0,PASS
4,4,q8_0,C1,6,8192,4096,6b7fdec3ae93b793,1,1,0,-1,00000000,00000000,0,PASS
4,4,q8_0,C2,6,8192,4096,158880dca80356a5,1,1,0,-1,00000000,00000000,0,PASS
4,4,q8_0,C3,6,8192,4096,467e75cfbe93e51e,1,1,0,-1,00000000,00000000,0,PASS
4,4,q8_0,C4,6,8192,4096,6fb2cac120b4a24e,1,1,0,-1,00000000,00000000,0,PASS
4,4,q8_0,C0,7,8192,4096,6a71858d47470383,1,1,0,-1,00000000,00000000,0,PASS
4,4,q8_0,C1,7,8192,4096,665eaf56fa04d85a,1,1,0,-1,00000000,00000000,0,PASS
4,4,q8_0,C2,7,8192,4096,d0efefe3fcd897e2,1,1,0,-1,00000000,00000000,0,PASS
4,4,q8_0,C3,7,8192,4096,e287c760ae185c59,1,1,0,-1,00000000,00000000,0,PASS
4,4,q8_0,C4,7,8192,4096,90b943a9e7d55d36,1,1,0,-1,00000000,00000000,0,PASS
4,4,q8_0,C0,8,8192,4096,f8a98b25f7cd0383,1,1,0,-1,00000000,00000000,0,PASS
4,4,q8_0,C1,8,8192,4096,c26c1a6b3d36a5c3,1,1,0,-1,00000000,00000000,0,PASS
4,4,q8_0,C2,8,8192,4096,95ac06e3a54b4ef2,1,1,0,-1,00000000,00000000,0,PASS
4,4,q8_0,C3,8,8192,4096,e2c26e94c2868c3e,1,1,0,-1,00000000,00000000,0,PASS
4,4,q8_0,C4,8,8192,4096,3da45e1f8a9f3b1f,1,1,0,-1,00000000,00000000,0,PASS
4,5,f16,C0,2,16384,24,bc91ad0b35b50383,1,1,0,-1,00000000,00000000,0,PASS
4,5,f16,C1,2,16384,24,5dc3d7543112adb3,1,1,0,-1,00000000,00000000,0,PASS
4,5,f16,C2,2,16384,24,2182d4551e4fe2a3,1,1,0,-1,00000000,00000000,0,PASS
4,5,f16,C3,2,16384,24,8eb22833ef87f7e8,1,1,0,-1,00000000,00000000,0,PASS
4,5,f16,C4,2,16384,24,b25fa2af1f4d979f,1,1,0,-1,00000000,00000000,0,PASS
4,5,f16,C0,3,16384,24,8fc0340096c10383,1,1,0,-1,00000000,00000000,0,PASS
4,5,f16,C1,3,16384,24,b7a628de7278e07a,1,1,0,-1,00000000,00000000,0,PASS
4,5,f16,C2,3,16384,24,05a69f75d2d8e36d,1,1,0,-1,00000000,00000000,0,PASS
4,5,f16,C3,3,16384,24,5d44e271d789306a,1,1,0,-1,00000000,00000000,0,PASS
4,5,f16,C4,3,16384,24,f5166e1daf6a5307,1,1,0,-1,00000000,00000000,0,PASS
4,5,f16,C0,4,16384,24,f8a98b25f7cd0383,1,1,0,-1,00000000,00000000,0,PASS
4,5,f16,C1,4,16384,24,6dd2f6a152781763,1,1,0,-1,00000000,00000000,0,PASS
4,5,f16,C2,4,16384,24,03b1a534c5b2c557,1,1,0,-1,00000000,00000000,0,PASS
4,5,f16,C3,4,16384,24,722838d13c1c0f59,1,1,0,-1,00000000,00000000,0,PASS
4,5,f16,C4,4,16384,24,77f735b69bbdcc77,1,1,0,-1,00000000,00000000,0,PASS
4,5,f16,C0,5,16384,24,680db27b58d90383,1,1,0,-1,00000000,00000000,0,PASS
4,5,f16,C1,5,16384,24,849b32211e8c92aa,1,1,0,-1,00000000,00000000,0,PASS
4,5,f16,C2,5,16384,24,5c63d5b6c8cd0fe7,1,1,0,-1,00000000,00000000,0,PASS
4,5,f16,C3,5,16384,24,16ab7173c845ed2f,1,1,0,-1,00000000,00000000,0,PASS
4,5,f16,C4,5,16384,24,afa0291542a0c337,1,1,0,-1,00000000,00000000,0,PASS
4,5,f16,C0,6,16384,24,4eacaa00b9e50383,1,1,0,-1,00000000,00000000,0,PASS
4,5,f16,C1,6,16384,24,aa9ab88976b3b793,1,1,0,-1,00000000,00000000,0,PASS
4,5,f16,C2,6,16384,24,7492baf760eee0bc,1,1,0,-1,00000000,00000000,0,PASS
4,5,f16,C3,6,16384,24,a202ad7e7c4934b3,1,1,0,-1,00000000,00000000,0,PASS
4,5,f16,C4,6,16384,24,f28d61a32b65fc0a,1,1,0,-1,00000000,00000000,0,PASS
4,5,f16,C0,7,16384,24,1d4671b61af10383,1,1,0,-1,00000000,00000000,0,PASS
4,5,f16,C1,7,16384,24,3a7a16ba8fd8d85a,1,1,0,-1,00000000,00000000,0,PASS
4,5,f16,C2,7,16384,24,711aa99ced25a706,1,1,0,-1,00000000,00000000,0,PASS
4,5,f16,C3,7,16384,24,e359a128b0792da6,1,1,0,-1,00000000,00000000,0,PASS
4,5,f16,C4,7,16384,24,6441aebc43e8962a,1,1,0,-1,00000000,00000000,0,PASS
4,5,f16,C0,8,16384,24,449b099b7bfd0383,1,1,0,-1,00000000,00000000,0,PASS
4,5,f16,C1,8,16384,24,80cdba4d8810a5c3,1,1,0,-1,00000000,00000000,0,PASS
4,5,f16,C2,8,16384,24,af28154ffb9ea876,1,1,0,-1,00000000,00000000,0,PASS
4,5,f16,C3,8,16384,24,8fb8696053e39bfe,1,1,0,-1,00000000,00000000,0,PASS
4,5,f16,C4,8,16384,24,9e50fb1212e9adde,1,1,0,-1,00000000,00000000,0,PASS
4,6,f16,C0,2,4096,256,61e628f524230383,1,1,0,-1,00000000,00000000,0,PASS
4,6,f16,C1,2,4096,256,f3458625c6b0adb3,1,1,0,-1,00000000,00000000,0,PASS
4,6,f16,C2,2,4096,256,eaa8b46e71e992b4,1,1,0,-1,00000000,00000000,0,PASS
4,6,f16,C3,2,4096,256,e7be68263044e02a,1,1,0,-1,00000000,00000000,0,PASS
4,6,f16,C4,2,4096,256,4712e9c2b1324d63,1,1,0,-1,00000000,00000000,0,PASS
4,6,f16,C0,3,4096,256,f361b91bfc660383,1,1,0,-1,00000000,00000000,0,PASS
4,6,f16,C1,3,4096,256,36aaaa69a328e07a,1,1,0,-1,00000000,00000000,0,PASS
4,6,f16,C2,3,4096,256,e36dde151415c0df,1,1,0,-1,00000000,00000000,0,PASS
4,6,f16,C3,3,4096,256,5cca18c028ad49f9,1,1,0,-1,00000000,00000000,0,PASS
4,6,f16,C4,3,4096,256,e34480993503b8a3,1,1,0,-1,00000000,00000000,0,PASS
4,6,f16,C0,4,4096,256,0e5df645d4a90383,1,1,0,-1,00000000,00000000,0,PASS
4,6,f16,C1,4,4096,256,cb611474e6bf1763,1,1,0,-1,00000000,00000000,0,PASS
4,6,f16,C2,4,4096,256,a668df01d5618865,1,1,0,-1,00000000,00000000,0,PASS
4,6,f16,C3,4,4096,256,3417497f72767b7b,1,1,0,-1,00000000,00000000,0,PASS
4,6,f16,C4,4,4096,256,04144d081eb41f66,1,1,0,-1,00000000,00000000,0,PASS
4,6,f16,C0,5,4096,256,649de072acec0383,1,1,0,-1,00000000,00000000,0,PASS
4,6,f16,C1,5,4096,256,7d3627c9d35592aa,1,1,0,-1,00000000,00000000,0,PASS
4,6,f16,C2,5,4096,256,d13581044f3dfab0,1,1,0,-1,00000000,00000000,0,PASS
4,6,f16,C3,5,4096,256,cdfc579ac035b873,1,1,0,-1,00000000,00000000,0,PASS
4,6,f16,C4,5,4096,256,9ca02a032bb24fc6,1,1,0,-1,00000000,00000000,0,PASS
4,6,f16,C0,6,4096,256,a7e477a2852f0383,1,1,0,-1,00000000,00000000,0,PASS
4,6,f16,C1,6,4096,256,a8f5fc63ca83b793,1,1,0,-1,00000000,00000000,0,PASS
4,6,f16,C2,6,4096,256,2e2a6a2802a71ed0,1,1,0,-1,00000000,00000000,0,PASS
4,6,f16,C3,6,4096,256,4cc6f5bb23f768a1,1,1,0,-1,00000000,00000000,0,PASS
4,6,f16,C4,6,4096,256,e725a82e9783c012,1,1,0,-1,00000000,00000000,0,PASS
4,6,f16,C0,7,4096,256,89f4bbd55d720383,1,1,0,-1,00000000,00000000,0,PASS
4,6,f16,C1,7,4096,256,8a1e5e5f2f1ad85a,1,1,0,-1,00000000,00000000,0,PASS
4,6,f16,C2,7,4096,256,38cba9f3d15ed87c,1,1,0,-1,00000000,00000000,0,PASS
4,6,f16,C3,7,4096,256,a21c330f2ed295ec,1,1,0,-1,00000000,00000000,0,PASS
4,6,f16,C4,7,4096,256,a56d33ae4c8c775a,1,1,0,-1,00000000,00000000,0,PASS
4,6,f16,C0,8,4096,256,bc91ad0b35b50383,1,1,0,-1,00000000,00000000,0,PASS
4,6,f16,C1,8,4096,256,b049445697c9a5c3,1,1,0,-1,00000000,00000000,0,PASS
4,6,f16,C2,8,4096,256,7efc99aea35888c7,1,1,0,-1,00000000,00000000,0,PASS
4,6,f16,C3,8,4096,256,4c3f9024c7b7b662,1,1,0,-1,00000000,00000000,0,PASS
4,6,f16,C4,8,4096,256,d8f79ecae2861f1f,1,1,0,-1,00000000,00000000,0,PASS
5,0,f16,C0,2,16384,24,bc91ad0b35b50383,1,1,0,-1,00000000,00000000,0,PASS
5,0,f16,C1,2,16384,24,5dc3d7543112adb3,1,1,0,-1,00000000,00000000,0,PASS
5,0,f16,C2,2,16384,24,2182d4551e4fe2a3,1,1,0,-1,00000000,00000000,0,PASS
5,0,f16,C3,2,16384,24,ee3ad3849b6dc2f2,1,1,0,-1,00000000,00000000,0,PASS
5,0,f16,C4,2,16384,24,b25fa2af1f4d979f,1,1,0,-1,00000000,00000000,0,PASS
5,0,f16,C0,3,16384,24,8fc0340096c10383,1,1,0,-1,00000000,00000000,0,PASS
5,0,f16,C1,3,16384,24,b7a628de7278e07a,1,1,0,-1,00000000,00000000,0,PASS
5,0,f16,C2,3,16384,24,05a69f75d2d8e36d,1,1,0,-1,00000000,00000000,0,PASS
5,0,f16,C3,3,16384,24,a9e57a6989b4b512,1,1,0,-1,00000000,00000000,0,PASS
5,0,f16,C4,3,16384,24,f5166e1daf6a5307,1,1,0,-1,00000000,00000000,0,PASS
5,0,f16,C0,4,16384,24,f8a98b25f7cd0383,1,1,0,-1,00000000,00000000,0,PASS
5,0,f16,C1,4,16384,24,6dd2f6a152781763,1,1,0,-1,00000000,00000000,0,PASS
5,0,f16,C2,4,16384,24,03b1a534c5b2c557,1,1,0,-1,00000000,00000000,0,PASS
5,0,f16,C3,4,16384,24,d133ea8da446ac12,1,1,0,-1,00000000,00000000,0,PASS
5,0,f16,C4,4,16384,24,77f735b69bbdcc77,1,1,0,-1,00000000,00000000,0,PASS
5,0,f16,C0,5,16384,24,680db27b58d90383,1,1,0,-1,00000000,00000000,0,PASS
5,0,f16,C1,5,16384,24,849b32211e8c92aa,1,1,0,-1,00000000,00000000,0,PASS
5,0,f16,C2,5,16384,24,5c63d5b6c8cd0fe7,1,1,0,-1,00000000,00000000,0,PASS
5,0,f16,C3,5,16384,24,46430f3cd1d548e9,1,1,0,-1,00000000,00000000,0,PASS
5,0,f16,C4,5,16384,24,afa0291542a0c337,1,1,0,-1,00000000,00000000,0,PASS
5,0,f16,C0,6,16384,24,4eacaa00b9e50383,1,1,0,-1,00000000,00000000,0,PASS
5,0,f16,C1,6,16384,24,aa9ab88976b3b793,1,1,0,-1,00000000,00000000,0,PASS
5,0,f16,C2,6,16384,24,7492baf760eee0bc,1,1,0,-1,00000000,00000000,0,PASS
5,0,f16,C3,6,16384,24,d39d5223a9e1550f,1,1,0,-1,00000000,00000000,0,PASS
5,0,f16,C4,6,16384,24,f28d61a32b65fc0a,1,1,0,-1,00000000,00000000,0,PASS
5,0,f16,C0,7,16384,24,1d4671b61af10383,1,1,0,-1,00000000,00000000,0,PASS
5,0,f16,C1,7,16384,24,3a7a16ba8fd8d85a,1,1,0,-1,00000000,00000000,0,PASS
5,0,f16,C2,7,16384,24,711aa99ced25a706,1,1,0,-1,00000000,00000000,0,PASS
5,0,f16,C3,7,16384,24,f888f81f10e2b588,1,1,0,-1,00000000,00000000,0,PASS
5,0,f16,C4,7,16384,24,6441aebc43e8962a,1,1,0,-1,00000000,00000000,0,PASS
5,0,f16,C0,8,16384,24,449b099b7bfd0383,1,1,0,-1,00000000,00000000,0,PASS
5,0,f16,C1,8,16384,24,80cdba4d8810a5c3,1,1,0,-1,00000000,00000000,0,PASS
5,0,f16,C2,8,16384,24,af28154ffb9ea876,1,1,0,-1,00000000,00000000,0,PASS
5,0,f16,C3,8,16384,24,abe53341f291ea40,1,1,0,-1,00000000,00000000,0,PASS
5,0,f16,C4,8,16384,24,9e50fb1212e9adde,1,1,0,-1,00000000,00000000,0,PASS
5,1,q8_0,C0,2,4096,1024,61e628f524230383,1,1,0,-1,00000000,00000000,0,PASS
5,1,q8_0,C1,2,4096,1024,f3458625c6b0adb3,1,1,0,-1,00000000,00000000,0,PASS
5,1,q8_0,C2,2,4096,1024,eaa8b46e71e992b4,1,1,0,-1,00000000,00000000,0,PASS
5,1,q8_0,C3,2,4096,1024,8cacffc4b681e39c,1,1,0,-1,00000000,00000000,0,PASS
5,1,q8_0,C4,2,4096,1024,4712e9c2b1324d63,1,1,0,-1,00000000,00000000,0,PASS
5,1,q8_0,C0,3,4096,1024,f361b91bfc660383,1,1,0,-1,00000000,00000000,0,PASS
5,1,q8_0,C1,3,4096,1024,36aaaa69a328e07a,1,1,0,-1,00000000,00000000,0,PASS
5,1,q8_0,C2,3,4096,1024,e36dde151415c0df,1,1,0,-1,00000000,00000000,0,PASS
5,1,q8_0,C3,3,4096,1024,9a816aecbc9dc53c,1,1,0,-1,00000000,00000000,0,PASS
5,1,q8_0,C4,3,4096,1024,e34480993503b8a3,1,1,0,-1,00000000,00000000,0,PASS
5,1,q8_0,C0,4,4096,1024,0e5df645d4a90383,1,1,0,-1,00000000,00000000,0,PASS
5,1,q8_0,C1,4,4096,1024,cb611474e6bf1763,1,1,0,-1,00000000,00000000,0,PASS
5,1,q8_0,C2,4,4096,1024,a668df01d5618865,1,1,0,-1,00000000,00000000,0,PASS
5,1,q8_0,C3,4,4096,1024,00a8fe518b182485,1,1,0,-1,00000000,00000000,0,PASS
5,1,q8_0,C4,4,4096,1024,04144d081eb41f66,1,1,0,-1,00000000,00000000,0,PASS
5,1,q8_0,C0,5,4096,1024,649de072acec0383,1,1,0,-1,00000000,00000000,0,PASS
5,1,q8_0,C1,5,4096,1024,7d3627c9d35592aa,1,1,0,-1,00000000,00000000,0,PASS
5,1,q8_0,C2,5,4096,1024,d13581044f3dfab0,1,1,0,-1,00000000,00000000,0,PASS
5,1,q8_0,C3,5,4096,1024,46f012ccb7a298b8,1,1,0,-1,00000000,00000000,0,PASS
5,1,q8_0,C4,5,4096,1024,9ca02a032bb24fc6,1,1,0,-1,00000000,00000000,0,PASS
5,1,q8_0,C0,6,4096,1024,a7e477a2852f0383,1,1,0,-1,00000000,00000000,0,PASS
5,1,q8_0,C1,6,4096,1024,a8f5fc63ca83b793,1,1,0,-1,00000000,00000000,0,PASS
5,1,q8_0,C2,6,4096,1024,2e2a6a2802a71ed0,1,1,0,-1,00000000,00000000,0,PASS
5,1,q8_0,C3,6,4096,1024,a235198c18d1cb47,1,1,0,-1,00000000,00000000,0,PASS
5,1,q8_0,C4,6,4096,1024,e725a82e9783c012,1,1,0,-1,00000000,00000000,0,PASS
5,1,q8_0,C0,7,4096,1024,89f4bbd55d720383,1,1,0,-1,00000000,00000000,0,PASS
5,1,q8_0,C1,7,4096,1024,8a1e5e5f2f1ad85a,1,1,0,-1,00000000,00000000,0,PASS
5,1,q8_0,C2,7,4096,1024,38cba9f3d15ed87c,1,1,0,-1,00000000,00000000,0,PASS
5,1,q8_0,C3,7,4096,1024,2fcb68ab4b99313a,1,1,0,-1,00000000,00000000,0,PASS
5,1,q8_0,C4,7,4096,1024,a56d33ae4c8c775a,1,1,0,-1,00000000,00000000,0,PASS
5,1,q8_0,C0,8,4096,1024,bc91ad0b35b50383,1,1,0,-1,00000000,00000000,0,PASS
5,1,q8_0,C1,8,4096,1024,b049445697c9a5c3,1,1,0,-1,00000000,00000000,0,PASS
5,1,q8_0,C2,8,4096,1024,7efc99aea35888c7,1,1,0,-1,00000000,00000000,0,PASS
5,1,q8_0,C3,8,4096,1024,37f9535008978ed0,1,1,0,-1,00000000,00000000,0,PASS
5,1,q8_0,C4,8,4096,1024,d8f79ecae2861f1f,1,1,0,-1,00000000,00000000,0,PASS
5,2,q8_0,C0,2,4096,512,61e628f524230383,1,1,0,-1,00000000,00000000,0,PASS
5,2,q8_0,C1,2,4096,512,f3458625c6b0adb3,1,1,0,-1,00000000,00000000,0,PASS
5,2,q8_0,C2,2,4096,512,eaa8b46e71e992b4,1,1,0,-1,00000000,00000000,0,PASS
5,2,q8_0,C3,2,4096,512,91e3836cd06b197c,1,1,0,-1,00000000,00000000,0,PASS
5,2,q8_0,C4,2,4096,512,4712e9c2b1324d63,1,1,0,-1,00000000,00000000,0,PASS
5,2,q8_0,C0,3,4096,512,f361b91bfc660383,1,1,0,-1,00000000,00000000,0,PASS
5,2,q8_0,C1,3,4096,512,36aaaa69a328e07a,1,1,0,-1,00000000,00000000,0,PASS
5,2,q8_0,C2,3,4096,512,e36dde151415c0df,1,1,0,-1,00000000,00000000,0,PASS
5,2,q8_0,C3,3,4096,512,f372523513ecb0a8,1,1,0,-1,00000000,00000000,0,PASS
5,2,q8_0,C4,3,4096,512,e34480993503b8a3,1,1,0,-1,00000000,00000000,0,PASS
5,2,q8_0,C0,4,4096,512,0e5df645d4a90383,1,1,0,-1,00000000,00000000,0,PASS
5,2,q8_0,C1,4,4096,512,cb611474e6bf1763,1,1,0,-1,00000000,00000000,0,PASS
5,2,q8_0,C2,4,4096,512,a668df01d5618865,1,1,0,-1,00000000,00000000,0,PASS
5,2,q8_0,C3,4,4096,512,c92ab6bf316461ca,1,1,0,-1,00000000,00000000,0,PASS
5,2,q8_0,C4,4,4096,512,04144d081eb41f66,1,1,0,-1,00000000,00000000,0,PASS
5,2,q8_0,C0,5,4096,512,649de072acec0383,1,1,0,-1,00000000,00000000,0,PASS
5,2,q8_0,C1,5,4096,512,7d3627c9d35592aa,1,1,0,-1,00000000,00000000,0,PASS
5,2,q8_0,C2,5,4096,512,d13581044f3dfab0,1,1,0,-1,00000000,00000000,0,PASS
5,2,q8_0,C3,5,4096,512,162296690bead859,1,1,0,-1,00000000,00000000,0,PASS
5,2,q8_0,C4,5,4096,512,9ca02a032bb24fc6,1,1,0,-1,00000000,00000000,0,PASS
5,2,q8_0,C0,6,4096,512,a7e477a2852f0383,1,1,0,-1,00000000,00000000,0,PASS
5,2,q8_0,C1,6,4096,512,a8f5fc63ca83b793,1,1,0,-1,00000000,00000000,0,PASS
5,2,q8_0,C2,6,4096,512,2e2a6a2802a71ed0,1,1,0,-1,00000000,00000000,0,PASS
5,2,q8_0,C3,6,4096,512,944fa3cb09a4c364,1,1,0,-1,00000000,00000000,0,PASS
5,2,q8_0,C4,6,4096,512,e725a82e9783c012,1,1,0,-1,00000000,00000000,0,PASS
5,2,q8_0,C0,7,4096,512,89f4bbd55d720383,1,1,0,-1,00000000,00000000,0,PASS
5,2,q8_0,C1,7,4096,512,8a1e5e5f2f1ad85a,1,1,0,-1,00000000,00000000,0,PASS
5,2,q8_0,C2,7,4096,512,38cba9f3d15ed87c,1,1,0,-1,00000000,00000000,0,PASS
5,2,q8_0,C3,7,4096,512,01847a3575ede49b,1,1,0,-1,00000000,00000000,0,PASS
5,2,q8_0,C4,7,4096,512,a56d33ae4c8c775a,1,1,0,-1,00000000,00000000,0,PASS
5,2,q8_0,C0,8,4096,512,bc91ad0b35b50383,1,1,0,-1,00000000,00000000,0,PASS
5,2,q8_0,C1,8,4096,512,b049445697c9a5c3,1,1,0,-1,00000000,00000000,0,PASS
5,2,q8_0,C2,8,4096,512,7efc99aea35888c7,1,1,0,-1,00000000,00000000,0,PASS
5,2,q8_0,C3,8,4096,512,a3b4aa2d1fa633e6,1,1,0,-1,00000000,00000000,0,PASS
5,2,q8_0,C4,8,4096,512,d8f79ecae2861f1f,1,1,0,-1,00000000,00000000,0,PASS
5,3,q8_0,C0,2,1024,32768,66a385207fbe8383,1,1,0,-1,00000000,00000000,0,PASS
5,3,q8_0,C1,2,1024,32768,ea4b97e88c182db3,1,1,0,-1,00000000,00000000,0,PASS
5,3,q8_0,C2,2,1024,32768,70800d37477b9cc9,1,1,0,-1,00000000,00000000,0,PASS
5,3,q8_0,C3,2,1024,32768,4981b3419e219583,1,1,0,-1,00000000,00000000,0,PASS
5,3,q8_0,C4,2,1024,32768,71e3b48a7ebcb79f,1,1,0,-1,00000000,00000000,0,PASS
5,3,q8_0,C0,3,1024,32768,09b99610cdcf4383,1,1,0,-1,00000000,00000000,0,PASS
5,3,q8_0,C1,3,1024,32768,f303d2023f54e07a,1,1,0,-1,00000000,00000000,0,PASS
5,3,q8_0,C2,3,1024,32768,17b139ff4bb1b56e,1,1,0,-1,00000000,00000000,0,PASS
5,3,q8_0,C3,3,1024,32768,309cb151b847ce6e,1,1,0,-1,00000000,00000000,0,PASS
5,3,q8_0,C4,3,1024,32768,7684a1bb04066307,1,1,0,-1,00000000,00000000,0,PASS
5,3,q8_0,C0,4,1024,32768,a82845d14be00383,1,1,0,-1,00000000,00000000,0,PASS
5,3,q8_0,C1,4,1024,32768,829e2379d3d0d763,1,1,0,-1,00000000,00000000,0,PASS
5,3,q8_0,C2,4,1024,32768,2c41771fb26e6aa4,1,1,0,-1,00000000,00000000,0,PASS
5,3,q8_0,C3,4,1024,32768,93cb5c1e8a763bb4,1,1,0,-1,00000000,00000000,0,PASS
5,3,q8_0,C4,4,1024,32768,00c364baeed7cc77,1,1,0,-1,00000000,00000000,0,PASS
5,3,q8_0,C0,5,1024,32768,a536a061f9f0c383,1,1,0,-1,00000000,00000000,0,PASS
5,3,q8_0,C1,5,1024,32768,cd5cb4a48887d2aa,1,1,0,-1,00000000,00000000,0,PASS
5,3,q8_0,C2,5,1024,32768,fe68e9da3c4fa0b4,1,1,0,-1,00000000,00000000,0,PASS
5,3,q8_0,C3,5,1024,32768,85974b8202bbd19b,1,1,0,-1,00000000,00000000,0,PASS
5,3,q8_0,C4,5,1024,32768,85d67414a04db337,1,1,0,-1,00000000,00000000,0,PASS
5,3,q8_0,C0,6,1024,32768,e72bb1c2d8018383,1,1,0,-1,00000000,00000000,0,PASS
5,3,q8_0,C1,6,1024,32768,606b07352f77b793,1,1,0,-1,00000000,00000000,0,PASS
5,3,q8_0,C2,6,1024,32768,aac88d06cc8d8c24,1,1,0,-1,00000000,00000000,0,PASS
5,3,q8_0,C3,6,1024,32768,cb6677680bf64b4c,1,1,0,-1,00000000,00000000,0,PASS
5,3,q8_0,C4,6,1024,32768,90a3e3c502279c0a,1,1,0,-1,00000000,00000000,0,PASS
5,3,q8_0,C0,7,1024,32768,d74e85f3e6124383,1,1,0,-1,00000000,00000000,0,PASS
5,3,q8_0,C1,7,1024,32768,0680c4d6b6eb585a,1,1,0,-1,00000000,00000000,0,PASS
5,3,q8_0,C2,7,1024,32768,68aeccecb4841b1a,1,1,0,-1,00000000,00000000,0,PASS
5,3,q8_0,C3,7,1024,32768,e98b7d9b3e7bcfa7,1,1,0,-1,00000000,00000000,0,PASS
5,3,q8_0,C4,7,1024,32768,e3547e032da9e62a,1,1,0,-1,00000000,00000000,0,PASS
5,3,q8_0,C0,8,1024,32768,61e628f524230383,1,1,0,-1,00000000,00000000,0,PASS
5,3,q8_0,C1,8,1024,32768,f5568f1793b7e5c3,1,1,0,-1,00000000,00000000,0,PASS
5,3,q8_0,C2,8,1024,32768,f510f9a7c42e2707,1,1,0,-1,00000000,00000000,0,PASS
5,3,q8_0,C3,8,1024,32768,2b5e69c2e56975da,1,1,0,-1,00000000,00000000,0,PASS
5,3,q8_0,C4,8,1024,32768,bb27994fbd6c0dde,1,1,0,-1,00000000,00000000,0,PASS
5,4,q8_0,C0,2,8192,4096,0e5df645d4a90383,1,1,0,-1,00000000,00000000,0,PASS
5,4,q8_0,C1,2,8192,4096,a7596f63ea26adb3,1,1,0,-1,00000000,00000000,0,PASS
5,4,q8_0,C2,2,8192,4096,6024392d967b7573,1,1,0,-1,00000000,00000000,0,PASS
5,4,q8_0,C3,2,8192,4096,4e2ba65d80d3ce83,1,1,0,-1,00000000,00000000,0,PASS
5,4,q8_0,C4,2,8192,4096,756a42230c87de66,1,1,0,-1,00000000,00000000,0,PASS
5,4,q8_0,C0,3,8192,4096,a7e477a2852f0383,1,1,0,-1,00000000,00000000,0,PASS
5,4,q8_0,C1,3,8192,4096,40f463593d98e07a,1,1,0,-1,00000000,00000000,0,PASS
5,4,q8_0,C2,3,8192,4096,6bda8fe4c61d0fba,1,1,0,-1,00000000,00000000,0,PASS
5,4,q8_0,C3,3,8192,4096,ecf0ff14a1e3dfe8,1,1,0,-1,00000000,00000000,0,PASS
5,4,q8_0,C4,3,8192,4096,7ef18a95c50f9806,1,1,0,-1,00000000,00000000,0,PASS
5,4,q8_0,C0,4,8192,4096,bc91ad0b35b50383,1,1,0,-1,00000000,00000000,0,PASS
5,4,q8_0,C1,4,8192,4096,1e7b80deb5521763,1,1,0,-1,00000000,00000000,0,PASS
5,4,q8_0,C2,4,8192,4096,95646a8ebd044b5d,1,1,0,-1,00000000,00000000,0,PASS
5,4,q8_0,C3,4,8192,4096,87b61fd895503d14,1,1,0,-1,00000000,00000000,0,PASS
5,4,q8_0,C4,4,8192,4096,7b7263e3adedcd6f,1,1,0,-1,00000000,00000000,0,PASS
5,4,q8_0,C0,5,8192,4096,da7d967fe63b0383,1,1,0,-1,00000000,00000000,0,PASS
5,4,q8_0,C1,5,8192,4096,2439109c971292aa,1,1,0,-1,00000000,00000000,0,PASS
5,4,q8_0,C2,5,8192,4096,ac7103964b5c796d,1,1,0,-1,00000000,00000000,0,PASS
5,4,q8_0,C3,5,8192,4096,d926fb308b9c5570,1,1,0,-1,00000000,00000000,0,PASS
5,4,q8_0,C4,5,8192,4096,84cd276f9ee09557,1,1,0,-1,00000000,00000000,0,PASS
5,4,q8_0,C0,6,8192,4096,8fc0340096c10383,1,1,0,-1,00000000,00000000,0,PASS
5,4,q8_0,C1,6,8192,4096,6b7fdec3ae93b793,1,1,0,-1,00000000,00000000,0,PASS
5,4,q8_0,C2,6,8192,4096,158880dca80356a5,1,1,0,-1,00000000,00000000,0,PASS
5,4,q8_0,C3,6,8192,4096,ea89cacfe52cbb95,1,1,0,-1,00000000,00000000,0,PASS
5,4,q8_0,C4,6,8192,4096,6fb2cac120b4a24e,1,1,0,-1,00000000,00000000,0,PASS
5,4,q8_0,C0,7,8192,4096,6a71858d47470383,1,1,0,-1,00000000,00000000,0,PASS
5,4,q8_0,C1,7,8192,4096,665eaf56fa04d85a,1,1,0,-1,00000000,00000000,0,PASS
5,4,q8_0,C2,7,8192,4096,d0efefe3fcd897e2,1,1,0,-1,00000000,00000000,0,PASS
5,4,q8_0,C3,7,8192,4096,b48cf72f30da7e74,1,1,0,-1,00000000,00000000,0,PASS
5,4,q8_0,C4,7,8192,4096,90b943a9e7d55d36,1,1,0,-1,00000000,00000000,0,PASS
5,4,q8_0,C0,8,8192,4096,f8a98b25f7cd0383,1,1,0,-1,00000000,00000000,0,PASS
5,4,q8_0,C1,8,8192,4096,c26c1a6b3d36a5c3,1,1,0,-1,00000000,00000000,0,PASS
5,4,q8_0,C2,8,8192,4096,95ac06e3a54b4ef2,1,1,0,-1,00000000,00000000,0,PASS
5,4,q8_0,C3,8,8192,4096,b7efb7d6a5d63a87,1,1,0,-1,00000000,00000000,0,PASS
5,4,q8_0,C4,8,8192,4096,3da45e1f8a9f3b1f,1,1,0,-1,00000000,00000000,0,PASS
5,5,f16,C0,2,16384,24,bc91ad0b35b50383,1,1,0,-1,00000000,00000000,0,PASS
5,5,f16,C1,2,16384,24,5dc3d7543112adb3,1,1,0,-1,00000000,00000000,0,PASS
5,5,f16,C2,2,16384,24,2182d4551e4fe2a3,1,1,0,-1,00000000,00000000,0,PASS
5,5,f16,C3,2,16384,24,f81aff2948bc1ad9,1,1,0,-1,00000000,00000000,0,PASS
5,5,f16,C4,2,16384,24,b25fa2af1f4d979f,1,1,0,-1,00000000,00000000,0,PASS
5,5,f16,C0,3,16384,24,8fc0340096c10383,1,1,0,-1,00000000,00000000,0,PASS
5,5,f16,C1,3,16384,24,b7a628de7278e07a,1,1,0,-1,00000000,00000000,0,PASS
5,5,f16,C2,3,16384,24,05a69f75d2d8e36d,1,1,0,-1,00000000,00000000,0,PASS
5,5,f16,C3,3,16384,24,b12875106d727934,1,1,0,-1,00000000,00000000,0,PASS
5,5,f16,C4,3,16384,24,f5166e1daf6a5307,1,1,0,-1,00000000,00000000,0,PASS
5,5,f16,C0,4,16384,24,f8a98b25f7cd0383,1,1,0,-1,00000000,00000000,0,PASS
5,5,f16,C1,4,16384,24,6dd2f6a152781763,1,1,0,-1,00000000,00000000,0,PASS
5,5,f16,C2,4,16384,24,03b1a534c5b2c557,1,1,0,-1,00000000,00000000,0,PASS
5,5,f16,C3,4,16384,24,db614d889391c018,1,1,0,-1,00000000,00000000,0,PASS
5,5,f16,C4,4,16384,24,77f735b69bbdcc77,1,1,0,-1,00000000,00000000,0,PASS
5,5,f16,C0,5,16384,24,680db27b58d90383,1,1,0,-1,00000000,00000000,0,PASS
5,5,f16,C1,5,16384,24,849b32211e8c92aa,1,1,0,-1,00000000,00000000,0,PASS
5,5,f16,C2,5,16384,24,5c63d5b6c8cd0fe7,1,1,0,-1,00000000,00000000,0,PASS
5,5,f16,C3,5,16384,24,c4b86b1f00b16111,1,1,0,-1,00000000,00000000,0,PASS
5,5,f16,C4,5,16384,24,afa0291542a0c337,1,1,0,-1,00000000,00000000,0,PASS
5,5,f16,C0,6,16384,24,4eacaa00b9e50383,1,1,0,-1,00000000,00000000,0,PASS
5,5,f16,C1,6,16384,24,aa9ab88976b3b793,1,1,0,-1,00000000,00000000,0,PASS
5,5,f16,C2,6,16384,24,7492baf760eee0bc,1,1,0,-1,00000000,00000000,0,PASS
5,5,f16,C3,6,16384,24,cfb4cc2edaad931e,1,1,0,-1,00000000,00000000,0,PASS
5,5,f16,C4,6,16384,24,f28d61a32b65fc0a,1,1,0,-1,00000000,00000000,0,PASS
5,5,f16,C0,7,16384,24,1d4671b61af10383,1,1,0,-1,00000000,00000000,0,PASS
5,5,f16,C1,7,16384,24,3a7a16ba8fd8d85a,1,1,0,-1,00000000,00000000,0,PASS
5,5,f16,C2,7,16384,24,711aa99ced25a706,1,1,0,-1,00000000,00000000,0,PASS
5,5,f16,C3,7,16384,24,d3d2315aa8404161,1,1,0,-1,00000000,00000000,0,PASS
5,5,f16,C4,7,16384,24,6441aebc43e8962a,1,1,0,-1,00000000,00000000,0,PASS
5,5,f16,C0,8,16384,24,449b099b7bfd0383,1,1,0,-1,00000000,00000000,0,PASS
5,5,f16,C1,8,16384,24,80cdba4d8810a5c3,1,1,0,-1,00000000,00000000,0,PASS
5,5,f16,C2,8,16384,24,af28154ffb9ea876,1,1,0,-1,00000000,00000000,0,PASS
5,5,f16,C3,8,16384,24,6eae3dfe4d4126b0,1,1,0,-1,00000000,00000000,0,PASS
5,5,f16,C4,8,16384,24,9e50fb1212e9adde,1,1,0,-1,00000000,00000000,0,PASS
5,6,f16,C0,2,4096,256,61e628f524230383,1,1,0,-1,00000000,00000000,0,PASS
5,6,f16,C1,2,4096,256,f3458625c6b0adb3,1,1,0,-1,00000000,00000000,0,PASS
5,6,f16,C2,2,4096,256,eaa8b46e71e992b4,1,1,0,-1,00000000,00000000,0,PASS
5,6,f16,C3,2,4096,256,16b6968229feeb58,1,1,0,-1,00000000,00000000,0,PASS
5,6,f16,C4,2,4096,256,4712e9c2b1324d63,1,1,0,-1,00000000,00000000,0,PASS
5,6,f16,C0,3,4096,256,f361b91bfc660383,1,1,0,-1,00000000,00000000,0,PASS
5,6,f16,C1,3,4096,256,36aaaa69a328e07a,1,1,0,-1,00000000,00000000,0,PASS
5,6,f16,C2,3,4096,256,e36dde151415c0df,1,1,0,-1,00000000,00000000,0,PASS
5,6,f16,C3,3,4096,256,52a8c7b3ee724005,1,1,0,-1,00000000,00000000,0,PASS
5,6,f16,C4,3,4096,256,e34480993503b8a3,1,1,0,-1,00000000,00000000,0,PASS
5,6,f16,C0,4,4096,256,0e5df645d4a90383,1,1,0,-1,00000000,00000000,0,PASS
5,6,f16,C1,4,4096,256,cb611474e6bf1763,1,1,0,-1,00000000,00000000,0,PASS
5,6,f16,C2,4,4096,256,a668df01d5618865,1,1,0,-1,00000000,00000000,0,PASS
5,6,f16,C3,4,4096,256,dc1d96d8dcd1879e,1,1,0,-1,00000000,00000000,0,PASS
5,6,f16,C4,4,4096,256,04144d081eb41f66,1,1,0,-1,00000000,00000000,0,PASS
5,6,f16,C0,5,4096,256,649de072acec0383,1,1,0,-1,00000000,00000000,0,PASS
5,6,f16,C1,5,4096,256,7d3627c9d35592aa,1,1,0,-1,00000000,00000000,0,PASS
5,6,f16,C2,5,4096,256,d13581044f3dfab0,1,1,0,-1,00000000,00000000,0,PASS
5,6,f16,C3,5,4096,256,6bb440416d3be454,1,1,0,-1,00000000,00000000,0,PASS
5,6,f16,C4,5,4096,256,9ca02a032bb24fc6,1,1,0,-1,00000000,00000000,0,PASS
5,6,f16,C0,6,4096,256,a7e477a2852f0383,1,1,0,-1,00000000,00000000,0,PASS
5,6,f16,C1,6,4096,256,a8f5fc63ca83b793,1,1,0,-1,00000000,00000000,0,PASS
5,6,f16,C2,6,4096,256,2e2a6a2802a71ed0,1,1,0,-1,00000000,00000000,0,PASS
5,6,f16,C3,6,4096,256,412137204b4e245b,1,1,0,-1,00000000,00000000,0,PASS
5,6,f16,C4,6,4096,256,e725a82e9783c012,1,1,0,-1,00000000,00000000,0,PASS
5,6,f16,C0,7,4096,256,89f4bbd55d720383,1,1,0,-1,00000000,00000000,0,PASS
5,6,f16,C1,7,4096,256,8a1e5e5f2f1ad85a,1,1,0,-1,00000000,00000000,0,PASS
5,6,f16,C2,7,4096,256,38cba9f3d15ed87c,1,1,0,-1,00000000,00000000,0,PASS
5,6,f16,C3,7,4096,256,2615b5e5ae351080,1,1,0,-1,00000000,00000000,0,PASS
5,6,f16,C4,7,4096,256,a56d33ae4c8c775a,1,1,0,-1,00000000,00000000,0,PASS
5,6,f16,C0,8,4096,256,bc91ad0b35b50383,1,1,0,-1,00000000,00000000,0,PASS
5,6,f16,C1,8,4096,256,b049445697c9a5c3,1,1,0,-1,00000000,00000000,0,PASS
5,6,f16,C2,8,4096,256,7efc99aea35888c7,1,1,0,-1,00000000,00000000,0,PASS
5,6,f16,C3,8,4096,256,f409fafd9f9e6882,1,1,0,-1,00000000,00000000,0,PASS
5,6,f16,C4,8,4096,256,d8f79ecae2861f1f,1,1,0,-1,00000000,00000000,0,PASS
6,0,f16,C0,2,16384,24,bc91ad0b35b50383,1,1,0,-1,00000000,00000000,0,PASS
6,0,f16,C1,2,16384,24,5dc3d7543112adb3,1,1,0,-1,00000000,00000000,0,PASS
6,0,f16,C2,2,16384,24,2182d4551e4fe2a3,1,1,0,-1,00000000,00000000,0,PASS
6,0,f16,C3,2,16384,24,5e20a6136d0be2d8,1,1,0,-1,00000000,00000000,0,PASS
6,0,f16,C4,2,16384,24,b25fa2af1f4d979f,1,1,0,-1,00000000,00000000,0,PASS
6,0,f16,C0,3,16384,24,8fc0340096c10383,1,1,0,-1,00000000,00000000,0,PASS
6,0,f16,C1,3,16384,24,b7a628de7278e07a,1,1,0,-1,00000000,00000000,0,PASS
6,0,f16,C2,3,16384,24,05a69f75d2d8e36d,1,1,0,-1,00000000,00000000,0,PASS
6,0,f16,C3,3,16384,24,9f22634479e2951b,1,1,0,-1,00000000,00000000,0,PASS
6,0,f16,C4,3,16384,24,f5166e1daf6a5307,1,1,0,-1,00000000,00000000,0,PASS
6,0,f16,C0,4,16384,24,f8a98b25f7cd0383,1,1,0,-1,00000000,00000000,0,PASS
6,0,f16,C1,4,16384,24,6dd2f6a152781763,1,1,0,-1,00000000,00000000,0,PASS
6,0,f16,C2,4,16384,24,03b1a534c5b2c557,1,1,0,-1,00000000,00000000,0,PASS
6,0,f16,C3,4,16384,24,4373185cc5175cef,1,1,0,-1,00000000,00000000,0,PASS
6,0,f16,C4,4,16384,24,77f735b69bbdcc77,1,1,0,-1,00000000,00000000,0,PASS
6,0,f16,C0,5,16384,24,680db27b58d90383,1,1,0,-1,00000000,00000000,0,PASS
6,0,f16,C1,5,16384,24,849b32211e8c92aa,1,1,0,-1,00000000,00000000,0,PASS
6,0,f16,C2,5,16384,24,5c63d5b6c8cd0fe7,1,1,0,-1,00000000,00000000,0,PASS
6,0,f16,C3,5,16384,24,11e9cba7ea2dd917,1,1,0,-1,00000000,00000000,0,PASS
6,0,f16,C4,5,16384,24,afa0291542a0c337,1,1,0,-1,00000000,00000000,0,PASS
6,0,f16,C0,6,16384,24,4eacaa00b9e50383,1,1,0,-1,00000000,00000000,0,PASS
6,0,f16,C1,6,16384,24,aa9ab88976b3b793,1,1,0,-1,00000000,00000000,0,PASS
6,0,f16,C2,6,16384,24,7492baf760eee0bc,1,1,0,-1,00000000,00000000,0,PASS
6,0,f16,C3,6,16384,24,ac93c672e68c675c,1,1,0,-1,00000000,00000000,0,PASS
6,0,f16,C4,6,16384,24,f28d61a32b65fc0a,1,1,0,-1,00000000,00000000,0,PASS
6,0,f16,C0,7,16384,24,1d4671b61af10383,1,1,0,-1,00000000,00000000,0,PASS
6,0,f16,C1,7,16384,24,3a7a16ba8fd8d85a,1,1,0,-1,00000000,00000000,0,PASS
6,0,f16,C2,7,16384,24,711aa99ced25a706,1,1,0,-1,00000000,00000000,0,PASS
6,0,f16,C3,7,16384,24,4a4f0a938d1d30e7,1,1,0,-1,00000000,00000000,0,PASS
6,0,f16,C4,7,16384,24,6441aebc43e8962a,1,1,0,-1,00000000,00000000,0,PASS
6,0,f16,C0,8,16384,24,449b099b7bfd0383,1,1,0,-1,00000000,00000000,0,PASS
6,0,f16,C1,8,16384,24,80cdba4d8810a5c3,1,1,0,-1,00000000,00000000,0,PASS
6,0,f16,C2,8,16384,24,af28154ffb9ea876,1,1,0,-1,00000000,00000000,0,PASS
6,0,f16,C3,8,16384,24,6444888520775872,1,1,0,-1,00000000,00000000,0,PASS
6,0,f16,C4,8,16384,24,9e50fb1212e9adde,1,1,0,-1,00000000,00000000,0,PASS
6,1,q8_0,C0,2,4096,1024,61e628f524230383,1,1,0,-1,00000000,00000000,0,PASS
6,1,q8_0,C1,2,4096,1024,f3458625c6b0adb3,1,1,0,-1,00000000,00000000,0,PASS
6,1,q8_0,C2,2,4096,1024,eaa8b46e71e992b4,1,1,0,-1,00000000,00000000,0,PASS
6,1,q8_0,C3,2,4096,1024,e0d4bc7511513d4e,1,1,0,-1,00000000,00000000,0,PASS
6,1,q8_0,C4,2,4096,1024,4712e9c2b1324d63,1,1,0,-1,00000000,00000000,0,PASS
6,1,q8_0,C0,3,4096,1024,f361b91bfc660383,1,1,0,-1,00000000,00000000,0,PASS
6,1,q8_0,C1,3,4096,1024,36aaaa69a328e07a,1,1,0,-1,00000000,00000000,0,PASS
6,1,q8_0,C2,3,4096,1024,e36dde151415c0df,1,1,0,-1,00000000,00000000,0,PASS
6,1,q8_0,C3,3,4096,1024,c80db1a6fd3c7a10,1,1,0,-1,00000000,00000000,0,PASS
6,1,q8_0,C4,3,4096,1024,e34480993503b8a3,1,1,0,-1,00000000,00000000,0,PASS
6,1,q8_0,C0,4,4096,1024,0e5df645d4a90383,1,1,0,-1,00000000,00000000,0,PASS
6,1,q8_0,C1,4,4096,1024,cb611474e6bf1763,1,1,0,-1,00000000,00000000,0,PASS
6,1,q8_0,C2,4,4096,1024,a668df01d5618865,1,1,0,-1,00000000,00000000,0,PASS
6,1,q8_0,C3,4,4096,1024,5f6fc5fa8e30987c,1,1,0,-1,00000000,00000000,0,PASS
6,1,q8_0,C4,4,4096,1024,04144d081eb41f66,1,1,0,-1,00000000,00000000,0,PASS
6,1,q8_0,C0,5,4096,1024,649de072acec0383,1,1,0,-1,00000000,00000000,0,PASS
6,1,q8_0,C1,5,4096,1024,7d3627c9d35592aa,1,1,0,-1,00000000,00000000,0,PASS
6,1,q8_0,C2,5,4096,1024,d13581044f3dfab0,1,1,0,-1,00000000,00000000,0,PASS
6,1,q8_0,C3,5,4096,1024,7c6e26f960cc743a,1,1,0,-1,00000000,00000000,0,PASS
6,1,q8_0,C4,5,4096,1024,9ca02a032bb24fc6,1,1,0,-1,00000000,00000000,0,PASS
6,1,q8_0,C0,6,4096,1024,a7e477a2852f0383,1,1,0,-1,00000000,00000000,0,PASS
6,1,q8_0,C1,6,4096,1024,a8f5fc63ca83b793,1,1,0,-1,00000000,00000000,0,PASS
6,1,q8_0,C2,6,4096,1024,2e2a6a2802a71ed0,1,1,0,-1,00000000,00000000,0,PASS
6,1,q8_0,C3,6,4096,1024,a81c91194700909b,1,1,0,-1,00000000,00000000,0,PASS
6,1,q8_0,C4,6,4096,1024,e725a82e9783c012,1,1,0,-1,00000000,00000000,0,PASS
6,1,q8_0,C0,7,4096,1024,89f4bbd55d720383,1,1,0,-1,00000000,00000000,0,PASS
6,1,q8_0,C1,7,4096,1024,8a1e5e5f2f1ad85a,1,1,0,-1,00000000,00000000,0,PASS
6,1,q8_0,C2,7,4096,1024,38cba9f3d15ed87c,1,1,0,-1,00000000,00000000,0,PASS
6,1,q8_0,C3,7,4096,1024,1255386b030e33df,1,1,0,-1,00000000,00000000,0,PASS
6,1,q8_0,C4,7,4096,1024,a56d33ae4c8c775a,1,1,0,-1,00000000,00000000,0,PASS
6,1,q8_0,C0,8,4096,1024,bc91ad0b35b50383,1,1,0,-1,00000000,00000000,0,PASS
6,1,q8_0,C1,8,4096,1024,b049445697c9a5c3,1,1,0,-1,00000000,00000000,0,PASS
6,1,q8_0,C2,8,4096,1024,7efc99aea35888c7,1,1,0,-1,00000000,00000000,0,PASS
6,1,q8_0,C3,8,4096,1024,432c6699d2f189b5,1,1,0,-1,00000000,00000000,0,PASS
6,1,q8_0,C4,8,4096,1024,d8f79ecae2861f1f,1,1,0,-1,00000000,00000000,0,PASS
6,2,q8_0,C0,2,4096,512,61e628f524230383,1,1,0,-1,00000000,00000000,0,PASS
6,2,q8_0,C1,2,4096,512,f3458625c6b0adb3,1,1,0,-1,00000000,00000000,0,PASS
6,2,q8_0,C2,2,4096,512,eaa8b46e71e992b4,1,1,0,-1,00000000,00000000,0,PASS
6,2,q8_0,C3,2,4096,512,85e86a0d0342000e,1,1,0,-1,00000000,00000000,0,PASS
6,2,q8_0,C4,2,4096,512,4712e9c2b1324d63,1,1,0,-1,00000000,00000000,0,PASS
6,2,q8_0,C0,3,4096,512,f361b91bfc660383,1,1,0,-1,00000000,00000000,0,PASS
6,2,q8_0,C1,3,4096,512,36aaaa69a328e07a,1,1,0,-1,00000000,00000000,0,PASS
6,2,q8_0,C2,3,4096,512,e36dde151415c0df,1,1,0,-1,00000000,00000000,0,PASS
6,2,q8_0,C3,3,4096,512,d2d973a61cf746d5,1,1,0,-1,00000000,00000000,0,PASS
6,2,q8_0,C4,3,4096,512,e34480993503b8a3,1,1,0,-1,00000000,00000000,0,PASS
6,2,q8_0,C0,4,4096,512,0e5df645d4a90383,1,1,0,-1,00000000,00000000,0,PASS
6,2,q8_0,C1,4,4096,512,cb611474e6bf1763,1,1,0,-1,00000000,00000000,0,PASS
6,2,q8_0,C2,4,4096,512,a668df01d5618865,1,1,0,-1,00000000,00000000,0,PASS
6,2,q8_0,C3,4,4096,512,59774560f940fd84,1,1,0,-1,00000000,00000000,0,PASS
6,2,q8_0,C4,4,4096,512,04144d081eb41f66,1,1,0,-1,00000000,00000000,0,PASS
6,2,q8_0,C0,5,4096,512,649de072acec0383,1,1,0,-1,00000000,00000000,0,PASS
6,2,q8_0,C1,5,4096,512,7d3627c9d35592aa,1,1,0,-1,00000000,00000000,0,PASS
6,2,q8_0,C2,5,4096,512,d13581044f3dfab0,1,1,0,-1,00000000,00000000,0,PASS
6,2,q8_0,C3,5,4096,512,c71f5bf8059c500f,1,1,0,-1,00000000,00000000,0,PASS
6,2,q8_0,C4,5,4096,512,9ca02a032bb24fc6,1,1,0,-1,00000000,00000000,0,PASS
6,2,q8_0,C0,6,4096,512,a7e477a2852f0383,1,1,0,-1,00000000,00000000,0,PASS
6,2,q8_0,C1,6,4096,512,a8f5fc63ca83b793,1,1,0,-1,00000000,00000000,0,PASS
6,2,q8_0,C2,6,4096,512,2e2a6a2802a71ed0,1,1,0,-1,00000000,00000000,0,PASS
6,2,q8_0,C3,6,4096,512,56e689338a176d94,1,1,0,-1,00000000,00000000,0,PASS
6,2,q8_0,C4,6,4096,512,e725a82e9783c012,1,1,0,-1,00000000,00000000,0,PASS
6,2,q8_0,C0,7,4096,512,89f4bbd55d720383,1,1,0,-1,00000000,00000000,0,PASS
6,2,q8_0,C1,7,4096,512,8a1e5e5f2f1ad85a,1,1,0,-1,00000000,00000000,0,PASS
6,2,q8_0,C2,7,4096,512,38cba9f3d15ed87c,1,1,0,-1,00000000,00000000,0,PASS
6,2,q8_0,C3,7,4096,512,6793504c7ffd7b89,1,1,0,-1,00000000,00000000,0,PASS
6,2,q8_0,C4,7,4096,512,a56d33ae4c8c775a,1,1,0,-1,00000000,00000000,0,PASS
6,2,q8_0,C0,8,4096,512,bc91ad0b35b50383,1,1,0,-1,00000000,00000000,0,PASS
6,2,q8_0,C1,8,4096,512,b049445697c9a5c3,1,1,0,-1,00000000,00000000,0,PASS
6,2,q8_0,C2,8,4096,512,7efc99aea35888c7,1,1,0,-1,00000000,00000000,0,PASS
6,2,q8_0,C3,8,4096,512,4f8d976592d45ab2,1,1,0,-1,00000000,00000000,0,PASS
6,2,q8_0,C4,8,4096,512,d8f79ecae2861f1f,1,1,0,-1,00000000,00000000,0,PASS
6,3,q8_0,C0,2,1024,32768,66a385207fbe8383,1,1,0,-1,00000000,00000000,0,PASS
6,3,q8_0,C1,2,1024,32768,ea4b97e88c182db3,1,1,0,-1,00000000,00000000,0,PASS
6,3,q8_0,C2,2,1024,32768,70800d37477b9cc9,1,1,0,-1,00000000,00000000,0,PASS
6,3,q8_0,C3,2,1024,32768,e1edf67312586aae,1,1,0,-1,00000000,00000000,0,PASS
6,3,q8_0,C4,2,1024,32768,71e3b48a7ebcb79f,1,1,0,-1,00000000,00000000,0,PASS
6,3,q8_0,C0,3,1024,32768,09b99610cdcf4383,1,1,0,-1,00000000,00000000,0,PASS
6,3,q8_0,C1,3,1024,32768,f303d2023f54e07a,1,1,0,-1,00000000,00000000,0,PASS
6,3,q8_0,C2,3,1024,32768,17b139ff4bb1b56e,1,1,0,-1,00000000,00000000,0,PASS
6,3,q8_0,C3,3,1024,32768,3e1e6f79dc823b16,1,1,0,-1,00000000,00000000,0,PASS
6,3,q8_0,C4,3,1024,32768,7684a1bb04066307,1,1,0,-1,00000000,00000000,0,PASS
6,3,q8_0,C0,4,1024,32768,a82845d14be00383,1,1,0,-1,00000000,00000000,0,PASS
6,3,q8_0,C1,4,1024,32768,829e2379d3d0d763,1,1,0,-1,00000000,00000000,0,PASS
6,3,q8_0,C2,4,1024,32768,2c41771fb26e6aa4,1,1,0,-1,00000000,00000000,0,PASS
6,3,q8_0,C3,4,1024,32768,f66ae63d7837f479,1,1,0,-1,00000000,00000000,0,PASS
6,3,q8_0,C4,4,1024,32768,00c364baeed7cc77,1,1,0,-1,00000000,00000000,0,PASS
6,3,q8_0,C0,5,1024,32768,a536a061f9f0c383,1,1,0,-1,00000000,00000000,0,PASS
6,3,q8_0,C1,5,1024,32768,cd5cb4a48887d2aa,1,1,0,-1,00000000,00000000,0,PASS
6,3,q8_0,C2,5,1024,32768,fe68e9da3c4fa0b4,1,1,0,-1,00000000,00000000,0,PASS
6,3,q8_0,C3,5,1024,32768,95d815af92e6275a,1,1,0,-1,00000000,00000000,0,PASS
6,3,q8_0,C4,5,1024,32768,85d67414a04db337,1,1,0,-1,00000000,00000000,0,PASS
6,3,q8_0,C0,6,1024,32768,e72bb1c2d8018383,1,1,0,-1,00000000,00000000,0,PASS
6,3,q8_0,C1,6,1024,32768,606b07352f77b793,1,1,0,-1,00000000,00000000,0,PASS
6,3,q8_0,C2,6,1024,32768,aac88d06cc8d8c24,1,1,0,-1,00000000,00000000,0,PASS
6,3,q8_0,C3,6,1024,32768,c116d5548c6c8534,1,1,0,-1,00000000,00000000,0,PASS
6,3,q8_0,C4,6,1024,32768,90a3e3c502279c0a,1,1,0,-1,00000000,00000000,0,PASS
6,3,q8_0,C0,7,1024,32768,d74e85f3e6124383,1,1,0,-1,00000000,00000000,0,PASS
6,3,q8_0,C1,7,1024,32768,0680c4d6b6eb585a,1,1,0,-1,00000000,00000000,0,PASS
6,3,q8_0,C2,7,1024,32768,68aeccecb4841b1a,1,1,0,-1,00000000,00000000,0,PASS
6,3,q8_0,C3,7,1024,32768,7609a470cdecfe32,1,1,0,-1,00000000,00000000,0,PASS
6,3,q8_0,C4,7,1024,32768,e3547e032da9e62a,1,1,0,-1,00000000,00000000,0,PASS
6,3,q8_0,C0,8,1024,32768,61e628f524230383,1,1,0,-1,00000000,00000000,0,PASS
6,3,q8_0,C1,8,1024,32768,f5568f1793b7e5c3,1,1,0,-1,00000000,00000000,0,PASS
6,3,q8_0,C2,8,1024,32768,f510f9a7c42e2707,1,1,0,-1,00000000,00000000,0,PASS
6,3,q8_0,C3,8,1024,32768,8b38306e46f317b8,1,1,0,-1,00000000,00000000,0,PASS
6,3,q8_0,C4,8,1024,32768,bb27994fbd6c0dde,1,1,0,-1,00000000,00000000,0,PASS
6,4,q8_0,C0,2,8192,4096,0e5df645d4a90383,1,1,0,-1,00000000,00000000,0,PASS
6,4,q8_0,C1,2,8192,4096,a7596f63ea26adb3,1,1,0,-1,00000000,00000000,0,PASS
6,4,q8_0,C2,2,8192,4096,6024392d967b7573,1,1,0,-1,00000000,00000000,0,PASS
6,4,q8_0,C3,2,8192,4096,9ee79fdf73a34b09,1,1,0,-1,00000000,00000000,0,PASS
6,4,q8_0,C4,2,8192,4096,756a42230c87de66,1,1,0,-1,00000000,00000000,0,PASS
6,4,q8_0,C0,3,8192,4096,a7e477a2852f0383,1,1,0,-1,00000000,00000000,0,PASS
6,4,q8_0,C1,3,8192,4096,40f463593d98e07a,1,1,0,-1,00000000,00000000,0,PASS
6,4,q8_0,C2,3,8192,4096,6bda8fe4c61d0fba,1,1,0,-1,00000000,00000000,0,PASS
6,4,q8_0,C3,3,8192,4096,8556bd62337bb6b6,1,1,0,-1,00000000,00000000,0,PASS
6,4,q8_0,C4,3,8192,4096,7ef18a95c50f9806,1,1,0,-1,00000000,00000000,0,PASS
6,4,q8_0,C0,4,8192,4096,bc91ad0b35b50383,1,1,0,-1,00000000,00000000,0,PASS
6,4,q8_0,C1,4,8192,4096,1e7b80deb5521763,1,1,0,-1,00000000,00000000,0,PASS
6,4,q8_0,C2,4,8192,4096,95646a8ebd044b5d,1,1,0,-1,00000000,00000000,0,PASS
6,4,q8_0,C3,4,8192,4096,2413f29a83af877c,1,1,0,-1,00000000,00000000,0,PASS
6,4,q8_0,C4,4,8192,4096,7b7263e3adedcd6f,1,1,0,-1,00000000,00000000,0,PASS
6,4,q8_0,C0,5,8192,4096,da7d967fe63b0383,1,1,0,-1,00000000,00000000,0,PASS
6,4,q8_0,C1,5,8192,4096,2439109c971292aa,1,1,0,-1,00000000,00000000,0,PASS
6,4,q8_0,C2,5,8192,4096,ac7103964b5c796d,1,1,0,-1,00000000,00000000,0,PASS
6,4,q8_0,C3,5,8192,4096,99bbd28e085df234,1,1,0,-1,00000000,00000000,0,PASS
6,4,q8_0,C4,5,8192,4096,84cd276f9ee09557,1,1,0,-1,00000000,00000000,0,PASS
6,4,q8_0,C0,6,8192,4096,8fc0340096c10383,1,1,0,-1,00000000,00000000,0,PASS
6,4,q8_0,C1,6,8192,4096,6b7fdec3ae93b793,1,1,0,-1,00000000,00000000,0,PASS
6,4,q8_0,C2,6,8192,4096,158880dca80356a5,1,1,0,-1,00000000,00000000,0,PASS
6,4,q8_0,C3,6,8192,4096,e418b87efa67d166,1,1,0,-1,00000000,00000000,0,PASS
6,4,q8_0,C4,6,8192,4096,6fb2cac120b4a24e,1,1,0,-1,00000000,00000000,0,PASS
6,4,q8_0,C0,7,8192,4096,6a71858d47470383,1,1,0,-1,00000000,00000000,0,PASS
6,4,q8_0,C1,7,8192,4096,665eaf56fa04d85a,1,1,0,-1,00000000,00000000,0,PASS
6,4,q8_0,C2,7,8192,4096,d0efefe3fcd897e2,1,1,0,-1,00000000,00000000,0,PASS
6,4,q8_0,C3,7,8192,4096,42717921c92926f0,1,1,0,-1,00000000,00000000,0,PASS
6,4,q8_0,C4,7,8192,4096,90b943a9e7d55d36,1,1,0,-1,00000000,00000000,0,PASS
6,4,q8_0,C0,8,8192,4096,f8a98b25f7cd0383,1,1,0,-1,00000000,00000000,0,PASS
6,4,q8_0,C1,8,8192,4096,c26c1a6b3d36a5c3,1,1,0,-1,00000000,00000000,0,PASS
6,4,q8_0,C2,8,8192,4096,95ac06e3a54b4ef2,1,1,0,-1,00000000,00000000,0,PASS
6,4,q8_0,C3,8,8192,4096,ad28e16335015e03,1,1,0,-1,00000000,00000000,0,PASS
6,4,q8_0,C4,8,8192,4096,3da45e1f8a9f3b1f,1,1,0,-1,00000000,00000000,0,PASS
6,5,f16,C0,2,16384,24,bc91ad0b35b50383,1,1,0,-1,00000000,00000000,0,PASS
6,5,f16,C1,2,16384,24,5dc3d7543112adb3,1,1,0,-1,00000000,00000000,0,PASS
6,5,f16,C2,2,16384,24,2182d4551e4fe2a3,1,1,0,-1,00000000,00000000,0,PASS
6,5,f16,C3,2,16384,24,eba47222ac35e45b,1,1,0,-1,00000000,00000000,0,PASS
6,5,f16,C4,2,16384,24,b25fa2af1f4d979f,1,1,0,-1,00000000,00000000,0,PASS
6,5,f16,C0,3,16384,24,8fc0340096c10383,1,1,0,-1,00000000,00000000,0,PASS
6,5,f16,C1,3,16384,24,b7a628de7278e07a,1,1,0,-1,00000000,00000000,0,PASS
6,5,f16,C2,3,16384,24,05a69f75d2d8e36d,1,1,0,-1,00000000,00000000,0,PASS
6,5,f16,C3,3,16384,24,562ae580cb26a103,1,1,0,-1,00000000,00000000,0,PASS
6,5,f16,C4,3,16384,24,f5166e1daf6a5307,1,1,0,-1,00000000,00000000,0,PASS
6,5,f16,C0,4,16384,24,f8a98b25f7cd0383,1,1,0,-1,00000000,00000000,0,PASS
6,5,f16,C1,4,16384,24,6dd2f6a152781763,1,1,0,-1,00000000,00000000,0,PASS
6,5,f16,C2,4,16384,24,03b1a534c5b2c557,1,1,0,-1,00000000,00000000,0,PASS
6,5,f16,C3,4,16384,24,268254966f0aed07,1,1,0,-1,00000000,00000000,0,PASS
6,5,f16,C4,4,16384,24,77f735b69bbdcc77,1,1,0,-1,00000000,00000000,0,PASS
6,5,f16,C0,5,16384,24,680db27b58d90383,1,1,0,-1,00000000,00000000,0,PASS
6,5,f16,C1,5,16384,24,849b32211e8c92aa,1,1,0,-1,00000000,00000000,0,PASS
6,5,f16,C2,5,16384,24,5c63d5b6c8cd0fe7,1,1,0,-1,00000000,00000000,0,PASS
6,5,f16,C3,5,16384,24,00045b7588a07ca2,1,1,0,-1,00000000,00000000,0,PASS
6,5,f16,C4,5,16384,24,afa0291542a0c337,1,1,0,-1,00000000,00000000,0,PASS
6,5,f16,C0,6,16384,24,4eacaa00b9e50383,1,1,0,-1,00000000,00000000,0,PASS
6,5,f16,C1,6,16384,24,aa9ab88976b3b793,1,1,0,-1,00000000,00000000,0,PASS
6,5,f16,C2,6,16384,24,7492baf760eee0bc,1,1,0,-1,00000000,00000000,0,PASS
6,5,f16,C3,6,16384,24,979c8b5656816c87,1,1,0,-1,00000000,00000000,0,PASS
6,5,f16,C4,6,16384,24,f28d61a32b65fc0a,1,1,0,-1,00000000,00000000,0,PASS
6,5,f16,C0,7,16384,24,1d4671b61af10383,1,1,0,-1,00000000,00000000,0,PASS
6,5,f16,C1,7,16384,24,3a7a16ba8fd8d85a,1,1,0,-1,00000000,00000000,0,PASS
6,5,f16,C2,7,16384,24,711aa99ced25a706,1,1,0,-1,00000000,00000000,0,PASS
6,5,f16,C3,7,16384,24,623d7e32e14443fe,1,1,0,-1,00000000,00000000,0,PASS
6,5,f16,C4,7,16384,24,6441aebc43e8962a,1,1,0,-1,00000000,00000000,0,PASS
6,5,f16,C0,8,16384,24,449b099b7bfd0383,1,1,0,-1,00000000,00000000,0,PASS
6,5,f16,C1,8,16384,24,80cdba4d8810a5c3,1,1,0,-1,00000000,00000000,0,PASS
6,5,f16,C2,8,16384,24,af28154ffb9ea876,1,1,0,-1,00000000,00000000,0,PASS
6,5,f16,C3,8,16384,24,391043d719680631,1,1,0,-1,00000000,00000000,0,PASS
6,5,f16,C4,8,16384,24,9e50fb1212e9adde,1,1,0,-1,00000000,00000000,0,PASS
6,6,f16,C0,2,4096,256,61e628f524230383,1,1,0,-1,00000000,00000000,0,PASS
6,6,f16,C1,2,4096,256,f3458625c6b0adb3,1,1,0,-1,00000000,00000000,0,PASS
6,6,f16,C2,2,4096,256,eaa8b46e71e992b4,1,1,0,-1,00000000,00000000,0,PASS
6,6,f16,C3,2,4096,256,0be05a81cdfac377,1,1,0,-1,00000000,00000000,0,PASS
6,6,f16,C4,2,4096,256,4712e9c2b1324d63,1,1,0,-1,00000000,00000000,0,PASS
6,6,f16,C0,3,4096,256,f361b91bfc660383,1,1,0,-1,00000000,00000000,0,PASS
6,6,f16,C1,3,4096,256,36aaaa69a328e07a,1,1,0,-1,00000000,00000000,0,PASS
6,6,f16,C2,3,4096,256,e36dde151415c0df,1,1,0,-1,00000000,00000000,0,PASS
6,6,f16,C3,3,4096,256,af904373011156f6,1,1,0,-1,00000000,00000000,0,PASS
6,6,f16,C4,3,4096,256,e34480993503b8a3,1,1,0,-1,00000000,00000000,0,PASS
6,6,f16,C0,4,4096,256,0e5df645d4a90383,1,1,0,-1,00000000,00000000,0,PASS
6,6,f16,C1,4,4096,256,cb611474e6bf1763,1,1,0,-1,00000000,00000000,0,PASS
6,6,f16,C2,4,4096,256,a668df01d5618865,1,1,0,-1,00000000,00000000,0,PASS
6,6,f16,C3,4,4096,256,96ce5a07300b084f,1,1,0,-1,00000000,00000000,0,PASS
6,6,f16,C4,4,4096,256,04144d081eb41f66,1,1,0,-1,00000000,00000000,0,PASS
6,6,f16,C0,5,4096,256,649de072acec0383,1,1,0,-1,00000000,00000000,0,PASS
6,6,f16,C1,5,4096,256,7d3627c9d35592aa,1,1,0,-1,00000000,00000000,0,PASS
6,6,f16,C2,5,4096,256,d13581044f3dfab0,1,1,0,-1,00000000,00000000,0,PASS
6,6,f16,C3,5,4096,256,e8e4418d658766cc,1,1,0,-1,00000000,00000000,0,PASS
6,6,f16,C4,5,4096,256,9ca02a032bb24fc6,1,1,0,-1,00000000,00000000,0,PASS
6,6,f16,C0,6,4096,256,a7e477a2852f0383,1,1,0,-1,00000000,00000000,0,PASS
6,6,f16,C1,6,4096,256,a8f5fc63ca83b793,1,1,0,-1,00000000,00000000,0,PASS
6,6,f16,C2,6,4096,256,2e2a6a2802a71ed0,1,1,0,-1,00000000,00000000,0,PASS
6,6,f16,C3,6,4096,256,5717bd118730edd8,1,1,0,-1,00000000,00000000,0,PASS
6,6,f16,C4,6,4096,256,e725a82e9783c012,1,1,0,-1,00000000,00000000,0,PASS
6,6,f16,C0,7,4096,256,89f4bbd55d720383,1,1,0,-1,00000000,00000000,0,PASS
6,6,f16,C1,7,4096,256,8a1e5e5f2f1ad85a,1,1,0,-1,00000000,00000000,0,PASS
6,6,f16,C2,7,4096,256,38cba9f3d15ed87c,1,1,0,-1,00000000,00000000,0,PASS
6,6,f16,C3,7,4096,256,80c4ad1e594eae26,1,1,0,-1,00000000,00000000,0,PASS
6,6,f16,C4,7,4096,256,a56d33ae4c8c775a,1,1,0,-1,00000000,00000000,0,PASS
6,6,f16,C0,8,4096,256,bc91ad0b35b50383,1,1,0,-1,00000000,00000000,0,PASS
6,6,f16,C1,8,4096,256,b049445697c9a5c3,1,1,0,-1,00000000,00000000,0,PASS
6,6,f16,C2,8,4096,256,7efc99aea35888c7,1,1,0,-1,00000000,00000000,0,PASS
6,6,f16,C3,8,4096,256,8572c0fec741f798,1,1,0,-1,00000000,00000000,0,PASS
6,6,f16,C4,8,4096,256,d8f79ecae2861f1f,1,1,0,-1,00000000,00000000,0,PASS
7,0,f16,C0,2,16384,24,bc91ad0b35b50383,1,1,0,-1,00000000,00000000,0,PASS
7,0,f16,C1,2,16384,24,5dc3d7543112adb3,1,1,0,-1,00000000,00000000,0,PASS
7,0,f16,C2,2,16384,24,2182d4551e4fe2a3,1,1,0,-1,00000000,00000000,0,PASS
7,0,f16,C3,2,16384,24,84193c69de0ea705,1,1,0,-1,00000000,00000000,0,PASS
7,0,f16,C4,2,16384,24,b25fa2af1f4d979f,1,1,0,-1,00000000,00000000,0,PASS
7,0,f16,C0,3,16384,24,8fc0340096c10383,1,1,0,-1,00000000,00000000,0,PASS
7,0,f16,C1,3,16384,24,b7a628de7278e07a,1,1,0,-1,00000000,00000000,0,PASS
7,0,f16,C2,3,16384,24,05a69f75d2d8e36d,1,1,0,-1,00000000,00000000,0,PASS
7,0,f16,C3,3,16384,24,839468346ce6777b,1,1,0,-1,00000000,00000000,0,PASS
7,0,f16,C4,3,16384,24,f5166e1daf6a5307,1,1,0,-1,00000000,00000000,0,PASS
7,0,f16,C0,4,16384,24,f8a98b25f7cd0383,1,1,0,-1,00000000,00000000,0,PASS
7,0,f16,C1,4,16384,24,6dd2f6a152781763,1,1,0,-1,00000000,00000000,0,PASS
7,0,f16,C2,4,16384,24,03b1a534c5b2c557,1,1,0,-1,00000000,00000000,0,PASS
7,0,f16,C3,4,16384,24,bf628395539a898b,1,1,0,-1,00000000,00000000,0,PASS
7,0,f16,C4,4,16384,24,77f735b69bbdcc77,1,1,0,-1,00000000,00000000,0,PASS
7,0,f16,C0,5,16384,24,680db27b58d90383,1,1,0,-1,00000000,00000000,0,PASS
7,0,f16,C1,5,16384,24,849b32211e8c92aa,1,1,0,-1,00000000,00000000,0,PASS
7,0,f16,C2,5,16384,24,5c63d5b6c8cd0fe7,1,1,0,-1,00000000,00000000,0,PASS
7,0,f16,C3,5,16384,24,cf0c436ee62e52ca,1,1,0,-1,00000000,00000000,0,PASS
7,0,f16,C4,5,16384,24,afa0291542a0c337,1,1,0,-1,00000000,00000000,0,PASS
7,0,f16,C0,6,16384,24,4eacaa00b9e50383,1,1,0,-1,00000000,00000000,0,PASS
7,0,f16,C1,6,16384,24,aa9ab88976b3b793,1,1,0,-1,00000000,00000000,0,PASS
7,0,f16,C2,6,16384,24,7492baf760eee0bc,1,1,0,-1,00000000,00000000,0,PASS
7,0,f16,C3,6,16384,24,4e1ab3712caf8f6a,1,1,0,-1,00000000,00000000,0,PASS
7,0,f16,C4,6,16384,24,f28d61a32b65fc0a,1,1,0,-1,00000000,00000000,0,PASS
7,0,f16,C0,7,16384,24,1d4671b61af10383,1,1,0,-1,00000000,00000000,0,PASS
7,0,f16,C1,7,16384,24,3a7a16ba8fd8d85a,1,1,0,-1,00000000,00000000,0,PASS
7,0,f16,C2,7,16384,24,711aa99ced25a706,1,1,0,-1,00000000,00000000,0,PASS
7,0,f16,C3,7,16384,24,a607b4617971e515,1,1,0,-1,00000000,00000000,0,PASS
7,0,f16,C4,7,16384,24,6441aebc43e8962a,1,1,0,-1,00000000,00000000,0,PASS
7,0,f16,C0,8,16384,24,449b099b7bfd0383,1,1,0,-1,00000000,00000000,0,PASS
7,0,f16,C1,8,16384,24,80cdba4d8810a5c3,1,1,0,-1,00000000,00000000,0,PASS
7,0,f16,C2,8,16384,24,af28154ffb9ea876,1,1,0,-1,00000000,00000000,0,PASS
7,0,f16,C3,8,16384,24,8dd206ef239e028c,1,1,0,-1,00000000,00000000,0,PASS
7,0,f16,C4,8,16384,24,9e50fb1212e9adde,1,1,0,-1,00000000,00000000,0,PASS
7,1,q8_0,C0,2,4096,1024,61e628f524230383,1,1,0,-1,00000000,00000000,0,PASS
7,1,q8_0,C1,2,4096,1024,f3458625c6b0adb3,1,1,0,-1,00000000,00000000,0,PASS
7,1,q8_0,C2,2,4096,1024,eaa8b46e71e992b4,1,1,0,-1,00000000,00000000,0,PASS
7,1,q8_0,C3,2,4096,1024,7bdf2b360aa38e20,1,1,0,-1,00000000,00000000,0,PASS
7,1,q8_0,C4,2,4096,1024,4712e9c2b1324d63,1,1,0,-1,00000000,00000000,0,PASS
7,1,q8_0,C0,3,4096,1024,f361b91bfc660383,1,1,0,-1,00000000,00000000,0,PASS
7,1,q8_0,C1,3,4096,1024,36aaaa69a328e07a,1,1,0,-1,00000000,00000000,0,PASS
7,1,q8_0,C2,3,4096,1024,e36dde151415c0df,1,1,0,-1,00000000,00000000,0,PASS
7,1,q8_0,C3,3,4096,1024,c7f5ae64fcbb658e,1,1,0,-1,00000000,00000000,0,PASS
7,1,q8_0,C4,3,4096,1024,e34480993503b8a3,1,1,0,-1,00000000,00000000,0,PASS
7,1,q8_0,C0,4,4096,1024,0e5df645d4a90383,1,1,0,-1,00000000,00000000,0,PASS
7,1,q8_0,C1,4,4096,1024,cb611474e6bf1763,1,1,0,-1,00000000,00000000,0,PASS
7,1,q8_0,C2,4,4096,1024,a668df01d5618865,1,1,0,-1,00000000,00000000,0,PASS
7,1,q8_0,C3,4,4096,1024,5e4b2f03fe900877,1,1,0,-1,00000000,00000000,0,PASS
7,1,q8_0,C4,4,4096,1024,04144d081eb41f66,1,1,0,-1,00000000,00000000,0,PASS
7,1,q8_0,C0,5,4096,1024,649de072acec0383,1,1,0,-1,00000000,00000000,0,PASS
7,1,q8_0,C1,5,4096,1024,7d3627c9d35592aa,1,1,0,-1,00000000,00000000,0,PASS
7,1,q8_0,C2,5,4096,1024,d13581044f3dfab0,1,1,0,-1,00000000,00000000,0,PASS
7,1,q8_0,C3,5,4096,1024,f3f50b1cafa027c7,1,1,0,-1,00000000,00000000,0,PASS
7,1,q8_0,C4,5,4096,1024,9ca02a032bb24fc6,1,1,0,-1,00000000,00000000,0,PASS
7,1,q8_0,C0,6,4096,1024,a7e477a2852f0383,1,1,0,-1,00000000,00000000,0,PASS
7,1,q8_0,C1,6,4096,1024,a8f5fc63ca83b793,1,1,0,-1,00000000,00000000,0,PASS
7,1,q8_0,C2,6,4096,1024,2e2a6a2802a71ed0,1,1,0,-1,00000000,00000000,0,PASS
7,1,q8_0,C3,6,4096,1024,db3484cd8ce417c6,1,1,0,-1,00000000,00000000,0,PASS
7,1,q8_0,C4,6,4096,1024,e725a82e9783c012,1,1,0,-1,00000000,00000000,0,PASS
7,1,q8_0,C0,7,4096,1024,89f4bbd55d720383,1,1,0,-1,00000000,00000000,0,PASS
7,1,q8_0,C1,7,4096,1024,8a1e5e5f2f1ad85a,1,1,0,-1,00000000,00000000,0,PASS
7,1,q8_0,C2,7,4096,1024,38cba9f3d15ed87c,1,1,0,-1,00000000,00000000,0,PASS
7,1,q8_0,C3,7,4096,1024,33954cb3167d8b0a,1,1,0,-1,00000000,00000000,0,PASS
7,1,q8_0,C4,7,4096,1024,a56d33ae4c8c775a,1,1,0,-1,00000000,00000000,0,PASS
7,1,q8_0,C0,8,4096,1024,bc91ad0b35b50383,1,1,0,-1,00000000,00000000,0,PASS
7,1,q8_0,C1,8,4096,1024,b049445697c9a5c3,1,1,0,-1,00000000,00000000,0,PASS
7,1,q8_0,C2,8,4096,1024,7efc99aea35888c7,1,1,0,-1,00000000,00000000,0,PASS
7,1,q8_0,C3,8,4096,1024,455667f0e2fc614e,1,1,0,-1,00000000,00000000,0,PASS
7,1,q8_0,C4,8,4096,1024,d8f79ecae2861f1f,1,1,0,-1,00000000,00000000,0,PASS
7,2,q8_0,C0,2,4096,512,61e628f524230383,1,1,0,-1,00000000,00000000,0,PASS
7,2,q8_0,C1,2,4096,512,f3458625c6b0adb3,1,1,0,-1,00000000,00000000,0,PASS
7,2,q8_0,C2,2,4096,512,eaa8b46e71e992b4,1,1,0,-1,00000000,00000000,0,PASS
7,2,q8_0,C3,2,4096,512,10a5523615d9c3a5,1,1,0,-1,00000000,00000000,0,PASS
7,2,q8_0,C4,2,4096,512,4712e9c2b1324d63,1,1,0,-1,00000000,00000000,0,PASS
7,2,q8_0,C0,3,4096,512,f361b91bfc660383,1,1,0,-1,00000000,00000000,0,PASS
7,2,q8_0,C1,3,4096,512,36aaaa69a328e07a,1,1,0,-1,00000000,00000000,0,PASS
7,2,q8_0,C2,3,4096,512,e36dde151415c0df,1,1,0,-1,00000000,00000000,0,PASS
7,2,q8_0,C3,3,4096,512,7e3f4cf1606bc236,1,1,0,-1,00000000,00000000,0,PASS
7,2,q8_0,C4,3,4096,512,e34480993503b8a3,1,1,0,-1,00000000,00000000,0,PASS
7,2,q8_0,C0,4,4096,512,0e5df645d4a90383,1,1,0,-1,00000000,00000000,0,PASS
7,2,q8_0,C1,4,4096,512,cb611474e6bf1763,1,1,0,-1,00000000,00000000,0,PASS
7,2,q8_0,C2,4,4096,512,a668df01d5618865,1,1,0,-1,00000000,00000000,0,PASS
7,2,q8_0,C3,4,4096,512,7d4a9c27b09d445e,1,1,0,-1,00000000,00000000,0,PASS
7,2,q8_0,C4,4,4096,512,04144d081eb41f66,1,1,0,-1,00000000,00000000,0,PASS
7,2,q8_0,C0,5,4096,512,649de072acec0383,1,1,0,-1,00000000,00000000,0,PASS
7,2,q8_0,C1,5,4096,512,7d3627c9d35592aa,1,1,0,-1,00000000,00000000,0,PASS
7,2,q8_0,C2,5,4096,512,d13581044f3dfab0,1,1,0,-1,00000000,00000000,0,PASS
7,2,q8_0,C3,5,4096,512,5ecd12fcb7bca03c,1,1,0,-1,00000000,00000000,0,PASS
7,2,q8_0,C4,5,4096,512,9ca02a032bb24fc6,1,1,0,-1,00000000,00000000,0,PASS
7,2,q8_0,C0,6,4096,512,a7e477a2852f0383,1,1,0,-1,00000000,00000000,0,PASS
7,2,q8_0,C1,6,4096,512,a8f5fc63ca83b793,1,1,0,-1,00000000,00000000,0,PASS
7,2,q8_0,C2,6,4096,512,2e2a6a2802a71ed0,1,1,0,-1,00000000,00000000,0,PASS
7,2,q8_0,C3,6,4096,512,19f5aaa07ff93d87,1,1,0,-1,00000000,00000000,0,PASS
7,2,q8_0,C4,6,4096,512,e725a82e9783c012,1,1,0,-1,00000000,00000000,0,PASS
7,2,q8_0,C0,7,4096,512,89f4bbd55d720383,1,1,0,-1,00000000,00000000,0,PASS
7,2,q8_0,C1,7,4096,512,8a1e5e5f2f1ad85a,1,1,0,-1,00000000,00000000,0,PASS
7,2,q8_0,C2,7,4096,512,38cba9f3d15ed87c,1,1,0,-1,00000000,00000000,0,PASS
7,2,q8_0,C3,7,4096,512,5cb60dbb9c68b0cb,1,1,0,-1,00000000,00000000,0,PASS
7,2,q8_0,C4,7,4096,512,a56d33ae4c8c775a,1,1,0,-1,00000000,00000000,0,PASS
7,2,q8_0,C0,8,4096,512,bc91ad0b35b50383,1,1,0,-1,00000000,00000000,0,PASS
7,2,q8_0,C1,8,4096,512,b049445697c9a5c3,1,1,0,-1,00000000,00000000,0,PASS
7,2,q8_0,C2,8,4096,512,7efc99aea35888c7,1,1,0,-1,00000000,00000000,0,PASS
7,2,q8_0,C3,8,4096,512,ba2cdd427e3b00d5,1,1,0,-1,00000000,00000000,0,PASS
7,2,q8_0,C4,8,4096,512,d8f79ecae2861f1f,1,1,0,-1,00000000,00000000,0,PASS
7,3,q8_0,C0,2,1024,32768,66a385207fbe8383,1,1,0,-1,00000000,00000000,0,PASS
7,3,q8_0,C1,2,1024,32768,ea4b97e88c182db3,1,1,0,-1,00000000,00000000,0,PASS
7,3,q8_0,C2,2,1024,32768,70800d37477b9cc9,1,1,0,-1,00000000,00000000,0,PASS
7,3,q8_0,C3,2,1024,32768,6069a69ac5ec996b,1,1,0,-1,00000000,00000000,0,PASS
7,3,q8_0,C4,2,1024,32768,71e3b48a7ebcb79f,1,1,0,-1,00000000,00000000,0,PASS
7,3,q8_0,C0,3,1024,32768,09b99610cdcf4383,1,1,0,-1,00000000,00000000,0,PASS
7,3,q8_0,C1,3,1024,32768,f303d2023f54e07a,1,1,0,-1,00000000,00000000,0,PASS
7,3,q8_0,C2,3,1024,32768,17b139ff4bb1b56e,1,1,0,-1,00000000,00000000,0,PASS
7,3,q8_0,C3,3,1024,32768,4119cef12cc88e7b,1,1,0,-1,00000000,00000000,0,PASS
7,3,q8_0,C4,3,1024,32768,7684a1bb04066307,1,1,0,-1,00000000,00000000,0,PASS
7,3,q8_0,C0,4,1024,32768,a82845d14be00383,1,1,0,-1,00000000,00000000,0,PASS
7,3,q8_0,C1,4,1024,32768,829e2379d3d0d763,1,1,0,-1,00000000,00000000,0,PASS
7,3,q8_0,C2,4,1024,32768,2c41771fb26e6aa4,1,1,0,-1,00000000,00000000,0,PASS
7,3,q8_0,C3,4,1024,32768,0bc8022fe798f080,1,1,0,-1,00000000,00000000,0,PASS
7,3,q8_0,C4,4,1024,32768,00c364baeed7cc77,1,1,0,-1,00000000,00000000,0,PASS
7,3,q8_0,C0,5,1024,32768,a536a061f9f0c383,1,1,0,-1,00000000,00000000,0,PASS
7,3,q8_0,C1,5,1024,32768,cd5cb4a48887d2aa,1,1,0,-1,00000000,00000000,0,PASS
7,3,q8_0,C2,5,1024,32768,fe68e9da3c4fa0b4,1,1,0,-1,00000000,00000000,0,PASS
7,3,q8_0,C3,5,1024,32768,c2b7bbdd15ee34a7,1,1,0,-1,00000000,00000000,0,PASS
7,3,q8_0,C4,5,1024,32768,85d67414a04db337,1,1,0,-1,00000000,00000000,0,PASS
7,3,q8_0,C0,6,1024,32768,e72bb1c2d8018383,1,1,0,-1,00000000,00000000,0,PASS
7,3,q8_0,C1,6,1024,32768,606b07352f77b793,1,1,0,-1,00000000,00000000,0,PASS
7,3,q8_0,C2,6,1024,32768,aac88d06cc8d8c24,1,1,0,-1,00000000,00000000,0,PASS
7,3,q8_0,C3,6,1024,32768,fc5cf149b4c7861a,1,1,0,-1,00000000,00000000,0,PASS
7,3,q8_0,C4,6,1024,32768,90a3e3c502279c0a,1,1,0,-1,00000000,00000000,0,PASS
7,3,q8_0,C0,7,1024,32768,d74e85f3e6124383,1,1,0,-1,00000000,00000000,0,PASS
7,3,q8_0,C1,7,1024,32768,0680c4d6b6eb585a,1,1,0,-1,00000000,00000000,0,PASS
7,3,q8_0,C2,7,1024,32768,68aeccecb4841b1a,1,1,0,-1,00000000,00000000,0,PASS
7,3,q8_0,C3,7,1024,32768,0a6bdb1c010fc8b9,1,1,0,-1,00000000,00000000,0,PASS
7,3,q8_0,C4,7,1024,32768,e3547e032da9e62a,1,1,0,-1,00000000,00000000,0,PASS
7,3,q8_0,C0,8,1024,32768,61e628f524230383,1,1,0,-1,00000000,00000000,0,PASS
7,3,q8_0,C1,8,1024,32768,f5568f1793b7e5c3,1,1,0,-1,00000000,00000000,0,PASS
7,3,q8_0,C2,8,1024,32768,f510f9a7c42e2707,1,1,0,-1,00000000,00000000,0,PASS
7,3,q8_0,C3,8,1024,32768,65d096c87c5a870c,1,1,0,-1,00000000,00000000,0,PASS
7,3,q8_0,C4,8,1024,32768,bb27994fbd6c0dde,1,1,0,-1,00000000,00000000,0,PASS
7,4,q8_0,C0,2,8192,4096,0e5df645d4a90383,1,1,0,-1,00000000,00000000,0,PASS
7,4,q8_0,C1,2,8192,4096,a7596f63ea26adb3,1,1,0,-1,00000000,00000000,0,PASS
7,4,q8_0,C2,2,8192,4096,6024392d967b7573,1,1,0,-1,00000000,00000000,0,PASS
7,4,q8_0,C3,2,8192,4096,b90d901c65740c9a,1,1,0,-1,00000000,00000000,0,PASS
7,4,q8_0,C4,2,8192,4096,756a42230c87de66,1,1,0,-1,00000000,00000000,0,PASS
7,4,q8_0,C0,3,8192,4096,a7e477a2852f0383,1,1,0,-1,00000000,00000000,0,PASS
7,4,q8_0,C1,3,8192,4096,40f463593d98e07a,1,1,0,-1,00000000,00000000,0,PASS
7,4,q8_0,C2,3,8192,4096,6bda8fe4c61d0fba,1,1,0,-1,00000000,00000000,0,PASS
7,4,q8_0,C3,3,8192,4096,b42a7d15dc8f4511,1,1,0,-1,00000000,00000000,0,PASS
7,4,q8_0,C4,3,8192,4096,7ef18a95c50f9806,1,1,0,-1,00000000,00000000,0,PASS
7,4,q8_0,C0,4,8192,4096,bc91ad0b35b50383,1,1,0,-1,00000000,00000000,0,PASS
7,4,q8_0,C1,4,8192,4096,1e7b80deb5521763,1,1,0,-1,00000000,00000000,0,PASS
7,4,q8_0,C2,4,8192,4096,95646a8ebd044b5d,1,1,0,-1,00000000,00000000,0,PASS
7,4,q8_0,C3,4,8192,4096,c35e8c78f3fc588f,1,1,0,-1,00000000,00000000,0,PASS
7,4,q8_0,C4,4,8192,4096,7b7263e3adedcd6f,1,1,0,-1,00000000,00000000,0,PASS
7,4,q8_0,C0,5,8192,4096,da7d967fe63b0383,1,1,0,-1,00000000,00000000,0,PASS
7,4,q8_0,C1,5,8192,4096,2439109c971292aa,1,1,0,-1,00000000,00000000,0,PASS
7,4,q8_0,C2,5,8192,4096,ac7103964b5c796d,1,1,0,-1,00000000,00000000,0,PASS
7,4,q8_0,C3,5,8192,4096,1521c5ec6fbbc23b,1,1,0,-1,00000000,00000000,0,PASS
7,4,q8_0,C4,5,8192,4096,84cd276f9ee09557,1,1,0,-1,00000000,00000000,0,PASS
7,4,q8_0,C0,6,8192,4096,8fc0340096c10383,1,1,0,-1,00000000,00000000,0,PASS
7,4,q8_0,C1,6,8192,4096,6b7fdec3ae93b793,1,1,0,-1,00000000,00000000,0,PASS
7,4,q8_0,C2,6,8192,4096,158880dca80356a5,1,1,0,-1,00000000,00000000,0,PASS
7,4,q8_0,C3,6,8192,4096,2023cf9b38a01aed,1,1,0,-1,00000000,00000000,0,PASS
7,4,q8_0,C4,6,8192,4096,6fb2cac120b4a24e,1,1,0,-1,00000000,00000000,0,PASS
7,4,q8_0,C0,7,8192,4096,6a71858d47470383,1,1,0,-1,00000000,00000000,0,PASS
7,4,q8_0,C1,7,8192,4096,665eaf56fa04d85a,1,1,0,-1,00000000,00000000,0,PASS
7,4,q8_0,C2,7,8192,4096,d0efefe3fcd897e2,1,1,0,-1,00000000,00000000,0,PASS
7,4,q8_0,C3,7,8192,4096,28ae34b483cc9039,1,1,0,-1,00000000,00000000,0,PASS
7,4,q8_0,C4,7,8192,4096,90b943a9e7d55d36,1,1,0,-1,00000000,00000000,0,PASS
7,4,q8_0,C0,8,8192,4096,f8a98b25f7cd0383,1,1,0,-1,00000000,00000000,0,PASS
7,4,q8_0,C1,8,8192,4096,c26c1a6b3d36a5c3,1,1,0,-1,00000000,00000000,0,PASS
7,4,q8_0,C2,8,8192,4096,95ac06e3a54b4ef2,1,1,0,-1,00000000,00000000,0,PASS
7,4,q8_0,C3,8,8192,4096,bc77981a9ce263d0,1,1,0,-1,00000000,00000000,0,PASS
7,4,q8_0,C4,8,8192,4096,3da45e1f8a9f3b1f,1,1,0,-1,00000000,00000000,0,PASS
7,5,f16,C0,2,16384,24,bc91ad0b35b50383,1,1,0,-1,00000000,00000000,0,PASS
7,5,f16,C1,2,16384,24,5dc3d7543112adb3,1,1,0,-1,00000000,00000000,0,PASS
7,5,f16,C2,2,16384,24,2182d4551e4fe2a3,1,1,0,-1,00000000,00000000,0,PASS
7,5,f16,C3,2,16384,24,fc8a566769105ee4,1,1,0,-1,00000000,00000000,0,PASS
7,5,f16,C4,2,16384,24,b25fa2af1f4d979f,1,1,0,-1,00000000,00000000,0,PASS
7,5,f16,C0,3,16384,24,8fc0340096c10383,1,1,0,-1,00000000,00000000,0,PASS
7,5,f16,C1,3,16384,24,b7a628de7278e07a,1,1,0,-1,00000000,00000000,0,PASS
7,5,f16,C2,3,16384,24,05a69f75d2d8e36d,1,1,0,-1,00000000,00000000,0,PASS
7,5,f16,C3,3,16384,24,279426ccb9dc3662,1,1,0,-1,00000000,00000000,0,PASS
7,5,f16,C4,3,16384,24,f5166e1daf6a5307,1,1,0,-1,00000000,00000000,0,PASS
7,5,f16,C0,4,16384,24,f8a98b25f7cd0383,1,1,0,-1,00000000,00000000,0,PASS
7,5,f16,C1,4,16384,24,6dd2f6a152781763,1,1,0,-1,00000000,00000000,0,PASS
7,5,f16,C2,4,16384,24,03b1a534c5b2c557,1,1,0,-1,00000000,00000000,0,PASS
7,5,f16,C3,4,16384,24,0e3cbc769c80e8cf,1,1,0,-1,00000000,00000000,0,PASS
7,5,f16,C4,4,16384,24,77f735b69bbdcc77,1,1,0,-1,00000000,00000000,0,PASS
7,5,f16,C0,5,16384,24,680db27b58d90383,1,1,0,-1,00000000,00000000,0,PASS
7,5,f16,C1,5,16384,24,849b32211e8c92aa,1,1,0,-1,00000000,00000000,0,PASS
7,5,f16,C2,5,16384,24,5c63d5b6c8cd0fe7,1,1,0,-1,00000000,00000000,0,PASS
7,5,f16,C3,5,16384,24,75fe5d3bf4167263,1,1,0,-1,00000000,00000000,0,PASS
7,5,f16,C4,5,16384,24,afa0291542a0c337,1,1,0,-1,00000000,00000000,0,PASS
7,5,f16,C0,6,16384,24,4eacaa00b9e50383,1,1,0,-1,00000000,00000000,0,PASS
7,5,f16,C1,6,16384,24,aa9ab88976b3b793,1,1,0,-1,00000000,00000000,0,PASS
7,5,f16,C2,6,16384,24,7492baf760eee0bc,1,1,0,-1,00000000,00000000,0,PASS
7,5,f16,C3,6,16384,24,9277ed85be5bfd87,1,1,0,-1,00000000,00000000,0,PASS
7,5,f16,C4,6,16384,24,f28d61a32b65fc0a,1,1,0,-1,00000000,00000000,0,PASS
7,5,f16,C0,7,16384,24,1d4671b61af10383,1,1,0,-1,00000000,00000000,0,PASS
7,5,f16,C1,7,16384,24,3a7a16ba8fd8d85a,1,1,0,-1,00000000,00000000,0,PASS
7,5,f16,C2,7,16384,24,711aa99ced25a706,1,1,0,-1,00000000,00000000,0,PASS
7,5,f16,C3,7,16384,24,2458885d8f100e13,1,1,0,-1,00000000,00000000,0,PASS
7,5,f16,C4,7,16384,24,6441aebc43e8962a,1,1,0,-1,00000000,00000000,0,PASS
7,5,f16,C0,8,16384,24,449b099b7bfd0383,1,1,0,-1,00000000,00000000,0,PASS
7,5,f16,C1,8,16384,24,80cdba4d8810a5c3,1,1,0,-1,00000000,00000000,0,PASS
7,5,f16,C2,8,16384,24,af28154ffb9ea876,1,1,0,-1,00000000,00000000,0,PASS
7,5,f16,C3,8,16384,24,82e9162662986a8d,1,1,0,-1,00000000,00000000,0,PASS
7,5,f16,C4,8,16384,24,9e50fb1212e9adde,1,1,0,-1,00000000,00000000,0,PASS
7,6,f16,C0,2,4096,256,61e628f524230383,1,1,0,-1,00000000,00000000,0,PASS
7,6,f16,C1,2,4096,256,f3458625c6b0adb3,1,1,0,-1,00000000,00000000,0,PASS
7,6,f16,C2,2,4096,256,eaa8b46e71e992b4,1,1,0,-1,00000000,00000000,0,PASS
7,6,f16,C3,2,4096,256,a56f84e2f870ac34,1,1,0,-1,00000000,00000000,0,PASS
7,6,f16,C4,2,4096,256,4712e9c2b1324d63,1,1,0,-1,00000000,00000000,0,PASS
7,6,f16,C0,3,4096,256,f361b91bfc660383,1,1,0,-1,00000000,00000000,0,PASS
7,6,f16,C1,3,4096,256,36aaaa69a328e07a,1,1,0,-1,00000000,00000000,0,PASS
7,6,f16,C2,3,4096,256,e36dde151415c0df,1,1,0,-1,00000000,00000000,0,PASS
7,6,f16,C3,3,4096,256,a947b85065a30d75,1,1,0,-1,00000000,00000000,0,PASS
7,6,f16,C4,3,4096,256,e34480993503b8a3,1,1,0,-1,00000000,00000000,0,PASS
7,6,f16,C0,4,4096,256,0e5df645d4a90383,1,1,0,-1,00000000,00000000,0,PASS
7,6,f16,C1,4,4096,256,cb611474e6bf1763,1,1,0,-1,00000000,00000000,0,PASS
7,6,f16,C2,4,4096,256,a668df01d5618865,1,1,0,-1,00000000,00000000,0,PASS
7,6,f16,C3,4,4096,256,969d26ec962edb24,1,1,0,-1,00000000,00000000,0,PASS
7,6,f16,C4,4,4096,256,04144d081eb41f66,1,1,0,-1,00000000,00000000,0,PASS
7,6,f16,C0,5,4096,256,649de072acec0383,1,1,0,-1,00000000,00000000,0,PASS
7,6,f16,C1,5,4096,256,7d3627c9d35592aa,1,1,0,-1,00000000,00000000,0,PASS
7,6,f16,C2,5,4096,256,d13581044f3dfab0,1,1,0,-1,00000000,00000000,0,PASS
7,6,f16,C3,5,4096,256,a4dd3e294d2a6e57,1,1,0,-1,00000000,00000000,0,PASS
7,6,f16,C4,5,4096,256,9ca02a032bb24fc6,1,1,0,-1,00000000,00000000,0,PASS
7,6,f16,C0,6,4096,256,a7e477a2852f0383,1,1,0,-1,00000000,00000000,0,PASS
7,6,f16,C1,6,4096,256,a8f5fc63ca83b793,1,1,0,-1,00000000,00000000,0,PASS
7,6,f16,C2,6,4096,256,2e2a6a2802a71ed0,1,1,0,-1,00000000,00000000,0,PASS
7,6,f16,C3,6,4096,256,e87dd0c30fe819c9,1,1,0,-1,00000000,00000000,0,PASS
7,6,f16,C4,6,4096,256,e725a82e9783c012,1,1,0,-1,00000000,00000000,0,PASS
7,6,f16,C0,7,4096,256,89f4bbd55d720383,1,1,0,-1,00000000,00000000,0,PASS
7,6,f16,C1,7,4096,256,8a1e5e5f2f1ad85a,1,1,0,-1,00000000,00000000,0,PASS
7,6,f16,C2,7,4096,256,38cba9f3d15ed87c,1,1,0,-1,00000000,00000000,0,PASS
7,6,f16,C3,7,4096,256,0e442309a22e0052,1,1,0,-1,00000000,00000000,0,PASS
7,6,f16,C4,7,4096,256,a56d33ae4c8c775a,1,1,0,-1,00000000,00000000,0,PASS
7,6,f16,C0,8,4096,256,bc91ad0b35b50383,1,1,0,-1,00000000,00000000,0,PASS
7,6,f16,C1,8,4096,256,b049445697c9a5c3,1,1,0,-1,00000000,00000000,0,PASS
7,6,f16,C2,8,4096,256,7efc99aea35888c7,1,1,0,-1,00000000,00000000,0,PASS
7,6,f16,C3,8,4096,256,fd409ce0b7d4ee1e,1,1,0,-1,00000000,00000000,0,PASS
7,6,f16,C4,8,4096,256,d8f79ecae2861f1f,1,1,0,-1,00000000,00000000,0,PASS
8,0,f16,C0,2,16384,24,bc91ad0b35b50383,1,1,0,-1,00000000,00000000,0,PASS
8,0,f16,C1,2,16384,24,5dc3d7543112adb3,1,1,0,-1,00000000,00000000,0,PASS
8,0,f16,C2,2,16384,24,2182d4551e4fe2a3,1,1,0,-1,00000000,00000000,0,PASS
8,0,f16,C3,2,16384,24,59ca55ba212dc85a,1,1,0,-1,00000000,00000000,0,PASS
8,0,f16,C4,2,16384,24,b25fa2af1f4d979f,1,1,0,-1,00000000,00000000,0,PASS
8,0,f16,C0,3,16384,24,8fc0340096c10383,1,1,0,-1,00000000,00000000,0,PASS
8,0,f16,C1,3,16384,24,b7a628de7278e07a,1,1,0,-1,00000000,00000000,0,PASS
8,0,f16,C2,3,16384,24,05a69f75d2d8e36d,1,1,0,-1,00000000,00000000,0,PASS
8,0,f16,C3,3,16384,24,303220d5300d76b2,1,1,0,-1,00000000,00000000,0,PASS
8,0,f16,C4,3,16384,24,f5166e1daf6a5307,1,1,0,-1,00000000,00000000,0,PASS
8,0,f16,C0,4,16384,24,f8a98b25f7cd0383,1,1,0,-1,00000000,00000000,0,PASS
8,0,f16,C1,4,16384,24,6dd2f6a152781763,1,1,0,-1,00000000,00000000,0,PASS
8,0,f16,C2,4,16384,24,03b1a534c5b2c557,1,1,0,-1,00000000,00000000,0,PASS
8,0,f16,C3,4,16384,24,f4db51b1649c9093,1,1,0,-1,00000000,00000000,0,PASS
8,0,f16,C4,4,16384,24,77f735b69bbdcc77,1,1,0,-1,00000000,00000000,0,PASS
8,0,f16,C0,5,16384,24,680db27b58d90383,1,1,0,-1,00000000,00000000,0,PASS
8,0,f16,C1,5,16384,24,849b32211e8c92aa,1,1,0,-1,00000000,00000000,0,PASS
8,0,f16,C2,5,16384,24,5c63d5b6c8cd0fe7,1,1,0,-1,00000000,00000000,0,PASS
8,0,f16,C3,5,16384,24,27176b39a9a95a5b,1,1,0,-1,00000000,00000000,0,PASS
8,0,f16,C4,5,16384,24,afa0291542a0c337,1,1,0,-1,00000000,00000000,0,PASS
8,0,f16,C0,6,16384,24,4eacaa00b9e50383,1,1,0,-1,00000000,00000000,0,PASS
8,0,f16,C1,6,16384,24,aa9ab88976b3b793,1,1,0,-1,00000000,00000000,0,PASS
8,0,f16,C2,6,16384,24,7492baf760eee0bc,1,1,0,-1,00000000,00000000,0,PASS
8,0,f16,C3,6,16384,24,fdfd00c12a8f6142,1,1,0,-1,00000000,00000000,0,PASS
8,0,f16,C4,6,16384,24,f28d61a32b65fc0a,1,1,0,-1,00000000,00000000,0,PASS
8,0,f16,C0,7,16384,24,1d4671b61af10383,1,1,0,-1,00000000,00000000,0,PASS
8,0,f16,C1,7,16384,24,3a7a16ba8fd8d85a,1,1,0,-1,00000000,00000000,0,PASS
8,0,f16,C2,7,16384,24,711aa99ced25a706,1,1,0,-1,00000000,00000000,0,PASS
8,0,f16,C3,7,16384,24,4d63e85a1150aac9,1,1,0,-1,00000000,00000000,0,PASS
8,0,f16,C4,7,16384,24,6441aebc43e8962a,1,1,0,-1,00000000,00000000,0,PASS
8,0,f16,C0,8,16384,24,449b099b7bfd0383,1,1,0,-1,00000000,00000000,0,PASS
8,0,f16,C1,8,16384,24,80cdba4d8810a5c3,1,1,0,-1,00000000,00000000,0,PASS
8,0,f16,C2,8,16384,24,af28154ffb9ea876,1,1,0,-1,00000000,00000000,0,PASS
8,0,f16,C3,8,16384,24,2e5ddee78942bf5d,1,1,0,-1,00000000,00000000,0,PASS
8,0,f16,C4,8,16384,24,9e50fb1212e9adde,1,1,0,-1,00000000,00000000,0,PASS
8,1,q8_0,C0,2,4096,1024,61e628f524230383,1,1,0,-1,00000000,00000000,0,PASS
8,1,q8_0,C1,2,4096,1024,f3458625c6b0adb3,1,1,0,-1,00000000,00000000,0,PASS
8,1,q8_0,C2,2,4096,1024,eaa8b46e71e992b4,1,1,0,-1,00000000,00000000,0,PASS
8,1,q8_0,C3,2,4096,1024,40839f740896b7b2,1,1,0,-1,00000000,00000000,0,PASS
8,1,q8_0,C4,2,4096,1024,4712e9c2b1324d63,1,1,0,-1,00000000,00000000,0,PASS
8,1,q8_0,C0,3,4096,1024,f361b91bfc660383,1,1,0,-1,00000000,00000000,0,PASS
8,1,q8_0,C1,3,4096,1024,36aaaa69a328e07a,1,1,0,-1,00000000,00000000,0,PASS
8,1,q8_0,C2,3,4096,1024,e36dde151415c0df,1,1,0,-1,00000000,00000000,0,PASS
8,1,q8_0,C3,3,4096,1024,72d93df9ef5cec1b,1,1,0,-1,00000000,00000000,0,PASS
8,1,q8_0,C4,3,4096,1024,e34480993503b8a3,1,1,0,-1,00000000,00000000,0,PASS
8,1,q8_0,C0,4,4096,1024,0e5df645d4a90383,1,1,0,-1,00000000,00000000,0,PASS
8,1,q8_0,C1,4,4096,1024,cb611474e6bf1763,1,1,0,-1,00000000,00000000,0,PASS
8,1,q8_0,C2,4,4096,1024,a668df01d5618865,1,1,0,-1,00000000,00000000,0,PASS
8,1,q8_0,C3,4,4096,1024,a6e77f4721223f32,1,1,0,-1,00000000,00000000,0,PASS
8,1,q8_0,C4,4,4096,1024,04144d081eb41f66,1,1,0,-1,00000000,00000000,0,PASS
8,1,q8_0,C0,5,4096,1024,649de072acec0383,1,1,0,-1,00000000,00000000,0,PASS
8,1,q8_0,C1,5,4096,1024,7d3627c9d35592aa,1,1,0,-1,00000000,00000000,0,PASS
8,1,q8_0,C2,5,4096,1024,d13581044f3dfab0,1,1,0,-1,00000000,00000000,0,PASS
8,1,q8_0,C3,5,4096,1024,50f87f48ab35ead3,1,1,0,-1,00000000,00000000,0,PASS
8,1,q8_0,C4,5,4096,1024,9ca02a032bb24fc6,1,1,0,-1,00000000,00000000,0,PASS
8,1,q8_0,C0,6,4096,1024,a7e477a2852f0383,1,1,0,-1,00000000,00000000,0,PASS
8,1,q8_0,C1,6,4096,1024,a8f5fc63ca83b793,1,1,0,-1,00000000,00000000,0,PASS
8,1,q8_0,C2,6,4096,1024,2e2a6a2802a71ed0,1,1,0,-1,00000000,00000000,0,PASS
8,1,q8_0,C3,6,4096,1024,8ae196babd517cf3,1,1,0,-1,00000000,00000000,0,PASS
8,1,q8_0,C4,6,4096,1024,e725a82e9783c012,1,1,0,-1,00000000,00000000,0,PASS
8,1,q8_0,C0,7,4096,1024,89f4bbd55d720383,1,1,0,-1,00000000,00000000,0,PASS
8,1,q8_0,C1,7,4096,1024,8a1e5e5f2f1ad85a,1,1,0,-1,00000000,00000000,0,PASS
8,1,q8_0,C2,7,4096,1024,38cba9f3d15ed87c,1,1,0,-1,00000000,00000000,0,PASS
8,1,q8_0,C3,7,4096,1024,f46e0fb6048ec51c,1,1,0,-1,00000000,00000000,0,PASS
8,1,q8_0,C4,7,4096,1024,a56d33ae4c8c775a,1,1,0,-1,00000000,00000000,0,PASS
8,1,q8_0,C0,8,4096,1024,bc91ad0b35b50383,1,1,0,-1,00000000,00000000,0,PASS
8,1,q8_0,C1,8,4096,1024,b049445697c9a5c3,1,1,0,-1,00000000,00000000,0,PASS
8,1,q8_0,C2,8,4096,1024,7efc99aea35888c7,1,1,0,-1,00000000,00000000,0,PASS
8,1,q8_0,C3,8,4096,1024,6c3f28ef89cc4610,1,1,0,-1,00000000,00000000,0,PASS
8,1,q8_0,C4,8,4096,1024,d8f79ecae2861f1f,1,1,0,-1,00000000,00000000,0,PASS
8,2,q8_0,C0,2,4096,512,61e628f524230383,1,1,0,-1,00000000,00000000,0,PASS
8,2,q8_0,C1,2,4096,512,f3458625c6b0adb3,1,1,0,-1,00000000,00000000,0,PASS
8,2,q8_0,C2,2,4096,512,eaa8b46e71e992b4,1,1,0,-1,00000000,00000000,0,PASS
8,2,q8_0,C3,2,4096,512,c46f0b58cc4f178b,1,1,0,-1,00000000,00000000,0,PASS
8,2,q8_0,C4,2,4096,512,4712e9c2b1324d63,1,1,0,-1,00000000,00000000,0,PASS
8,2,q8_0,C0,3,4096,512,f361b91bfc660383,1,1,0,-1,00000000,00000000,0,PASS
8,2,q8_0,C1,3,4096,512,36aaaa69a328e07a,1,1,0,-1,00000000,00000000,0,PASS
8,2,q8_0,C2,3,4096,512,e36dde151415c0df,1,1,0,-1,00000000,00000000,0,PASS
8,2,q8_0,C3,3,4096,512,5a0110b4366d9b01,1,1,0,-1,00000000,00000000,0,PASS
8,2,q8_0,C4,3,4096,512,e34480993503b8a3,1,1,0,-1,00000000,00000000,0,PASS
8,2,q8_0,C0,4,4096,512,0e5df645d4a90383,1,1,0,-1,00000000,00000000,0,PASS
8,2,q8_0,C1,4,4096,512,cb611474e6bf1763,1,1,0,-1,00000000,00000000,0,PASS
8,2,q8_0,C2,4,4096,512,a668df01d5618865,1,1,0,-1,00000000,00000000,0,PASS
8,2,q8_0,C3,4,4096,512,0418c664258b5e77,1,1,0,-1,00000000,00000000,0,PASS
8,2,q8_0,C4,4,4096,512,04144d081eb41f66,1,1,0,-1,00000000,00000000,0,PASS
8,2,q8_0,C0,5,4096,512,649de072acec0383,1,1,0,-1,00000000,00000000,0,PASS
8,2,q8_0,C1,5,4096,512,7d3627c9d35592aa,1,1,0,-1,00000000,00000000,0,PASS
8,2,q8_0,C2,5,4096,512,d13581044f3dfab0,1,1,0,-1,00000000,00000000,0,PASS
8,2,q8_0,C3,5,4096,512,d557e43b21272275,1,1,0,-1,00000000,00000000,0,PASS
8,2,q8_0,C4,5,4096,512,9ca02a032bb24fc6,1,1,0,-1,00000000,00000000,0,PASS
8,2,q8_0,C0,6,4096,512,a7e477a2852f0383,1,1,0,-1,00000000,00000000,0,PASS
8,2,q8_0,C1,6,4096,512,a8f5fc63ca83b793,1,1,0,-1,00000000,00000000,0,PASS
8,2,q8_0,C2,6,4096,512,2e2a6a2802a71ed0,1,1,0,-1,00000000,00000000,0,PASS
8,2,q8_0,C3,6,4096,512,da522a496b6d2d74,1,1,0,-1,00000000,00000000,0,PASS
8,2,q8_0,C4,6,4096,512,e725a82e9783c012,1,1,0,-1,00000000,00000000,0,PASS
8,2,q8_0,C0,7,4096,512,89f4bbd55d720383,1,1,0,-1,00000000,00000000,0,PASS
8,2,q8_0,C1,7,4096,512,8a1e5e5f2f1ad85a,1,1,0,-1,00000000,00000000,0,PASS
8,2,q8_0,C2,7,4096,512,38cba9f3d15ed87c,1,1,0,-1,00000000,00000000,0,PASS
8,2,q8_0,C3,7,4096,512,d61db58c82900e2e,1,1,0,-1,00000000,00000000,0,PASS
8,2,q8_0,C4,7,4096,512,a56d33ae4c8c775a,1,1,0,-1,00000000,00000000,0,PASS
8,2,q8_0,C0,8,4096,512,bc91ad0b35b50383,1,1,0,-1,00000000,00000000,0,PASS
8,2,q8_0,C1,8,4096,512,b049445697c9a5c3,1,1,0,-1,00000000,00000000,0,PASS
8,2,q8_0,C2,8,4096,512,7efc99aea35888c7,1,1,0,-1,00000000,00000000,0,PASS
8,2,q8_0,C3,8,4096,512,31686287b57ae08d,1,1,0,-1,00000000,00000000,0,PASS
8,2,q8_0,C4,8,4096,512,d8f79ecae2861f1f,1,1,0,-1,00000000,00000000,0,PASS
8,3,q8_0,C0,2,1024,32768,66a385207fbe8383,1,1,0,-1,00000000,00000000,0,PASS
8,3,q8_0,C1,2,1024,32768,ea4b97e88c182db3,1,1,0,-1,00000000,00000000,0,PASS
8,3,q8_0,C2,2,1024,32768,70800d37477b9cc9,1,1,0,-1,00000000,00000000,0,PASS
8,3,q8_0,C3,2,1024,32768,6fe48671203fe418,1,1,0,-1,00000000,00000000,0,PASS
8,3,q8_0,C4,2,1024,32768,71e3b48a7ebcb79f,1,1,0,-1,00000000,00000000,0,PASS
8,3,q8_0,C0,3,1024,32768,09b99610cdcf4383,1,1,0,-1,00000000,00000000,0,PASS
8,3,q8_0,C1,3,1024,32768,f303d2023f54e07a,1,1,0,-1,00000000,00000000,0,PASS
8,3,q8_0,C2,3,1024,32768,17b139ff4bb1b56e,1,1,0,-1,00000000,00000000,0,PASS
8,3,q8_0,C3,3,1024,32768,d41ff4730d40bec7,1,1,0,-1,00000000,00000000,0,PASS
8,3,q8_0,C4,3,1024,32768,7684a1bb04066307,1,1,0,-1,00000000,00000000,0,PASS
8,3,q8_0,C0,4,1024,32768,a82845d14be00383,1,1,0,-1,00000000,00000000,0,PASS
8,3,q8_0,C1,4,1024,32768,829e2379d3d0d763,1,1,0,-1,00000000,00000000,0,PASS
8,3,q8_0,C2,4,1024,32768,2c41771fb26e6aa4,1,1,0,-1,00000000,00000000,0,PASS
8,3,q8_0,C3,4,1024,32768,7dc378788e33187a,1,1,0,-1,00000000,00000000,0,PASS
8,3,q8_0,C4,4,1024,32768,00c364baeed7cc77,1,1,0,-1,00000000,00000000,0,PASS
8,3,q8_0,C0,5,1024,32768,a536a061f9f0c383,1,1,0,-1,00000000,00000000,0,PASS
8,3,q8_0,C1,5,1024,32768,cd5cb4a48887d2aa,1,1,0,-1,00000000,00000000,0,PASS
8,3,q8_0,C2,5,1024,32768,fe68e9da3c4fa0b4,1,1,0,-1,00000000,00000000,0,PASS
8,3,q8_0,C3,5,1024,32768,fac031a01190fdf6,1,1,0,-1,00000000,00000000,0,PASS
8,3,q8_0,C4,5,1024,32768,85d67414a04db337,1,1,0,-1,00000000,00000000,0,PASS
8,3,q8_0,C0,6,1024,32768,e72bb1c2d8018383,1,1,0,-1,00000000,00000000,0,PASS
8,3,q8_0,C1,6,1024,32768,606b07352f77b793,1,1,0,-1,00000000,00000000,0,PASS
8,3,q8_0,C2,6,1024,32768,aac88d06cc8d8c24,1,1,0,-1,00000000,00000000,0,PASS
8,3,q8_0,C3,6,1024,32768,a69cf3fe1a4a7516,1,1,0,-1,00000000,00000000,0,PASS
8,3,q8_0,C4,6,1024,32768,90a3e3c502279c0a,1,1,0,-1,00000000,00000000,0,PASS
8,3,q8_0,C0,7,1024,32768,d74e85f3e6124383,1,1,0,-1,00000000,00000000,0,PASS
8,3,q8_0,C1,7,1024,32768,0680c4d6b6eb585a,1,1,0,-1,00000000,00000000,0,PASS
8,3,q8_0,C2,7,1024,32768,68aeccecb4841b1a,1,1,0,-1,00000000,00000000,0,PASS
8,3,q8_0,C3,7,1024,32768,37c112e7ea64b6f6,1,1,0,-1,00000000,00000000,0,PASS
8,3,q8_0,C4,7,1024,32768,e3547e032da9e62a,1,1,0,-1,00000000,00000000,0,PASS
8,3,q8_0,C0,8,1024,32768,61e628f524230383,1,1,0,-1,00000000,00000000,0,PASS
8,3,q8_0,C1,8,1024,32768,f5568f1793b7e5c3,1,1,0,-1,00000000,00000000,0,PASS
8,3,q8_0,C2,8,1024,32768,f510f9a7c42e2707,1,1,0,-1,00000000,00000000,0,PASS
8,3,q8_0,C3,8,1024,32768,79df851211cec522,1,1,0,-1,00000000,00000000,0,PASS
8,3,q8_0,C4,8,1024,32768,bb27994fbd6c0dde,1,1,0,-1,00000000,00000000,0,PASS
8,4,q8_0,C0,2,8192,4096,0e5df645d4a90383,1,1,0,-1,00000000,00000000,0,PASS
8,4,q8_0,C1,2,8192,4096,a7596f63ea26adb3,1,1,0,-1,00000000,00000000,0,PASS
8,4,q8_0,C2,2,8192,4096,6024392d967b7573,1,1,0,-1,00000000,00000000,0,PASS
8,4,q8_0,C3,2,8192,4096,b4914e8f30251ff7,1,1,0,-1,00000000,00000000,0,PASS
8,4,q8_0,C4,2,8192,4096,756a42230c87de66,1,1,0,-1,00000000,00000000,0,PASS
8,4,q8_0,C0,3,8192,4096,a7e477a2852f0383,1,1,0,-1,00000000,00000000,0,PASS
8,4,q8_0,C1,3,8192,4096,40f463593d98e07a,1,1,0,-1,00000000,00000000,0,PASS
8,4,q8_0,C2,3,8192,4096,6bda8fe4c61d0fba,1,1,0,-1,00000000,00000000,0,PASS
8,4,q8_0,C3,3,8192,4096,66874a4557c8ffcf,1,1,0,-1,00000000,00000000,0,PASS
8,4,q8_0,C4,3,8192,4096,7ef18a95c50f9806,1,1,0,-1,00000000,00000000,0,PASS
8,4,q8_0,C0,4,8192,4096,bc91ad0b35b50383,1,1,0,-1,00000000,00000000,0,PASS
8,4,q8_0,C1,4,8192,4096,1e7b80deb5521763,1,1,0,-1,00000000,00000000,0,PASS
8,4,q8_0,C2,4,8192,4096,95646a8ebd044b5d,1,1,0,-1,00000000,00000000,0,PASS
8,4,q8_0,C3,4,8192,4096,3f4423a2a4ee94ed,1,1,0,-1,00000000,00000000,0,PASS
8,4,q8_0,C4,4,8192,4096,7b7263e3adedcd6f,1,1,0,-1,00000000,00000000,0,PASS
8,4,q8_0,C0,5,8192,4096,da7d967fe63b0383,1,1,0,-1,00000000,00000000,0,PASS
8,4,q8_0,C1,5,8192,4096,2439109c971292aa,1,1,0,-1,00000000,00000000,0,PASS
8,4,q8_0,C2,5,8192,4096,ac7103964b5c796d,1,1,0,-1,00000000,00000000,0,PASS
8,4,q8_0,C3,5,8192,4096,75515d8b67733965,1,1,0,-1,00000000,00000000,0,PASS
8,4,q8_0,C4,5,8192,4096,84cd276f9ee09557,1,1,0,-1,00000000,00000000,0,PASS
8,4,q8_0,C0,6,8192,4096,8fc0340096c10383,1,1,0,-1,00000000,00000000,0,PASS
8,4,q8_0,C1,6,8192,4096,6b7fdec3ae93b793,1,1,0,-1,00000000,00000000,0,PASS
8,4,q8_0,C2,6,8192,4096,158880dca80356a5,1,1,0,-1,00000000,00000000,0,PASS
8,4,q8_0,C3,6,8192,4096,e879cec94eab60d1,1,1,0,-1,00000000,00000000,0,PASS
8,4,q8_0,C4,6,8192,4096,6fb2cac120b4a24e,1,1,0,-1,00000000,00000000,0,PASS
8,4,q8_0,C0,7,8192,4096,6a71858d47470383,1,1,0,-1,00000000,00000000,0,PASS
8,4,q8_0,C1,7,8192,4096,665eaf56fa04d85a,1,1,0,-1,00000000,00000000,0,PASS
8,4,q8_0,C2,7,8192,4096,d0efefe3fcd897e2,1,1,0,-1,00000000,00000000,0,PASS
8,4,q8_0,C3,7,8192,4096,57034c1acf729aa9,1,1,0,-1,00000000,00000000,0,PASS
8,4,q8_0,C4,7,8192,4096,90b943a9e7d55d36,1,1,0,-1,00000000,00000000,0,PASS
8,4,q8_0,C0,8,8192,4096,f8a98b25f7cd0383,1,1,0,-1,00000000,00000000,0,PASS
8,4,q8_0,C1,8,8192,4096,c26c1a6b3d36a5c3,1,1,0,-1,00000000,00000000,0,PASS
8,4,q8_0,C2,8,8192,4096,95ac06e3a54b4ef2,1,1,0,-1,00000000,00000000,0,PASS
8,4,q8_0,C3,8,8192,4096,eb79022a06d0171a,1,1,0,-1,00000000,00000000,0,PASS
8,4,q8_0,C4,8,8192,4096,3da45e1f8a9f3b1f,1,1,0,-1,00000000,00000000,0,PASS
8,5,f16,C0,2,16384,24,bc91ad0b35b50383,1,1,0,-1,00000000,00000000,0,PASS
8,5,f16,C1,2,16384,24,5dc3d7543112adb3,1,1,0,-1,00000000,00000000,0,PASS
8,5,f16,C2,2,16384,24,2182d4551e4fe2a3,1,1,0,-1,00000000,00000000,0,PASS
8,5,f16,C3,2,16384,24,d1d15329f21b8e88,1,1,0,-1,00000000,00000000,0,PASS
8,5,f16,C4,2,16384,24,b25fa2af1f4d979f,1,1,0,-1,00000000,00000000,0,PASS
8,5,f16,C0,3,16384,24,8fc0340096c10383,1,1,0,-1,00000000,00000000,0,PASS
8,5,f16,C1,3,16384,24,b7a628de7278e07a,1,1,0,-1,00000000,00000000,0,PASS
8,5,f16,C2,3,16384,24,05a69f75d2d8e36d,1,1,0,-1,00000000,00000000,0,PASS
8,5,f16,C3,3,16384,24,7cf7e0ed95ad9dac,1,1,0,-1,00000000,00000000,0,PASS
8,5,f16,C4,3,16384,24,f5166e1daf6a5307,1,1,0,-1,00000000,00000000,0,PASS
8,5,f16,C0,4,16384,24,f8a98b25f7cd0383,1,1,0,-1,00000000,00000000,0,PASS
8,5,f16,C1,4,16384,24,6dd2f6a152781763,1,1,0,-1,00000000,00000000,0,PASS
8,5,f16,C2,4,16384,24,03b1a534c5b2c557,1,1,0,-1,00000000,00000000,0,PASS
8,5,f16,C3,4,16384,24,290ebc0574f48d80,1,1,0,-1,00000000,00000000,0,PASS
8,5,f16,C4,4,16384,24,77f735b69bbdcc77,1,1,0,-1,00000000,00000000,0,PASS
8,5,f16,C0,5,16384,24,680db27b58d90383,1,1,0,-1,00000000,00000000,0,PASS
8,5,f16,C1,5,16384,24,849b32211e8c92aa,1,1,0,-1,00000000,00000000,0,PASS
8,5,f16,C2,5,16384,24,5c63d5b6c8cd0fe7,1,1,0,-1,00000000,00000000,0,PASS
8,5,f16,C3,5,16384,24,a99e817f6b469ef5,1,1,0,-1,00000000,00000000,0,PASS
8,5,f16,C4,5,16384,24,afa0291542a0c337,1,1,0,-1,00000000,00000000,0,PASS
8,5,f16,C0,6,16384,24,4eacaa00b9e50383,1,1,0,-1,00000000,00000000,0,PASS
8,5,f16,C1,6,16384,24,aa9ab88976b3b793,1,1,0,-1,00000000,00000000,0,PASS
8,5,f16,C2,6,16384,24,7492baf760eee0bc,1,1,0,-1,00000000,00000000,0,PASS
8,5,f16,C3,6,16384,24,8b05979f81b8b3ac,1,1,0,-1,00000000,00000000,0,PASS
8,5,f16,C4,6,16384,24,f28d61a32b65fc0a,1,1,0,-1,00000000,00000000,0,PASS
8,5,f16,C0,7,16384,24,1d4671b61af10383,1,1,0,-1,00000000,00000000,0,PASS
8,5,f16,C1,7,16384,24,3a7a16ba8fd8d85a,1,1,0,-1,00000000,00000000,0,PASS
8,5,f16,C2,7,16384,24,711aa99ced25a706,1,1,0,-1,00000000,00000000,0,PASS
8,5,f16,C3,7,16384,24,0517826ac53f31ec,1,1,0,-1,00000000,00000000,0,PASS
8,5,f16,C4,7,16384,24,6441aebc43e8962a,1,1,0,-1,00000000,00000000,0,PASS
8,5,f16,C0,8,16384,24,449b099b7bfd0383,1,1,0,-1,00000000,00000000,0,PASS
8,5,f16,C1,8,16384,24,80cdba4d8810a5c3,1,1,0,-1,00000000,00000000,0,PASS
8,5,f16,C2,8,16384,24,af28154ffb9ea876,1,1,0,-1,00000000,00000000,0,PASS
8,5,f16,C3,8,16384,24,c70cd7edf60eec60,1,1,0,-1,00000000,00000000,0,PASS
8,5,f16,C4,8,16384,24,9e50fb1212e9adde,1,1,0,-1,00000000,00000000,0,PASS
8,6,f16,C0,2,4096,256,61e628f524230383,1,1,0,-1,00000000,00000000,0,PASS
8,6,f16,C1,2,4096,256,f3458625c6b0adb3,1,1,0,-1,00000000,00000000,0,PASS
8,6,f16,C2,2,4096,256,eaa8b46e71e992b4,1,1,0,-1,00000000,00000000,0,PASS
8,6,f16,C3,2,4096,256,a817bd499bb9f798,1,1,0,-1,00000000,00000000,0,PASS
8,6,f16,C4,2,4096,256,4712e9c2b1324d63,1,1,0,-1,00000000,00000000,0,PASS
8,6,f16,C0,3,4096,256,f361b91bfc660383,1,1,0,-1,00000000,00000000,0,PASS
8,6,f16,C1,3,4096,256,36aaaa69a328e07a,1,1,0,-1,00000000,00000000,0,PASS
8,6,f16,C2,3,4096,256,e36dde151415c0df,1,1,0,-1,00000000,00000000,0,PASS
8,6,f16,C3,3,4096,256,515a47c9e2a3a267,1,1,0,-1,00000000,00000000,0,PASS
8,6,f16,C4,3,4096,256,e34480993503b8a3,1,1,0,-1,00000000,00000000,0,PASS
8,6,f16,C0,4,4096,256,0e5df645d4a90383,1,1,0,-1,00000000,00000000,0,PASS
8,6,f16,C1,4,4096,256,cb611474e6bf1763,1,1,0,-1,00000000,00000000,0,PASS
8,6,f16,C2,4,4096,256,a668df01d5618865,1,1,0,-1,00000000,00000000,0,PASS
8,6,f16,C3,4,4096,256,7ac08414fe0bb236,1,1,0,-1,00000000,00000000,0,PASS
8,6,f16,C4,4,4096,256,04144d081eb41f66,1,1,0,-1,00000000,00000000,0,PASS
8,6,f16,C0,5,4096,256,649de072acec0383,1,1,0,-1,00000000,00000000,0,PASS
8,6,f16,C1,5,4096,256,7d3627c9d35592aa,1,1,0,-1,00000000,00000000,0,PASS
8,6,f16,C2,5,4096,256,d13581044f3dfab0,1,1,0,-1,00000000,00000000,0,PASS
8,6,f16,C3,5,4096,256,7ccf4813682adecd,1,1,0,-1,00000000,00000000,0,PASS
8,6,f16,C4,5,4096,256,9ca02a032bb24fc6,1,1,0,-1,00000000,00000000,0,PASS
8,6,f16,C0,6,4096,256,a7e477a2852f0383,1,1,0,-1,00000000,00000000,0,PASS
8,6,f16,C1,6,4096,256,a8f5fc63ca83b793,1,1,0,-1,00000000,00000000,0,PASS
8,6,f16,C2,6,4096,256,2e2a6a2802a71ed0,1,1,0,-1,00000000,00000000,0,PASS
8,6,f16,C3,6,4096,256,d759d1f14470b657,1,1,0,-1,00000000,00000000,0,PASS
8,6,f16,C4,6,4096,256,e725a82e9783c012,1,1,0,-1,00000000,00000000,0,PASS
8,6,f16,C0,7,4096,256,89f4bbd55d720383,1,1,0,-1,00000000,00000000,0,PASS
8,6,f16,C1,7,4096,256,8a1e5e5f2f1ad85a,1,1,0,-1,00000000,00000000,0,PASS
8,6,f16,C2,7,4096,256,38cba9f3d15ed87c,1,1,0,-1,00000000,00000000,0,PASS
8,6,f16,C3,7,4096,256,6eb7d3f3b4a28d3c,1,1,0,-1,00000000,00000000,0,PASS
8,6,f16,C4,7,4096,256,a56d33ae4c8c775a,1,1,0,-1,00000000,00000000,0,PASS
8,6,f16,C0,8,4096,256,bc91ad0b35b50383,1,1,0,-1,00000000,00000000,0,PASS
8,6,f16,C1,8,4096,256,b049445697c9a5c3,1,1,0,-1,00000000,00000000,0,PASS
8,6,f16,C2,8,4096,256,7efc99aea35888c7,1,1,0,-1,00000000,00000000,0,PASS
8,6,f16,C3,8,4096,256,0f354f73f296ace1,1,1,0,-1,00000000,00000000,0,PASS
8,6,f16,C4,8,4096,256,d8f79ecae2861f1f,1,1,0,-1,00000000,00000000,0,PASS
9,0,f16,C0,2,16384,24,bc91ad0b35b50383,1,1,0,-1,00000000,00000000,0,PASS
9,0,f16,C1,2,16384,24,5dc3d7543112adb3,1,1,0,-1,00000000,00000000,0,PASS
9,0,f16,C2,2,16384,24,2182d4551e4fe2a3,1,1,0,-1,00000000,00000000,0,PASS
9,0,f16,C3,2,16384,24,c650428b071aa64e,1,1,0,-1,00000000,00000000,0,PASS
9,0,f16,C4,2,16384,24,b25fa2af1f4d979f,1,1,0,-1,00000000,00000000,0,PASS
9,0,f16,C0,3,16384,24,8fc0340096c10383,1,1,0,-1,00000000,00000000,0,PASS
9,0,f16,C1,3,16384,24,b7a628de7278e07a,1,1,0,-1,00000000,00000000,0,PASS
9,0,f16,C2,3,16384,24,05a69f75d2d8e36d,1,1,0,-1,00000000,00000000,0,PASS
9,0,f16,C3,3,16384,24,1572ddd9de892a97,1,1,0,-1,00000000,00000000,0,PASS
9,0,f16,C4,3,16384,24,f5166e1daf6a5307,1,1,0,-1,00000000,00000000,0,PASS
9,0,f16,C0,4,16384,24,f8a98b25f7cd0383,1,1,0,-1,00000000,00000000,0,PASS
9,0,f16,C1,4,16384,24,6dd2f6a152781763,1,1,0,-1,00000000,00000000,0,PASS
9,0,f16,C2,4,16384,24,03b1a534c5b2c557,1,1,0,-1,00000000,00000000,0,PASS
9,0,f16,C3,4,16384,24,54b5aab656c9b15a,1,1,0,-1,00000000,00000000,0,PASS
9,0,f16,C4,4,16384,24,77f735b69bbdcc77,1,1,0,-1,00000000,00000000,0,PASS
9,0,f16,C0,5,16384,24,680db27b58d90383,1,1,0,-1,00000000,00000000,0,PASS
9,0,f16,C1,5,16384,24,849b32211e8c92aa,1,1,0,-1,00000000,00000000,0,PASS
9,0,f16,C2,5,16384,24,5c63d5b6c8cd0fe7,1,1,0,-1,00000000,00000000,0,PASS
9,0,f16,C3,5,16384,24,7e993e7e97f55213,1,1,0,-1,00000000,00000000,0,PASS
9,0,f16,C4,5,16384,24,afa0291542a0c337,1,1,0,-1,00000000,00000000,0,PASS
9,0,f16,C0,6,16384,24,4eacaa00b9e50383,1,1,0,-1,00000000,00000000,0,PASS
9,0,f16,C1,6,16384,24,aa9ab88976b3b793,1,1,0,-1,00000000,00000000,0,PASS
9,0,f16,C2,6,16384,24,7492baf760eee0bc,1,1,0,-1,00000000,00000000,0,PASS
9,0,f16,C3,6,16384,24,4469966abb6fb710,1,1,0,-1,00000000,00000000,0,PASS
9,0,f16,C4,6,16384,24,f28d61a32b65fc0a,1,1,0,-1,00000000,00000000,0,PASS
9,0,f16,C0,7,16384,24,1d4671b61af10383,1,1,0,-1,00000000,00000000,0,PASS
9,0,f16,C1,7,16384,24,3a7a16ba8fd8d85a,1,1,0,-1,00000000,00000000,0,PASS
9,0,f16,C2,7,16384,24,711aa99ced25a706,1,1,0,-1,00000000,00000000,0,PASS
9,0,f16,C3,7,16384,24,aff4cd7ee09d4cc3,1,1,0,-1,00000000,00000000,0,PASS
9,0,f16,C4,7,16384,24,6441aebc43e8962a,1,1,0,-1,00000000,00000000,0,PASS
9,0,f16,C0,8,16384,24,449b099b7bfd0383,1,1,0,-1,00000000,00000000,0,PASS
9,0,f16,C1,8,16384,24,80cdba4d8810a5c3,1,1,0,-1,00000000,00000000,0,PASS
9,0,f16,C2,8,16384,24,af28154ffb9ea876,1,1,0,-1,00000000,00000000,0,PASS
9,0,f16,C3,8,16384,24,d55ea0f05d703ddc,1,1,0,-1,00000000,00000000,0,PASS
9,0,f16,C4,8,16384,24,9e50fb1212e9adde,1,1,0,-1,00000000,00000000,0,PASS
9,1,q8_0,C0,2,4096,1024,61e628f524230383,1,1,0,-1,00000000,00000000,0,PASS
9,1,q8_0,C1,2,4096,1024,f3458625c6b0adb3,1,1,0,-1,00000000,00000000,0,PASS
9,1,q8_0,C2,2,4096,1024,eaa8b46e71e992b4,1,1,0,-1,00000000,00000000,0,PASS
9,1,q8_0,C3,2,4096,1024,9c15c5c789b7d249,1,1,0,-1,00000000,00000000,0,PASS
9,1,q8_0,C4,2,4096,1024,4712e9c2b1324d63,1,1,0,-1,00000000,00000000,0,PASS
9,1,q8_0,C0,3,4096,1024,f361b91bfc660383,1,1,0,-1,00000000,00000000,0,PASS
9,1,q8_0,C1,3,4096,1024,36aaaa69a328e07a,1,1,0,-1,00000000,00000000,0,PASS
9,1,q8_0,C2,3,4096,1024,e36dde151415c0df,1,1,0,-1,00000000,00000000,0,PASS
9,1,q8_0,C3,3,4096,1024,deb1128b6bb5050e,1,1,0,-1,00000000,00000000,0,PASS
9,1,q8_0,C4,3,4096,1024,e34480993503b8a3,1,1,0,-1,00000000,00000000,0,PASS
9,1,q8_0,C0,4,4096,1024,0e5df645d4a90383,1,1,0,-1,00000000,00000000,0,PASS
9,1,q8_0,C1,4,4096,1024,cb611474e6bf1763,1,1,0,-1,00000000,00000000,0,PASS
9,1,q8_0,C2,4,4096,1024,a668df01d5618865,1,1,0,-1,00000000,00000000,0,PASS
9,1,q8_0,C3,4,4096,1024,d8ed6054e1421bf8,1,1,0,-1,00000000,00000000,0,PASS
9,1,q8_0,C4,4,4096,1024,04144d081eb41f66,1,1,0,-1,00000000,00000000,0,PASS
9,1,q8_0,C0,5,4096,1024,649de072acec0383,1,1,0,-1,00000000,00000000,0,PASS
9,1,q8_0,C1,5,4096,1024,7d3627c9d35592aa,1,1,0,-1,00000000,00000000,0,PASS
9,1,q8_0,C2,5,4096,1024,d13581044f3dfab0,1,1,0,-1,00000000,00000000,0,PASS
9,1,q8_0,C3,5,4096,1024,e2dcf7390de06a89,1,1,0,-1,00000000,00000000,0,PASS
9,1,q8_0,C4,5,4096,1024,9ca02a032bb24fc6,1,1,0,-1,00000000,00000000,0,PASS
9,1,q8_0,C0,6,4096,1024,a7e477a2852f0383,1,1,0,-1,00000000,00000000,0,PASS
9,1,q8_0,C1,6,4096,1024,a8f5fc63ca83b793,1,1,0,-1,00000000,00000000,0,PASS
9,1,q8_0,C2,6,4096,1024,2e2a6a2802a71ed0,1,1,0,-1,00000000,00000000,0,PASS
9,1,q8_0,C3,6,4096,1024,292eb9356c0672cf,1,1,0,-1,00000000,00000000,0,PASS
9,1,q8_0,C4,6,4096,1024,e725a82e9783c012,1,1,0,-1,00000000,00000000,0,PASS
9,1,q8_0,C0,7,4096,1024,89f4bbd55d720383,1,1,0,-1,00000000,00000000,0,PASS
9,1,q8_0,C1,7,4096,1024,8a1e5e5f2f1ad85a,1,1,0,-1,00000000,00000000,0,PASS
9,1,q8_0,C2,7,4096,1024,38cba9f3d15ed87c,1,1,0,-1,00000000,00000000,0,PASS
9,1,q8_0,C3,7,4096,1024,5aec3b7d2b592734,1,1,0,-1,00000000,00000000,0,PASS
9,1,q8_0,C4,7,4096,1024,a56d33ae4c8c775a,1,1,0,-1,00000000,00000000,0,PASS
9,1,q8_0,C0,8,4096,1024,bc91ad0b35b50383,1,1,0,-1,00000000,00000000,0,PASS
9,1,q8_0,C1,8,4096,1024,b049445697c9a5c3,1,1,0,-1,00000000,00000000,0,PASS
9,1,q8_0,C2,8,4096,1024,7efc99aea35888c7,1,1,0,-1,00000000,00000000,0,PASS
9,1,q8_0,C3,8,4096,1024,78fce09601f4d57d,1,1,0,-1,00000000,00000000,0,PASS
9,1,q8_0,C4,8,4096,1024,d8f79ecae2861f1f,1,1,0,-1,00000000,00000000,0,PASS
9,2,q8_0,C0,2,4096,512,61e628f524230383,1,1,0,-1,00000000,00000000,0,PASS
9,2,q8_0,C1,2,4096,512,f3458625c6b0adb3,1,1,0,-1,00000000,00000000,0,PASS
9,2,q8_0,C2,2,4096,512,eaa8b46e71e992b4,1,1,0,-1,00000000,00000000,0,PASS
9,2,q8_0,C3,2,4096,512,8269f24915af0a01,1,1,0,-1,00000000,00000000,0,PASS
9,2,q8_0,C4,2,4096,512,4712e9c2b1324d63,1,1,0,-1,00000000,00000000,0,PASS
9,2,q8_0,C0,3,4096,512,f361b91bfc660383,1,1,0,-1,00000000,00000000,0,PASS
9,2,q8_0,C1,3,4096,512,36aaaa69a328e07a,1,1,0,-1,00000000,00000000,0,PASS
9,2,q8_0,C2,3,4096,512,e36dde151415c0df,1,1,0,-1,00000000,00000000,0,PASS
9,2,q8_0,C3,3,4096,512,16f84b9336ed0005,1,1,0,-1,00000000,00000000,0,PASS
9,2,q8_0,C4,3,4096,512,e34480993503b8a3,1,1,0,-1,00000000,00000000,0,PASS
9,2,q8_0,C0,4,4096,512,0e5df645d4a90383,1,1,0,-1,00000000,00000000,0,PASS
9,2,q8_0,C1,4,4096,512,cb611474e6bf1763,1,1,0,-1,00000000,00000000,0,PASS
9,2,q8_0,C2,4,4096,512,a668df01d5618865,1,1,0,-1,00000000,00000000,0,PASS
9,2,q8_0,C3,4,4096,512,e8b873e29b38d085,1,1,0,-1,00000000,00000000,0,PASS
9,2,q8_0,C4,4,4096,512,04144d081eb41f66,1,1,0,-1,00000000,00000000,0,PASS
9,2,q8_0,C0,5,4096,512,649de072acec0383,1,1,0,-1,00000000,00000000,0,PASS
9,2,q8_0,C1,5,4096,512,7d3627c9d35592aa,1,1,0,-1,00000000,00000000,0,PASS
9,2,q8_0,C2,5,4096,512,d13581044f3dfab0,1,1,0,-1,00000000,00000000,0,PASS
9,2,q8_0,C3,5,4096,512,a370d171ce2f3248,1,1,0,-1,00000000,00000000,0,PASS
9,2,q8_0,C4,5,4096,512,9ca02a032bb24fc6,1,1,0,-1,00000000,00000000,0,PASS
9,2,q8_0,C0,6,4096,512,a7e477a2852f0383,1,1,0,-1,00000000,00000000,0,PASS
9,2,q8_0,C1,6,4096,512,a8f5fc63ca83b793,1,1,0,-1,00000000,00000000,0,PASS
9,2,q8_0,C2,6,4096,512,2e2a6a2802a71ed0,1,1,0,-1,00000000,00000000,0,PASS
9,2,q8_0,C3,6,4096,512,b7273d2a0e385161,1,1,0,-1,00000000,00000000,0,PASS
9,2,q8_0,C4,6,4096,512,e725a82e9783c012,1,1,0,-1,00000000,00000000,0,PASS
9,2,q8_0,C0,7,4096,512,89f4bbd55d720383,1,1,0,-1,00000000,00000000,0,PASS
9,2,q8_0,C1,7,4096,512,8a1e5e5f2f1ad85a,1,1,0,-1,00000000,00000000,0,PASS
9,2,q8_0,C2,7,4096,512,38cba9f3d15ed87c,1,1,0,-1,00000000,00000000,0,PASS
9,2,q8_0,C3,7,4096,512,fec10b7affb0ffc9,1,1,0,-1,00000000,00000000,0,PASS
9,2,q8_0,C4,7,4096,512,a56d33ae4c8c775a,1,1,0,-1,00000000,00000000,0,PASS
9,2,q8_0,C0,8,4096,512,bc91ad0b35b50383,1,1,0,-1,00000000,00000000,0,PASS
9,2,q8_0,C1,8,4096,512,b049445697c9a5c3,1,1,0,-1,00000000,00000000,0,PASS
9,2,q8_0,C2,8,4096,512,7efc99aea35888c7,1,1,0,-1,00000000,00000000,0,PASS
9,2,q8_0,C3,8,4096,512,dc01313e9de7c785,1,1,0,-1,00000000,00000000,0,PASS
9,2,q8_0,C4,8,4096,512,d8f79ecae2861f1f,1,1,0,-1,00000000,00000000,0,PASS
9,3,q8_0,C0,2,1024,32768,66a385207fbe8383,1,1,0,-1,00000000,00000000,0,PASS
9,3,q8_0,C1,2,1024,32768,ea4b97e88c182db3,1,1,0,-1,00000000,00000000,0,PASS
9,3,q8_0,C2,2,1024,32768,70800d37477b9cc9,1,1,0,-1,00000000,00000000,0,PASS
9,3,q8_0,C3,2,1024,32768,68ecf6ade08c33bd,1,1,0,-1,00000000,00000000,0,PASS
9,3,q8_0,C4,2,1024,32768,71e3b48a7ebcb79f,1,1,0,-1,00000000,00000000,0,PASS
9,3,q8_0,C0,3,1024,32768,09b99610cdcf4383,1,1,0,-1,00000000,00000000,0,PASS
9,3,q8_0,C1,3,1024,32768,f303d2023f54e07a,1,1,0,-1,00000000,00000000,0,PASS
9,3,q8_0,C2,3,1024,32768,17b139ff4bb1b56e,1,1,0,-1,00000000,00000000,0,PASS
9,3,q8_0,C3,3,1024,32768,dac40bbdca2066fd,1,1,0,-1,00000000,00000000,0,PASS
9,3,q8_0,C4,3,1024,32768,7684a1bb04066307,1,1,0,-1,00000000,00000000,0,PASS
9,3,q8_0,C0,4,1024,32768,a82845d14be00383,1,1,0,-1,00000000,00000000,0,PASS
9,3,q8_0,C1,4,1024,32768,829e2379d3d0d763,1,1,0,-1,00000000,00000000,0,PASS
9,3,q8_0,C2,4,1024,32768,2c41771fb26e6aa4,1,1,0,-1,00000000,00000000,0,PASS
9,3,q8_0,C3,4,1024,32768,239f22573d709f58,1,1,0,-1,00000000,00000000,0,PASS
9,3,q8_0,C4,4,1024,32768,00c364baeed7cc77,1,1,0,-1,00000000,00000000,0,PASS
9,3,q8_0,C0,5,1024,32768,a536a061f9f0c383,1,1,0,-1,00000000,00000000,0,PASS
9,3,q8_0,C1,5,1024,32768,cd5cb4a48887d2aa,1,1,0,-1,00000000,00000000,0,PASS
9,3,q8_0,C2,5,1024,32768,fe68e9da3c4fa0b4,1,1,0,-1,00000000,00000000,0,PASS
9,3,q8_0,C3,5,1024,32768,5cb1381389b8ac25,1,1,0,-1,00000000,00000000,0,PASS
9,3,q8_0,C4,5,1024,32768,85d67414a04db337,1,1,0,-1,00000000,00000000,0,PASS
9,3,q8_0,C0,6,1024,32768,e72bb1c2d8018383,1,1,0,-1,00000000,00000000,0,PASS
9,3,q8_0,C1,6,1024,32768,606b07352f77b793,1,1,0,-1,00000000,00000000,0,PASS
9,3,q8_0,C2,6,1024,32768,aac88d06cc8d8c24,1,1,0,-1,00000000,00000000,0,PASS
9,3,q8_0,C3,6,1024,32768,39ca3dead32162ae,1,1,0,-1,00000000,00000000,0,PASS
9,3,q8_0,C4,6,1024,32768,90a3e3c502279c0a,1,1,0,-1,00000000,00000000,0,PASS
9,3,q8_0,C0,7,1024,32768,d74e85f3e6124383,1,1,0,-1,00000000,00000000,0,PASS
9,3,q8_0,C1,7,1024,32768,0680c4d6b6eb585a,1,1,0,-1,00000000,00000000,0,PASS
9,3,q8_0,C2,7,1024,32768,68aeccecb4841b1a,1,1,0,-1,00000000,00000000,0,PASS
9,3,q8_0,C3,7,1024,32768,43e938bca4514bc8,1,1,0,-1,00000000,00000000,0,PASS
9,3,q8_0,C4,7,1024,32768,e3547e032da9e62a,1,1,0,-1,00000000,00000000,0,PASS
9,3,q8_0,C0,8,1024,32768,61e628f524230383,1,1,0,-1,00000000,00000000,0,PASS
9,3,q8_0,C1,8,1024,32768,f5568f1793b7e5c3,1,1,0,-1,00000000,00000000,0,PASS
9,3,q8_0,C2,8,1024,32768,f510f9a7c42e2707,1,1,0,-1,00000000,00000000,0,PASS
9,3,q8_0,C3,8,1024,32768,a4c829302aff63d8,1,1,0,-1,00000000,00000000,0,PASS
9,3,q8_0,C4,8,1024,32768,bb27994fbd6c0dde,1,1,0,-1,00000000,00000000,0,PASS
9,4,q8_0,C0,2,8192,4096,0e5df645d4a90383,1,1,0,-1,00000000,00000000,0,PASS
9,4,q8_0,C1,2,8192,4096,a7596f63ea26adb3,1,1,0,-1,00000000,00000000,0,PASS
9,4,q8_0,C2,2,8192,4096,6024392d967b7573,1,1,0,-1,00000000,00000000,0,PASS
9,4,q8_0,C3,2,8192,4096,26397da45177d117,1,1,0,-1,00000000,00000000,0,PASS
9,4,q8_0,C4,2,8192,4096,756a42230c87de66,1,1,0,-1,00000000,00000000,0,PASS
9,4,q8_0,C0,3,8192,4096,a7e477a2852f0383,1,1,0,-1,00000000,00000000,0,PASS
9,4,q8_0,C1,3,8192,4096,40f463593d98e07a,1,1,0,-1,00000000,00000000,0,PASS
9,4,q8_0,C2,3,8192,4096,6bda8fe4c61d0fba,1,1,0,-1,00000000,00000000,0,PASS
9,4,q8_0,C3,3,8192,4096,e4ca8ed8eb51fb2f,1,1,0,-1,00000000,00000000,0,PASS
9,4,q8_0,C4,3,8192,4096,7ef18a95c50f9806,1,1,0,-1,00000000,00000000,0,PASS
9,4,q8_0,C0,4,8192,4096,bc91ad0b35b50383,1,1,0,-1,00000000,00000000,0,PASS
9,4,q8_0,C1,4,8192,4096,1e7b80deb5521763,1,1,0,-1,00000000,00000000,0,PASS
9,4,q8_0,C2,4,8192,4096,95646a8ebd044b5d,1,1,0,-1,00000000,00000000,0,PASS
9,4,q8_0,C3,4,8192,4096,b3383758dd6b92a9,1,1,0,-1,00000000,00000000,0,PASS
9,4,q8_0,C4,4,8192,4096,7b7263e3adedcd6f,1,1,0,-1,00000000,00000000,0,PASS
9,4,q8_0,C0,5,8192,4096,da7d967fe63b0383,1,1,0,-1,00000000,00000000,0,PASS
9,4,q8_0,C1,5,8192,4096,2439109c971292aa,1,1,0,-1,00000000,00000000,0,PASS
9,4,q8_0,C2,5,8192,4096,ac7103964b5c796d,1,1,0,-1,00000000,00000000,0,PASS
9,4,q8_0,C3,5,8192,4096,ab522c677b523c26,1,1,0,-1,00000000,00000000,0,PASS
9,4,q8_0,C4,5,8192,4096,84cd276f9ee09557,1,1,0,-1,00000000,00000000,0,PASS
9,4,q8_0,C0,6,8192,4096,8fc0340096c10383,1,1,0,-1,00000000,00000000,0,PASS
9,4,q8_0,C1,6,8192,4096,6b7fdec3ae93b793,1,1,0,-1,00000000,00000000,0,PASS
9,4,q8_0,C2,6,8192,4096,158880dca80356a5,1,1,0,-1,00000000,00000000,0,PASS
9,4,q8_0,C3,6,8192,4096,1cc1062a84cdd7d1,1,1,0,-1,00000000,00000000,0,PASS
9,4,q8_0,C4,6,8192,4096,6fb2cac120b4a24e,1,1,0,-1,00000000,00000000,0,PASS
9,4,q8_0,C0,7,8192,4096,6a71858d47470383,1,1,0,-1,00000000,00000000,0,PASS
9,4,q8_0,C1,7,8192,4096,665eaf56fa04d85a,1,1,0,-1,00000000,00000000,0,PASS
9,4,q8_0,C2,7,8192,4096,d0efefe3fcd897e2,1,1,0,-1,00000000,00000000,0,PASS
9,4,q8_0,C3,7,8192,4096,4e0c423c82471bd8,1,1,0,-1,00000000,00000000,0,PASS
9,4,q8_0,C4,7,8192,4096,90b943a9e7d55d36,1,1,0,-1,00000000,00000000,0,PASS
9,4,q8_0,C0,8,8192,4096,f8a98b25f7cd0383,1,1,0,-1,00000000,00000000,0,PASS
9,4,q8_0,C1,8,8192,4096,c26c1a6b3d36a5c3,1,1,0,-1,00000000,00000000,0,PASS
9,4,q8_0,C2,8,8192,4096,95ac06e3a54b4ef2,1,1,0,-1,00000000,00000000,0,PASS
9,4,q8_0,C3,8,8192,4096,dd8d73fdfbbe429c,1,1,0,-1,00000000,00000000,0,PASS
9,4,q8_0,C4,8,8192,4096,3da45e1f8a9f3b1f,1,1,0,-1,00000000,00000000,0,PASS
9,5,f16,C0,2,16384,24,bc91ad0b35b50383,1,1,0,-1,00000000,00000000,0,PASS
9,5,f16,C1,2,16384,24,5dc3d7543112adb3,1,1,0,-1,00000000,00000000,0,PASS
9,5,f16,C2,2,16384,24,2182d4551e4fe2a3,1,1,0,-1,00000000,00000000,0,PASS
9,5,f16,C3,2,16384,24,d946fe0bfca15975,1,1,0,-1,00000000,00000000,0,PASS
9,5,f16,C4,2,16384,24,b25fa2af1f4d979f,1,1,0,-1,00000000,00000000,0,PASS
9,5,f16,C0,3,16384,24,8fc0340096c10383,1,1,0,-1,00000000,00000000,0,PASS
9,5,f16,C1,3,16384,24,b7a628de7278e07a,1,1,0,-1,00000000,00000000,0,PASS
9,5,f16,C2,3,16384,24,05a69f75d2d8e36d,1,1,0,-1,00000000,00000000,0,PASS
9,5,f16,C3,3,16384,24,559b26e5c3ec7760,1,1,0,-1,00000000,00000000,0,PASS
9,5,f16,C4,3,16384,24,f5166e1daf6a5307,1,1,0,-1,00000000,00000000,0,PASS
9,5,f16,C0,4,16384,24,f8a98b25f7cd0383,1,1,0,-1,00000000,00000000,0,PASS
9,5,f16,C1,4,16384,24,6dd2f6a152781763,1,1,0,-1,00000000,00000000,0,PASS
9,5,f16,C2,4,16384,24,03b1a534c5b2c557,1,1,0,-1,00000000,00000000,0,PASS
9,5,f16,C3,4,16384,24,1313e5683fe04024,1,1,0,-1,00000000,00000000,0,PASS
9,5,f16,C4,4,16384,24,77f735b69bbdcc77,1,1,0,-1,00000000,00000000,0,PASS
9,5,f16,C0,5,16384,24,680db27b58d90383,1,1,0,-1,00000000,00000000,0,PASS
9,5,f16,C1,5,16384,24,849b32211e8c92aa,1,1,0,-1,00000000,00000000,0,PASS
9,5,f16,C2,5,16384,24,5c63d5b6c8cd0fe7,1,1,0,-1,00000000,00000000,0,PASS
9,5,f16,C3,5,16384,24,725e8492ad72b1f4,1,1,0,-1,00000000,00000000,0,PASS
9,5,f16,C4,5,16384,24,afa0291542a0c337,1,1,0,-1,00000000,00000000,0,PASS
9,5,f16,C0,6,16384,24,4eacaa00b9e50383,1,1,0,-1,00000000,00000000,0,PASS
9,5,f16,C1,6,16384,24,aa9ab88976b3b793,1,1,0,-1,00000000,00000000,0,PASS
9,5,f16,C2,6,16384,24,7492baf760eee0bc,1,1,0,-1,00000000,00000000,0,PASS
9,5,f16,C3,6,16384,24,4f0e156e57a16ed0,1,1,0,-1,00000000,00000000,0,PASS
9,5,f16,C4,6,16384,24,f28d61a32b65fc0a,1,1,0,-1,00000000,00000000,0,PASS
9,5,f16,C0,7,16384,24,1d4671b61af10383,1,1,0,-1,00000000,00000000,0,PASS
9,5,f16,C1,7,16384,24,3a7a16ba8fd8d85a,1,1,0,-1,00000000,00000000,0,PASS
9,5,f16,C2,7,16384,24,711aa99ced25a706,1,1,0,-1,00000000,00000000,0,PASS
9,5,f16,C3,7,16384,24,336aa0ab0f96b4a9,1,1,0,-1,00000000,00000000,0,PASS
9,5,f16,C4,7,16384,24,6441aebc43e8962a,1,1,0,-1,00000000,00000000,0,PASS
9,5,f16,C0,8,16384,24,449b099b7bfd0383,1,1,0,-1,00000000,00000000,0,PASS
9,5,f16,C1,8,16384,24,80cdba4d8810a5c3,1,1,0,-1,00000000,00000000,0,PASS
9,5,f16,C2,8,16384,24,af28154ffb9ea876,1,1,0,-1,00000000,00000000,0,PASS
9,5,f16,C3,8,16384,24,5ff88dc4481654f9,1,1,0,-1,00000000,00000000,0,PASS
9,5,f16,C4,8,16384,24,9e50fb1212e9adde,1,1,0,-1,00000000,00000000,0,PASS
9,6,f16,C0,2,4096,256,61e628f524230383,1,1,0,-1,00000000,00000000,0,PASS
9,6,f16,C1,2,4096,256,f3458625c6b0adb3,1,1,0,-1,00000000,00000000,0,PASS
9,6,f16,C2,2,4096,256,eaa8b46e71e992b4,1,1,0,-1,00000000,00000000,0,PASS
9,6,f16,C3,2,4096,256,6d1eaaaee9fc260d,1,1,0,-1,00000000,00000000,0,PASS
9,6,f16,C4,2,4096,256,4712e9c2b1324d63,1,1,0,-1,00000000,00000000,0,PASS
9,6,f16,C0,3,4096,256,f361b91bfc660383,1,1,0,-1,00000000,00000000,0,PASS
9,6,f16,C1,3,4096,256,36aaaa69a328e07a,1,1,0,-1,00000000,00000000,0,PASS
9,6,f16,C2,3,4096,256,e36dde151415c0df,1,1,0,-1,00000000,00000000,0,PASS
9,6,f16,C3,3,4096,256,5400d44cf51e9f35,1,1,0,-1,00000000,00000000,0,PASS
9,6,f16,C4,3,4096,256,e34480993503b8a3,1,1,0,-1,00000000,00000000,0,PASS
9,6,f16,C0,4,4096,256,0e5df645d4a90383,1,1,0,-1,00000000,00000000,0,PASS
9,6,f16,C1,4,4096,256,cb611474e6bf1763,1,1,0,-1,00000000,00000000,0,PASS
9,6,f16,C2,4,4096,256,a668df01d5618865,1,1,0,-1,00000000,00000000,0,PASS
9,6,f16,C3,4,4096,256,16ae4a37e440595c,1,1,0,-1,00000000,00000000,0,PASS
9,6,f16,C4,4,4096,256,04144d081eb41f66,1,1,0,-1,00000000,00000000,0,PASS
9,6,f16,C0,5,4096,256,649de072acec0383,1,1,0,-1,00000000,00000000,0,PASS
9,6,f16,C1,5,4096,256,7d3627c9d35592aa,1,1,0,-1,00000000,00000000,0,PASS
9,6,f16,C2,5,4096,256,d13581044f3dfab0,1,1,0,-1,00000000,00000000,0,PASS
9,6,f16,C3,5,4096,256,612711e41cb79685,1,1,0,-1,00000000,00000000,0,PASS
9,6,f16,C4,5,4096,256,9ca02a032bb24fc6,1,1,0,-1,00000000,00000000,0,PASS
9,6,f16,C0,6,4096,256,a7e477a2852f0383,1,1,0,-1,00000000,00000000,0,PASS
9,6,f16,C1,6,4096,256,a8f5fc63ca83b793,1,1,0,-1,00000000,00000000,0,PASS
9,6,f16,C2,6,4096,256,2e2a6a2802a71ed0,1,1,0,-1,00000000,00000000,0,PASS
9,6,f16,C3,6,4096,256,556811acb312c619,1,1,0,-1,00000000,00000000,0,PASS
9,6,f16,C4,6,4096,256,e725a82e9783c012,1,1,0,-1,00000000,00000000,0,PASS
9,6,f16,C0,7,4096,256,89f4bbd55d720383,1,1,0,-1,00000000,00000000,0,PASS
9,6,f16,C1,7,4096,256,8a1e5e5f2f1ad85a,1,1,0,-1,00000000,00000000,0,PASS
9,6,f16,C2,7,4096,256,38cba9f3d15ed87c,1,1,0,-1,00000000,00000000,0,PASS
9,6,f16,C3,7,4096,256,5ed77ddcb340b54c,1,1,0,-1,00000000,00000000,0,PASS
9,6,f16,C4,7,4096,256,a56d33ae4c8c775a,1,1,0,-1,00000000,00000000,0,PASS
9,6,f16,C0,8,4096,256,bc91ad0b35b50383,1,1,0,-1,00000000,00000000,0,PASS
9,6,f16,C1,8,4096,256,b049445697c9a5c3,1,1,0,-1,00000000,00000000,0,PASS
9,6,f16,C2,8,4096,256,7efc99aea35888c7,1,1,0,-1,00000000,00000000,0,PASS
9,6,f16,C3,8,4096,256,a87b3314aa9c8f9e,1,1,0,-1,00000000,00000000,0,PASS
9,6,f16,C4,8,4096,256,d8f79ecae2861f1f,1,1,0,-1,00000000,00000000,0,PASS
10,0,f16,C0,2,16384,24,bc91ad0b35b50383,1,1,0,-1,00000000,00000000,0,PASS
10,0,f16,C1,2,16384,24,5dc3d7543112adb3,1,1,0,-1,00000000,00000000,0,PASS
10,0,f16,C2,2,16384,24,2182d4551e4fe2a3,1,1,0,-1,00000000,00000000,0,PASS
10,0,f16,C3,2,16384,24,e638623872661ec8,1,1,0,-1,00000000,00000000,0,PASS
10,0,f16,C4,2,16384,24,b25fa2af1f4d979f,1,1,0,-1,00000000,00000000,0,PASS
10,0,f16,C0,3,16384,24,8fc0340096c10383,1,1,0,-1,00000000,00000000,0,PASS
10,0,f16,C1,3,16384,24,b7a628de7278e07a,1,1,0,-1,00000000,00000000,0,PASS
10,0,f16,C2,3,16384,24,05a69f75d2d8e36d,1,1,0,-1,00000000,00000000,0,PASS
10,0,f16,C3,3,16384,24,a1050869b1f461b5,1,1,0,-1,00000000,00000000,0,PASS
10,0,f16,C4,3,16384,24,f5166e1daf6a5307,1,1,0,-1,00000000,00000000,0,PASS
10,0,f16,C0,4,16384,24,f8a98b25f7cd0383,1,1,0,-1,00000000,00000000,0,PASS
10,0,f16,C1,4,16384,24,6dd2f6a152781763,1,1,0,-1,00000000,00000000,0,PASS
10,0,f16,C2,4,16384,24,03b1a534c5b2c557,1,1,0,-1,00000000,00000000,0,PASS
10,0,f16,C3,4,16384,24,1f918aeadec8b584,1,1,0,-1,00000000,00000000,0,PASS
10,0,f16,C4,4,16384,24,77f735b69bbdcc77,1,1,0,-1,00000000,00000000,0,PASS
10,0,f16,C0,5,16384,24,680db27b58d90383,1,1,0,-1,00000000,00000000,0,PASS
10,0,f16,C1,5,16384,24,849b32211e8c92aa,1,1,0,-1,00000000,00000000,0,PASS
10,0,f16,C2,5,16384,24,5c63d5b6c8cd0fe7,1,1,0,-1,00000000,00000000,0,PASS
10,0,f16,C3,5,16384,24,1eeb411072eacbde,1,1,0,-1,00000000,00000000,0,PASS
10,0,f16,C4,5,16384,24,afa0291542a0c337,1,1,0,-1,00000000,00000000,0,PASS
10,0,f16,C0,6,16384,24,4eacaa00b9e50383,1,1,0,-1,00000000,00000000,0,PASS
10,0,f16,C1,6,16384,24,aa9ab88976b3b793,1,1,0,-1,00000000,00000000,0,PASS
10,0,f16,C2,6,16384,24,7492baf760eee0bc,1,1,0,-1,00000000,00000000,0,PASS
10,0,f16,C3,6,16384,24,3d850e9c73821ca2,1,1,0,-1,00000000,00000000,0,PASS
10,0,f16,C4,6,16384,24,f28d61a32b65fc0a,1,1,0,-1,00000000,00000000,0,PASS
10,0,f16,C0,7,16384,24,1d4671b61af10383,1,1,0,-1,00000000,00000000,0,PASS
10,0,f16,C1,7,16384,24,3a7a16ba8fd8d85a,1,1,0,-1,00000000,00000000,0,PASS
10,0,f16,C2,7,16384,24,711aa99ced25a706,1,1,0,-1,00000000,00000000,0,PASS
10,0,f16,C3,7,16384,24,fbf026f15e773751,1,1,0,-1,00000000,00000000,0,PASS
10,0,f16,C4,7,16384,24,6441aebc43e8962a,1,1,0,-1,00000000,00000000,0,PASS
10,0,f16,C0,8,16384,24,449b099b7bfd0383,1,1,0,-1,00000000,00000000,0,PASS
10,0,f16,C1,8,16384,24,80cdba4d8810a5c3,1,1,0,-1,00000000,00000000,0,PASS
10,0,f16,C2,8,16384,24,af28154ffb9ea876,1,1,0,-1,00000000,00000000,0,PASS
10,0,f16,C3,8,16384,24,c673424dc91d5a5a,1,1,0,-1,00000000,00000000,0,PASS
10,0,f16,C4,8,16384,24,9e50fb1212e9adde,1,1,0,-1,00000000,00000000,0,PASS
10,1,q8_0,C0,2,4096,1024,61e628f524230383,1,1,0,-1,00000000,00000000,0,PASS
10,1,q8_0,C1,2,4096,1024,f3458625c6b0adb3,1,1,0,-1,00000000,00000000,0,PASS
10,1,q8_0,C2,2,4096,1024,eaa8b46e71e992b4,1,1,0,-1,00000000,00000000,0,PASS
10,1,q8_0,C3,2,4096,1024,a565e606cb2be576,1,1,0,-1,00000000,00000000,0,PASS
10,1,q8_0,C4,2,4096,1024,4712e9c2b1324d63,1,1,0,-1,00000000,00000000,0,PASS
10,1,q8_0,C0,3,4096,1024,f361b91bfc660383,1,1,0,-1,00000000,00000000,0,PASS
10,1,q8_0,C1,3,4096,1024,36aaaa69a328e07a,1,1,0,-1,00000000,00000000,0,PASS
10,1,q8_0,C2,3,4096,1024,e36dde151415c0df,1,1,0,-1,00000000,00000000,0,PASS
10,1,q8_0,C3,3,4096,1024,48dcbab53c685d77,1,1,0,-1,00000000,00000000,0,PASS
10,1,q8_0,C4,3,4096,1024,e34480993503b8a3,1,1,0,-1,00000000,00000000,0,PASS
10,1,q8_0,C0,4,4096,1024,0e5df645d4a90383,1,1,0,-1,00000000,00000000,0,PASS
10,1,q8_0,C1,4,4096,1024,cb611474e6bf1763,1,1,0,-1,00000000,00000000,0,PASS
10,1,q8_0,C2,4,4096,1024,a668df01d5618865,1,1,0,-1,00000000,00000000,0,PASS
10,1,q8_0,C3,4,4096,1024,3dd1f88a7e2f6678,1,1,0,-1,00000000,00000000,0,PASS
10,1,q8_0,C4,4,4096,1024,04144d081eb41f66,1,1,0,-1,00000000,00000000,0,PASS
10,1,q8_0,C0,5,4096,1024,649de072acec0383,1,1,0,-1,00000000,00000000,0,PASS
10,1,q8_0,C1,5,4096,1024,7d3627c9d35592aa,1,1,0,-1,00000000,00000000,0,PASS
10,1,q8_0,C2,5,4096,1024,d13581044f3dfab0,1,1,0,-1,00000000,00000000,0,PASS
10,1,q8_0,C3,5,4096,1024,1defbc757875b9d3,1,1,0,-1,00000000,00000000,0,PASS
10,1,q8_0,C4,5,4096,1024,9ca02a032bb24fc6,1,1,0,-1,00000000,00000000,0,PASS
10,1,q8_0,C0,6,4096,1024,a7e477a2852f0383,1,1,0,-1,00000000,00000000,0,PASS
10,1,q8_0,C1,6,4096,1024,a8f5fc63ca83b793,1,1,0,-1,00000000,00000000,0,PASS
10,1,q8_0,C2,6,4096,1024,2e2a6a2802a71ed0,1,1,0,-1,00000000,00000000,0,PASS
10,1,q8_0,C3,6,4096,1024,c012154a548efe46,1,1,0,-1,00000000,00000000,0,PASS
10,1,q8_0,C4,6,4096,1024,e725a82e9783c012,1,1,0,-1,00000000,00000000,0,PASS
10,1,q8_0,C0,7,4096,1024,89f4bbd55d720383,1,1,0,-1,00000000,00000000,0,PASS
10,1,q8_0,C1,7,4096,1024,8a1e5e5f2f1ad85a,1,1,0,-1,00000000,00000000,0,PASS
10,1,q8_0,C2,7,4096,1024,38cba9f3d15ed87c,1,1,0,-1,00000000,00000000,0,PASS
10,1,q8_0,C3,7,4096,1024,841b2ed4372de6c1,1,1,0,-1,00000000,00000000,0,PASS
10,1,q8_0,C4,7,4096,1024,a56d33ae4c8c775a,1,1,0,-1,00000000,00000000,0,PASS
10,1,q8_0,C0,8,4096,1024,bc91ad0b35b50383,1,1,0,-1,00000000,00000000,0,PASS
10,1,q8_0,C1,8,4096,1024,b049445697c9a5c3,1,1,0,-1,00000000,00000000,0,PASS
10,1,q8_0,C2,8,4096,1024,7efc99aea35888c7,1,1,0,-1,00000000,00000000,0,PASS
10,1,q8_0,C3,8,4096,1024,9ed3291e2171ecd3,1,1,0,-1,00000000,00000000,0,PASS
10,1,q8_0,C4,8,4096,1024,d8f79ecae2861f1f,1,1,0,-1,00000000,00000000,0,PASS
10,2,q8_0,C0,2,4096,512,61e628f524230383,1,1,0,-1,00000000,00000000,0,PASS
10,2,q8_0,C1,2,4096,512,f3458625c6b0adb3,1,1,0,-1,00000000,00000000,0,PASS
10,2,q8_0,C2,2,4096,512,eaa8b46e71e992b4,1,1,0,-1,00000000,00000000,0,PASS
10,2,q8_0,C3,2,4096,512,c8e0355067bf67a6,1,1,0,-1,00000000,00000000,0,PASS
10,2,q8_0,C4,2,4096,512,4712e9c2b1324d63,1,1,0,-1,00000000,00000000,0,PASS
10,2,q8_0,C0,3,4096,512,f361b91bfc660383,1,1,0,-1,00000000,00000000,0,PASS
10,2,q8_0,C1,3,4096,512,36aaaa69a328e07a,1,1,0,-1,00000000,00000000,0,PASS
10,2,q8_0,C2,3,4096,512,e36dde151415c0df,1,1,0,-1,00000000,00000000,0,PASS
10,2,q8_0,C3,3,4096,512,2e6573758a3cef9d,1,1,0,-1,00000000,00000000,0,PASS
10,2,q8_0,C4,3,4096,512,e34480993503b8a3,1,1,0,-1,00000000,00000000,0,PASS
10,2,q8_0,C0,4,4096,512,0e5df645d4a90383,1,1,0,-1,00000000,00000000,0,PASS
10,2,q8_0,C1,4,4096,512,cb611474e6bf1763,1,1,0,-1,00000000,00000000,0,PASS
10,2,q8_0,C2,4,4096,512,a668df01d5618865,1,1,0,-1,00000000,00000000,0,PASS
10,2,q8_0,C3,4,4096,512,29d56934f6fdf119,1,1,0,-1,00000000,00000000,0,PASS
10,2,q8_0,C4,4,4096,512,04144d081eb41f66,1,1,0,-1,00000000,00000000,0,PASS
10,2,q8_0,C0,5,4096,512,649de072acec0383,1,1,0,-1,00000000,00000000,0,PASS
10,2,q8_0,C1,5,4096,512,7d3627c9d35592aa,1,1,0,-1,00000000,00000000,0,PASS
10,2,q8_0,C2,5,4096,512,d13581044f3dfab0,1,1,0,-1,00000000,00000000,0,PASS
10,2,q8_0,C3,5,4096,512,f8bbdf7dca06748b,1,1,0,-1,00000000,00000000,0,PASS
10,2,q8_0,C4,5,4096,512,9ca02a032bb24fc6,1,1,0,-1,00000000,00000000,0,PASS
10,2,q8_0,C0,6,4096,512,a7e477a2852f0383,1,1,0,-1,00000000,00000000,0,PASS
10,2,q8_0,C1,6,4096,512,a8f5fc63ca83b793,1,1,0,-1,00000000,00000000,0,PASS
10,2,q8_0,C2,6,4096,512,2e2a6a2802a71ed0,1,1,0,-1,00000000,00000000,0,PASS
10,2,q8_0,C3,6,4096,512,b06c891873ade3e4,1,1,0,-1,00000000,00000000,0,PASS
10,2,q8_0,C4,6,4096,512,e725a82e9783c012,1,1,0,-1,00000000,00000000,0,PASS
10,2,q8_0,C0,7,4096,512,89f4bbd55d720383,1,1,0,-1,00000000,00000000,0,PASS
10,2,q8_0,C1,7,4096,512,8a1e5e5f2f1ad85a,1,1,0,-1,00000000,00000000,0,PASS
10,2,q8_0,C2,7,4096,512,38cba9f3d15ed87c,1,1,0,-1,00000000,00000000,0,PASS
10,2,q8_0,C3,7,4096,512,b37d24c0ad1aec3b,1,1,0,-1,00000000,00000000,0,PASS
10,2,q8_0,C4,7,4096,512,a56d33ae4c8c775a,1,1,0,-1,00000000,00000000,0,PASS
10,2,q8_0,C0,8,4096,512,bc91ad0b35b50383,1,1,0,-1,00000000,00000000,0,PASS
10,2,q8_0,C1,8,4096,512,b049445697c9a5c3,1,1,0,-1,00000000,00000000,0,PASS
10,2,q8_0,C2,8,4096,512,7efc99aea35888c7,1,1,0,-1,00000000,00000000,0,PASS
10,2,q8_0,C3,8,4096,512,533c5190b32701a1,1,1,0,-1,00000000,00000000,0,PASS
10,2,q8_0,C4,8,4096,512,d8f79ecae2861f1f,1,1,0,-1,00000000,00000000,0,PASS
10,3,q8_0,C0,2,1024,32768,66a385207fbe8383,1,1,0,-1,00000000,00000000,0,PASS
10,3,q8_0,C1,2,1024,32768,ea4b97e88c182db3,1,1,0,-1,00000000,00000000,0,PASS
10,3,q8_0,C2,2,1024,32768,70800d37477b9cc9,1,1,0,-1,00000000,00000000,0,PASS
10,3,q8_0,C3,2,1024,32768,3cbeab4af390f2ce,1,1,0,-1,00000000,00000000,0,PASS
10,3,q8_0,C4,2,1024,32768,71e3b48a7ebcb79f,1,1,0,-1,00000000,00000000,0,PASS
10,3,q8_0,C0,3,1024,32768,09b99610cdcf4383,1,1,0,-1,00000000,00000000,0,PASS
10,3,q8_0,C1,3,1024,32768,f303d2023f54e07a,1,1,0,-1,00000000,00000000,0,PASS
10,3,q8_0,C2,3,1024,32768,17b139ff4bb1b56e,1,1,0,-1,00000000,00000000,0,PASS
10,3,q8_0,C3,3,1024,32768,3bf04f9d4573965f,1,1,0,-1,00000000,00000000,0,PASS
10,3,q8_0,C4,3,1024,32768,7684a1bb04066307,1,1,0,-1,00000000,00000000,0,PASS
10,3,q8_0,C0,4,1024,32768,a82845d14be00383,1,1,0,-1,00000000,00000000,0,PASS
10,3,q8_0,C1,4,1024,32768,829e2379d3d0d763,1,1,0,-1,00000000,00000000,0,PASS
10,3,q8_0,C2,4,1024,32768,2c41771fb26e6aa4,1,1,0,-1,00000000,00000000,0,PASS
10,3,q8_0,C3,4,1024,32768,2a27aefb59a0ae9a,1,1,0,-1,00000000,00000000,0,PASS
10,3,q8_0,C4,4,1024,32768,00c364baeed7cc77,1,1,0,-1,00000000,00000000,0,PASS
10,3,q8_0,C0,5,1024,32768,a536a061f9f0c383,1,1,0,-1,00000000,00000000,0,PASS
10,3,q8_0,C1,5,1024,32768,cd5cb4a48887d2aa,1,1,0,-1,00000000,00000000,0,PASS
10,3,q8_0,C2,5,1024,32768,fe68e9da3c4fa0b4,1,1,0,-1,00000000,00000000,0,PASS
10,3,q8_0,C3,5,1024,32768,bc8b51d6c13fe6ba,1,1,0,-1,00000000,00000000,0,PASS
10,3,q8_0,C4,5,1024,32768,85d67414a04db337,1,1,0,-1,00000000,00000000,0,PASS
10,3,q8_0,C0,6,1024,32768,e72bb1c2d8018383,1,1,0,-1,00000000,00000000,0,PASS
10,3,q8_0,C1,6,1024,32768,606b07352f77b793,1,1,0,-1,00000000,00000000,0,PASS
10,3,q8_0,C2,6,1024,32768,aac88d06cc8d8c24,1,1,0,-1,00000000,00000000,0,PASS
10,3,q8_0,C3,6,1024,32768,9aecf292f5d0b0a4,1,1,0,-1,00000000,00000000,0,PASS
10,3,q8_0,C4,6,1024,32768,90a3e3c502279c0a,1,1,0,-1,00000000,00000000,0,PASS
10,3,q8_0,C0,7,1024,32768,d74e85f3e6124383,1,1,0,-1,00000000,00000000,0,PASS
10,3,q8_0,C1,7,1024,32768,0680c4d6b6eb585a,1,1,0,-1,00000000,00000000,0,PASS
10,3,q8_0,C2,7,1024,32768,68aeccecb4841b1a,1,1,0,-1,00000000,00000000,0,PASS
10,3,q8_0,C3,7,1024,32768,b8e439d962b11b87,1,1,0,-1,00000000,00000000,0,PASS
10,3,q8_0,C4,7,1024,32768,e3547e032da9e62a,1,1,0,-1,00000000,00000000,0,PASS
10,3,q8_0,C0,8,1024,32768,61e628f524230383,1,1,0,-1,00000000,00000000,0,PASS
10,3,q8_0,C1,8,1024,32768,f5568f1793b7e5c3,1,1,0,-1,00000000,00000000,0,PASS
10,3,q8_0,C2,8,1024,32768,f510f9a7c42e2707,1,1,0,-1,00000000,00000000,0,PASS
10,3,q8_0,C3,8,1024,32768,a7f1ab661ef28b9f,1,1,0,-1,00000000,00000000,0,PASS
10,3,q8_0,C4,8,1024,32768,bb27994fbd6c0dde,1,1,0,-1,00000000,00000000,0,PASS
10,4,q8_0,C0,2,8192,4096,0e5df645d4a90383,1,1,0,-1,00000000,00000000,0,PASS
10,4,q8_0,C1,2,8192,4096,a7596f63ea26adb3,1,1,0,-1,00000000,00000000,0,PASS
10,4,q8_0,C2,2,8192,4096,6024392d967b7573,1,1,0,-1,00000000,00000000,0,PASS
10,4,q8_0,C3,2,8192,4096,9858ea73f1918f90,1,1,0,-1,00000000,00000000,0,PASS
10,4,q8_0,C4,2,8192,4096,756a42230c87de66,1,1,0,-1,00000000,00000000,0,PASS
10,4,q8_0,C0,3,8192,4096,a7e477a2852f0383,1,1,0,-1,00000000,00000000,0,PASS
10,4,q8_0,C1,3,8192,4096,40f463593d98e07a,1,1,0,-1,00000000,00000000,0,PASS
10,4,q8_0,C2,3,8192,4096,6bda8fe4c61d0fba,1,1,0,-1,00000000,00000000,0,PASS
10,4,q8_0,C3,3,8192,4096,4195f4348668e0ce,1,1,0,-1,00000000,00000000,0,PASS
10,4,q8_0,C4,3,8192,4096,7ef18a95c50f9806,1,1,0,-1,00000000,00000000,0,PASS
10,4,q8_0,C0,4,8192,4096,bc91ad0b35b50383,1,1,0,-1,00000000,00000000,0,PASS
10,4,q8_0,C1,4,8192,4096,1e7b80deb5521763,1,1,0,-1,00000000,00000000,0,PASS
10,4,q8_0,C2,4,8192,4096,95646a8ebd044b5d,1,1,0,-1,00000000,00000000,0,PASS
10,4,q8_0,C3,4,8192,4096,8d01d029dca26206,1,1,0,-1,00000000,00000000,0,PASS
10,4,q8_0,C4,4,8192,4096,7b7263e3adedcd6f,1,1,0,-1,00000000,00000000,0,PASS
10,4,q8_0,C0,5,8192,4096,da7d967fe63b0383,1,1,0,-1,00000000,00000000,0,PASS
10,4,q8_0,C1,5,8192,4096,2439109c971292aa,1,1,0,-1,00000000,00000000,0,PASS
10,4,q8_0,C2,5,8192,4096,ac7103964b5c796d,1,1,0,-1,00000000,00000000,0,PASS
10,4,q8_0,C3,5,8192,4096,6b7cc9cc35f97303,1,1,0,-1,00000000,00000000,0,PASS
10,4,q8_0,C4,5,8192,4096,84cd276f9ee09557,1,1,0,-1,00000000,00000000,0,PASS
10,4,q8_0,C0,6,8192,4096,8fc0340096c10383,1,1,0,-1,00000000,00000000,0,PASS
10,4,q8_0,C1,6,8192,4096,6b7fdec3ae93b793,1,1,0,-1,00000000,00000000,0,PASS
10,4,q8_0,C2,6,8192,4096,158880dca80356a5,1,1,0,-1,00000000,00000000,0,PASS
10,4,q8_0,C3,6,8192,4096,1eb910ee82ff184b,1,1,0,-1,00000000,00000000,0,PASS
10,4,q8_0,C4,6,8192,4096,6fb2cac120b4a24e,1,1,0,-1,00000000,00000000,0,PASS
10,4,q8_0,C0,7,8192,4096,6a71858d47470383,1,1,0,-1,00000000,00000000,0,PASS
10,4,q8_0,C1,7,8192,4096,665eaf56fa04d85a,1,1,0,-1,00000000,00000000,0,PASS
10,4,q8_0,C2,7,8192,4096,d0efefe3fcd897e2,1,1,0,-1,00000000,00000000,0,PASS
10,4,q8_0,C3,7,8192,4096,03bd33ae971ad96c,1,1,0,-1,00000000,00000000,0,PASS
10,4,q8_0,C4,7,8192,4096,90b943a9e7d55d36,1,1,0,-1,00000000,00000000,0,PASS
10,4,q8_0,C0,8,8192,4096,f8a98b25f7cd0383,1,1,0,-1,00000000,00000000,0,PASS
10,4,q8_0,C1,8,8192,4096,c26c1a6b3d36a5c3,1,1,0,-1,00000000,00000000,0,PASS
10,4,q8_0,C2,8,8192,4096,95ac06e3a54b4ef2,1,1,0,-1,00000000,00000000,0,PASS
10,4,q8_0,C3,8,8192,4096,e3d537cae5f848f0,1,1,0,-1,00000000,00000000,0,PASS
10,4,q8_0,C4,8,8192,4096,3da45e1f8a9f3b1f,1,1,0,-1,00000000,00000000,0,PASS
10,5,f16,C0,2,16384,24,bc91ad0b35b50383,1,1,0,-1,00000000,00000000,0,PASS
10,5,f16,C1,2,16384,24,5dc3d7543112adb3,1,1,0,-1,00000000,00000000,0,PASS
10,5,f16,C2,2,16384,24,2182d4551e4fe2a3,1,1,0,-1,00000000,00000000,0,PASS
10,5,f16,C3,2,16384,24,66369b9b539f0b12,1,1,0,-1,00000000,00000000,0,PASS
10,5,f16,C4,2,16384,24,b25fa2af1f4d979f,1,1,0,-1,00000000,00000000,0,PASS
10,5,f16,C0,3,16384,24,8fc0340096c10383,1,1,0,-1,00000000,00000000,0,PASS
10,5,f16,C1,3,16384,24,b7a628de7278e07a,1,1,0,-1,00000000,00000000,0,PASS
10,5,f16,C2,3,16384,24,05a69f75d2d8e36d,1,1,0,-1,00000000,00000000,0,PASS
10,5,f16,C3,3,16384,24,627d2d4fd3aef465,1,1,0,-1,00000000,00000000,0,PASS
10,5,f16,C4,3,16384,24,f5166e1daf6a5307,1,1,0,-1,00000000,00000000,0,PASS
10,5,f16,C0,4,16384,24,f8a98b25f7cd0383,1,1,0,-1,00000000,00000000,0,PASS
10,5,f16,C1,4,16384,24,6dd2f6a152781763,1,1,0,-1,00000000,00000000,0,PASS
10,5,f16,C2,4,16384,24,03b1a534c5b2c557,1,1,0,-1,00000000,00000000,0,PASS
10,5,f16,C3,4,16384,24,063a7227432ddbab,1,1,0,-1,00000000,00000000,0,PASS
10,5,f16,C4,4,16384,24,77f735b69bbdcc77,1,1,0,-1,00000000,00000000,0,PASS
10,5,f16,C0,5,16384,24,680db27b58d90383,1,1,0,-1,00000000,00000000,0,PASS
10,5,f16,C1,5,16384,24,849b32211e8c92aa,1,1,0,-1,00000000,00000000,0,PASS
10,5,f16,C2,5,16384,24,5c63d5b6c8cd0fe7,1,1,0,-1,00000000,00000000,0,PASS
10,5,f16,C3,5,16384,24,5170bdcb020cdd0f,1,1,0,-1,00000000,00000000,0,PASS
10,5,f16,C4,5,16384,24,afa0291542a0c337,1,1,0,-1,00000000,00000000,0,PASS
10,5,f16,C0,6,16384,24,4eacaa00b9e50383,1,1,0,-1,00000000,00000000,0,PASS
10,5,f16,C1,6,16384,24,aa9ab88976b3b793,1,1,0,-1,00000000,00000000,0,PASS
10,5,f16,C2,6,16384,24,7492baf760eee0bc,1,1,0,-1,00000000,00000000,0,PASS
10,5,f16,C3,6,16384,24,2dec0830395b15d5,1,1,0,-1,00000000,00000000,0,PASS
10,5,f16,C4,6,16384,24,f28d61a32b65fc0a,1,1,0,-1,00000000,00000000,0,PASS
10,5,f16,C0,7,16384,24,1d4671b61af10383,1,1,0,-1,00000000,00000000,0,PASS
10,5,f16,C1,7,16384,24,3a7a16ba8fd8d85a,1,1,0,-1,00000000,00000000,0,PASS
10,5,f16,C2,7,16384,24,711aa99ced25a706,1,1,0,-1,00000000,00000000,0,PASS
10,5,f16,C3,7,16384,24,c8fc0cf5bec3ffdf,1,1,0,-1,00000000,00000000,0,PASS
10,5,f16,C4,7,16384,24,6441aebc43e8962a,1,1,0,-1,00000000,00000000,0,PASS
10,5,f16,C0,8,16384,24,449b099b7bfd0383,1,1,0,-1,00000000,00000000,0,PASS
10,5,f16,C1,8,16384,24,80cdba4d8810a5c3,1,1,0,-1,00000000,00000000,0,PASS
10,5,f16,C2,8,16384,24,af28154ffb9ea876,1,1,0,-1,00000000,00000000,0,PASS
10,5,f16,C3,8,16384,24,f2472415b275cabd,1,1,0,-1,00000000,00000000,0,PASS
10,5,f16,C4,8,16384,24,9e50fb1212e9adde,1,1,0,-1,00000000,00000000,0,PASS
10,6,f16,C0,2,4096,256,61e628f524230383,1,1,0,-1,00000000,00000000,0,PASS
10,6,f16,C1,2,4096,256,f3458625c6b0adb3,1,1,0,-1,00000000,00000000,0,PASS
10,6,f16,C2,2,4096,256,eaa8b46e71e992b4,1,1,0,-1,00000000,00000000,0,PASS
10,6,f16,C3,2,4096,256,56a7bcab93a9ce84,1,1,0,-1,00000000,00000000,0,PASS
10,6,f16,C4,2,4096,256,4712e9c2b1324d63,1,1,0,-1,00000000,00000000,0,PASS
10,6,f16,C0,3,4096,256,f361b91bfc660383,1,1,0,-1,00000000,00000000,0,PASS
10,6,f16,C1,3,4096,256,36aaaa69a328e07a,1,1,0,-1,00000000,00000000,0,PASS
10,6,f16,C2,3,4096,256,e36dde151415c0df,1,1,0,-1,00000000,00000000,0,PASS
10,6,f16,C3,3,4096,256,274f699104aef096,1,1,0,-1,00000000,00000000,0,PASS
10,6,f16,C4,3,4096,256,e34480993503b8a3,1,1,0,-1,00000000,00000000,0,PASS
10,6,f16,C0,4,4096,256,0e5df645d4a90383,1,1,0,-1,00000000,00000000,0,PASS
10,6,f16,C1,4,4096,256,cb611474e6bf1763,1,1,0,-1,00000000,00000000,0,PASS
10,6,f16,C2,4,4096,256,a668df01d5618865,1,1,0,-1,00000000,00000000,0,PASS
10,6,f16,C3,4,4096,256,58d028293c280497,1,1,0,-1,00000000,00000000,0,PASS
10,6,f16,C4,4,4096,256,04144d081eb41f66,1,1,0,-1,00000000,00000000,0,PASS
10,6,f16,C0,5,4096,256,649de072acec0383,1,1,0,-1,00000000,00000000,0,PASS
10,6,f16,C1,5,4096,256,7d3627c9d35592aa,1,1,0,-1,00000000,00000000,0,PASS
10,6,f16,C2,5,4096,256,d13581044f3dfab0,1,1,0,-1,00000000,00000000,0,PASS
10,6,f16,C3,5,4096,256,201bd09c63b0ee6d,1,1,0,-1,00000000,00000000,0,PASS
10,6,f16,C4,5,4096,256,9ca02a032bb24fc6,1,1,0,-1,00000000,00000000,0,PASS
10,6,f16,C0,6,4096,256,a7e477a2852f0383,1,1,0,-1,00000000,00000000,0,PASS
10,6,f16,C1,6,4096,256,a8f5fc63ca83b793,1,1,0,-1,00000000,00000000,0,PASS
10,6,f16,C2,6,4096,256,2e2a6a2802a71ed0,1,1,0,-1,00000000,00000000,0,PASS
10,6,f16,C3,6,4096,256,b414c05d242ac40e,1,1,0,-1,00000000,00000000,0,PASS
10,6,f16,C4,6,4096,256,e725a82e9783c012,1,1,0,-1,00000000,00000000,0,PASS
10,6,f16,C0,7,4096,256,89f4bbd55d720383,1,1,0,-1,00000000,00000000,0,PASS
10,6,f16,C1,7,4096,256,8a1e5e5f2f1ad85a,1,1,0,-1,00000000,00000000,0,PASS
10,6,f16,C2,7,4096,256,38cba9f3d15ed87c,1,1,0,-1,00000000,00000000,0,PASS
10,6,f16,C3,7,4096,256,408a441fdcf0a17e,1,1,0,-1,00000000,00000000,0,PASS
10,6,f16,C4,7,4096,256,a56d33ae4c8c775a,1,1,0,-1,00000000,00000000,0,PASS
10,6,f16,C0,8,4096,256,bc91ad0b35b50383,1,1,0,-1,00000000,00000000,0,PASS
10,6,f16,C1,8,4096,256,b049445697c9a5c3,1,1,0,-1,00000000,00000000,0,PASS
10,6,f16,C2,8,4096,256,7efc99aea35888c7,1,1,0,-1,00000000,00000000,0,PASS
10,6,f16,C3,8,4096,256,84a6d7ae01f106cf,1,1,0,-1,00000000,00000000,0,PASS
10,6,f16,C4,8,4096,256,d8f79ecae2861f1f,1,1,0,-1,00000000,00000000,0,PASS
11,0,f16,C0,2,16384,24,bc91ad0b35b50383,1,1,0,-1,00000000,00000000,0,PASS
11,0,f16,C1,2,16384,24,5dc3d7543112adb3,1,1,0,-1,00000000,00000000,0,PASS
11,0,f16,C2,2,16384,24,2182d4551e4fe2a3,1,1,0,-1,00000000,00000000,0,PASS
11,0,f16,C3,2,16384,24,733990493020b3cc,1,1,0,-1,00000000,00000000,0,PASS
11,0,f16,C4,2,16384,24,b25fa2af1f4d979f,1,1,0,-1,00000000,00000000,0,PASS
11,0,f16,C0,3,16384,24,8fc0340096c10383,1,1,0,-1,00000000,00000000,0,PASS
11,0,f16,C1,3,16384,24,b7a628de7278e07a,1,1,0,-1,00000000,00000000,0,PASS
11,0,f16,C2,3,16384,24,05a69f75d2d8e36d,1,1,0,-1,00000000,00000000,0,PASS
11,0,f16,C3,3,16384,24,21b9baf2cf7b7845,1,1,0,-1,00000000,00000000,0,PASS
11,0,f16,C4,3,16384,24,f5166e1daf6a5307,1,1,0,-1,00000000,00000000,0,PASS
11,0,f16,C0,4,16384,24,f8a98b25f7cd0383,1,1,0,-1,00000000,00000000,0,PASS
11,0,f16,C1,4,16384,24,6dd2f6a152781763,1,1,0,-1,00000000,00000000,0,PASS
11,0,f16,C2,4,16384,24,03b1a534c5b2c557,1,1,0,-1,00000000,00000000,0,PASS
11,0,f16,C3,4,16384,24,dc654802a9af38ec,1,1,0,-1,00000000,00000000,0,PASS
11,0,f16,C4,4,16384,24,77f735b69bbdcc77,1,1,0,-1,00000000,00000000,0,PASS
11,0,f16,C0,5,16384,24,680db27b58d90383,1,1,0,-1,00000000,00000000,0,PASS
11,0,f16,C1,5,16384,24,849b32211e8c92aa,1,1,0,-1,00000000,00000000,0,PASS
11,0,f16,C2,5,16384,24,5c63d5b6c8cd0fe7,1,1,0,-1,00000000,00000000,0,PASS
11,0,f16,C3,5,16384,24,e9eaaad2abbfeadf,1,1,0,-1,00000000,00000000,0,PASS
11,0,f16,C4,5,16384,24,afa0291542a0c337,1,1,0,-1,00000000,00000000,0,PASS
11,0,f16,C0,6,16384,24,4eacaa00b9e50383,1,1,0,-1,00000000,00000000,0,PASS
11,0,f16,C1,6,16384,24,aa9ab88976b3b793,1,1,0,-1,00000000,00000000,0,PASS
11,0,f16,C2,6,16384,24,7492baf760eee0bc,1,1,0,-1,00000000,00000000,0,PASS
11,0,f16,C3,6,16384,24,ffdd2265d030a4a4,1,1,0,-1,00000000,00000000,0,PASS
11,0,f16,C4,6,16384,24,f28d61a32b65fc0a,1,1,0,-1,00000000,00000000,0,PASS
11,0,f16,C0,7,16384,24,1d4671b61af10383,1,1,0,-1,00000000,00000000,0,PASS
11,0,f16,C1,7,16384,24,3a7a16ba8fd8d85a,1,1,0,-1,00000000,00000000,0,PASS
11,0,f16,C2,7,16384,24,711aa99ced25a706,1,1,0,-1,00000000,00000000,0,PASS
11,0,f16,C3,7,16384,24,0d56d59cc68802d6,1,1,0,-1,00000000,00000000,0,PASS
11,0,f16,C4,7,16384,24,6441aebc43e8962a,1,1,0,-1,00000000,00000000,0,PASS
11,0,f16,C0,8,16384,24,449b099b7bfd0383,1,1,0,-1,00000000,00000000,0,PASS
11,0,f16,C1,8,16384,24,80cdba4d8810a5c3,1,1,0,-1,00000000,00000000,0,PASS
11,0,f16,C2,8,16384,24,af28154ffb9ea876,1,1,0,-1,00000000,00000000,0,PASS
11,0,f16,C3,8,16384,24,7d510e9a02ba514e,1,1,0,-1,00000000,00000000,0,PASS
11,0,f16,C4,8,16384,24,9e50fb1212e9adde,1,1,0,-1,00000000,00000000,0,PASS
11,1,q8_0,C0,2,4096,1024,61e628f524230383,1,1,0,-1,00000000,00000000,0,PASS
11,1,q8_0,C1,2,4096,1024,f3458625c6b0adb3,1,1,0,-1,00000000,00000000,0,PASS
11,1,q8_0,C2,2,4096,1024,eaa8b46e71e992b4,1,1,0,-1,00000000,00000000,0,PASS
11,1,q8_0,C3,2,4096,1024,f030bc827ee93d1e,1,1,0,-1,00000000,00000000,0,PASS
11,1,q8_0,C4,2,4096,1024,4712e9c2b1324d63,1,1,0,-1,00000000,00000000,0,PASS
11,1,q8_0,C0,3,4096,1024,f361b91bfc660383,1,1,0,-1,00000000,00000000,0,PASS
11,1,q8_0,C1,3,4096,1024,36aaaa69a328e07a,1,1,0,-1,00000000,00000000,0,PASS
11,1,q8_0,C2,3,4096,1024,e36dde151415c0df,1,1,0,-1,00000000,00000000,0,PASS
11,1,q8_0,C3,3,4096,1024,1df960ff13203d76,1,1,0,-1,00000000,00000000,0,PASS
11,1,q8_0,C4,3,4096,1024,e34480993503b8a3,1,1,0,-1,00000000,00000000,0,PASS
11,1,q8_0,C0,4,4096,1024,0e5df645d4a90383,1,1,0,-1,00000000,00000000,0,PASS
11,1,q8_0,C1,4,4096,1024,cb611474e6bf1763,1,1,0,-1,00000000,00000000,0,PASS
11,1,q8_0,C2,4,4096,1024,a668df01d5618865,1,1,0,-1,00000000,00000000,0,PASS
11,1,q8_0,C3,4,4096,1024,a3923bdc65e850df,1,1,0,-1,00000000,00000000,0,PASS
11,1,q8_0,C4,4,4096,1024,04144d081eb41f66,1,1,0,-1,00000000,00000000,0,PASS
11,1,q8_0,C0,5,4096,1024,649de072acec0383,1,1,0,-1,00000000,00000000,0,PASS
11,1,q8_0,C1,5,4096,1024,7d3627c9d35592aa,1,1,0,-1,00000000,00000000,0,PASS
11,1,q8_0,C2,5,4096,1024,d13581044f3dfab0,1,1,0,-1,00000000,00000000,0,PASS
11,1,q8_0,C3,5,4096,1024,c403bf5b35592a55,1,1,0,-1,00000000,00000000,0,PASS
11,1,q8_0,C4,5,4096,1024,9ca02a032bb24fc6,1,1,0,-1,00000000,00000000,0,PASS
11,1,q8_0,C0,6,4096,1024,a7e477a2852f0383,1,1,0,-1,00000000,00000000,0,PASS
11,1,q8_0,C1,6,4096,1024,a8f5fc63ca83b793,1,1,0,-1,00000000,00000000,0,PASS
11,1,q8_0,C2,6,4096,1024,2e2a6a2802a71ed0,1,1,0,-1,00000000,00000000,0,PASS
11,1,q8_0,C3,6,4096,1024,c3e937a6795f0313,1,1,0,-1,00000000,00000000,0,PASS
11,1,q8_0,C4,6,4096,1024,e725a82e9783c012,1,1,0,-1,00000000,00000000,0,PASS
11,1,q8_0,C0,7,4096,1024,89f4bbd55d720383,1,1,0,-1,00000000,00000000,0,PASS
11,1,q8_0,C1,7,4096,1024,8a1e5e5f2f1ad85a,1,1,0,-1,00000000,00000000,0,PASS
11,1,q8_0,C2,7,4096,1024,38cba9f3d15ed87c,1,1,0,-1,00000000,00000000,0,PASS
11,1,q8_0,C3,7,4096,1024,69f949dc4663fdc6,1,1,0,-1,00000000,00000000,0,PASS
11,1,q8_0,C4,7,4096,1024,a56d33ae4c8c775a,1,1,0,-1,00000000,00000000,0,PASS
11,1,q8_0,C0,8,4096,1024,bc91ad0b35b50383,1,1,0,-1,00000000,00000000,0,PASS
11,1,q8_0,C1,8,4096,1024,b049445697c9a5c3,1,1,0,-1,00000000,00000000,0,PASS
11,1,q8_0,C2,8,4096,1024,7efc99aea35888c7,1,1,0,-1,00000000,00000000,0,PASS
11,1,q8_0,C3,8,4096,1024,16617026a1fa2c48,1,1,0,-1,00000000,00000000,0,PASS
11,1,q8_0,C4,8,4096,1024,d8f79ecae2861f1f,1,1,0,-1,00000000,00000000,0,PASS
11,2,q8_0,C0,2,4096,512,61e628f524230383,1,1,0,-1,00000000,00000000,0,PASS
11,2,q8_0,C1,2,4096,512,f3458625c6b0adb3,1,1,0,-1,00000000,00000000,0,PASS
11,2,q8_0,C2,2,4096,512,eaa8b46e71e992b4,1,1,0,-1,00000000,00000000,0,PASS
11,2,q8_0,C3,2,4096,512,78cea63b17b8155a,1,1,0,-1,00000000,00000000,0,PASS
11,2,q8_0,C4,2,4096,512,4712e9c2b1324d63,1,1,0,-1,00000000,00000000,0,PASS
11,2,q8_0,C0,3,4096,512,f361b91bfc660383,1,1,0,-1,00000000,00000000,0,PASS
11,2,q8_0,C1,3,4096,512,36aaaa69a328e07a,1,1,0,-1,00000000,00000000,0,PASS
11,2,q8_0,C2,3,4096,512,e36dde151415c0df,1,1,0,-1,00000000,00000000,0,PASS
11,2,q8_0,C3,3,4096,512,34c561bcdc40d4c6,1,1,0,-1,00000000,00000000,0,PASS
11,2,q8_0,C4,3,4096,512,e34480993503b8a3,1,1,0,-1,00000000,00000000,0,PASS
11,2,q8_0,C0,4,4096,512,0e5df645d4a90383,1,1,0,-1,00000000,00000000,0,PASS
11,2,q8_0,C1,4,4096,512,cb611474e6bf1763,1,1,0,-1,00000000,00000000,0,PASS
11,2,q8_0,C2,4,4096,512,a668df01d5618865,1,1,0,-1,00000000,00000000,0,PASS
11,2,q8_0,C3,4,4096,512,7d8c0a8b40b8abe7,1,1,0,-1,00000000,00000000,0,PASS
11,2,q8_0,C4,4,4096,512,04144d081eb41f66,1,1,0,-1,00000000,00000000,0,PASS
11,2,q8_0,C0,5,4096,512,649de072acec0383,1,1,0,-1,00000000,00000000,0,PASS
11,2,q8_0,C1,5,4096,512,7d3627c9d35592aa,1,1,0,-1,00000000,00000000,0,PASS
11,2,q8_0,C2,5,4096,512,d13581044f3dfab0,1,1,0,-1,00000000,00000000,0,PASS
11,2,q8_0,C3,5,4096,512,87e54b86a58c9678,1,1,0,-1,00000000,00000000,0,PASS
11,2,q8_0,C4,5,4096,512,9ca02a032bb24fc6,1,1,0,-1,00000000,00000000,0,PASS
11,2,q8_0,C0,6,4096,512,a7e477a2852f0383,1,1,0,-1,00000000,00000000,0,PASS
11,2,q8_0,C1,6,4096,512,a8f5fc63ca83b793,1,1,0,-1,00000000,00000000,0,PASS
11,2,q8_0,C2,6,4096,512,2e2a6a2802a71ed0,1,1,0,-1,00000000,00000000,0,PASS
11,2,q8_0,C3,6,4096,512,df6a122266269fed,1,1,0,-1,00000000,00000000,0,PASS
11,2,q8_0,C4,6,4096,512,e725a82e9783c012,1,1,0,-1,00000000,00000000,0,PASS
11,2,q8_0,C0,7,4096,512,89f4bbd55d720383,1,1,0,-1,00000000,00000000,0,PASS
11,2,q8_0,C1,7,4096,512,8a1e5e5f2f1ad85a,1,1,0,-1,00000000,00000000,0,PASS
11,2,q8_0,C2,7,4096,512,38cba9f3d15ed87c,1,1,0,-1,00000000,00000000,0,PASS
11,2,q8_0,C3,7,4096,512,974184e36221e0c8,1,1,0,-1,00000000,00000000,0,PASS
11,2,q8_0,C4,7,4096,512,a56d33ae4c8c775a,1,1,0,-1,00000000,00000000,0,PASS
11,2,q8_0,C0,8,4096,512,bc91ad0b35b50383,1,1,0,-1,00000000,00000000,0,PASS
11,2,q8_0,C1,8,4096,512,b049445697c9a5c3,1,1,0,-1,00000000,00000000,0,PASS
11,2,q8_0,C2,8,4096,512,7efc99aea35888c7,1,1,0,-1,00000000,00000000,0,PASS
11,2,q8_0,C3,8,4096,512,87d98e1ab0ff321a,1,1,0,-1,00000000,00000000,0,PASS
11,2,q8_0,C4,8,4096,512,d8f79ecae2861f1f,1,1,0,-1,00000000,00000000,0,PASS
11,3,q8_0,C0,2,1024,32768,66a385207fbe8383,1,1,0,-1,00000000,00000000,0,PASS
11,3,q8_0,C1,2,1024,32768,ea4b97e88c182db3,1,1,0,-1,00000000,00000000,0,PASS
11,3,q8_0,C2,2,1024,32768,70800d37477b9cc9,1,1,0,-1,00000000,00000000,0,PASS
11,3,q8_0,C3,2,1024,32768,2cb42738fbc07095,1,1,0,-1,00000000,00000000,0,PASS
11,3,q8_0,C4,2,1024,32768,71e3b48a7ebcb79f,1,1,0,-1,00000000,00000000,0,PASS
11,3,q8_0,C0,3,1024,32768,09b99610cdcf4383,1,1,0,-1,00000000,00000000,0,PASS
11,3,q8_0,C1,3,1024,32768,f303d2023f54e07a,1,1,0,-1,00000000,00000000,0,PASS
11,3,q8_0,C2,3,1024,32768,17b139ff4bb1b56e,1,1,0,-1,00000000,00000000,0,PASS
11,3,q8_0,C3,3,1024,32768,5b508fc72df039e7,1,1,0,-1,00000000,00000000,0,PASS
11,3,q8_0,C4,3,1024,32768,7684a1bb04066307,1,1,0,-1,00000000,00000000,0,PASS
11,3,q8_0,C0,4,1024,32768,a82845d14be00383,1,1,0,-1,00000000,00000000,0,PASS
11,3,q8_0,C1,4,1024,32768,829e2379d3d0d763,1,1,0,-1,00000000,00000000,0,PASS
11,3,q8_0,C2,4,1024,32768,2c41771fb26e6aa4,1,1,0,-1,00000000,00000000,0,PASS
11,3,q8_0,C3,4,1024,32768,e05ab2535ebb28bf,1,1,0,-1,00000000,00000000,0,PASS
11,3,q8_0,C4,4,1024,32768,00c364baeed7cc77,1,1,0,-1,00000000,00000000,0,PASS
11,3,q8_0,C0,5,1024,32768,a536a061f9f0c383,1,1,0,-1,00000000,00000000,0,PASS
11,3,q8_0,C1,5,1024,32768,cd5cb4a48887d2aa,1,1,0,-1,00000000,00000000,0,PASS
11,3,q8_0,C2,5,1024,32768,fe68e9da3c4fa0b4,1,1,0,-1,00000000,00000000,0,PASS
11,3,q8_0,C3,5,1024,32768,83ec81239b590e91,1,1,0,-1,00000000,00000000,0,PASS
11,3,q8_0,C4,5,1024,32768,85d67414a04db337,1,1,0,-1,00000000,00000000,0,PASS
11,3,q8_0,C0,6,1024,32768,e72bb1c2d8018383,1,1,0,-1,00000000,00000000,0,PASS
11,3,q8_0,C1,6,1024,32768,606b07352f77b793,1,1,0,-1,00000000,00000000,0,PASS
11,3,q8_0,C2,6,1024,32768,aac88d06cc8d8c24,1,1,0,-1,00000000,00000000,0,PASS
11,3,q8_0,C3,6,1024,32768,3baf25d866670837,1,1,0,-1,00000000,00000000,0,PASS
11,3,q8_0,C4,6,1024,32768,90a3e3c502279c0a,1,1,0,-1,00000000,00000000,0,PASS
11,3,q8_0,C0,7,1024,32768,d74e85f3e6124383,1,1,0,-1,00000000,00000000,0,PASS
11,3,q8_0,C1,7,1024,32768,0680c4d6b6eb585a,1,1,0,-1,00000000,00000000,0,PASS
11,3,q8_0,C2,7,1024,32768,68aeccecb4841b1a,1,1,0,-1,00000000,00000000,0,PASS
11,3,q8_0,C3,7,1024,32768,d4ef97395ec272a9,1,1,0,-1,00000000,00000000,0,PASS
11,3,q8_0,C4,7,1024,32768,e3547e032da9e62a,1,1,0,-1,00000000,00000000,0,PASS
11,3,q8_0,C0,8,1024,32768,61e628f524230383,1,1,0,-1,00000000,00000000,0,PASS
11,3,q8_0,C1,8,1024,32768,f5568f1793b7e5c3,1,1,0,-1,00000000,00000000,0,PASS
11,3,q8_0,C2,8,1024,32768,f510f9a7c42e2707,1,1,0,-1,00000000,00000000,0,PASS
11,3,q8_0,C3,8,1024,32768,14c46f49cd3a6cd0,1,1,0,-1,00000000,00000000,0,PASS
11,3,q8_0,C4,8,1024,32768,bb27994fbd6c0dde,1,1,0,-1,00000000,00000000,0,PASS
11,4,q8_0,C0,2,8192,4096,0e5df645d4a90383,1,1,0,-1,00000000,00000000,0,PASS
11,4,q8_0,C1,2,8192,4096,a7596f63ea26adb3,1,1,0,-1,00000000,00000000,0,PASS
11,4,q8_0,C2,2,8192,4096,6024392d967b7573,1,1,0,-1,00000000,00000000,0,PASS
11,4,q8_0,C3,2,8192,4096,a0440e5729bdb4eb,1,1,0,-1,00000000,00000000,0,PASS
11,4,q8_0,C4,2,8192,4096,756a42230c87de66,1,1,0,-1,00000000,00000000,0,PASS
11,4,q8_0,C0,3,8192,4096,a7e477a2852f0383,1,1,0,-1,00000000,00000000,0,PASS
11,4,q8_0,C1,3,8192,4096,40f463593d98e07a,1,1,0,-1,00000000,00000000,0,PASS
11,4,q8_0,C2,3,8192,4096,6bda8fe4c61d0fba,1,1,0,-1,00000000,00000000,0,PASS
11,4,q8_0,C3,3,8192,4096,9b8a45f472ae71fb,1,1,0,-1,00000000,00000000,0,PASS
11,4,q8_0,C4,3,8192,4096,7ef18a95c50f9806,1,1,0,-1,00000000,00000000,0,PASS
11,4,q8_0,C0,4,8192,4096,bc91ad0b35b50383,1,1,0,-1,00000000,00000000,0,PASS
11,4,q8_0,C1,4,8192,4096,1e7b80deb5521763,1,1,0,-1,00000000,00000000,0,PASS
11,4,q8_0,C2,4,8192,4096,95646a8ebd044b5d,1,1,0,-1,00000000,00000000,0,PASS
11,4,q8_0,C3,4,8192,4096,1083a349d63d5d96,1,1,0,-1,00000000,00000000,0,PASS
11,4,q8_0,C4,4,8192,4096,7b7263e3adedcd6f,1,1,0,-1,00000000,00000000,0,PASS
11,4,q8_0,C0,5,8192,4096,da7d967fe63b0383,1,1,0,-1,00000000,00000000,0,PASS
11,4,q8_0,C1,5,8192,4096,2439109c971292aa,1,1,0,-1,00000000,00000000,0,PASS
11,4,q8_0,C2,5,8192,4096,ac7103964b5c796d,1,1,0,-1,00000000,00000000,0,PASS
11,4,q8_0,C3,5,8192,4096,ac4c213b4ba36000,1,1,0,-1,00000000,00000000,0,PASS
11,4,q8_0,C4,5,8192,4096,84cd276f9ee09557,1,1,0,-1,00000000,00000000,0,PASS
11,4,q8_0,C0,6,8192,4096,8fc0340096c10383,1,1,0,-1,00000000,00000000,0,PASS
11,4,q8_0,C1,6,8192,4096,6b7fdec3ae93b793,1,1,0,-1,00000000,00000000,0,PASS
11,4,q8_0,C2,6,8192,4096,158880dca80356a5,1,1,0,-1,00000000,00000000,0,PASS
11,4,q8_0,C3,6,8192,4096,7d36e0ac0b80608a,1,1,0,-1,00000000,00000000,0,PASS
11,4,q8_0,C4,6,8192,4096,6fb2cac120b4a24e,1,1,0,-1,00000000,00000000,0,PASS
11,4,q8_0,C0,7,8192,4096,6a71858d47470383,1,1,0,-1,00000000,00000000,0,PASS
11,4,q8_0,C1,7,8192,4096,665eaf56fa04d85a,1,1,0,-1,00000000,00000000,0,PASS
11,4,q8_0,C2,7,8192,4096,d0efefe3fcd897e2,1,1,0,-1,00000000,00000000,0,PASS
11,4,q8_0,C3,7,8192,4096,ab74704d38780fc5,1,1,0,-1,00000000,00000000,0,PASS
11,4,q8_0,C4,7,8192,4096,90b943a9e7d55d36,1,1,0,-1,00000000,00000000,0,PASS
11,4,q8_0,C0,8,8192,4096,f8a98b25f7cd0383,1,1,0,-1,00000000,00000000,0,PASS
11,4,q8_0,C1,8,8192,4096,c26c1a6b3d36a5c3,1,1,0,-1,00000000,00000000,0,PASS
11,4,q8_0,C2,8,8192,4096,95ac06e3a54b4ef2,1,1,0,-1,00000000,00000000,0,PASS
11,4,q8_0,C3,8,8192,4096,275da79d52c2e402,1,1,0,-1,00000000,00000000,0,PASS
11,4,q8_0,C4,8,8192,4096,3da45e1f8a9f3b1f,1,1,0,-1,00000000,00000000,0,PASS
11,5,f16,C0,2,16384,24,bc91ad0b35b50383,1,1,0,-1,00000000,00000000,0,PASS
11,5,f16,C1,2,16384,24,5dc3d7543112adb3,1,1,0,-1,00000000,00000000,0,PASS
11,5,f16,C2,2,16384,24,2182d4551e4fe2a3,1,1,0,-1,00000000,00000000,0,PASS
11,5,f16,C3,2,16384,24,f16e8fec80975cd0,1,1,0,-1,00000000,00000000,0,PASS
11,5,f16,C4,2,16384,24,b25fa2af1f4d979f,1,1,0,-1,00000000,00000000,0,PASS
11,5,f16,C0,3,16384,24,8fc0340096c10383,1,1,0,-1,00000000,00000000,0,PASS
11,5,f16,C1,3,16384,24,b7a628de7278e07a,1,1,0,-1,00000000,00000000,0,PASS
11,5,f16,C2,3,16384,24,05a69f75d2d8e36d,1,1,0,-1,00000000,00000000,0,PASS
11,5,f16,C3,3,16384,24,0bf8ffbf2aef5cc9,1,1,0,-1,00000000,00000000,0,PASS
11,5,f16,C4,3,16384,24,f5166e1daf6a5307,1,1,0,-1,00000000,00000000,0,PASS
11,5,f16,C0,4,16384,24,f8a98b25f7cd0383,1,1,0,-1,00000000,00000000,0,PASS
11,5,f16,C1,4,16384,24,6dd2f6a152781763,1,1,0,-1,00000000,00000000,0,PASS
11,5,f16,C2,4,16384,24,03b1a534c5b2c557,1,1,0,-1,00000000,00000000,0,PASS
11,5,f16,C3,4,16384,24,32589b68e7f3fdad,1,1,0,-1,00000000,00000000,0,PASS
11,5,f16,C4,4,16384,24,77f735b69bbdcc77,1,1,0,-1,00000000,00000000,0,PASS
11,5,f16,C0,5,16384,24,680db27b58d90383,1,1,0,-1,00000000,00000000,0,PASS
11,5,f16,C1,5,16384,24,849b32211e8c92aa,1,1,0,-1,00000000,00000000,0,PASS
11,5,f16,C2,5,16384,24,5c63d5b6c8cd0fe7,1,1,0,-1,00000000,00000000,0,PASS
11,5,f16,C3,5,16384,24,44bbeb2538600cc7,1,1,0,-1,00000000,00000000,0,PASS
11,5,f16,C4,5,16384,24,afa0291542a0c337,1,1,0,-1,00000000,00000000,0,PASS
11,5,f16,C0,6,16384,24,4eacaa00b9e50383,1,1,0,-1,00000000,00000000,0,PASS
11,5,f16,C1,6,16384,24,aa9ab88976b3b793,1,1,0,-1,00000000,00000000,0,PASS
11,5,f16,C2,6,16384,24,7492baf760eee0bc,1,1,0,-1,00000000,00000000,0,PASS
11,5,f16,C3,6,16384,24,e4f47bad3e54cc69,1,1,0,-1,00000000,00000000,0,PASS
11,5,f16,C4,6,16384,24,f28d61a32b65fc0a,1,1,0,-1,00000000,00000000,0,PASS
11,5,f16,C0,7,16384,24,1d4671b61af10383,1,1,0,-1,00000000,00000000,0,PASS
11,5,f16,C1,7,16384,24,3a7a16ba8fd8d85a,1,1,0,-1,00000000,00000000,0,PASS
11,5,f16,C2,7,16384,24,711aa99ced25a706,1,1,0,-1,00000000,00000000,0,PASS
11,5,f16,C3,7,16384,24,ef2f10990fb8e17d,1,1,0,-1,00000000,00000000,0,PASS
11,5,f16,C4,7,16384,24,6441aebc43e8962a,1,1,0,-1,00000000,00000000,0,PASS
11,5,f16,C0,8,16384,24,449b099b7bfd0383,1,1,0,-1,00000000,00000000,0,PASS
11,5,f16,C1,8,16384,24,80cdba4d8810a5c3,1,1,0,-1,00000000,00000000,0,PASS
11,5,f16,C2,8,16384,24,af28154ffb9ea876,1,1,0,-1,00000000,00000000,0,PASS
11,5,f16,C3,8,16384,24,5a80ba555fd1ee46,1,1,0,-1,00000000,00000000,0,PASS
11,5,f16,C4,8,16384,24,9e50fb1212e9adde,1,1,0,-1,00000000,00000000,0,PASS
11,6,f16,C0,2,4096,256,61e628f524230383,1,1,0,-1,00000000,00000000,0,PASS
11,6,f16,C1,2,4096,256,f3458625c6b0adb3,1,1,0,-1,00000000,00000000,0,PASS
11,6,f16,C2,2,4096,256,eaa8b46e71e992b4,1,1,0,-1,00000000,00000000,0,PASS
11,6,f16,C3,2,4096,256,ee501589b1ae8409,1,1,0,-1,00000000,00000000,0,PASS
11,6,f16,C4,2,4096,256,4712e9c2b1324d63,1,1,0,-1,00000000,00000000,0,PASS
11,6,f16,C0,3,4096,256,f361b91bfc660383,1,1,0,-1,00000000,00000000,0,PASS
11,6,f16,C1,3,4096,256,36aaaa69a328e07a,1,1,0,-1,00000000,00000000,0,PASS
11,6,f16,C2,3,4096,256,e36dde151415c0df,1,1,0,-1,00000000,00000000,0,PASS
11,6,f16,C3,3,4096,256,b938f736a1d8d082,1,1,0,-1,00000000,00000000,0,PASS
11,6,f16,C4,3,4096,256,e34480993503b8a3,1,1,0,-1,00000000,00000000,0,PASS
11,6,f16,C0,4,4096,256,0e5df645d4a90383,1,1,0,-1,00000000,00000000,0,PASS
11,6,f16,C1,4,4096,256,cb611474e6bf1763,1,1,0,-1,00000000,00000000,0,PASS
11,6,f16,C2,4,4096,256,a668df01d5618865,1,1,0,-1,00000000,00000000,0,PASS
11,6,f16,C3,4,4096,256,ae2ef9a3dbc186db,1,1,0,-1,00000000,00000000,0,PASS
11,6,f16,C4,4,4096,256,04144d081eb41f66,1,1,0,-1,00000000,00000000,0,PASS
11,6,f16,C0,5,4096,256,649de072acec0383,1,1,0,-1,00000000,00000000,0,PASS
11,6,f16,C1,5,4096,256,7d3627c9d35592aa,1,1,0,-1,00000000,00000000,0,PASS
11,6,f16,C2,5,4096,256,d13581044f3dfab0,1,1,0,-1,00000000,00000000,0,PASS
11,6,f16,C3,5,4096,256,c9f2a1df87053569,1,1,0,-1,00000000,00000000,0,PASS
11,6,f16,C4,5,4096,256,9ca02a032bb24fc6,1,1,0,-1,00000000,00000000,0,PASS
11,6,f16,C0,6,4096,256,a7e477a2852f0383,1,1,0,-1,00000000,00000000,0,PASS
11,6,f16,C1,6,4096,256,a8f5fc63ca83b793,1,1,0,-1,00000000,00000000,0,PASS
11,6,f16,C2,6,4096,256,2e2a6a2802a71ed0,1,1,0,-1,00000000,00000000,0,PASS
11,6,f16,C3,6,4096,256,0a1625b64de866bb,1,1,0,-1,00000000,00000000,0,PASS
11,6,f16,C4,6,4096,256,e725a82e9783c012,1,1,0,-1,00000000,00000000,0,PASS
11,6,f16,C0,7,4096,256,89f4bbd55d720383,1,1,0,-1,00000000,00000000,0,PASS
11,6,f16,C1,7,4096,256,8a1e5e5f2f1ad85a,1,1,0,-1,00000000,00000000,0,PASS
11,6,f16,C2,7,4096,256,38cba9f3d15ed87c,1,1,0,-1,00000000,00000000,0,PASS
11,6,f16,C3,7,4096,256,d00585bbed7688e7,1,1,0,-1,00000000,00000000,0,PASS
11,6,f16,C4,7,4096,256,a56d33ae4c8c775a,1,1,0,-1,00000000,00000000,0,PASS
11,6,f16,C0,8,4096,256,bc91ad0b35b50383,1,1,0,-1,00000000,00000000,0,PASS
11,6,f16,C1,8,4096,256,b049445697c9a5c3,1,1,0,-1,00000000,00000000,0,PASS
11,6,f16,C2,8,4096,256,7efc99aea35888c7,1,1,0,-1,00000000,00000000,0,PASS
11,6,f16,C3,8,4096,256,f3b7efc606e54ada,1,1,0,-1,00000000,00000000,0,PASS
11,6,f16,C4,8,4096,256,d8f79ecae2861f1f,1,1,0,-1,00000000,00000000,0,PASS
12,0,f16,C0,2,16384,24,bc91ad0b35b50383,1,1,0,-1,00000000,00000000,0,PASS
12,0,f16,C1,2,16384,24,5dc3d7543112adb3,1,1,0,-1,00000000,00000000,0,PASS
12,0,f16,C2,2,16384,24,2182d4551e4fe2a3,1,1,0,-1,00000000,00000000,0,PASS
12,0,f16,C3,2,16384,24,7cae8a038b8d9e8b,1,1,0,-1,00000000,00000000,0,PASS
12,0,f16,C4,2,16384,24,b25fa2af1f4d979f,1,1,0,-1,00000000,00000000,0,PASS
12,0,f16,C0,3,16384,24,8fc0340096c10383,1,1,0,-1,00000000,00000000,0,PASS
12,0,f16,C1,3,16384,24,b7a628de7278e07a,1,1,0,-1,00000000,00000000,0,PASS
12,0,f16,C2,3,16384,24,05a69f75d2d8e36d,1,1,0,-1,00000000,00000000,0,PASS
12,0,f16,C3,3,16384,24,cd55417bdcae8b5d,1,1,0,-1,00000000,00000000,0,PASS
12,0,f16,C4,3,16384,24,f5166e1daf6a5307,1,1,0,-1,00000000,00000000,0,PASS
12,0,f16,C0,4,16384,24,f8a98b25f7cd0383,1,1,0,-1,00000000,00000000,0,PASS
12,0,f16,C1,4,16384,24,6dd2f6a152781763,1,1,0,-1,00000000,00000000,0,PASS
12,0,f16,C2,4,16384,24,03b1a534c5b2c557,1,1,0,-1,00000000,00000000,0,PASS
12,0,f16,C3,4,16384,24,45c31a7a749a4525,1,1,0,-1,00000000,00000000,0,PASS
12,0,f16,C4,4,16384,24,77f735b69bbdcc77,1,1,0,-1,00000000,00000000,0,PASS
12,0,f16,C0,5,16384,24,680db27b58d90383,1,1,0,-1,00000000,00000000,0,PASS
12,0,f16,C1,5,16384,24,849b32211e8c92aa,1,1,0,-1,00000000,00000000,0,PASS
12,0,f16,C2,5,16384,24,5c63d5b6c8cd0fe7,1,1,0,-1,00000000,00000000,0,PASS
12,0,f16,C3,5,16384,24,4921aa8ba4756d0e,1,1,0,-1,00000000,00000000,0,PASS
12,0,f16,C4,5,16384,24,afa0291542a0c337,1,1,0,-1,00000000,00000000,0,PASS
12,0,f16,C0,6,16384,24,4eacaa00b9e50383,1,1,0,-1,00000000,00000000,0,PASS
12,0,f16,C1,6,16384,24,aa9ab88976b3b793,1,1,0,-1,00000000,00000000,0,PASS
12,0,f16,C2,6,16384,24,7492baf760eee0bc,1,1,0,-1,00000000,00000000,0,PASS
12,0,f16,C3,6,16384,24,3b8d48ffe8a3ce16,1,1,0,-1,00000000,00000000,0,PASS
12,0,f16,C4,6,16384,24,f28d61a32b65fc0a,1,1,0,-1,00000000,00000000,0,PASS
12,0,f16,C0,7,16384,24,1d4671b61af10383,1,1,0,-1,00000000,00000000,0,PASS
12,0,f16,C1,7,16384,24,3a7a16ba8fd8d85a,1,1,0,-1,00000000,00000000,0,PASS
12,0,f16,C2,7,16384,24,711aa99ced25a706,1,1,0,-1,00000000,00000000,0,PASS
12,0,f16,C3,7,16384,24,c23316a9cf545bb5,1,1,0,-1,00000000,00000000,0,PASS
12,0,f16,C4,7,16384,24,6441aebc43e8962a,1,1,0,-1,00000000,00000000,0,PASS
12,0,f16,C0,8,16384,24,449b099b7bfd0383,1,1,0,-1,00000000,00000000,0,PASS
12,0,f16,C1,8,16384,24,80cdba4d8810a5c3,1,1,0,-1,00000000,00000000,0,PASS
12,0,f16,C2,8,16384,24,af28154ffb9ea876,1,1,0,-1,00000000,00000000,0,PASS
12,0,f16,C3,8,16384,24,3b82e3781f02266c,1,1,0,-1,00000000,00000000,0,PASS
12,0,f16,C4,8,16384,24,9e50fb1212e9adde,1,1,0,-1,00000000,00000000,0,PASS
12,1,q8_0,C0,2,4096,1024,61e628f524230383,1,1,0,-1,00000000,00000000,0,PASS
12,1,q8_0,C1,2,4096,1024,f3458625c6b0adb3,1,1,0,-1,00000000,00000000,0,PASS
12,1,q8_0,C2,2,4096,1024,eaa8b46e71e992b4,1,1,0,-1,00000000,00000000,0,PASS
12,1,q8_0,C3,2,4096,1024,2d01898867dc75cd,1,1,0,-1,00000000,00000000,0,PASS
12,1,q8_0,C4,2,4096,1024,4712e9c2b1324d63,1,1,0,-1,00000000,00000000,0,PASS
12,1,q8_0,C0,3,4096,1024,f361b91bfc660383,1,1,0,-1,00000000,00000000,0,PASS
12,1,q8_0,C1,3,4096,1024,36aaaa69a328e07a,1,1,0,-1,00000000,00000000,0,PASS
12,1,q8_0,C2,3,4096,1024,e36dde151415c0df,1,1,0,-1,00000000,00000000,0,PASS
12,1,q8_0,C3,3,4096,1024,9ff805aff83d2bdf,1,1,0,-1,00000000,00000000,0,PASS
12,1,q8_0,C4,3,4096,1024,e34480993503b8a3,1,1,0,-1,00000000,00000000,0,PASS
12,1,q8_0,C0,4,4096,1024,0e5df645d4a90383,1,1,0,-1,00000000,00000000,0,PASS
12,1,q8_0,C1,4,4096,1024,cb611474e6bf1763,1,1,0,-1,00000000,00000000,0,PASS
12,1,q8_0,C2,4,4096,1024,a668df01d5618865,1,1,0,-1,00000000,00000000,0,PASS
12,1,q8_0,C3,4,4096,1024,6757adbef9ad9bff,1,1,0,-1,00000000,00000000,0,PASS
12,1,q8_0,C4,4,4096,1024,04144d081eb41f66,1,1,0,-1,00000000,00000000,0,PASS
12,1,q8_0,C0,5,4096,1024,649de072acec0383,1,1,0,-1,00000000,00000000,0,PASS
12,1,q8_0,C1,5,4096,1024,7d3627c9d35592aa,1,1,0,-1,00000000,00000000,0,PASS
12,1,q8_0,C2,5,4096,1024,d13581044f3dfab0,1,1,0,-1,00000000,00000000,0,PASS
12,1,q8_0,C3,5,4096,1024,57d884a52ee86fde,1,1,0,-1,00000000,00000000,0,PASS
12,1,q8_0,C4,5,4096,1024,9ca02a032bb24fc6,1,1,0,-1,00000000,00000000,0,PASS
12,1,q8_0,C0,6,4096,1024,a7e477a2852f0383,1,1,0,-1,00000000,00000000,0,PASS
12,1,q8_0,C1,6,4096,1024,a8f5fc63ca83b793,1,1,0,-1,00000000,00000000,0,PASS
12,1,q8_0,C2,6,4096,1024,2e2a6a2802a71ed0,1,1,0,-1,00000000,00000000,0,PASS
12,1,q8_0,C3,6,4096,1024,6a65d6cbb84bbf60,1,1,0,-1,00000000,00000000,0,PASS
12,1,q8_0,C4,6,4096,1024,e725a82e9783c012,1,1,0,-1,00000000,00000000,0,PASS
12,1,q8_0,C0,7,4096,1024,89f4bbd55d720383,1,1,0,-1,00000000,00000000,0,PASS
12,1,q8_0,C1,7,4096,1024,8a1e5e5f2f1ad85a,1,1,0,-1,00000000,00000000,0,PASS
12,1,q8_0,C2,7,4096,1024,38cba9f3d15ed87c,1,1,0,-1,00000000,00000000,0,PASS
12,1,q8_0,C3,7,4096,1024,8b6529711ecd6735,1,1,0,-1,00000000,00000000,0,PASS
12,1,q8_0,C4,7,4096,1024,a56d33ae4c8c775a,1,1,0,-1,00000000,00000000,0,PASS
12,1,q8_0,C0,8,4096,1024,bc91ad0b35b50383,1,1,0,-1,00000000,00000000,0,PASS
12,1,q8_0,C1,8,4096,1024,b049445697c9a5c3,1,1,0,-1,00000000,00000000,0,PASS
12,1,q8_0,C2,8,4096,1024,7efc99aea35888c7,1,1,0,-1,00000000,00000000,0,PASS
12,1,q8_0,C3,8,4096,1024,e37572d6515f9035,1,1,0,-1,00000000,00000000,0,PASS
12,1,q8_0,C4,8,4096,1024,d8f79ecae2861f1f,1,1,0,-1,00000000,00000000,0,PASS
12,2,q8_0,C0,2,4096,512,61e628f524230383,1,1,0,-1,00000000,00000000,0,PASS
12,2,q8_0,C1,2,4096,512,f3458625c6b0adb3,1,1,0,-1,00000000,00000000,0,PASS
12,2,q8_0,C2,2,4096,512,eaa8b46e71e992b4,1,1,0,-1,00000000,00000000,0,PASS
12,2,q8_0,C3,2,4096,512,f09dd36523fd331d,1,1,0,-1,00000000,00000000,0,PASS
12,2,q8_0,C4,2,4096,512,4712e9c2b1324d63,1,1,0,-1,00000000,00000000,0,PASS
12,2,q8_0,C0,3,4096,512,f361b91bfc660383,1,1,0,-1,00000000,00000000,0,PASS
12,2,q8_0,C1,3,4096,512,36aaaa69a328e07a,1,1,0,-1,00000000,00000000,0,PASS
12,2,q8_0,C2,3,4096,512,e36dde151415c0df,1,1,0,-1,00000000,00000000,0,PASS
12,2,q8_0,C3,3,4096,512,cdaa0a8eaba93919,1,1,0,-1,00000000,00000000,0,PASS
12,2,q8_0,C4,3,4096,512,e34480993503b8a3,1,1,0,-1,00000000,00000000,0,PASS
12,2,q8_0,C0,4,4096,512,0e5df645d4a90383,1,1,0,-1,00000000,00000000,0,PASS
12,2,q8_0,C1,4,4096,512,cb611474e6bf1763,1,1,0,-1,00000000,00000000,0,PASS
12,2,q8_0,C2,4,4096,512,a668df01d5618865,1,1,0,-1,00000000,00000000,0,PASS
12,2,q8_0,C3,4,4096,512,5267af57d08e9ac9,1,1,0,-1,00000000,00000000,0,PASS
12,2,q8_0,C4,4,4096,512,04144d081eb41f66,1,1,0,-1,00000000,00000000,0,PASS
12,2,q8_0,C0,5,4096,512,649de072acec0383,1,1,0,-1,00000000,00000000,0,PASS
12,2,q8_0,C1,5,4096,512,7d3627c9d35592aa,1,1,0,-1,00000000,00000000,0,PASS
12,2,q8_0,C2,5,4096,512,d13581044f3dfab0,1,1,0,-1,00000000,00000000,0,PASS
12,2,q8_0,C3,5,4096,512,189a02f0bd26066f,1,1,0,-1,00000000,00000000,0,PASS
12,2,q8_0,C4,5,4096,512,9ca02a032bb24fc6,1,1,0,-1,00000000,00000000,0,PASS
12,2,q8_0,C0,6,4096,512,a7e477a2852f0383,1,1,0,-1,00000000,00000000,0,PASS
12,2,q8_0,C1,6,4096,512,a8f5fc63ca83b793,1,1,0,-1,00000000,00000000,0,PASS
12,2,q8_0,C2,6,4096,512,2e2a6a2802a71ed0,1,1,0,-1,00000000,00000000,0,PASS
12,2,q8_0,C3,6,4096,512,4a965e676532640c,1,1,0,-1,00000000,00000000,0,PASS
12,2,q8_0,C4,6,4096,512,e725a82e9783c012,1,1,0,-1,00000000,00000000,0,PASS
12,2,q8_0,C0,7,4096,512,89f4bbd55d720383,1,1,0,-1,00000000,00000000,0,PASS
12,2,q8_0,C1,7,4096,512,8a1e5e5f2f1ad85a,1,1,0,-1,00000000,00000000,0,PASS
12,2,q8_0,C2,7,4096,512,38cba9f3d15ed87c,1,1,0,-1,00000000,00000000,0,PASS
12,2,q8_0,C3,7,4096,512,b7164a69b01886f2,1,1,0,-1,00000000,00000000,0,PASS
12,2,q8_0,C4,7,4096,512,a56d33ae4c8c775a,1,1,0,-1,00000000,00000000,0,PASS
12,2,q8_0,C0,8,4096,512,bc91ad0b35b50383,1,1,0,-1,00000000,00000000,0,PASS
12,2,q8_0,C1,8,4096,512,b049445697c9a5c3,1,1,0,-1,00000000,00000000,0,PASS
12,2,q8_0,C2,8,4096,512,7efc99aea35888c7,1,1,0,-1,00000000,00000000,0,PASS
12,2,q8_0,C3,8,4096,512,3734e92e6fd596e1,1,1,0,-1,00000000,00000000,0,PASS
12,2,q8_0,C4,8,4096,512,d8f79ecae2861f1f,1,1,0,-1,00000000,00000000,0,PASS
12,3,q8_0,C0,2,1024,32768,66a385207fbe8383,1,1,0,-1,00000000,00000000,0,PASS
12,3,q8_0,C1,2,1024,32768,ea4b97e88c182db3,1,1,0,-1,00000000,00000000,0,PASS
12,3,q8_0,C2,2,1024,32768,70800d37477b9cc9,1,1,0,-1,00000000,00000000,0,PASS
12,3,q8_0,C3,2,1024,32768,6691e27b02078ffd,1,1,0,-1,00000000,00000000,0,PASS
12,3,q8_0,C4,2,1024,32768,71e3b48a7ebcb79f,1,1,0,-1,00000000,00000000,0,PASS
12,3,q8_0,C0,3,1024,32768,09b99610cdcf4383,1,1,0,-1,00000000,00000000,0,PASS
12,3,q8_0,C1,3,1024,32768,f303d2023f54e07a,1,1,0,-1,00000000,00000000,0,PASS
12,3,q8_0,C2,3,1024,32768,17b139ff4bb1b56e,1,1,0,-1,00000000,00000000,0,PASS
12,3,q8_0,C3,3,1024,32768,4907ae1512c5b412,1,1,0,-1,00000000,00000000,0,PASS
12,3,q8_0,C4,3,1024,32768,7684a1bb04066307,1,1,0,-1,00000000,00000000,0,PASS
12,3,q8_0,C0,4,1024,32768,a82845d14be00383,1,1,0,-1,00000000,00000000,0,PASS
12,3,q8_0,C1,4,1024,32768,829e2379d3d0d763,1,1,0,-1,00000000,00000000,0,PASS
12,3,q8_0,C2,4,1024,32768,2c41771fb26e6aa4,1,1,0,-1,00000000,00000000,0,PASS
12,3,q8_0,C3,4,1024,32768,52976f70f6b378a1,1,1,0,-1,00000000,00000000,0,PASS
12,3,q8_0,C4,4,1024,32768,00c364baeed7cc77,1,1,0,-1,00000000,00000000,0,PASS
12,3,q8_0,C0,5,1024,32768,a536a061f9f0c383,1,1,0,-1,00000000,00000000,0,PASS
12,3,q8_0,C1,5,1024,32768,cd5cb4a48887d2aa,1,1,0,-1,00000000,00000000,0,PASS
12,3,q8_0,C2,5,1024,32768,fe68e9da3c4fa0b4,1,1,0,-1,00000000,00000000,0,PASS
12,3,q8_0,C3,5,1024,32768,d13c5963d70bc99b,1,1,0,-1,00000000,00000000,0,PASS
12,3,q8_0,C4,5,1024,32768,85d67414a04db337,1,1,0,-1,00000000,00000000,0,PASS
12,3,q8_0,C0,6,1024,32768,e72bb1c2d8018383,1,1,0,-1,00000000,00000000,0,PASS
12,3,q8_0,C1,6,1024,32768,606b07352f77b793,1,1,0,-1,00000000,00000000,0,PASS
12,3,q8_0,C2,6,1024,32768,aac88d06cc8d8c24,1,1,0,-1,00000000,00000000,0,PASS
12,3,q8_0,C3,6,1024,32768,45b1ee86c791919c,1,1,0,-1,00000000,00000000,0,PASS
12,3,q8_0,C4,6,1024,32768,90a3e3c502279c0a,1,1,0,-1,00000000,00000000,0,PASS
12,3,q8_0,C0,7,1024,32768,d74e85f3e6124383,1,1,0,-1,00000000,00000000,0,PASS
12,3,q8_0,C1,7,1024,32768,0680c4d6b6eb585a,1,1,0,-1,00000000,00000000,0,PASS
12,3,q8_0,C2,7,1024,32768,68aeccecb4841b1a,1,1,0,-1,00000000,00000000,0,PASS
12,3,q8_0,C3,7,1024,32768,f8fc1f1df32e83ae,1,1,0,-1,00000000,00000000,0,PASS
12,3,q8_0,C4,7,1024,32768,e3547e032da9e62a,1,1,0,-1,00000000,00000000,0,PASS
12,3,q8_0,C0,8,1024,32768,61e628f524230383,1,1,0,-1,00000000,00000000,0,PASS
12,3,q8_0,C1,8,1024,32768,f5568f1793b7e5c3,1,1,0,-1,00000000,00000000,0,PASS
12,3,q8_0,C2,8,1024,32768,f510f9a7c42e2707,1,1,0,-1,00000000,00000000,0,PASS
12,3,q8_0,C3,8,1024,32768,83990e7320dd941c,1,1,0,-1,00000000,00000000,0,PASS
12,3,q8_0,C4,8,1024,32768,bb27994fbd6c0dde,1,1,0,-1,00000000,00000000,0,PASS
12,4,q8_0,C0,2,8192,4096,0e5df645d4a90383,1,1,0,-1,00000000,00000000,0,PASS
12,4,q8_0,C1,2,8192,4096,a7596f63ea26adb3,1,1,0,-1,00000000,00000000,0,PASS
12,4,q8_0,C2,2,8192,4096,6024392d967b7573,1,1,0,-1,00000000,00000000,0,PASS
12,4,q8_0,C3,2,8192,4096,33ee9a91f1819de6,1,1,0,-1,00000000,00000000,0,PASS
12,4,q8_0,C4,2,8192,4096,756a42230c87de66,1,1,0,-1,00000000,00000000,0,PASS
12,4,q8_0,C0,3,8192,4096,a7e477a2852f0383,1,1,0,-1,00000000,00000000,0,PASS
12,4,q8_0,C1,3,8192,4096,40f463593d98e07a,1,1,0,-1,00000000,00000000,0,PASS
12,4,q8_0,C2,3,8192,4096,6bda8fe4c61d0fba,1,1,0,-1,00000000,00000000,0,PASS
12,4,q8_0,C3,3,8192,4096,a0a6b3b886ce15cf,1,1,0,-1,00000000,00000000,0,PASS
12,4,q8_0,C4,3,8192,4096,7ef18a95c50f9806,1,1,0,-1,00000000,00000000,0,PASS
12,4,q8_0,C0,4,8192,4096,bc91ad0b35b50383,1,1,0,-1,00000000,00000000,0,PASS
12,4,q8_0,C1,4,8192,4096,1e7b80deb5521763,1,1,0,-1,00000000,00000000,0,PASS
12,4,q8_0,C2,4,8192,4096,95646a8ebd044b5d,1,1,0,-1,00000000,00000000,0,PASS
12,4,q8_0,C3,4,8192,4096,ce5754d4a539647b,1,1,0,-1,00000000,00000000,0,PASS
12,4,q8_0,C4,4,8192,4096,7b7263e3adedcd6f,1,1,0,-1,00000000,00000000,0,PASS
12,4,q8_0,C0,5,8192,4096,da7d967fe63b0383,1,1,0,-1,00000000,00000000,0,PASS
12,4,q8_0,C1,5,8192,4096,2439109c971292aa,1,1,0,-1,00000000,00000000,0,PASS
12,4,q8_0,C2,5,8192,4096,ac7103964b5c796d,1,1,0,-1,00000000,00000000,0,PASS
12,4,q8_0,C3,5,8192,4096,b0dfe09b9d8e6988,1,1,0,-1,00000000,00000000,0,PASS
12,4,q8_0,C4,5,8192,4096,84cd276f9ee09557,1,1,0,-1,00000000,00000000,0,PASS
12,4,q8_0,C0,6,8192,4096,8fc0340096c10383,1,1,0,-1,00000000,00000000,0,PASS
12,4,q8_0,C1,6,8192,4096,6b7fdec3ae93b793,1,1,0,-1,00000000,00000000,0,PASS
12,4,q8_0,C2,6,8192,4096,158880dca80356a5,1,1,0,-1,00000000,00000000,0,PASS
12,4,q8_0,C3,6,8192,4096,dc6a975d79066d64,1,1,0,-1,00000000,00000000,0,PASS
12,4,q8_0,C4,6,8192,4096,6fb2cac120b4a24e,1,1,0,-1,00000000,00000000,0,PASS
12,4,q8_0,C0,7,8192,4096,6a71858d47470383,1,1,0,-1,00000000,00000000,0,PASS
12,4,q8_0,C1,7,8192,4096,665eaf56fa04d85a,1,1,0,-1,00000000,00000000,0,PASS
12,4,q8_0,C2,7,8192,4096,d0efefe3fcd897e2,1,1,0,-1,00000000,00000000,0,PASS
12,4,q8_0,C3,7,8192,4096,0d98b0f9fccad502,1,1,0,-1,00000000,00000000,0,PASS
12,4,q8_0,C4,7,8192,4096,90b943a9e7d55d36,1,1,0,-1,00000000,00000000,0,PASS
12,4,q8_0,C0,8,8192,4096,f8a98b25f7cd0383,1,1,0,-1,00000000,00000000,0,PASS
12,4,q8_0,C1,8,8192,4096,c26c1a6b3d36a5c3,1,1,0,-1,00000000,00000000,0,PASS
12,4,q8_0,C2,8,8192,4096,95ac06e3a54b4ef2,1,1,0,-1,00000000,00000000,0,PASS
12,4,q8_0,C3,8,8192,4096,865a6ce91fecf1f4,1,1,0,-1,00000000,00000000,0,PASS
12,4,q8_0,C4,8,8192,4096,3da45e1f8a9f3b1f,1,1,0,-1,00000000,00000000,0,PASS
12,5,f16,C0,2,16384,24,bc91ad0b35b50383,1,1,0,-1,00000000,00000000,0,PASS
12,5,f16,C1,2,16384,24,5dc3d7543112adb3,1,1,0,-1,00000000,00000000,0,PASS
12,5,f16,C2,2,16384,24,2182d4551e4fe2a3,1,1,0,-1,00000000,00000000,0,PASS
12,5,f16,C3,2,16384,24,b0b61ade86a98a30,1,1,0,-1,00000000,00000000,0,PASS
12,5,f16,C4,2,16384,24,b25fa2af1f4d979f,1,1,0,-1,00000000,00000000,0,PASS
12,5,f16,C0,3,16384,24,8fc0340096c10383,1,1,0,-1,00000000,00000000,0,PASS
12,5,f16,C1,3,16384,24,b7a628de7278e07a,1,1,0,-1,00000000,00000000,0,PASS
12,5,f16,C2,3,16384,24,05a69f75d2d8e36d,1,1,0,-1,00000000,00000000,0,PASS
12,5,f16,C3,3,16384,24,373280eb31abd7c4,1,1,0,-1,00000000,00000000,0,PASS
12,5,f16,C4,3,16384,24,f5166e1daf6a5307,1,1,0,-1,00000000,00000000,0,PASS
12,5,f16,C0,4,16384,24,f8a98b25f7cd0383,1,1,0,-1,00000000,00000000,0,PASS
12,5,f16,C1,4,16384,24,6dd2f6a152781763,1,1,0,-1,00000000,00000000,0,PASS
12,5,f16,C2,4,16384,24,03b1a534c5b2c557,1,1,0,-1,00000000,00000000,0,PASS
12,5,f16,C3,4,16384,24,f96eb857b98db5f3,1,1,0,-1,00000000,00000000,0,PASS
12,5,f16,C4,4,16384,24,77f735b69bbdcc77,1,1,0,-1,00000000,00000000,0,PASS
12,5,f16,C0,5,16384,24,680db27b58d90383,1,1,0,-1,00000000,00000000,0,PASS
12,5,f16,C1,5,16384,24,849b32211e8c92aa,1,1,0,-1,00000000,00000000,0,PASS
12,5,f16,C2,5,16384,24,5c63d5b6c8cd0fe7,1,1,0,-1,00000000,00000000,0,PASS
12,5,f16,C3,5,16384,24,476eee07be1813b2,1,1,0,-1,00000000,00000000,0,PASS
12,5,f16,C4,5,16384,24,afa0291542a0c337,1,1,0,-1,00000000,00000000,0,PASS
12,5,f16,C0,6,16384,24,4eacaa00b9e50383,1,1,0,-1,00000000,00000000,0,PASS
12,5,f16,C1,6,16384,24,aa9ab88976b3b793,1,1,0,-1,00000000,00000000,0,PASS
12,5,f16,C2,6,16384,24,7492baf760eee0bc,1,1,0,-1,00000000,00000000,0,PASS
12,5,f16,C3,6,16384,24,447f40ce141290d4,1,1,0,-1,00000000,00000000,0,PASS
12,5,f16,C4,6,16384,24,f28d61a32b65fc0a,1,1,0,-1,00000000,00000000,0,PASS
12,5,f16,C0,7,16384,24,1d4671b61af10383,1,1,0,-1,00000000,00000000,0,PASS
12,5,f16,C1,7,16384,24,3a7a16ba8fd8d85a,1,1,0,-1,00000000,00000000,0,PASS
12,5,f16,C2,7,16384,24,711aa99ced25a706,1,1,0,-1,00000000,00000000,0,PASS
12,5,f16,C3,7,16384,24,2489da2f45f57795,1,1,0,-1,00000000,00000000,0,PASS
12,5,f16,C4,7,16384,24,6441aebc43e8962a,1,1,0,-1,00000000,00000000,0,PASS
12,5,f16,C0,8,16384,24,449b099b7bfd0383,1,1,0,-1,00000000,00000000,0,PASS
12,5,f16,C1,8,16384,24,80cdba4d8810a5c3,1,1,0,-1,00000000,00000000,0,PASS
12,5,f16,C2,8,16384,24,af28154ffb9ea876,1,1,0,-1,00000000,00000000,0,PASS
12,5,f16,C3,8,16384,24,7ab9cc54782b8ef4,1,1,0,-1,00000000,00000000,0,PASS
12,5,f16,C4,8,16384,24,9e50fb1212e9adde,1,1,0,-1,00000000,00000000,0,PASS
12,6,f16,C0,2,4096,256,61e628f524230383,1,1,0,-1,00000000,00000000,0,PASS
12,6,f16,C1,2,4096,256,f3458625c6b0adb3,1,1,0,-1,00000000,00000000,0,PASS
12,6,f16,C2,2,4096,256,eaa8b46e71e992b4,1,1,0,-1,00000000,00000000,0,PASS
12,6,f16,C3,2,4096,256,aae284756a58fa7f,1,1,0,-1,00000000,00000000,0,PASS
12,6,f16,C4,2,4096,256,4712e9c2b1324d63,1,1,0,-1,00000000,00000000,0,PASS
12,6,f16,C0,3,4096,256,f361b91bfc660383,1,1,0,-1,00000000,00000000,0,PASS
12,6,f16,C1,3,4096,256,36aaaa69a328e07a,1,1,0,-1,00000000,00000000,0,PASS
12,6,f16,C2,3,4096,256,e36dde151415c0df,1,1,0,-1,00000000,00000000,0,PASS
12,6,f16,C3,3,4096,256,3366f28dd10279e1,1,1,0,-1,00000000,00000000,0,PASS
12,6,f16,C4,3,4096,256,e34480993503b8a3,1,1,0,-1,00000000,00000000,0,PASS
12,6,f16,C0,4,4096,256,0e5df645d4a90383,1,1,0,-1,00000000,00000000,0,PASS
12,6,f16,C1,4,4096,256,cb611474e6bf1763,1,1,0,-1,00000000,00000000,0,PASS
12,6,f16,C2,4,4096,256,a668df01d5618865,1,1,0,-1,00000000,00000000,0,PASS
12,6,f16,C3,4,4096,256,9a504d66f8644145,1,1,0,-1,00000000,00000000,0,PASS
12,6,f16,C4,4,4096,256,04144d081eb41f66,1,1,0,-1,00000000,00000000,0,PASS
12,6,f16,C0,5,4096,256,649de072acec0383,1,1,0,-1,00000000,00000000,0,PASS
12,6,f16,C1,5,4096,256,7d3627c9d35592aa,1,1,0,-1,00000000,00000000,0,PASS
12,6,f16,C2,5,4096,256,d13581044f3dfab0,1,1,0,-1,00000000,00000000,0,PASS
12,6,f16,C3,5,4096,256,d9159b99a5d699c0,1,1,0,-1,00000000,00000000,0,PASS
12,6,f16,C4,5,4096,256,9ca02a032bb24fc6,1,1,0,-1,00000000,00000000,0,PASS
12,6,f16,C0,6,4096,256,a7e477a2852f0383,1,1,0,-1,00000000,00000000,0,PASS
12,6,f16,C1,6,4096,256,a8f5fc63ca83b793,1,1,0,-1,00000000,00000000,0,PASS
12,6,f16,C2,6,4096,256,2e2a6a2802a71ed0,1,1,0,-1,00000000,00000000,0,PASS
12,6,f16,C3,6,4096,256,f39a250f865452f4,1,1,0,-1,00000000,00000000,0,PASS
12,6,f16,C4,6,4096,256,e725a82e9783c012,1,1,0,-1,00000000,00000000,0,PASS
12,6,f16,C0,7,4096,256,89f4bbd55d720383,1,1,0,-1,00000000,00000000,0,PASS
12,6,f16,C1,7,4096,256,8a1e5e5f2f1ad85a,1,1,0,-1,00000000,00000000,0,PASS
12,6,f16,C2,7,4096,256,38cba9f3d15ed87c,1,1,0,-1,00000000,00000000,0,PASS
12,6,f16,C3,7,4096,256,ca40c9b5416cc0c8,1,1,0,-1,00000000,00000000,0,PASS
12,6,f16,C4,7,4096,256,a56d33ae4c8c775a,1,1,0,-1,00000000,00000000,0,PASS
12,6,f16,C0,8,4096,256,bc91ad0b35b50383,1,1,0,-1,00000000,00000000,0,PASS
12,6,f16,C1,8,4096,256,b049445697c9a5c3,1,1,0,-1,00000000,00000000,0,PASS
12,6,f16,C2,8,4096,256,7efc99aea35888c7,1,1,0,-1,00000000,00000000,0,PASS
12,6,f16,C3,8,4096,256,f25264228fd744a6,1,1,0,-1,00000000,00000000,0,PASS
12,6,f16,C4,8,4096,256,d8f79ecae2861f1f,1,1,0,-1,00000000,00000000,0,PASS
13,0,f16,C0,2,16384,24,bc91ad0b35b50383,1,1,0,-1,00000000,00000000,0,PASS
13,0,f16,C1,2,16384,24,5dc3d7543112adb3,1,1,0,-1,00000000,00000000,0,PASS
13,0,f16,C2,2,16384,24,2182d4551e4fe2a3,1,1,0,-1,00000000,00000000,0,PASS
13,0,f16,C3,2,16384,24,ca16dc47f49adbb8,1,1,0,-1,00000000,00000000,0,PASS
13,0,f16,C4,2,16384,24,b25fa2af1f4d979f,1,1,0,-1,00000000,00000000,0,PASS
13,0,f16,C0,3,16384,24,8fc0340096c10383,1,1,0,-1,00000000,00000000,0,PASS
13,0,f16,C1,3,16384,24,b7a628de7278e07a,1,1,0,-1,00000000,00000000,0,PASS
13,0,f16,C2,3,16384,24,05a69f75d2d8e36d,1,1,0,-1,00000000,00000000,0,PASS
13,0,f16,C3,3,16384,24,a11e75850475077d,1,1,0,-1,00000000,00000000,0,PASS
13,0,f16,C4,3,16384,24,f5166e1daf6a5307,1,1,0,-1,00000000,00000000,0,PASS
13,0,f16,C0,4,16384,24,f8a98b25f7cd0383,1,1,0,-1,00000000,00000000,0,PASS
13,0,f16,C1,4,16384,24,6dd2f6a152781763,1,1,0,-1,00000000,00000000,0,PASS
13,0,f16,C2,4,16384,24,03b1a534c5b2c557,1,1,0,-1,00000000,00000000,0,PASS
13,0,f16,C3,4,16384,24,e0ffbeab95dfc3a7,1,1,0,-1,00000000,00000000,0,PASS
13,0,f16,C4,4,16384,24,77f735b69bbdcc77,1,1,0,-1,00000000,00000000,0,PASS
13,0,f16,C0,5,16384,24,680db27b58d90383,1,1,0,-1,00000000,00000000,0,PASS
13,0,f16,C1,5,16384,24,849b32211e8c92aa,1,1,0,-1,00000000,00000000,0,PASS
13,0,f16,C2,5,16384,24,5c63d5b6c8cd0fe7,1,1,0,-1,00000000,00000000,0,PASS
13,0,f16,C3,5,16384,24,4a96665aabc7cb0f,1,1,0,-1,00000000,00000000,0,PASS
13,0,f16,C4,5,16384,24,afa0291542a0c337,1,1,0,-1,00000000,00000000,0,PASS
13,0,f16,C0,6,16384,24,4eacaa00b9e50383,1,1,0,-1,00000000,00000000,0,PASS
13,0,f16,C1,6,16384,24,aa9ab88976b3b793,1,1,0,-1,00000000,00000000,0,PASS
13,0,f16,C2,6,16384,24,7492baf760eee0bc,1,1,0,-1,00000000,00000000,0,PASS
13,0,f16,C3,6,16384,24,ed072f1911f88718,1,1,0,-1,00000000,00000000,0,PASS
13,0,f16,C4,6,16384,24,f28d61a32b65fc0a,1,1,0,-1,00000000,00000000,0,PASS
13,0,f16,C0,7,16384,24,1d4671b61af10383,1,1,0,-1,00000000,00000000,0,PASS
13,0,f16,C1,7,16384,24,3a7a16ba8fd8d85a,1,1,0,-1,00000000,00000000,0,PASS
13,0,f16,C2,7,16384,24,711aa99ced25a706,1,1,0,-1,00000000,00000000,0,PASS
13,0,f16,C3,7,16384,24,3043062b3dbb171a,1,1,0,-1,00000000,00000000,0,PASS
13,0,f16,C4,7,16384,24,6441aebc43e8962a,1,1,0,-1,00000000,00000000,0,PASS
13,0,f16,C0,8,16384,24,449b099b7bfd0383,1,1,0,-1,00000000,00000000,0,PASS
13,0,f16,C1,8,16384,24,80cdba4d8810a5c3,1,1,0,-1,00000000,00000000,0,PASS
13,0,f16,C2,8,16384,24,af28154ffb9ea876,1,1,0,-1,00000000,00000000,0,PASS
13,0,f16,C3,8,16384,24,342eb3d6323e72ae,1,1,0,-1,00000000,00000000,0,PASS
13,0,f16,C4,8,16384,24,9e50fb1212e9adde,1,1,0,-1,00000000,00000000,0,PASS
13,1,q8_0,C0,2,4096,1024,61e628f524230383,1,1,0,-1,00000000,00000000,0,PASS
13,1,q8_0,C1,2,4096,1024,f3458625c6b0adb3,1,1,0,-1,00000000,00000000,0,PASS
13,1,q8_0,C2,2,4096,1024,eaa8b46e71e992b4,1,1,0,-1,00000000,00000000,0,PASS
13,1,q8_0,C3,2,4096,1024,856402cd185d246f,1,1,0,-1,00000000,00000000,0,PASS
13,1,q8_0,C4,2,4096,1024,4712e9c2b1324d63,1,1,0,-1,00000000,00000000,0,PASS
13,1,q8_0,C0,3,4096,1024,f361b91bfc660383,1,1,0,-1,00000000,00000000,0,PASS
13,1,q8_0,C1,3,4096,1024,36aaaa69a328e07a,1,1,0,-1,00000000,00000000,0,PASS
13,1,q8_0,C2,3,4096,1024,e36dde151415c0df,1,1,0,-1,00000000,00000000,0,PASS
13,1,q8_0,C3,3,4096,1024,236d33567073e170,1,1,0,-1,00000000,00000000,0,PASS
13,1,q8_0,C4,3,4096,1024,e34480993503b8a3,1,1,0,-1,00000000,00000000,0,PASS
13,1,q8_0,C0,4,4096,1024,0e5df645d4a90383,1,1,0,-1,00000000,00000000,0,PASS
13,1,q8_0,C1,4,4096,1024,cb611474e6bf1763,1,1,0,-1,00000000,00000000,0,PASS
13,1,q8_0,C2,4,4096,1024,a668df01d5618865,1,1,0,-1,00000000,00000000,0,PASS
13,1,q8_0,C3,4,4096,1024,c00c057704f8f264,1,1,0,-1,00000000,00000000,0,PASS
13,1,q8_0,C4,4,4096,1024,04144d081eb41f66,1,1,0,-1,00000000,00000000,0,PASS
13,1,q8_0,C0,5,4096,1024,649de072acec0383,1,1,0,-1,00000000,00000000,0,PASS
13,1,q8_0,C1,5,4096,1024,7d3627c9d35592aa,1,1,0,-1,00000000,00000000,0,PASS
13,1,q8_0,C2,5,4096,1024,d13581044f3dfab0,1,1,0,-1,00000000,00000000,0,PASS
13,1,q8_0,C3,5,4096,1024,93410184f3ef25bd,1,1,0,-1,00000000,00000000,0,PASS
13,1,q8_0,C4,5,4096,1024,9ca02a032bb24fc6,1,1,0,-1,00000000,00000000,0,PASS
13,1,q8_0,C0,6,4096,1024,a7e477a2852f0383,1,1,0,-1,00000000,00000000,0,PASS
13,1,q8_0,C1,6,4096,1024,a8f5fc63ca83b793,1,1,0,-1,00000000,00000000,0,PASS
13,1,q8_0,C2,6,4096,1024,2e2a6a2802a71ed0,1,1,0,-1,00000000,00000000,0,PASS
13,1,q8_0,C3,6,4096,1024,bb232da54c057352,1,1,0,-1,00000000,00000000,0,PASS
13,1,q8_0,C4,6,4096,1024,e725a82e9783c012,1,1,0,-1,00000000,00000000,0,PASS
13,1,q8_0,C0,7,4096,1024,89f4bbd55d720383,1,1,0,-1,00000000,00000000,0,PASS
13,1,q8_0,C1,7,4096,1024,8a1e5e5f2f1ad85a,1,1,0,-1,00000000,00000000,0,PASS
13,1,q8_0,C2,7,4096,1024,38cba9f3d15ed87c,1,1,0,-1,00000000,00000000,0,PASS
13,1,q8_0,C3,7,4096,1024,35f19d3dc4416ce1,1,1,0,-1,00000000,00000000,0,PASS
13,1,q8_0,C4,7,4096,1024,a56d33ae4c8c775a,1,1,0,-1,00000000,00000000,0,PASS
13,1,q8_0,C0,8,4096,1024,bc91ad0b35b50383,1,1,0,-1,00000000,00000000,0,PASS
13,1,q8_0,C1,8,4096,1024,b049445697c9a5c3,1,1,0,-1,00000000,00000000,0,PASS
13,1,q8_0,C2,8,4096,1024,7efc99aea35888c7,1,1,0,-1,00000000,00000000,0,PASS
13,1,q8_0,C3,8,4096,1024,c26bfcf4608ea8bd,1,1,0,-1,00000000,00000000,0,PASS
13,1,q8_0,C4,8,4096,1024,d8f79ecae2861f1f,1,1,0,-1,00000000,00000000,0,PASS
13,2,q8_0,C0,2,4096,512,61e628f524230383,1,1,0,-1,00000000,00000000,0,PASS
13,2,q8_0,C1,2,4096,512,f3458625c6b0adb3,1,1,0,-1,00000000,00000000,0,PASS
13,2,q8_0,C2,2,4096,512,eaa8b46e71e992b4,1,1,0,-1,00000000,00000000,0,PASS
13,2,q8_0,C3,2,4096,512,8515bfe56fa89b36,1,1,0,-1,00000000,00000000,0,PASS
13,2,q8_0,C4,2,4096,512,4712e9c2b1324d63,1,1,0,-1,00000000,00000000,0,PASS
13,2,q8_0,C0,3,4096,512,f361b91bfc660383,1,1,0,-1,00000000,00000000,0,PASS
13,2,q8_0,C1,3,4096,512,36aaaa69a328e07a,1,1,0,-1,00000000,00000000,0,PASS
13,2,q8_0,C2,3,4096,512,e36dde151415c0df,1,1,0,-1,00000000,00000000,0,PASS
13,2,q8_0,C3,3,4096,512,182d692e80b1a604,1,1,0,-1,00000000,00000000,0,PASS
13,2,q8_0,C4,3,4096,512,e34480993503b8a3,1,1,0,-1,00000000,00000000,0,PASS
13,2,q8_0,C0,4,4096,512,0e5df645d4a90383,1,1,0,-1,00000000,00000000,0,PASS
13,2,q8_0,C1,4,4096,512,cb611474e6bf1763,1,1,0,-1,00000000,00000000,0,PASS
13,2,q8_0,C2,4,4096,512,a668df01d5618865,1,1,0,-1,00000000,00000000,0,PASS
13,2,q8_0,C3,4,4096,512,d65cd94a53e44b74,1,1,0,-1,00000000,00000000,0,PASS
13,2,q8_0,C4,4,4096,512,04144d081eb41f66,1,1,0,-1,00000000,00000000,0,PASS
13,2,q8_0,C0,5,4096,512,649de072acec0383,1,1,0,-1,00000000,00000000,0,PASS
13,2,q8_0,C1,5,4096,512,7d3627c9d35592aa,1,1,0,-1,00000000,00000000,0,PASS
13,2,q8_0,C2,5,4096,512,d13581044f3dfab0,1,1,0,-1,00000000,00000000,0,PASS
13,2,q8_0,C3,5,4096,512,d2b43c1cc1831a74,1,1,0,-1,00000000,00000000,0,PASS
13,2,q8_0,C4,5,4096,512,9ca02a032bb24fc6,1,1,0,-1,00000000,00000000,0,PASS
13,2,q8_0,C0,6,4096,512,a7e477a2852f0383,1,1,0,-1,00000000,00000000,0,PASS
13,2,q8_0,C1,6,4096,512,a8f5fc63ca83b793,1,1,0,-1,00000000,00000000,0,PASS
13,2,q8_0,C2,6,4096,512,2e2a6a2802a71ed0,1,1,0,-1,00000000,00000000,0,PASS
13,2,q8_0,C3,6,4096,512,265958d88d457567,1,1,0,-1,00000000,00000000,0,PASS
13,2,q8_0,C4,6,4096,512,e725a82e9783c012,1,1,0,-1,00000000,00000000,0,PASS
13,2,q8_0,C0,7,4096,512,89f4bbd55d720383,1,1,0,-1,00000000,00000000,0,PASS
13,2,q8_0,C1,7,4096,512,8a1e5e5f2f1ad85a,1,1,0,-1,00000000,00000000,0,PASS
13,2,q8_0,C2,7,4096,512,38cba9f3d15ed87c,1,1,0,-1,00000000,00000000,0,PASS
13,2,q8_0,C3,7,4096,512,4d28f405e2cdb651,1,1,0,-1,00000000,00000000,0,PASS
13,2,q8_0,C4,7,4096,512,a56d33ae4c8c775a,1,1,0,-1,00000000,00000000,0,PASS
13,2,q8_0,C0,8,4096,512,bc91ad0b35b50383,1,1,0,-1,00000000,00000000,0,PASS
13,2,q8_0,C1,8,4096,512,b049445697c9a5c3,1,1,0,-1,00000000,00000000,0,PASS
13,2,q8_0,C2,8,4096,512,7efc99aea35888c7,1,1,0,-1,00000000,00000000,0,PASS
13,2,q8_0,C3,8,4096,512,16aee9b5606848d1,1,1,0,-1,00000000,00000000,0,PASS
13,2,q8_0,C4,8,4096,512,d8f79ecae2861f1f,1,1,0,-1,00000000,00000000,0,PASS
13,3,q8_0,C0,2,1024,32768,66a385207fbe8383,1,1,0,-1,00000000,00000000,0,PASS
13,3,q8_0,C1,2,1024,32768,ea4b97e88c182db3,1,1,0,-1,00000000,00000000,0,PASS
13,3,q8_0,C2,2,1024,32768,70800d37477b9cc9,1,1,0,-1,00000000,00000000,0,PASS
13,3,q8_0,C3,2,1024,32768,1026265ae249665c,1,1,0,-1,00000000,00000000,0,PASS
13,3,q8_0,C4,2,1024,32768,71e3b48a7ebcb79f,1,1,0,-1,00000000,00000000,0,PASS
13,3,q8_0,C0,3,1024,32768,09b99610cdcf4383,1,1,0,-1,00000000,00000000,0,PASS
13,3,q8_0,C1,3,1024,32768,f303d2023f54e07a,1,1,0,-1,00000000,00000000,0,PASS
13,3,q8_0,C2,3,1024,32768,17b139ff4bb1b56e,1,1,0,-1,00000000,00000000,0,PASS
13,3,q8_0,C3,3,1024,32768,f0720a7a1a4af210,1,1,0,-1,00000000,00000000,0,PASS
13,3,q8_0,C4,3,1024,32768,7684a1bb04066307,1,1,0,-1,00000000,00000000,0,PASS
13,3,q8_0,C0,4,1024,32768,a82845d14be00383,1,1,0,-1,00000000,00000000,0,PASS
13,3,q8_0,C1,4,1024,32768,829e2379d3d0d763,1,1,0,-1,00000000,00000000,0,PASS
13,3,q8_0,C2,4,1024,32768,2c41771fb26e6aa4,1,1,0,-1,00000000,00000000,0,PASS
13,3,q8_0,C3,4,1024,32768,d2c6b4df22eb9fac,1,1,0,-1,00000000,00000000,0,PASS
13,3,q8_0,C4,4,1024,32768,00c364baeed7cc77,1,1,0,-1,00000000,00000000,0,PASS
13,3,q8_0,C0,5,1024,32768,a536a061f9f0c383,1,1,0,-1,00000000,00000000,0,PASS
13,3,q8_0,C1,5,1024,32768,cd5cb4a48887d2aa,1,1,0,-1,00000000,00000000,0,PASS
13,3,q8_0,C2,5,1024,32768,fe68e9da3c4fa0b4,1,1,0,-1,00000000,00000000,0,PASS
13,3,q8_0,C3,5,1024,32768,8617ba9223c741b4,1,1,0,-1,00000000,00000000,0,PASS
13,3,q8_0,C4,5,1024,32768,85d67414a04db337,1,1,0,-1,00000000,00000000,0,PASS
13,3,q8_0,C0,6,1024,32768,e72bb1c2d8018383,1,1,0,-1,00000000,00000000,0,PASS
13,3,q8_0,C1,6,1024,32768,606b07352f77b793,1,1,0,-1,00000000,00000000,0,PASS
13,3,q8_0,C2,6,1024,32768,aac88d06cc8d8c24,1,1,0,-1,00000000,00000000,0,PASS
13,3,q8_0,C3,6,1024,32768,bf0710ecbc62d2ba,1,1,0,-1,00000000,00000000,0,PASS
13,3,q8_0,C4,6,1024,32768,90a3e3c502279c0a,1,1,0,-1,00000000,00000000,0,PASS
13,3,q8_0,C0,7,1024,32768,d74e85f3e6124383,1,1,0,-1,00000000,00000000,0,PASS
13,3,q8_0,C1,7,1024,32768,0680c4d6b6eb585a,1,1,0,-1,00000000,00000000,0,PASS
13,3,q8_0,C2,7,1024,32768,68aeccecb4841b1a,1,1,0,-1,00000000,00000000,0,PASS
13,3,q8_0,C3,7,1024,32768,e9003a0be1b2af26,1,1,0,-1,00000000,00000000,0,PASS
13,3,q8_0,C4,7,1024,32768,e3547e032da9e62a,1,1,0,-1,00000000,00000000,0,PASS
13,3,q8_0,C0,8,1024,32768,61e628f524230383,1,1,0,-1,00000000,00000000,0,PASS
13,3,q8_0,C1,8,1024,32768,f5568f1793b7e5c3,1,1,0,-1,00000000,00000000,0,PASS
13,3,q8_0,C2,8,1024,32768,f510f9a7c42e2707,1,1,0,-1,00000000,00000000,0,PASS
13,3,q8_0,C3,8,1024,32768,8a4c3defc6584d6f,1,1,0,-1,00000000,00000000,0,PASS
13,3,q8_0,C4,8,1024,32768,bb27994fbd6c0dde,1,1,0,-1,00000000,00000000,0,PASS
13,4,q8_0,C0,2,8192,4096,0e5df645d4a90383,1,1,0,-1,00000000,00000000,0,PASS
13,4,q8_0,C1,2,8192,4096,a7596f63ea26adb3,1,1,0,-1,00000000,00000000,0,PASS
13,4,q8_0,C2,2,8192,4096,6024392d967b7573,1,1,0,-1,00000000,00000000,0,PASS
13,4,q8_0,C3,2,8192,4096,401e43ba3772f11e,1,1,0,-1,00000000,00000000,0,PASS
13,4,q8_0,C4,2,8192,4096,756a42230c87de66,1,1,0,-1,00000000,00000000,0,PASS
13,4,q8_0,C0,3,8192,4096,a7e477a2852f0383,1,1,0,-1,00000000,00000000,0,PASS
13,4,q8_0,C1,3,8192,4096,40f463593d98e07a,1,1,0,-1,00000000,00000000,0,PASS
13,4,q8_0,C2,3,8192,4096,6bda8fe4c61d0fba,1,1,0,-1,00000000,00000000,0,PASS
13,4,q8_0,C3,3,8192,4096,b4fae01311d57b89,1,1,0,-1,00000000,00000000,0,PASS
13,4,q8_0,C4,3,8192,4096,7ef18a95c50f9806,1,1,0,-1,00000000,00000000,0,PASS
13,4,q8_0,C0,4,8192,4096,bc91ad0b35b50383,1,1,0,-1,00000000,00000000,0,PASS
13,4,q8_0,C1,4,8192,4096,1e7b80deb5521763,1,1,0,-1,00000000,00000000,0,PASS
13,4,q8_0,C2,4,8192,4096,95646a8ebd044b5d,1,1,0,-1,00000000,00000000,0,PASS
13,4,q8_0,C3,4,8192,4096,1d26852c55db3551,1,1,0,-1,00000000,00000000,0,PASS
13,4,q8_0,C4,4,8192,4096,7b7263e3adedcd6f,1,1,0,-1,00000000,00000000,0,PASS
13,4,q8_0,C0,5,8192,4096,da7d967fe63b0383,1,1,0,-1,00000000,00000000,0,PASS
13,4,q8_0,C1,5,8192,4096,2439109c971292aa,1,1,0,-1,00000000,00000000,0,PASS
13,4,q8_0,C2,5,8192,4096,ac7103964b5c796d,1,1,0,-1,00000000,00000000,0,PASS
13,4,q8_0,C3,5,8192,4096,9203aa1de5a1116d,1,1,0,-1,00000000,00000000,0,PASS
13,4,q8_0,C4,5,8192,4096,84cd276f9ee09557,1,1,0,-1,00000000,00000000,0,PASS
13,4,q8_0,C0,6,8192,4096,8fc0340096c10383,1,1,0,-1,00000000,00000000,0,PASS
13,4,q8_0,C1,6,8192,4096,6b7fdec3ae93b793,1,1,0,-1,00000000,00000000,0,PASS
13,4,q8_0,C2,6,8192,4096,158880dca80356a5,1,1,0,-1,00000000,00000000,0,PASS
13,4,q8_0,C3,6,8192,4096,e67a697dd4d3fc42,1,1,0,-1,00000000,00000000,0,PASS
13,4,q8_0,C4,6,8192,4096,6fb2cac120b4a24e,1,1,0,-1,00000000,00000000,0,PASS
13,4,q8_0,C0,7,8192,4096,6a71858d47470383,1,1,0,-1,00000000,00000000,0,PASS
13,4,q8_0,C1,7,8192,4096,665eaf56fa04d85a,1,1,0,-1,00000000,00000000,0,PASS
13,4,q8_0,C2,7,8192,4096,d0efefe3fcd897e2,1,1,0,-1,00000000,00000000,0,PASS
13,4,q8_0,C3,7,8192,4096,aaa9f1ff7a065d62,1,1,0,-1,00000000,00000000,0,PASS
13,4,q8_0,C4,7,8192,4096,90b943a9e7d55d36,1,1,0,-1,00000000,00000000,0,PASS
13,4,q8_0,C0,8,8192,4096,f8a98b25f7cd0383,1,1,0,-1,00000000,00000000,0,PASS
13,4,q8_0,C1,8,8192,4096,c26c1a6b3d36a5c3,1,1,0,-1,00000000,00000000,0,PASS
13,4,q8_0,C2,8,8192,4096,95ac06e3a54b4ef2,1,1,0,-1,00000000,00000000,0,PASS
13,4,q8_0,C3,8,8192,4096,b27f92957201a06f,1,1,0,-1,00000000,00000000,0,PASS
13,4,q8_0,C4,8,8192,4096,3da45e1f8a9f3b1f,1,1,0,-1,00000000,00000000,0,PASS
13,5,f16,C0,2,16384,24,bc91ad0b35b50383,1,1,0,-1,00000000,00000000,0,PASS
13,5,f16,C1,2,16384,24,5dc3d7543112adb3,1,1,0,-1,00000000,00000000,0,PASS
13,5,f16,C2,2,16384,24,2182d4551e4fe2a3,1,1,0,-1,00000000,00000000,0,PASS
13,5,f16,C3,2,16384,24,d62c201485dfaa12,1,1,0,-1,00000000,00000000,0,PASS
13,5,f16,C4,2,16384,24,b25fa2af1f4d979f,1,1,0,-1,00000000,00000000,0,PASS
13,5,f16,C0,3,16384,24,8fc0340096c10383,1,1,0,-1,00000000,00000000,0,PASS
13,5,f16,C1,3,16384,24,b7a628de7278e07a,1,1,0,-1,00000000,00000000,0,PASS
13,5,f16,C2,3,16384,24,05a69f75d2d8e36d,1,1,0,-1,00000000,00000000,0,PASS
13,5,f16,C3,3,16384,24,c51b23b517e8df4f,1,1,0,-1,00000000,00000000,0,PASS
13,5,f16,C4,3,16384,24,f5166e1daf6a5307,1,1,0,-1,00000000,00000000,0,PASS
13,5,f16,C0,4,16384,24,f8a98b25f7cd0383,1,1,0,-1,00000000,00000000,0,PASS
13,5,f16,C1,4,16384,24,6dd2f6a152781763,1,1,0,-1,00000000,00000000,0,PASS
13,5,f16,C2,4,16384,24,03b1a534c5b2c557,1,1,0,-1,00000000,00000000,0,PASS
13,5,f16,C3,4,16384,24,e384d7c234f6b23d,1,1,0,-1,00000000,00000000,0,PASS
13,5,f16,C4,4,16384,24,77f735b69bbdcc77,1,1,0,-1,00000000,00000000,0,PASS
13,5,f16,C0,5,16384,24,680db27b58d90383,1,1,0,-1,00000000,00000000,0,PASS
13,5,f16,C1,5,16384,24,849b32211e8c92aa,1,1,0,-1,00000000,00000000,0,PASS
13,5,f16,C2,5,16384,24,5c63d5b6c8cd0fe7,1,1,0,-1,00000000,00000000,0,PASS
13,5,f16,C3,5,16384,24,469ccaf4c0fd8be5,1,1,0,-1,00000000,00000000,0,PASS
13,5,f16,C4,5,16384,24,afa0291542a0c337,1,1,0,-1,00000000,00000000,0,PASS
13,5,f16,C0,6,16384,24,4eacaa00b9e50383,1,1,0,-1,00000000,00000000,0,PASS
13,5,f16,C1,6,16384,24,aa9ab88976b3b793,1,1,0,-1,00000000,00000000,0,PASS
13,5,f16,C2,6,16384,24,7492baf760eee0bc,1,1,0,-1,00000000,00000000,0,PASS
13,5,f16,C3,6,16384,24,71beb52160795210,1,1,0,-1,00000000,00000000,0,PASS
13,5,f16,C4,6,16384,24,f28d61a32b65fc0a,1,1,0,-1,00000000,00000000,0,PASS
13,5,f16,C0,7,16384,24,1d4671b61af10383,1,1,0,-1,00000000,00000000,0,PASS
13,5,f16,C1,7,16384,24,3a7a16ba8fd8d85a,1,1,0,-1,00000000,00000000,0,PASS
13,5,f16,C2,7,16384,24,711aa99ced25a706,1,1,0,-1,00000000,00000000,0,PASS
13,5,f16,C3,7,16384,24,da94a474dd3b7add,1,1,0,-1,00000000,00000000,0,PASS
13,5,f16,C4,7,16384,24,6441aebc43e8962a,1,1,0,-1,00000000,00000000,0,PASS
13,5,f16,C0,8,16384,24,449b099b7bfd0383,1,1,0,-1,00000000,00000000,0,PASS
13,5,f16,C1,8,16384,24,80cdba4d8810a5c3,1,1,0,-1,00000000,00000000,0,PASS
13,5,f16,C2,8,16384,24,af28154ffb9ea876,1,1,0,-1,00000000,00000000,0,PASS
13,5,f16,C3,8,16384,24,33ea6e78f75bdabc,1,1,0,-1,00000000,00000000,0,PASS
13,5,f16,C4,8,16384,24,9e50fb1212e9adde,1,1,0,-1,00000000,00000000,0,PASS
13,6,f16,C0,2,4096,256,61e628f524230383,1,1,0,-1,00000000,00000000,0,PASS
13,6,f16,C1,2,4096,256,f3458625c6b0adb3,1,1,0,-1,00000000,00000000,0,PASS
13,6,f16,C2,2,4096,256,eaa8b46e71e992b4,1,1,0,-1,00000000,00000000,0,PASS
13,6,f16,C3,2,4096,256,415e887e105472f0,1,1,0,-1,00000000,00000000,0,PASS
13,6,f16,C4,2,4096,256,4712e9c2b1324d63,1,1,0,-1,00000000,00000000,0,PASS
13,6,f16,C0,3,4096,256,f361b91bfc660383,1,1,0,-1,00000000,00000000,0,PASS
13,6,f16,C1,3,4096,256,36aaaa69a328e07a,1,1,0,-1,00000000,00000000,0,PASS
13,6,f16,C2,3,4096,256,e36dde151415c0df,1,1,0,-1,00000000,00000000,0,PASS
13,6,f16,C3,3,4096,256,be86c4b36c5fb3ea,1,1,0,-1,00000000,00000000,0,PASS
13,6,f16,C4,3,4096,256,e34480993503b8a3,1,1,0,-1,00000000,00000000,0,PASS
13,6,f16,C0,4,4096,256,0e5df645d4a90383,1,1,0,-1,00000000,00000000,0,PASS
13,6,f16,C1,4,4096,256,cb611474e6bf1763,1,1,0,-1,00000000,00000000,0,PASS
13,6,f16,C2,4,4096,256,a668df01d5618865,1,1,0,-1,00000000,00000000,0,PASS
13,6,f16,C3,4,4096,256,c4fd0ca713ebaf9e,1,1,0,-1,00000000,00000000,0,PASS
13,6,f16,C4,4,4096,256,04144d081eb41f66,1,1,0,-1,00000000,00000000,0,PASS
13,6,f16,C0,5,4096,256,649de072acec0383,1,1,0,-1,00000000,00000000,0,PASS
13,6,f16,C1,5,4096,256,7d3627c9d35592aa,1,1,0,-1,00000000,00000000,0,PASS
13,6,f16,C2,5,4096,256,d13581044f3dfab0,1,1,0,-1,00000000,00000000,0,PASS
13,6,f16,C3,5,4096,256,2bbad8ee34f820d5,1,1,0,-1,00000000,00000000,0,PASS
13,6,f16,C4,5,4096,256,9ca02a032bb24fc6,1,1,0,-1,00000000,00000000,0,PASS
13,6,f16,C0,6,4096,256,a7e477a2852f0383,1,1,0,-1,00000000,00000000,0,PASS
13,6,f16,C1,6,4096,256,a8f5fc63ca83b793,1,1,0,-1,00000000,00000000,0,PASS
13,6,f16,C2,6,4096,256,2e2a6a2802a71ed0,1,1,0,-1,00000000,00000000,0,PASS
13,6,f16,C3,6,4096,256,46c7c294614bdfd1,1,1,0,-1,00000000,00000000,0,PASS
13,6,f16,C4,6,4096,256,e725a82e9783c012,1,1,0,-1,00000000,00000000,0,PASS
13,6,f16,C0,7,4096,256,89f4bbd55d720383,1,1,0,-1,00000000,00000000,0,PASS
13,6,f16,C1,7,4096,256,8a1e5e5f2f1ad85a,1,1,0,-1,00000000,00000000,0,PASS
13,6,f16,C2,7,4096,256,38cba9f3d15ed87c,1,1,0,-1,00000000,00000000,0,PASS
13,6,f16,C3,7,4096,256,ee8b6a989995acc4,1,1,0,-1,00000000,00000000,0,PASS
13,6,f16,C4,7,4096,256,a56d33ae4c8c775a,1,1,0,-1,00000000,00000000,0,PASS
13,6,f16,C0,8,4096,256,bc91ad0b35b50383,1,1,0,-1,00000000,00000000,0,PASS
13,6,f16,C1,8,4096,256,b049445697c9a5c3,1,1,0,-1,00000000,00000000,0,PASS
13,6,f16,C2,8,4096,256,7efc99aea35888c7,1,1,0,-1,00000000,00000000,0,PASS
13,6,f16,C3,8,4096,256,288827525659e978,1,1,0,-1,00000000,00000000,0,PASS
13,6,f16,C4,8,4096,256,d8f79ecae2861f1f,1,1,0,-1,00000000,00000000,0,PASS
14,0,f16,C0,2,16384,24,bc91ad0b35b50383,1,1,0,-1,00000000,00000000,0,PASS
14,0,f16,C1,2,16384,24,5dc3d7543112adb3,1,1,0,-1,00000000,00000000,0,PASS
14,0,f16,C2,2,16384,24,2182d4551e4fe2a3,1,1,0,-1,00000000,00000000,0,PASS
14,0,f16,C3,2,16384,24,10905a096b79c1d5,1,1,0,-1,00000000,00000000,0,PASS
14,0,f16,C4,2,16384,24,b25fa2af1f4d979f,1,1,0,-1,00000000,00000000,0,PASS
14,0,f16,C0,3,16384,24,8fc0340096c10383,1,1,0,-1,00000000,00000000,0,PASS
14,0,f16,C1,3,16384,24,b7a628de7278e07a,1,1,0,-1,00000000,00000000,0,PASS
14,0,f16,C2,3,16384,24,05a69f75d2d8e36d,1,1,0,-1,00000000,00000000,0,PASS
14,0,f16,C3,3,16384,24,cc8307d5be7c62f1,1,1,0,-1,00000000,00000000,0,PASS
14,0,f16,C4,3,16384,24,f5166e1daf6a5307,1,1,0,-1,00000000,00000000,0,PASS
14,0,f16,C0,4,16384,24,f8a98b25f7cd0383,1,1,0,-1,00000000,00000000,0,PASS
14,0,f16,C1,4,16384,24,6dd2f6a152781763,1,1,0,-1,00000000,00000000,0,PASS
14,0,f16,C2,4,16384,24,03b1a534c5b2c557,1,1,0,-1,00000000,00000000,0,PASS
14,0,f16,C3,4,16384,24,d2c659b0db237916,1,1,0,-1,00000000,00000000,0,PASS
14,0,f16,C4,4,16384,24,77f735b69bbdcc77,1,1,0,-1,00000000,00000000,0,PASS
14,0,f16,C0,5,16384,24,680db27b58d90383,1,1,0,-1,00000000,00000000,0,PASS
14,0,f16,C1,5,16384,24,849b32211e8c92aa,1,1,0,-1,00000000,00000000,0,PASS
14,0,f16,C2,5,16384,24,5c63d5b6c8cd0fe7,1,1,0,-1,00000000,00000000,0,PASS
14,0,f16,C3,5,16384,24,d80156fd1026b0ea,1,1,0,-1,00000000,00000000,0,PASS
14,0,f16,C4,5,16384,24,afa0291542a0c337,1,1,0,-1,00000000,00000000,0,PASS
14,0,f16,C0,6,16384,24,4eacaa00b9e50383,1,1,0,-1,00000000,00000000,0,PASS
14,0,f16,C1,6,16384,24,aa9ab88976b3b793,1,1,0,-1,00000000,00000000,0,PASS
14,0,f16,C2,6,16384,24,7492baf760eee0bc,1,1,0,-1,00000000,00000000,0,PASS
14,0,f16,C3,6,16384,24,b11fc0aaf73bbe0f,1,1,0,-1,00000000,00000000,0,PASS
14,0,f16,C4,6,16384,24,f28d61a32b65fc0a,1,1,0,-1,00000000,00000000,0,PASS
14,0,f16,C0,7,16384,24,1d4671b61af10383,1,1,0,-1,00000000,00000000,0,PASS
14,0,f16,C1,7,16384,24,3a7a16ba8fd8d85a,1,1,0,-1,00000000,00000000,0,PASS
14,0,f16,C2,7,16384,24,711aa99ced25a706,1,1,0,-1,00000000,00000000,0,PASS
14,0,f16,C3,7,16384,24,cf832f925709149e,1,1,0,-1,00000000,00000000,0,PASS
14,0,f16,C4,7,16384,24,6441aebc43e8962a,1,1,0,-1,00000000,00000000,0,PASS
14,0,f16,C0,8,16384,24,449b099b7bfd0383,1,1,0,-1,00000000,00000000,0,PASS
14,0,f16,C1,8,16384,24,80cdba4d8810a5c3,1,1,0,-1,00000000,00000000,0,PASS
14,0,f16,C2,8,16384,24,af28154ffb9ea876,1,1,0,-1,00000000,00000000,0,PASS
14,0,f16,C3,8,16384,24,57c175203202d72c,1,1,0,-1,00000000,00000000,0,PASS
14,0,f16,C4,8,16384,24,9e50fb1212e9adde,1,1,0,-1,00000000,00000000,0,PASS
14,1,q8_0,C0,2,4096,1024,61e628f524230383,1,1,0,-1,00000000,00000000,0,PASS
14,1,q8_0,C1,2,4096,1024,f3458625c6b0adb3,1,1,0,-1,00000000,00000000,0,PASS
14,1,q8_0,C2,2,4096,1024,eaa8b46e71e992b4,1,1,0,-1,00000000,00000000,0,PASS
14,1,q8_0,C3,2,4096,1024,2b64f4fe82773761,1,1,0,-1,00000000,00000000,0,PASS
14,1,q8_0,C4,2,4096,1024,4712e9c2b1324d63,1,1,0,-1,00000000,00000000,0,PASS
14,1,q8_0,C0,3,4096,1024,f361b91bfc660383,1,1,0,-1,00000000,00000000,0,PASS
14,1,q8_0,C1,3,4096,1024,36aaaa69a328e07a,1,1,0,-1,00000000,00000000,0,PASS
14,1,q8_0,C2,3,4096,1024,e36dde151415c0df,1,1,0,-1,00000000,00000000,0,PASS
14,1,q8_0,C3,3,4096,1024,1e6f76bae110bffa,1,1,0,-1,00000000,00000000,0,PASS
14,1,q8_0,C4,3,4096,1024,e34480993503b8a3,1,1,0,-1,00000000,00000000,0,PASS
14,1,q8_0,C0,4,4096,1024,0e5df645d4a90383,1,1,0,-1,00000000,00000000,0,PASS
14,1,q8_0,C1,4,4096,1024,cb611474e6bf1763,1,1,0,-1,00000000,00000000,0,PASS
14,1,q8_0,C2,4,4096,1024,a668df01d5618865,1,1,0,-1,00000000,00000000,0,PASS
14,1,q8_0,C3,4,4096,1024,3aba00dcd89053b4,1,1,0,-1,00000000,00000000,0,PASS
14,1,q8_0,C4,4,4096,1024,04144d081eb41f66,1,1,0,-1,00000000,00000000,0,PASS
14,1,q8_0,C0,5,4096,1024,649de072acec0383,1,1,0,-1,00000000,00000000,0,PASS
14,1,q8_0,C1,5,4096,1024,7d3627c9d35592aa,1,1,0,-1,00000000,00000000,0,PASS
14,1,q8_0,C2,5,4096,1024,d13581044f3dfab0,1,1,0,-1,00000000,00000000,0,PASS
14,1,q8_0,C3,5,4096,1024,99a503c90784e31e,1,1,0,-1,00000000,00000000,0,PASS
14,1,q8_0,C4,5,4096,1024,9ca02a032bb24fc6,1,1,0,-1,00000000,00000000,0,PASS
14,1,q8_0,C0,6,4096,1024,a7e477a2852f0383,1,1,0,-1,00000000,00000000,0,PASS
14,1,q8_0,C1,6,4096,1024,a8f5fc63ca83b793,1,1,0,-1,00000000,00000000,0,PASS
14,1,q8_0,C2,6,4096,1024,2e2a6a2802a71ed0,1,1,0,-1,00000000,00000000,0,PASS
14,1,q8_0,C3,6,4096,1024,043f4d7e95a20448,1,1,0,-1,00000000,00000000,0,PASS
14,1,q8_0,C4,6,4096,1024,e725a82e9783c012,1,1,0,-1,00000000,00000000,0,PASS
14,1,q8_0,C0,7,4096,1024,89f4bbd55d720383,1,1,0,-1,00000000,00000000,0,PASS
14,1,q8_0,C1,7,4096,1024,8a1e5e5f2f1ad85a,1,1,0,-1,00000000,00000000,0,PASS
14,1,q8_0,C2,7,4096,1024,38cba9f3d15ed87c,1,1,0,-1,00000000,00000000,0,PASS
14,1,q8_0,C3,7,4096,1024,a237f12482026d95,1,1,0,-1,00000000,00000000,0,PASS
14,1,q8_0,C4,7,4096,1024,a56d33ae4c8c775a,1,1,0,-1,00000000,00000000,0,PASS
14,1,q8_0,C0,8,4096,1024,bc91ad0b35b50383,1,1,0,-1,00000000,00000000,0,PASS
14,1,q8_0,C1,8,4096,1024,b049445697c9a5c3,1,1,0,-1,00000000,00000000,0,PASS
14,1,q8_0,C2,8,4096,1024,7efc99aea35888c7,1,1,0,-1,00000000,00000000,0,PASS
14,1,q8_0,C3,8,4096,1024,75fb72b40210e91b,1,1,0,-1,00000000,00000000,0,PASS
14,1,q8_0,C4,8,4096,1024,d8f79ecae2861f1f,1,1,0,-1,00000000,00000000,0,PASS
14,2,q8_0,C0,2,4096,512,61e628f524230383,1,1,0,-1,00000000,00000000,0,PASS
14,2,q8_0,C1,2,4096,512,f3458625c6b0adb3,1,1,0,-1,00000000,00000000,0,PASS
14,2,q8_0,C2,2,4096,512,eaa8b46e71e992b4,1,1,0,-1,00000000,00000000,0,PASS
14,2,q8_0,C3,2,4096,512,9e6af52886413c9c,1,1,0,-1,00000000,00000000,0,PASS
14,2,q8_0,C4,2,4096,512,4712e9c2b1324d63,1,1,0,-1,00000000,00000000,0,PASS
14,2,q8_0,C0,3,4096,512,f361b91bfc660383,1,1,0,-1,00000000,00000000,0,PASS
14,2,q8_0,C1,3,4096,512,36aaaa69a328e07a,1,1,0,-1,00000000,00000000,0,PASS
14,2,q8_0,C2,3,4096,512,e36dde151415c0df,1,1,0,-1,00000000,00000000,0,PASS
14,2,q8_0,C3,3,4096,512,c804f77b6f8bbff3,1,1,0,-1,00000000,00000000,0,PASS
14,2,q8_0,C4,3,4096,512,e34480993503b8a3,1,1,0,-1,00000000,00000000,0,PASS
14,2,q8_0,C0,4,4096,512,0e5df645d4a90383,1,1,0,-1,00000000,00000000,0,PASS
14,2,q8_0,C1,4,4096,512,cb611474e6bf1763,1,1,0,-1,00000000,00000000,0,PASS
14,2,q8_0,C2,4,4096,512,a668df01d5618865,1,1,0,-1,00000000,00000000,0,PASS
14,2,q8_0,C3,4,4096,512,1c992bc694990020,1,1,0,-1,00000000,00000000,0,PASS
14,2,q8_0,C4,4,4096,512,04144d081eb41f66,1,1,0,-1,00000000,00000000,0,PASS
14,2,q8_0,C0,5,4096,512,649de072acec0383,1,1,0,-1,00000000,00000000,0,PASS
14,2,q8_0,C1,5,4096,512,7d3627c9d35592aa,1,1,0,-1,00000000,00000000,0,PASS
14,2,q8_0,C2,5,4096,512,d13581044f3dfab0,1,1,0,-1,00000000,00000000,0,PASS
14,2,q8_0,C3,5,4096,512,279670482c14aeee,1,1,0,-1,00000000,00000000,0,PASS
14,2,q8_0,C4,5,4096,512,9ca02a032bb24fc6,1,1,0,-1,00000000,00000000,0,PASS
14,2,q8_0,C0,6,4096,512,a7e477a2852f0383,1,1,0,-1,00000000,00000000,0,PASS
14,2,q8_0,C1,6,4096,512,a8f5fc63ca83b793,1,1,0,-1,00000000,00000000,0,PASS
14,2,q8_0,C2,6,4096,512,2e2a6a2802a71ed0,1,1,0,-1,00000000,00000000,0,PASS
14,2,q8_0,C3,6,4096,512,8c52a582146a212e,1,1,0,-1,00000000,00000000,0,PASS
14,2,q8_0,C4,6,4096,512,e725a82e9783c012,1,1,0,-1,00000000,00000000,0,PASS
14,2,q8_0,C0,7,4096,512,89f4bbd55d720383,1,1,0,-1,00000000,00000000,0,PASS
14,2,q8_0,C1,7,4096,512,8a1e5e5f2f1ad85a,1,1,0,-1,00000000,00000000,0,PASS
14,2,q8_0,C2,7,4096,512,38cba9f3d15ed87c,1,1,0,-1,00000000,00000000,0,PASS
14,2,q8_0,C3,7,4096,512,bd8cd274390fcaaa,1,1,0,-1,00000000,00000000,0,PASS
14,2,q8_0,C4,7,4096,512,a56d33ae4c8c775a,1,1,0,-1,00000000,00000000,0,PASS
14,2,q8_0,C0,8,4096,512,bc91ad0b35b50383,1,1,0,-1,00000000,00000000,0,PASS
14,2,q8_0,C1,8,4096,512,b049445697c9a5c3,1,1,0,-1,00000000,00000000,0,PASS
14,2,q8_0,C2,8,4096,512,7efc99aea35888c7,1,1,0,-1,00000000,00000000,0,PASS
14,2,q8_0,C3,8,4096,512,e3edde229b58a557,1,1,0,-1,00000000,00000000,0,PASS
14,2,q8_0,C4,8,4096,512,d8f79ecae2861f1f,1,1,0,-1,00000000,00000000,0,PASS
14,3,q8_0,C0,2,1024,32768,66a385207fbe8383,1,1,0,-1,00000000,00000000,0,PASS
14,3,q8_0,C1,2,1024,32768,ea4b97e88c182db3,1,1,0,-1,00000000,00000000,0,PASS
14,3,q8_0,C2,2,1024,32768,70800d37477b9cc9,1,1,0,-1,00000000,00000000,0,PASS
14,3,q8_0,C3,2,1024,32768,3db49abceb1f4c41,1,1,0,-1,00000000,00000000,0,PASS
14,3,q8_0,C4,2,1024,32768,71e3b48a7ebcb79f,1,1,0,-1,00000000,00000000,0,PASS
14,3,q8_0,C0,3,1024,32768,09b99610cdcf4383,1,1,0,-1,00000000,00000000,0,PASS
14,3,q8_0,C1,3,1024,32768,f303d2023f54e07a,1,1,0,-1,00000000,00000000,0,PASS
14,3,q8_0,C2,3,1024,32768,17b139ff4bb1b56e,1,1,0,-1,00000000,00000000,0,PASS
14,3,q8_0,C3,3,1024,32768,8b582a383de8df50,1,1,0,-1,00000000,00000000,0,PASS
14,3,q8_0,C4,3,1024,32768,7684a1bb04066307,1,1,0,-1,00000000,00000000,0,PASS
14,3,q8_0,C0,4,1024,32768,a82845d14be00383,1,1,0,-1,00000000,00000000,0,PASS
14,3,q8_0,C1,4,1024,32768,829e2379d3d0d763,1,1,0,-1,00000000,00000000,0,PASS
14,3,q8_0,C2,4,1024,32768,2c41771fb26e6aa4,1,1,0,-1,00000000,00000000,0,PASS
14,3,q8_0,C3,4,1024,32768,b5bfb4856705232d,1,1,0,-1,00000000,00000000,0,PASS
14,3,q8_0,C4,4,1024,32768,00c364baeed7cc77,1,1,0,-1,00000000,00000000,0,PASS
14,3,q8_0,C0,5,1024,32768,a536a061f9f0c383,1,1,0,-1,00000000,00000000,0,PASS
14,3,q8_0,C1,5,1024,32768,cd5cb4a48887d2aa,1,1,0,-1,00000000,00000000,0,PASS
14,3,q8_0,C2,5,1024,32768,fe68e9da3c4fa0b4,1,1,0,-1,00000000,00000000,0,PASS
14,3,q8_0,C3,5,1024,32768,82ebfb7a1f1e2da0,1,1,0,-1,00000000,00000000,0,PASS
14,3,q8_0,C4,5,1024,32768,85d67414a04db337,1,1,0,-1,00000000,00000000,0,PASS
14,3,q8_0,C0,6,1024,32768,e72bb1c2d8018383,1,1,0,-1,00000000,00000000,0,PASS
14,3,q8_0,C1,6,1024,32768,606b07352f77b793,1,1,0,-1,00000000,00000000,0,PASS
14,3,q8_0,C2,6,1024,32768,aac88d06cc8d8c24,1,1,0,-1,00000000,00000000,0,PASS
14,3,q8_0,C3,6,1024,32768,ec12fce35e1d8d7d,1,1,0,-1,00000000,00000000,0,PASS
14,3,q8_0,C4,6,1024,32768,90a3e3c502279c0a,1,1,0,-1,00000000,00000000,0,PASS
14,3,q8_0,C0,7,1024,32768,d74e85f3e6124383,1,1,0,-1,00000000,00000000,0,PASS
14,3,q8_0,C1,7,1024,32768,0680c4d6b6eb585a,1,1,0,-1,00000000,00000000,0,PASS
14,3,q8_0,C2,7,1024,32768,68aeccecb4841b1a,1,1,0,-1,00000000,00000000,0,PASS
14,3,q8_0,C3,7,1024,32768,d85b9efbb807bc62,1,1,0,-1,00000000,00000000,0,PASS
14,3,q8_0,C4,7,1024,32768,e3547e032da9e62a,1,1,0,-1,00000000,00000000,0,PASS
14,3,q8_0,C0,8,1024,32768,61e628f524230383,1,1,0,-1,00000000,00000000,0,PASS
14,3,q8_0,C1,8,1024,32768,f5568f1793b7e5c3,1,1,0,-1,00000000,00000000,0,PASS
14,3,q8_0,C2,8,1024,32768,f510f9a7c42e2707,1,1,0,-1,00000000,00000000,0,PASS
14,3,q8_0,C3,8,1024,32768,64d9ab4b7f2c5d42,1,1,0,-1,00000000,00000000,0,PASS
14,3,q8_0,C4,8,1024,32768,bb27994fbd6c0dde,1,1,0,-1,00000000,00000000,0,PASS
14,4,q8_0,C0,2,8192,4096,0e5df645d4a90383,1,1,0,-1,00000000,00000000,0,PASS
14,4,q8_0,C1,2,8192,4096,a7596f63ea26adb3,1,1,0,-1,00000000,00000000,0,PASS
14,4,q8_0,C2,2,8192,4096,6024392d967b7573,1,1,0,-1,00000000,00000000,0,PASS
14,4,q8_0,C3,2,8192,4096,1b3edad91d72ed8c,1,1,0,-1,00000000,00000000,0,PASS
14,4,q8_0,C4,2,8192,4096,756a42230c87de66,1,1,0,-1,00000000,00000000,0,PASS
14,4,q8_0,C0,3,8192,4096,a7e477a2852f0383,1,1,0,-1,00000000,00000000,0,PASS
14,4,q8_0,C1,3,8192,4096,40f463593d98e07a,1,1,0,-1,00000000,00000000,0,PASS
14,4,q8_0,C2,3,8192,4096,6bda8fe4c61d0fba,1,1,0,-1,00000000,00000000,0,PASS
14,4,q8_0,C3,3,8192,4096,aad319200aafce4f,1,1,0,-1,00000000,00000000,0,PASS
14,4,q8_0,C4,3,8192,4096,7ef18a95c50f9806,1,1,0,-1,00000000,00000000,0,PASS
14,4,q8_0,C0,4,8192,4096,bc91ad0b35b50383,1,1,0,-1,00000000,00000000,0,PASS
14,4,q8_0,C1,4,8192,4096,1e7b80deb5521763,1,1,0,-1,00000000,00000000,0,PASS
14,4,q8_0,C2,4,8192,4096,95646a8ebd044b5d,1,1,0,-1,00000000,00000000,0,PASS
14,4,q8_0,C3,4,8192,4096,a48eb079d0261698,1,1,0,-1,00000000,00000000,0,PASS
14,4,q8_0,C4,4,8192,4096,7b7263e3adedcd6f,1,1,0,-1,00000000,00000000,0,PASS
14,4,q8_0,C0,5,8192,4096,da7d967fe63b0383,1,1,0,-1,00000000,00000000,0,PASS
14,4,q8_0,C1,5,8192,4096,2439109c971292aa,1,1,0,-1,00000000,00000000,0,PASS
14,4,q8_0,C2,5,8192,4096,ac7103964b5c796d,1,1,0,-1,00000000,00000000,0,PASS
14,4,q8_0,C3,5,8192,4096,adaffdfefe27616e,1,1,0,-1,00000000,00000000,0,PASS
14,4,q8_0,C4,5,8192,4096,84cd276f9ee09557,1,1,0,-1,00000000,00000000,0,PASS
14,4,q8_0,C0,6,8192,4096,8fc0340096c10383,1,1,0,-1,00000000,00000000,0,PASS
14,4,q8_0,C1,6,8192,4096,6b7fdec3ae93b793,1,1,0,-1,00000000,00000000,0,PASS
14,4,q8_0,C2,6,8192,4096,158880dca80356a5,1,1,0,-1,00000000,00000000,0,PASS
14,4,q8_0,C3,6,8192,4096,b6b05dc27022982b,1,1,0,-1,00000000,00000000,0,PASS
14,4,q8_0,C4,6,8192,4096,6fb2cac120b4a24e,1,1,0,-1,00000000,00000000,0,PASS
14,4,q8_0,C0,7,8192,4096,6a71858d47470383,1,1,0,-1,00000000,00000000,0,PASS
14,4,q8_0,C1,7,8192,4096,665eaf56fa04d85a,1,1,0,-1,00000000,00000000,0,PASS
14,4,q8_0,C2,7,8192,4096,d0efefe3fcd897e2,1,1,0,-1,00000000,00000000,0,PASS
14,4,q8_0,C3,7,8192,4096,7f9c656141f3fd2a,1,1,0,-1,00000000,00000000,0,PASS
14,4,q8_0,C4,7,8192,4096,90b943a9e7d55d36,1,1,0,-1,00000000,00000000,0,PASS
14,4,q8_0,C0,8,8192,4096,f8a98b25f7cd0383,1,1,0,-1,00000000,00000000,0,PASS
14,4,q8_0,C1,8,8192,4096,c26c1a6b3d36a5c3,1,1,0,-1,00000000,00000000,0,PASS
14,4,q8_0,C2,8,8192,4096,95ac06e3a54b4ef2,1,1,0,-1,00000000,00000000,0,PASS
14,4,q8_0,C3,8,8192,4096,a50e3bc4938024e4,1,1,0,-1,00000000,00000000,0,PASS
14,4,q8_0,C4,8,8192,4096,3da45e1f8a9f3b1f,1,1,0,-1,00000000,00000000,0,PASS
14,5,f16,C0,2,16384,24,bc91ad0b35b50383,1,1,0,-1,00000000,00000000,0,PASS
14,5,f16,C1,2,16384,24,5dc3d7543112adb3,1,1,0,-1,00000000,00000000,0,PASS
14,5,f16,C2,2,16384,24,2182d4551e4fe2a3,1,1,0,-1,00000000,00000000,0,PASS
14,5,f16,C3,2,16384,24,abc5eb42c0aead3d,1,1,0,-1,00000000,00000000,0,PASS
14,5,f16,C4,2,16384,24,b25fa2af1f4d979f,1,1,0,-1,00000000,00000000,0,PASS
14,5,f16,C0,3,16384,24,8fc0340096c10383,1,1,0,-1,00000000,00000000,0,PASS
14,5,f16,C1,3,16384,24,b7a628de7278e07a,1,1,0,-1,00000000,00000000,0,PASS
14,5,f16,C2,3,16384,24,05a69f75d2d8e36d,1,1,0,-1,00000000,00000000,0,PASS
14,5,f16,C3,3,16384,24,c956b2fc572a601d,1,1,0,-1,00000000,00000000,0,PASS
14,5,f16,C4,3,16384,24,f5166e1daf6a5307,1,1,0,-1,00000000,00000000,0,PASS
14,5,f16,C0,4,16384,24,f8a98b25f7cd0383,1,1,0,-1,00000000,00000000,0,PASS
14,5,f16,C1,4,16384,24,6dd2f6a152781763,1,1,0,-1,00000000,00000000,0,PASS
14,5,f16,C2,4,16384,24,03b1a534c5b2c557,1,1,0,-1,00000000,00000000,0,PASS
14,5,f16,C3,4,16384,24,e5e0876648953fa4,1,1,0,-1,00000000,00000000,0,PASS
14,5,f16,C4,4,16384,24,77f735b69bbdcc77,1,1,0,-1,00000000,00000000,0,PASS
14,5,f16,C0,5,16384,24,680db27b58d90383,1,1,0,-1,00000000,00000000,0,PASS
14,5,f16,C1,5,16384,24,849b32211e8c92aa,1,1,0,-1,00000000,00000000,0,PASS
14,5,f16,C2,5,16384,24,5c63d5b6c8cd0fe7,1,1,0,-1,00000000,00000000,0,PASS
14,5,f16,C3,5,16384,24,0a3cb35219a363c2,1,1,0,-1,00000000,00000000,0,PASS
14,5,f16,C4,5,16384,24,afa0291542a0c337,1,1,0,-1,00000000,00000000,0,PASS
14,5,f16,C0,6,16384,24,4eacaa00b9e50383,1,1,0,-1,00000000,00000000,0,PASS
14,5,f16,C1,6,16384,24,aa9ab88976b3b793,1,1,0,-1,00000000,00000000,0,PASS
14,5,f16,C2,6,16384,24,7492baf760eee0bc,1,1,0,-1,00000000,00000000,0,PASS
14,5,f16,C3,6,16384,24,dab40ed7f465e82d,1,1,0,-1,00000000,00000000,0,PASS
14,5,f16,C4,6,16384,24,f28d61a32b65fc0a,1,1,0,-1,00000000,00000000,0,PASS
14,5,f16,C0,7,16384,24,1d4671b61af10383,1,1,0,-1,00000000,00000000,0,PASS
14,5,f16,C1,7,16384,24,3a7a16ba8fd8d85a,1,1,0,-1,00000000,00000000,0,PASS
14,5,f16,C2,7,16384,24,711aa99ced25a706,1,1,0,-1,00000000,00000000,0,PASS
14,5,f16,C3,7,16384,24,0c326638e6a00e81,1,1,0,-1,00000000,00000000,0,PASS
14,5,f16,C4,7,16384,24,6441aebc43e8962a,1,1,0,-1,00000000,00000000,0,PASS
14,5,f16,C0,8,16384,24,449b099b7bfd0383,1,1,0,-1,00000000,00000000,0,PASS
14,5,f16,C1,8,16384,24,80cdba4d8810a5c3,1,1,0,-1,00000000,00000000,0,PASS
14,5,f16,C2,8,16384,24,af28154ffb9ea876,1,1,0,-1,00000000,00000000,0,PASS
14,5,f16,C3,8,16384,24,2fde970164d1764e,1,1,0,-1,00000000,00000000,0,PASS
14,5,f16,C4,8,16384,24,9e50fb1212e9adde,1,1,0,-1,00000000,00000000,0,PASS
14,6,f16,C0,2,4096,256,61e628f524230383,1,1,0,-1,00000000,00000000,0,PASS
14,6,f16,C1,2,4096,256,f3458625c6b0adb3,1,1,0,-1,00000000,00000000,0,PASS
14,6,f16,C2,2,4096,256,eaa8b46e71e992b4,1,1,0,-1,00000000,00000000,0,PASS
14,6,f16,C3,2,4096,256,36d4f6099ea18862,1,1,0,-1,00000000,00000000,0,PASS
14,6,f16,C4,2,4096,256,4712e9c2b1324d63,1,1,0,-1,00000000,00000000,0,PASS
14,6,f16,C0,3,4096,256,f361b91bfc660383,1,1,0,-1,00000000,00000000,0,PASS
14,6,f16,C1,3,4096,256,36aaaa69a328e07a,1,1,0,-1,00000000,00000000,0,PASS
14,6,f16,C2,3,4096,256,e36dde151415c0df,1,1,0,-1,00000000,00000000,0,PASS
14,6,f16,C3,3,4096,256,cfd4ed75a9f73ad7,1,1,0,-1,00000000,00000000,0,PASS
14,6,f16,C4,3,4096,256,e34480993503b8a3,1,1,0,-1,00000000,00000000,0,PASS
14,6,f16,C0,4,4096,256,0e5df645d4a90383,1,1,0,-1,00000000,00000000,0,PASS
14,6,f16,C1,4,4096,256,cb611474e6bf1763,1,1,0,-1,00000000,00000000,0,PASS
14,6,f16,C2,4,4096,256,a668df01d5618865,1,1,0,-1,00000000,00000000,0,PASS
14,6,f16,C3,4,4096,256,318eed2ac1a4c920,1,1,0,-1,00000000,00000000,0,PASS
14,6,f16,C4,4,4096,256,04144d081eb41f66,1,1,0,-1,00000000,00000000,0,PASS
14,6,f16,C0,5,4096,256,649de072acec0383,1,1,0,-1,00000000,00000000,0,PASS
14,6,f16,C1,5,4096,256,7d3627c9d35592aa,1,1,0,-1,00000000,00000000,0,PASS
14,6,f16,C2,5,4096,256,d13581044f3dfab0,1,1,0,-1,00000000,00000000,0,PASS
14,6,f16,C3,5,4096,256,5a71b940c3b77f24,1,1,0,-1,00000000,00000000,0,PASS
14,6,f16,C4,5,4096,256,9ca02a032bb24fc6,1,1,0,-1,00000000,00000000,0,PASS
14,6,f16,C0,6,4096,256,a7e477a2852f0383,1,1,0,-1,00000000,00000000,0,PASS
14,6,f16,C1,6,4096,256,a8f5fc63ca83b793,1,1,0,-1,00000000,00000000,0,PASS
14,6,f16,C2,6,4096,256,2e2a6a2802a71ed0,1,1,0,-1,00000000,00000000,0,PASS
14,6,f16,C3,6,4096,256,7e16cab2b0ddd955,1,1,0,-1,00000000,00000000,0,PASS
14,6,f16,C4,6,4096,256,e725a82e9783c012,1,1,0,-1,00000000,00000000,0,PASS
14,6,f16,C0,7,4096,256,89f4bbd55d720383,1,1,0,-1,00000000,00000000,0,PASS
14,6,f16,C1,7,4096,256,8a1e5e5f2f1ad85a,1,1,0,-1,00000000,00000000,0,PASS
14,6,f16,C2,7,4096,256,38cba9f3d15ed87c,1,1,0,-1,00000000,00000000,0,PASS
14,6,f16,C3,7,4096,256,de47d1169760cf3f,1,1,0,-1,00000000,00000000,0,PASS
14,6,f16,C4,7,4096,256,a56d33ae4c8c775a,1,1,0,-1,00000000,00000000,0,PASS
14,6,f16,C0,8,4096,256,bc91ad0b35b50383,1,1,0,-1,00000000,00000000,0,PASS
14,6,f16,C1,8,4096,256,b049445697c9a5c3,1,1,0,-1,00000000,00000000,0,PASS
14,6,f16,C2,8,4096,256,7efc99aea35888c7,1,1,0,-1,00000000,00000000,0,PASS
14,6,f16,C3,8,4096,256,390f86ceab3fc18d,1,1,0,-1,00000000,00000000,0,PASS
14,6,f16,C4,8,4096,256,d8f79ecae2861f1f,1,1,0,-1,00000000,00000000,0,PASS
15,0,f16,C0,2,16384,24,bc91ad0b35b50383,1,1,0,-1,00000000,00000000,0,PASS
15,0,f16,C1,2,16384,24,5dc3d7543112adb3,1,1,0,-1,00000000,00000000,0,PASS
15,0,f16,C2,2,16384,24,2182d4551e4fe2a3,1,1,0,-1,00000000,00000000,0,PASS
15,0,f16,C3,2,16384,24,ca9c7dcf2e3c98ce,1,1,0,-1,00000000,00000000,0,PASS
15,0,f16,C4,2,16384,24,b25fa2af1f4d979f,1,1,0,-1,00000000,00000000,0,PASS
15,0,f16,C0,3,16384,24,8fc0340096c10383,1,1,0,-1,00000000,00000000,0,PASS
15,0,f16,C1,3,16384,24,b7a628de7278e07a,1,1,0,-1,00000000,00000000,0,PASS
15,0,f16,C2,3,16384,24,05a69f75d2d8e36d,1,1,0,-1,00000000,00000000,0,PASS
15,0,f16,C3,3,16384,24,c5f9cbfe5235df05,1,1,0,-1,00000000,00000000,0,PASS
15,0,f16,C4,3,16384,24,f5166e1daf6a5307,1,1,0,-1,00000000,00000000,0,PASS
15,0,f16,C0,4,16384,24,f8a98b25f7cd0383,1,1,0,-1,00000000,00000000,0,PASS
15,0,f16,C1,4,16384,24,6dd2f6a152781763,1,1,0,-1,00000000,00000000,0,PASS
15,0,f16,C2,4,16384,24,03b1a534c5b2c557,1,1,0,-1,00000000,00000000,0,PASS
15,0,f16,C3,4,16384,24,50f024121e323a42,1,1,0,-1,00000000,00000000,0,PASS
15,0,f16,C4,4,16384,24,77f735b69bbdcc77,1,1,0,-1,00000000,00000000,0,PASS
15,0,f16,C0,5,16384,24,680db27b58d90383,1,1,0,-1,00000000,00000000,0,PASS
15,0,f16,C1,5,16384,24,849b32211e8c92aa,1,1,0,-1,00000000,00000000,0,PASS
15,0,f16,C2,5,16384,24,5c63d5b6c8cd0fe7,1,1,0,-1,00000000,00000000,0,PASS
15,0,f16,C3,5,16384,24,6e81f20cb793e1e6,1,1,0,-1,00000000,00000000,0,PASS
15,0,f16,C4,5,16384,24,afa0291542a0c337,1,1,0,-1,00000000,00000000,0,PASS
15,0,f16,C0,6,16384,24,4eacaa00b9e50383,1,1,0,-1,00000000,00000000,0,PASS
15,0,f16,C1,6,16384,24,aa9ab88976b3b793,1,1,0,-1,00000000,00000000,0,PASS
15,0,f16,C2,6,16384,24,7492baf760eee0bc,1,1,0,-1,00000000,00000000,0,PASS
15,0,f16,C3,6,16384,24,ea17f4f4d1caf151,1,1,0,-1,00000000,00000000,0,PASS
15,0,f16,C4,6,16384,24,f28d61a32b65fc0a,1,1,0,-1,00000000,00000000,0,PASS
15,0,f16,C0,7,16384,24,1d4671b61af10383,1,1,0,-1,00000000,00000000,0,PASS
15,0,f16,C1,7,16384,24,3a7a16ba8fd8d85a,1,1,0,-1,00000000,00000000,0,PASS
15,0,f16,C2,7,16384,24,711aa99ced25a706,1,1,0,-1,00000000,00000000,0,PASS
15,0,f16,C3,7,16384,24,75fe2ee8fe902807,1,1,0,-1,00000000,00000000,0,PASS
15,0,f16,C4,7,16384,24,6441aebc43e8962a,1,1,0,-1,00000000,00000000,0,PASS
15,0,f16,C0,8,16384,24,449b099b7bfd0383,1,1,0,-1,00000000,00000000,0,PASS
15,0,f16,C1,8,16384,24,80cdba4d8810a5c3,1,1,0,-1,00000000,00000000,0,PASS
15,0,f16,C2,8,16384,24,af28154ffb9ea876,1,1,0,-1,00000000,00000000,0,PASS
15,0,f16,C3,8,16384,24,630e2f7085deadc3,1,1,0,-1,00000000,00000000,0,PASS
15,0,f16,C4,8,16384,24,9e50fb1212e9adde,1,1,0,-1,00000000,00000000,0,PASS
15,1,q8_0,C0,2,4096,1024,61e628f524230383,1,1,0,-1,00000000,00000000,0,PASS
15,1,q8_0,C1,2,4096,1024,f3458625c6b0adb3,1,1,0,-1,00000000,00000000,0,PASS
15,1,q8_0,C2,2,4096,1024,eaa8b46e71e992b4,1,1,0,-1,00000000,00000000,0,PASS
15,1,q8_0,C3,2,4096,1024,3a22fe071540cbff,1,1,0,-1,00000000,00000000,0,PASS
15,1,q8_0,C4,2,4096,1024,4712e9c2b1324d63,1,1,0,-1,00000000,00000000,0,PASS
15,1,q8_0,C0,3,4096,1024,f361b91bfc660383,1,1,0,-1,00000000,00000000,0,PASS
15,1,q8_0,C1,3,4096,1024,36aaaa69a328e07a,1,1,0,-1,00000000,00000000,0,PASS
15,1,q8_0,C2,3,4096,1024,e36dde151415c0df,1,1,0,-1,00000000,00000000,0,PASS
15,1,q8_0,C3,3,4096,1024,b1b13a0708054279,1,1,0,-1,00000000,00000000,0,PASS
15,1,q8_0,C4,3,4096,1024,e34480993503b8a3,1,1,0,-1,00000000,00000000,0,PASS
15,1,q8_0,C0,4,4096,1024,0e5df645d4a90383,1,1,0,-1,00000000,00000000,0,PASS
15,1,q8_0,C1,4,4096,1024,cb611474e6bf1763,1,1,0,-1,00000000,00000000,0,PASS
15,1,q8_0,C2,4,4096,1024,a668df01d5618865,1,1,0,-1,00000000,00000000,0,PASS
15,1,q8_0,C3,4,4096,1024,63b08d1ea88b2b07,1,1,0,-1,00000000,00000000,0,PASS
15,1,q8_0,C4,4,4096,1024,04144d081eb41f66,1,1,0,-1,00000000,00000000,0,PASS
15,1,q8_0,C0,5,4096,1024,649de072acec0383,1,1,0,-1,00000000,00000000,0,PASS
15,1,q8_0,C1,5,4096,1024,7d3627c9d35592aa,1,1,0,-1,00000000,00000000,0,PASS
15,1,q8_0,C2,5,4096,1024,d13581044f3dfab0,1,1,0,-1,00000000,00000000,0,PASS
15,1,q8_0,C3,5,4096,1024,22eca5215c6373de,1,1,0,-1,00000000,00000000,0,PASS
15,1,q8_0,C4,5,4096,1024,9ca02a032bb24fc6,1,1,0,-1,00000000,00000000,0,PASS
15,1,q8_0,C0,6,4096,1024,a7e477a2852f0383,1,1,0,-1,00000000,00000000,0,PASS
15,1,q8_0,C1,6,4096,1024,a8f5fc63ca83b793,1,1,0,-1,00000000,00000000,0,PASS
15,1,q8_0,C2,6,4096,1024,2e2a6a2802a71ed0,1,1,0,-1,00000000,00000000,0,PASS
15,1,q8_0,C3,6,4096,1024,971b5b322d48d2e8,1,1,0,-1,00000000,00000000,0,PASS
15,1,q8_0,C4,6,4096,1024,e725a82e9783c012,1,1,0,-1,00000000,00000000,0,PASS
15,1,q8_0,C0,7,4096,1024,89f4bbd55d720383,1,1,0,-1,00000000,00000000,0,PASS
15,1,q8_0,C1,7,4096,1024,8a1e5e5f2f1ad85a,1,1,0,-1,00000000,00000000,0,PASS
15,1,q8_0,C2,7,4096,1024,38cba9f3d15ed87c,1,1,0,-1,00000000,00000000,0,PASS
15,1,q8_0,C3,7,4096,1024,3784ded978df1d90,1,1,0,-1,00000000,00000000,0,PASS
15,1,q8_0,C4,7,4096,1024,a56d33ae4c8c775a,1,1,0,-1,00000000,00000000,0,PASS
15,1,q8_0,C0,8,4096,1024,bc91ad0b35b50383,1,1,0,-1,00000000,00000000,0,PASS
15,1,q8_0,C1,8,4096,1024,b049445697c9a5c3,1,1,0,-1,00000000,00000000,0,PASS
15,1,q8_0,C2,8,4096,1024,7efc99aea35888c7,1,1,0,-1,00000000,00000000,0,PASS
15,1,q8_0,C3,8,4096,1024,95874f5ccbf22d2b,1,1,0,-1,00000000,00000000,0,PASS
15,1,q8_0,C4,8,4096,1024,d8f79ecae2861f1f,1,1,0,-1,00000000,00000000,0,PASS
15,2,q8_0,C0,2,4096,512,61e628f524230383,1,1,0,-1,00000000,00000000,0,PASS
15,2,q8_0,C1,2,4096,512,f3458625c6b0adb3,1,1,0,-1,00000000,00000000,0,PASS
15,2,q8_0,C2,2,4096,512,eaa8b46e71e992b4,1,1,0,-1,00000000,00000000,0,PASS
15,2,q8_0,C3,2,4096,512,6e140fedb615feeb,1,1,0,-1,00000000,00000000,0,PASS
15,2,q8_0,C4,2,4096,512,4712e9c2b1324d63,1,1,0,-1,00000000,00000000,0,PASS
15,2,q8_0,C0,3,4096,512,f361b91bfc660383,1,1,0,-1,00000000,00000000,0,PASS
15,2,q8_0,C1,3,4096,512,36aaaa69a328e07a,1,1,0,-1,00000000,00000000,0,PASS
15,2,q8_0,C2,3,4096,512,e36dde151415c0df,1,1,0,-1,00000000,00000000,0,PASS
15,2,q8_0,C3,3,4096,512,64955d876806b98e,1,1,0,-1,00000000,00000000,0,PASS
15,2,q8_0,C4,3,4096,512,e34480993503b8a3,1,1,0,-1,00000000,00000000,0,PASS
15,2,q8_0,C0,4,4096,512,0e5df645d4a90383,1,1,0,-1,00000000,00000000,0,PASS
15,2,q8_0,C1,4,4096,512,cb611474e6bf1763,1,1,0,-1,00000000,00000000,0,PASS
15,2,q8_0,C2,4,4096,512,a668df01d5618865,1,1,0,-1,00000000,00000000,0,PASS
15,2,q8_0,C3,4,4096,512,fafcb9df468feed4,1,1,0,-1,00000000,00000000,0,PASS
15,2,q8_0,C4,4,4096,512,04144d081eb41f66,1,1,0,-1,00000000,00000000,0,PASS
15,2,q8_0,C0,5,4096,512,649de072acec0383,1,1,0,-1,00000000,00000000,0,PASS
15,2,q8_0,C1,5,4096,512,7d3627c9d35592aa,1,1,0,-1,00000000,00000000,0,PASS
15,2,q8_0,C2,5,4096,512,d13581044f3dfab0,1,1,0,-1,00000000,00000000,0,PASS
15,2,q8_0,C3,5,4096,512,c58a954bd2d250ca,1,1,0,-1,00000000,00000000,0,PASS
15,2,q8_0,C4,5,4096,512,9ca02a032bb24fc6,1,1,0,-1,00000000,00000000,0,PASS
15,2,q8_0,C0,6,4096,512,a7e477a2852f0383,1,1,0,-1,00000000,00000000,0,PASS
15,2,q8_0,C1,6,4096,512,a8f5fc63ca83b793,1,1,0,-1,00000000,00000000,0,PASS
15,2,q8_0,C2,6,4096,512,2e2a6a2802a71ed0,1,1,0,-1,00000000,00000000,0,PASS
15,2,q8_0,C3,6,4096,512,11d0a7c14b19e3d1,1,1,0,-1,00000000,00000000,0,PASS
15,2,q8_0,C4,6,4096,512,e725a82e9783c012,1,1,0,-1,00000000,00000000,0,PASS
15,2,q8_0,C0,7,4096,512,89f4bbd55d720383,1,1,0,-1,00000000,00000000,0,PASS
15,2,q8_0,C1,7,4096,512,8a1e5e5f2f1ad85a,1,1,0,-1,00000000,00000000,0,PASS
15,2,q8_0,C2,7,4096,512,38cba9f3d15ed87c,1,1,0,-1,00000000,00000000,0,PASS
15,2,q8_0,C3,7,4096,512,f88aba9c9178534f,1,1,0,-1,00000000,00000000,0,PASS
15,2,q8_0,C4,7,4096,512,a56d33ae4c8c775a,1,1,0,-1,00000000,00000000,0,PASS
15,2,q8_0,C0,8,4096,512,bc91ad0b35b50383,1,1,0,-1,00000000,00000000,0,PASS
15,2,q8_0,C1,8,4096,512,b049445697c9a5c3,1,1,0,-1,00000000,00000000,0,PASS
15,2,q8_0,C2,8,4096,512,7efc99aea35888c7,1,1,0,-1,00000000,00000000,0,PASS
15,2,q8_0,C3,8,4096,512,f4daf6e6232a7af5,1,1,0,-1,00000000,00000000,0,PASS
15,2,q8_0,C4,8,4096,512,d8f79ecae2861f1f,1,1,0,-1,00000000,00000000,0,PASS
15,3,q8_0,C0,2,1024,32768,66a385207fbe8383,1,1,0,-1,00000000,00000000,0,PASS
15,3,q8_0,C1,2,1024,32768,ea4b97e88c182db3,1,1,0,-1,00000000,00000000,0,PASS
15,3,q8_0,C2,2,1024,32768,70800d37477b9cc9,1,1,0,-1,00000000,00000000,0,PASS
15,3,q8_0,C3,2,1024,32768,bec6d870018e51be,1,1,0,-1,00000000,00000000,0,PASS
15,3,q8_0,C4,2,1024,32768,71e3b48a7ebcb79f,1,1,0,-1,00000000,00000000,0,PASS
15,3,q8_0,C0,3,1024,32768,09b99610cdcf4383,1,1,0,-1,00000000,00000000,0,PASS
15,3,q8_0,C1,3,1024,32768,f303d2023f54e07a,1,1,0,-1,00000000,00000000,0,PASS
15,3,q8_0,C2,3,1024,32768,17b139ff4bb1b56e,1,1,0,-1,00000000,00000000,0,PASS
15,3,q8_0,C3,3,1024,32768,db8a627a2f385b98,1,1,0,-1,00000000,00000000,0,PASS
15,3,q8_0,C4,3,1024,32768,7684a1bb04066307,1,1,0,-1,00000000,00000000,0,PASS
15,3,q8_0,C0,4,1024,32768,a82845d14be00383,1,1,0,-1,00000000,00000000,0,PASS
15,3,q8_0,C1,4,1024,32768,829e2379d3d0d763,1,1,0,-1,00000000,00000000,0,PASS
15,3,q8_0,C2,4,1024,32768,2c41771fb26e6aa4,1,1,0,-1,00000000,00000000,0,PASS
15,3,q8_0,C3,4,1024,32768,7db5955cd8b96bdf,1,1,0,-1,00000000,00000000,0,PASS
15,3,q8_0,C4,4,1024,32768,00c364baeed7cc77,1,1,0,-1,00000000,00000000,0,PASS
15,3,q8_0,C0,5,1024,32768,a536a061f9f0c383,1,1,0,-1,00000000,00000000,0,PASS
15,3,q8_0,C1,5,1024,32768,cd5cb4a48887d2aa,1,1,0,-1,00000000,00000000,0,PASS
15,3,q8_0,C2,5,1024,32768,fe68e9da3c4fa0b4,1,1,0,-1,00000000,00000000,0,PASS
15,3,q8_0,C3,5,1024,32768,6b58b772493fc6a3,1,1,0,-1,00000000,00000000,0,PASS
15,3,q8_0,C4,5,1024,32768,85d67414a04db337,1,1,0,-1,00000000,00000000,0,PASS
15,3,q8_0,C0,6,1024,32768,e72bb1c2d8018383,1,1,0,-1,00000000,00000000,0,PASS
15,3,q8_0,C1,6,1024,32768,606b07352f77b793,1,1,0,-1,00000000,00000000,0,PASS
15,3,q8_0,C2,6,1024,32768,aac88d06cc8d8c24,1,1,0,-1,00000000,00000000,0,PASS
15,3,q8_0,C3,6,1024,32768,fab307d1a9194a10,1,1,0,-1,00000000,00000000,0,PASS
15,3,q8_0,C4,6,1024,32768,90a3e3c502279c0a,1,1,0,-1,00000000,00000000,0,PASS
15,3,q8_0,C0,7,1024,32768,d74e85f3e6124383,1,1,0,-1,00000000,00000000,0,PASS
15,3,q8_0,C1,7,1024,32768,0680c4d6b6eb585a,1,1,0,-1,00000000,00000000,0,PASS
15,3,q8_0,C2,7,1024,32768,68aeccecb4841b1a,1,1,0,-1,00000000,00000000,0,PASS
15,3,q8_0,C3,7,1024,32768,78650b76ea0c7b9d,1,1,0,-1,00000000,00000000,0,PASS
15,3,q8_0,C4,7,1024,32768,e3547e032da9e62a,1,1,0,-1,00000000,00000000,0,PASS
15,3,q8_0,C0,8,1024,32768,61e628f524230383,1,1,0,-1,00000000,00000000,0,PASS
15,3,q8_0,C1,8,1024,32768,f5568f1793b7e5c3,1,1,0,-1,00000000,00000000,0,PASS
15,3,q8_0,C2,8,1024,32768,f510f9a7c42e2707,1,1,0,-1,00000000,00000000,0,PASS
15,3,q8_0,C3,8,1024,32768,2bec96122f79b39b,1,1,0,-1,00000000,00000000,0,PASS
15,3,q8_0,C4,8,1024,32768,bb27994fbd6c0dde,1,1,0,-1,00000000,00000000,0,PASS
15,4,q8_0,C0,2,8192,4096,0e5df645d4a90383,1,1,0,-1,00000000,00000000,0,PASS
15,4,q8_0,C1,2,8192,4096,a7596f63ea26adb3,1,1,0,-1,00000000,00000000,0,PASS
15,4,q8_0,C2,2,8192,4096,6024392d967b7573,1,1,0,-1,00000000,00000000,0,PASS
15,4,q8_0,C3,2,8192,4096,e51a90c25bec329e,1,1,0,-1,00000000,00000000,0,PASS
15,4,q8_0,C4,2,8192,4096,756a42230c87de66,1,1,0,-1,00000000,00000000,0,PASS
15,4,q8_0,C0,3,8192,4096,a7e477a2852f0383,1,1,0,-1,00000000,00000000,0,PASS
15,4,q8_0,C1,3,8192,4096,40f463593d98e07a,1,1,0,-1,00000000,00000000,0,PASS
15,4,q8_0,C2,3,8192,4096,6bda8fe4c61d0fba,1,1,0,-1,00000000,00000000,0,PASS
15,4,q8_0,C3,3,8192,4096,48e5bce285ba206c,1,1,0,-1,00000000,00000000,0,PASS
15,4,q8_0,C4,3,8192,4096,7ef18a95c50f9806,1,1,0,-1,00000000,00000000,0,PASS
15,4,q8_0,C0,4,8192,4096,bc91ad0b35b50383,1,1,0,-1,00000000,00000000,0,PASS
15,4,q8_0,C1,4,8192,4096,1e7b80deb5521763,1,1,0,-1,00000000,00000000,0,PASS
15,4,q8_0,C2,4,8192,4096,95646a8ebd044b5d,1,1,0,-1,00000000,00000000,0,PASS
15,4,q8_0,C3,4,8192,4096,e446574b20bbba29,1,1,0,-1,00000000,00000000,0,PASS
15,4,q8_0,C4,4,8192,4096,7b7263e3adedcd6f,1,1,0,-1,00000000,00000000,0,PASS
15,4,q8_0,C0,5,8192,4096,da7d967fe63b0383,1,1,0,-1,00000000,00000000,0,PASS
15,4,q8_0,C1,5,8192,4096,2439109c971292aa,1,1,0,-1,00000000,00000000,0,PASS
15,4,q8_0,C2,5,8192,4096,ac7103964b5c796d,1,1,0,-1,00000000,00000000,0,PASS
15,4,q8_0,C3,5,8192,4096,5ca53e8e5fc3523e,1,1,0,-1,00000000,00000000,0,PASS
15,4,q8_0,C4,5,8192,4096,84cd276f9ee09557,1,1,0,-1,00000000,00000000,0,PASS
15,4,q8_0,C0,6,8192,4096,8fc0340096c10383,1,1,0,-1,00000000,00000000,0,PASS
15,4,q8_0,C1,6,8192,4096,6b7fdec3ae93b793,1,1,0,-1,00000000,00000000,0,PASS
15,4,q8_0,C2,6,8192,4096,158880dca80356a5,1,1,0,-1,00000000,00000000,0,PASS
15,4,q8_0,C3,6,8192,4096,091d2133f7080fc3,1,1,0,-1,00000000,00000000,0,PASS
15,4,q8_0,C4,6,8192,4096,6fb2cac120b4a24e,1,1,0,-1,00000000,00000000,0,PASS
15,4,q8_0,C0,7,8192,4096,6a71858d47470383,1,1,0,-1,00000000,00000000,0,PASS
15,4,q8_0,C1,7,8192,4096,665eaf56fa04d85a,1,1,0,-1,00000000,00000000,0,PASS
15,4,q8_0,C2,7,8192,4096,d0efefe3fcd897e2,1,1,0,-1,00000000,00000000,0,PASS
15,4,q8_0,C3,7,8192,4096,a280fe5963c40361,1,1,0,-1,00000000,00000000,0,PASS
15,4,q8_0,C4,7,8192,4096,90b943a9e7d55d36,1,1,0,-1,00000000,00000000,0,PASS
15,4,q8_0,C0,8,8192,4096,f8a98b25f7cd0383,1,1,0,-1,00000000,00000000,0,PASS
15,4,q8_0,C1,8,8192,4096,c26c1a6b3d36a5c3,1,1,0,-1,00000000,00000000,0,PASS
15,4,q8_0,C2,8,8192,4096,95ac06e3a54b4ef2,1,1,0,-1,00000000,00000000,0,PASS
15,4,q8_0,C3,8,8192,4096,bbe5fcf60a5ae42c,1,1,0,-1,00000000,00000000,0,PASS
15,4,q8_0,C4,8,8192,4096,3da45e1f8a9f3b1f,1,1,0,-1,00000000,00000000,0,PASS
15,5,f16,C0,2,16384,24,bc91ad0b35b50383,1,1,0,-1,00000000,00000000,0,PASS
15,5,f16,C1,2,16384,24,5dc3d7543112adb3,1,1,0,-1,00000000,00000000,0,PASS
15,5,f16,C2,2,16384,24,2182d4551e4fe2a3,1,1,0,-1,00000000,00000000,0,PASS
15,5,f16,C3,2,16384,24,4c7c6bee9e026ae6,1,1,0,-1,00000000,00000000,0,PASS
15,5,f16,C4,2,16384,24,b25fa2af1f4d979f,1,1,0,-1,00000000,00000000,0,PASS
15,5,f16,C0,3,16384,24,8fc0340096c10383,1,1,0,-1,00000000,00000000,0,PASS
15,5,f16,C1,3,16384,24,b7a628de7278e07a,1,1,0,-1,00000000,00000000,0,PASS
15,5,f16,C2,3,16384,24,05a69f75d2d8e36d,1,1,0,-1,00000000,00000000,0,PASS
15,5,f16,C3,3,16384,24,01fa98caba1addd0,1,1,0,-1,00000000,00000000,0,PASS
15,5,f16,C4,3,16384,24,f5166e1daf6a5307,1,1,0,-1,00000000,00000000,0,PASS
15,5,f16,C0,4,16384,24,f8a98b25f7cd0383,1,1,0,-1,00000000,00000000,0,PASS
15,5,f16,C1,4,16384,24,6dd2f6a152781763,1,1,0,-1,00000000,00000000,0,PASS
15,5,f16,C2,4,16384,24,03b1a534c5b2c557,1,1,0,-1,00000000,00000000,0,PASS
15,5,f16,C3,4,16384,24,f07dcf7266d30d5c,1,1,0,-1,00000000,00000000,0,PASS
15,5,f16,C4,4,16384,24,77f735b69bbdcc77,1,1,0,-1,00000000,00000000,0,PASS
15,5,f16,C0,5,16384,24,680db27b58d90383,1,1,0,-1,00000000,00000000,0,PASS
15,5,f16,C1,5,16384,24,849b32211e8c92aa,1,1,0,-1,00000000,00000000,0,PASS
15,5,f16,C2,5,16384,24,5c63d5b6c8cd0fe7,1,1,0,-1,00000000,00000000,0,PASS
15,5,f16,C3,5,16384,24,3ccf4708e4bcc566,1,1,0,-1,00000000,00000000,0,PASS
15,5,f16,C4,5,16384,24,afa0291542a0c337,1,1,0,-1,00000000,00000000,0,PASS
15,5,f16,C0,6,16384,24,4eacaa00b9e50383,1,1,0,-1,00000000,00000000,0,PASS
15,5,f16,C1,6,16384,24,aa9ab88976b3b793,1,1,0,-1,00000000,00000000,0,PASS
15,5,f16,C2,6,16384,24,7492baf760eee0bc,1,1,0,-1,00000000,00000000,0,PASS
15,5,f16,C3,6,16384,24,5031cf5eb19c1316,1,1,0,-1,00000000,00000000,0,PASS
15,5,f16,C4,6,16384,24,f28d61a32b65fc0a,1,1,0,-1,00000000,00000000,0,PASS
15,5,f16,C0,7,16384,24,1d4671b61af10383,1,1,0,-1,00000000,00000000,0,PASS
15,5,f16,C1,7,16384,24,3a7a16ba8fd8d85a,1,1,0,-1,00000000,00000000,0,PASS
15,5,f16,C2,7,16384,24,711aa99ced25a706,1,1,0,-1,00000000,00000000,0,PASS
15,5,f16,C3,7,16384,24,664e377bbcdfc77a,1,1,0,-1,00000000,00000000,0,PASS
15,5,f16,C4,7,16384,24,6441aebc43e8962a,1,1,0,-1,00000000,00000000,0,PASS
15,5,f16,C0,8,16384,24,449b099b7bfd0383,1,1,0,-1,00000000,00000000,0,PASS
15,5,f16,C1,8,16384,24,80cdba4d8810a5c3,1,1,0,-1,00000000,00000000,0,PASS
15,5,f16,C2,8,16384,24,af28154ffb9ea876,1,1,0,-1,00000000,00000000,0,PASS
15,5,f16,C3,8,16384,24,1d5e24a4faeeb5ab,1,1,0,-1,00000000,00000000,0,PASS
15,5,f16,C4,8,16384,24,9e50fb1212e9adde,1,1,0,-1,00000000,00000000,0,PASS
15,6,f16,C0,2,4096,256,61e628f524230383,1,1,0,-1,00000000,00000000,0,PASS
15,6,f16,C1,2,4096,256,f3458625c6b0adb3,1,1,0,-1,00000000,00000000,0,PASS
15,6,f16,C2,2,4096,256,eaa8b46e71e992b4,1,1,0,-1,00000000,00000000,0,PASS
15,6,f16,C3,2,4096,256,3b2cf8e87fd8cefd,1,1,0,-1,00000000,00000000,0,PASS
15,6,f16,C4,2,4096,256,4712e9c2b1324d63,1,1,0,-1,00000000,00000000,0,PASS
15,6,f16,C0,3,4096,256,f361b91bfc660383,1,1,0,-1,00000000,00000000,0,PASS
15,6,f16,C1,3,4096,256,36aaaa69a328e07a,1,1,0,-1,00000000,00000000,0,PASS
15,6,f16,C2,3,4096,256,e36dde151415c0df,1,1,0,-1,00000000,00000000,0,PASS
15,6,f16,C3,3,4096,256,53d898798569ed1b,1,1,0,-1,00000000,00000000,0,PASS
15,6,f16,C4,3,4096,256,e34480993503b8a3,1,1,0,-1,00000000,00000000,0,PASS
15,6,f16,C0,4,4096,256,0e5df645d4a90383,1,1,0,-1,00000000,00000000,0,PASS
15,6,f16,C1,4,4096,256,cb611474e6bf1763,1,1,0,-1,00000000,00000000,0,PASS
15,6,f16,C2,4,4096,256,a668df01d5618865,1,1,0,-1,00000000,00000000,0,PASS
15,6,f16,C3,4,4096,256,77d642a67f448919,1,1,0,-1,00000000,00000000,0,PASS
15,6,f16,C4,4,4096,256,04144d081eb41f66,1,1,0,-1,00000000,00000000,0,PASS
15,6,f16,C0,5,4096,256,649de072acec0383,1,1,0,-1,00000000,00000000,0,PASS
15,6,f16,C1,5,4096,256,7d3627c9d35592aa,1,1,0,-1,00000000,00000000,0,PASS
15,6,f16,C2,5,4096,256,d13581044f3dfab0,1,1,0,-1,00000000,00000000,0,PASS
15,6,f16,C3,5,4096,256,6d0e34dba299f626,1,1,0,-1,00000000,00000000,0,PASS
15,6,f16,C4,5,4096,256,9ca02a032bb24fc6,1,1,0,-1,00000000,00000000,0,PASS
15,6,f16,C0,6,4096,256,a7e477a2852f0383,1,1,0,-1,00000000,00000000,0,PASS
15,6,f16,C1,6,4096,256,a8f5fc63ca83b793,1,1,0,-1,00000000,00000000,0,PASS
15,6,f16,C2,6,4096,256,2e2a6a2802a71ed0,1,1,0,-1,00000000,00000000,0,PASS
15,6,f16,C3,6,4096,256,1f6831932c0fa7c7,1,1,0,-1,00000000,00000000,0,PASS
15,6,f16,C4,6,4096,256,e725a82e9783c012,1,1,0,-1,00000000,00000000,0,PASS
15,6,f16,C0,7,4096,256,89f4bbd55d720383,1,1,0,-1,00000000,00000000,0,PASS
15,6,f16,C1,7,4096,256,8a1e5e5f2f1ad85a,1,1,0,-1,00000000,00000000,0,PASS
15,6,f16,C2,7,4096,256,38cba9f3d15ed87c,1,1,0,-1,00000000,00000000,0,PASS
15,6,f16,C3,7,4096,256,969b937cedb4cba0,1,1,0,-1,00000000,00000000,0,PASS
15,6,f16,C4,7,4096,256,a56d33ae4c8c775a,1,1,0,-1,00000000,00000000,0,PASS
15,6,f16,C0,8,4096,256,bc91ad0b35b50383,1,1,0,-1,00000000,00000000,0,PASS
15,6,f16,C1,8,4096,256,b049445697c9a5c3,1,1,0,-1,00000000,00000000,0,PASS
15,6,f16,C2,8,4096,256,7efc99aea35888c7,1,1,0,-1,00000000,00000000,0,PASS
15,6,f16,C3,8,4096,256,e7ef9e586bd26f17,1,1,0,-1,00000000,00000000,0,PASS
15,6,f16,C4,8,4096,256,d8f79ecae2861f1f,1,1,0,-1,00000000,00000000,0,PASS
16,0,f16,C0,2,16384,24,bc91ad0b35b50383,1,1,0,-1,00000000,00000000,0,PASS
16,0,f16,C1,2,16384,24,5dc3d7543112adb3,1,1,0,-1,00000000,00000000,0,PASS
16,0,f16,C2,2,16384,24,2182d4551e4fe2a3,1,1,0,-1,00000000,00000000,0,PASS
16,0,f16,C3,2,16384,24,04df562bee24ab62,1,1,0,-1,00000000,00000000,0,PASS
16,0,f16,C4,2,16384,24,b25fa2af1f4d979f,1,1,0,-1,00000000,00000000,0,PASS
16,0,f16,C0,3,16384,24,8fc0340096c10383,1,1,0,-1,00000000,00000000,0,PASS
16,0,f16,C1,3,16384,24,b7a628de7278e07a,1,1,0,-1,00000000,00000000,0,PASS
16,0,f16,C2,3,16384,24,05a69f75d2d8e36d,1,1,0,-1,00000000,00000000,0,PASS
16,0,f16,C3,3,16384,24,be9d29c68fbcb584,1,1,0,-1,00000000,00000000,0,PASS
16,0,f16,C4,3,16384,24,f5166e1daf6a5307,1,1,0,-1,00000000,00000000,0,PASS
16,0,f16,C0,4,16384,24,f8a98b25f7cd0383,1,1,0,-1,00000000,00000000,0,PASS
16,0,f16,C1,4,16384,24,6dd2f6a152781763,1,1,0,-1,00000000,00000000,0,PASS
16,0,f16,C2,4,16384,24,03b1a534c5b2c557,1,1,0,-1,00000000,00000000,0,PASS
16,0,f16,C3,4,16384,24,30fa0e44050e0b54,1,1,0,-1,00000000,00000000,0,PASS
16,0,f16,C4,4,16384,24,77f735b69bbdcc77,1,1,0,-1,00000000,00000000,0,PASS
16,0,f16,C0,5,16384,24,680db27b58d90383,1,1,0,-1,00000000,00000000,0,PASS
16,0,f16,C1,5,16384,24,849b32211e8c92aa,1,1,0,-1,00000000,00000000,0,PASS
16,0,f16,C2,5,16384,24,5c63d5b6c8cd0fe7,1,1,0,-1,00000000,00000000,0,PASS
16,0,f16,C3,5,16384,24,1f09de7e0a238c30,1,1,0,-1,00000000,00000000,0,PASS
16,0,f16,C4,5,16384,24,afa0291542a0c337,1,1,0,-1,00000000,00000000,0,PASS
16,0,f16,C0,6,16384,24,4eacaa00b9e50383,1,1,0,-1,00000000,00000000,0,PASS
16,0,f16,C1,6,16384,24,aa9ab88976b3b793,1,1,0,-1,00000000,00000000,0,PASS
16,0,f16,C2,6,16384,24,7492baf760eee0bc,1,1,0,-1,00000000,00000000,0,PASS
16,0,f16,C3,6,16384,24,5f2d9141f9f0ce7b,1,1,0,-1,00000000,00000000,0,PASS
16,0,f16,C4,6,16384,24,f28d61a32b65fc0a,1,1,0,-1,00000000,00000000,0,PASS
16,0,f16,C0,7,16384,24,1d4671b61af10383,1,1,0,-1,00000000,00000000,0,PASS
16,0,f16,C1,7,16384,24,3a7a16ba8fd8d85a,1,1,0,-1,00000000,00000000,0,PASS
16,0,f16,C2,7,16384,24,711aa99ced25a706,1,1,0,-1,00000000,00000000,0,PASS
16,0,f16,C3,7,16384,24,79980dfefdb336e0,1,1,0,-1,00000000,00000000,0,PASS
16,0,f16,C4,7,16384,24,6441aebc43e8962a,1,1,0,-1,00000000,00000000,0,PASS
16,0,f16,C0,8,16384,24,449b099b7bfd0383,1,1,0,-1,00000000,00000000,0,PASS
16,0,f16,C1,8,16384,24,80cdba4d8810a5c3,1,1,0,-1,00000000,00000000,0,PASS
16,0,f16,C2,8,16384,24,af28154ffb9ea876,1,1,0,-1,00000000,00000000,0,PASS
16,0,f16,C3,8,16384,24,1aaf1e221cc8f7e2,1,1,0,-1,00000000,00000000,0,PASS
16,0,f16,C4,8,16384,24,9e50fb1212e9adde,1,1,0,-1,00000000,00000000,0,PASS
16,1,q8_0,C0,2,4096,1024,61e628f524230383,1,1,0,-1,00000000,00000000,0,PASS
16,1,q8_0,C1,2,4096,1024,f3458625c6b0adb3,1,1,0,-1,00000000,00000000,0,PASS
16,1,q8_0,C2,2,4096,1024,eaa8b46e71e992b4,1,1,0,-1,00000000,00000000,0,PASS
16,1,q8_0,C3,2,4096,1024,168599b1fe6de5ef,1,1,0,-1,00000000,00000000,0,PASS
16,1,q8_0,C4,2,4096,1024,4712e9c2b1324d63,1,1,0,-1,00000000,00000000,0,PASS
16,1,q8_0,C0,3,4096,1024,f361b91bfc660383,1,1,0,-1,00000000,00000000,0,PASS
16,1,q8_0,C1,3,4096,1024,36aaaa69a328e07a,1,1,0,-1,00000000,00000000,0,PASS
16,1,q8_0,C2,3,4096,1024,e36dde151415c0df,1,1,0,-1,00000000,00000000,0,PASS
16,1,q8_0,C3,3,4096,1024,f7cb93cc6d38fe69,1,1,0,-1,00000000,00000000,0,PASS
16,1,q8_0,C4,3,4096,1024,e34480993503b8a3,1,1,0,-1,00000000,00000000,0,PASS
16,1,q8_0,C0,4,4096,1024,0e5df645d4a90383,1,1,0,-1,00000000,00000000,0,PASS
16,1,q8_0,C1,4,4096,1024,cb611474e6bf1763,1,1,0,-1,00000000,00000000,0,PASS
16,1,q8_0,C2,4,4096,1024,a668df01d5618865,1,1,0,-1,00000000,00000000,0,PASS
16,1,q8_0,C3,4,4096,1024,39c95aefd0f77e79,1,1,0,-1,00000000,00000000,0,PASS
16,1,q8_0,C4,4,4096,1024,04144d081eb41f66,1,1,0,-1,00000000,00000000,0,PASS
16,1,q8_0,C0,5,4096,1024,649de072acec0383,1,1,0,-1,00000000,00000000,0,PASS
16,1,q8_0,C1,5,4096,1024,7d3627c9d35592aa,1,1,0,-1,00000000,00000000,0,PASS
16,1,q8_0,C2,5,4096,1024,d13581044f3dfab0,1,1,0,-1,00000000,00000000,0,PASS
16,1,q8_0,C3,5,4096,1024,179771e5b3640600,1,1,0,-1,00000000,00000000,0,PASS
16,1,q8_0,C4,5,4096,1024,9ca02a032bb24fc6,1,1,0,-1,00000000,00000000,0,PASS
16,1,q8_0,C0,6,4096,1024,a7e477a2852f0383,1,1,0,-1,00000000,00000000,0,PASS
16,1,q8_0,C1,6,4096,1024,a8f5fc63ca83b793,1,1,0,-1,00000000,00000000,0,PASS
16,1,q8_0,C2,6,4096,1024,2e2a6a2802a71ed0,1,1,0,-1,00000000,00000000,0,PASS
16,1,q8_0,C3,6,4096,1024,2375ebd574d155c4,1,1,0,-1,00000000,00000000,0,PASS
16,1,q8_0,C4,6,4096,1024,e725a82e9783c012,1,1,0,-1,00000000,00000000,0,PASS
16,1,q8_0,C0,7,4096,1024,89f4bbd55d720383,1,1,0,-1,00000000,00000000,0,PASS
16,1,q8_0,C1,7,4096,1024,8a1e5e5f2f1ad85a,1,1,0,-1,00000000,00000000,0,PASS
16,1,q8_0,C2,7,4096,1024,38cba9f3d15ed87c,1,1,0,-1,00000000,00000000,0,PASS
16,1,q8_0,C3,7,4096,1024,a0faa56d6218128a,1,1,0,-1,00000000,00000000,0,PASS
16,1,q8_0,C4,7,4096,1024,a56d33ae4c8c775a,1,1,0,-1,00000000,00000000,0,PASS
16,1,q8_0,C0,8,4096,1024,bc91ad0b35b50383,1,1,0,-1,00000000,00000000,0,PASS
16,1,q8_0,C1,8,4096,1024,b049445697c9a5c3,1,1,0,-1,00000000,00000000,0,PASS
16,1,q8_0,C2,8,4096,1024,7efc99aea35888c7,1,1,0,-1,00000000,00000000,0,PASS
16,1,q8_0,C3,8,4096,1024,ea1ca80d2128864a,1,1,0,-1,00000000,00000000,0,PASS
16,1,q8_0,C4,8,4096,1024,d8f79ecae2861f1f,1,1,0,-1,00000000,00000000,0,PASS
16,2,q8_0,C0,2,4096,512,61e628f524230383,1,1,0,-1,00000000,00000000,0,PASS
16,2,q8_0,C1,2,4096,512,f3458625c6b0adb3,1,1,0,-1,00000000,00000000,0,PASS
16,2,q8_0,C2,2,4096,512,eaa8b46e71e992b4,1,1,0,-1,00000000,00000000,0,PASS
16,2,q8_0,C3,2,4096,512,c9c109df677292ae,1,1,0,-1,00000000,00000000,0,PASS
16,2,q8_0,C4,2,4096,512,4712e9c2b1324d63,1,1,0,-1,00000000,00000000,0,PASS
16,2,q8_0,C0,3,4096,512,f361b91bfc660383,1,1,0,-1,00000000,00000000,0,PASS
16,2,q8_0,C1,3,4096,512,36aaaa69a328e07a,1,1,0,-1,00000000,00000000,0,PASS
16,2,q8_0,C2,3,4096,512,e36dde151415c0df,1,1,0,-1,00000000,00000000,0,PASS
16,2,q8_0,C3,3,4096,512,de2305147dccf35f,1,1,0,-1,00000000,00000000,0,PASS
16,2,q8_0,C4,3,4096,512,e34480993503b8a3,1,1,0,-1,00000000,00000000,0,PASS
16,2,q8_0,C0,4,4096,512,0e5df645d4a90383,1,1,0,-1,00000000,00000000,0,PASS
16,2,q8_0,C1,4,4096,512,cb611474e6bf1763,1,1,0,-1,00000000,00000000,0,PASS
16,2,q8_0,C2,4,4096,512,a668df01d5618865,1,1,0,-1,00000000,00000000,0,PASS
16,2,q8_0,C3,4,4096,512,a22a3bf5b1fd5118,1,1,0,-1,00000000,00000000,0,PASS
16,2,q8_0,C4,4,4096,512,04144d081eb41f66,1,1,0,-1,00000000,00000000,0,PASS
16,2,q8_0,C0,5,4096,512,649de072acec0383,1,1,0,-1,00000000,00000000,0,PASS
16,2,q8_0,C1,5,4096,512,7d3627c9d35592aa,1,1,0,-1,00000000,00000000,0,PASS
16,2,q8_0,C2,5,4096,512,d13581044f3dfab0,1,1,0,-1,00000000,00000000,0,PASS
16,2,q8_0,C3,5,4096,512,20b1c7ebcd915619,1,1,0,-1,00000000,00000000,0,PASS
16,2,q8_0,C4,5,4096,512,9ca02a032bb24fc6,1,1,0,-1,00000000,00000000,0,PASS
16,2,q8_0,C0,6,4096,512,a7e477a2852f0383,1,1,0,-1,00000000,00000000,0,PASS
16,2,q8_0,C1,6,4096,512,a8f5fc63ca83b793,1,1,0,-1,00000000,00000000,0,PASS
16,2,q8_0,C2,6,4096,512,2e2a6a2802a71ed0,1,1,0,-1,00000000,00000000,0,PASS
16,2,q8_0,C3,6,4096,512,cde06b166e227f3a,1,1,0,-1,00000000,00000000,0,PASS
16,2,q8_0,C4,6,4096,512,e725a82e9783c012,1,1,0,-1,00000000,00000000,0,PASS
16,2,q8_0,C0,7,4096,512,89f4bbd55d720383,1,1,0,-1,00000000,00000000,0,PASS
16,2,q8_0,C1,7,4096,512,8a1e5e5f2f1ad85a,1,1,0,-1,00000000,00000000,0,PASS
16,2,q8_0,C2,7,4096,512,38cba9f3d15ed87c,1,1,0,-1,00000000,00000000,0,PASS
16,2,q8_0,C3,7,4096,512,aa52567d6866ba94,1,1,0,-1,00000000,00000000,0,PASS
16,2,q8_0,C4,7,4096,512,a56d33ae4c8c775a,1,1,0,-1,00000000,00000000,0,PASS
16,2,q8_0,C0,8,4096,512,bc91ad0b35b50383,1,1,0,-1,00000000,00000000,0,PASS
16,2,q8_0,C1,8,4096,512,b049445697c9a5c3,1,1,0,-1,00000000,00000000,0,PASS
16,2,q8_0,C2,8,4096,512,7efc99aea35888c7,1,1,0,-1,00000000,00000000,0,PASS
16,2,q8_0,C3,8,4096,512,201b1657c5cfef49,1,1,0,-1,00000000,00000000,0,PASS
16,2,q8_0,C4,8,4096,512,d8f79ecae2861f1f,1,1,0,-1,00000000,00000000,0,PASS
16,3,q8_0,C0,2,1024,32768,66a385207fbe8383,1,1,0,-1,00000000,00000000,0,PASS
16,3,q8_0,C1,2,1024,32768,ea4b97e88c182db3,1,1,0,-1,00000000,00000000,0,PASS
16,3,q8_0,C2,2,1024,32768,70800d37477b9cc9,1,1,0,-1,00000000,00000000,0,PASS
16,3,q8_0,C3,2,1024,32768,6daa64528df6554f,1,1,0,-1,00000000,00000000,0,PASS
16,3,q8_0,C4,2,1024,32768,71e3b48a7ebcb79f,1,1,0,-1,00000000,00000000,0,PASS
16,3,q8_0,C0,3,1024,32768,09b99610cdcf4383,1,1,0,-1,00000000,00000000,0,PASS
16,3,q8_0,C1,3,1024,32768,f303d2023f54e07a,1,1,0,-1,00000000,00000000,0,PASS
16,3,q8_0,C2,3,1024,32768,17b139ff4bb1b56e,1,1,0,-1,00000000,00000000,0,PASS
16,3,q8_0,C3,3,1024,32768,8ccb205fb79c1fa2,1,1,0,-1,00000000,00000000,0,PASS
16,3,q8_0,C4,3,1024,32768,7684a1bb04066307,1,1,0,-1,00000000,00000000,0,PASS
16,3,q8_0,C0,4,1024,32768,a82845d14be00383,1,1,0,-1,00000000,00000000,0,PASS
16,3,q8_0,C1,4,1024,32768,829e2379d3d0d763,1,1,0,-1,00000000,00000000,0,PASS
16,3,q8_0,C2,4,1024,32768,2c41771fb26e6aa4,1,1,0,-1,00000000,00000000,0,PASS
16,3,q8_0,C3,4,1024,32768,427de7cb9abfe5ed,1,1,0,-1,00000000,00000000,0,PASS
16,3,q8_0,C4,4,1024,32768,00c364baeed7cc77,1,1,0,-1,00000000,00000000,0,PASS
16,3,q8_0,C0,5,1024,32768,a536a061f9f0c383,1,1,0,-1,00000000,00000000,0,PASS
16,3,q8_0,C1,5,1024,32768,cd5cb4a48887d2aa,1,1,0,-1,00000000,00000000,0,PASS
16,3,q8_0,C2,5,1024,32768,fe68e9da3c4fa0b4,1,1,0,-1,00000000,00000000,0,PASS
16,3,q8_0,C3,5,1024,32768,da76d92df4e00fbc,1,1,0,-1,00000000,00000000,0,PASS
16,3,q8_0,C4,5,1024,32768,85d67414a04db337,1,1,0,-1,00000000,00000000,0,PASS
16,3,q8_0,C0,6,1024,32768,e72bb1c2d8018383,1,1,0,-1,00000000,00000000,0,PASS
16,3,q8_0,C1,6,1024,32768,606b07352f77b793,1,1,0,-1,00000000,00000000,0,PASS
16,3,q8_0,C2,6,1024,32768,aac88d06cc8d8c24,1,1,0,-1,00000000,00000000,0,PASS
16,3,q8_0,C3,6,1024,32768,8aa037f898bdd6ef,1,1,0,-1,00000000,00000000,0,PASS
16,3,q8_0,C4,6,1024,32768,90a3e3c502279c0a,1,1,0,-1,00000000,00000000,0,PASS
16,3,q8_0,C0,7,1024,32768,d74e85f3e6124383,1,1,0,-1,00000000,00000000,0,PASS
16,3,q8_0,C1,7,1024,32768,0680c4d6b6eb585a,1,1,0,-1,00000000,00000000,0,PASS
16,3,q8_0,C2,7,1024,32768,68aeccecb4841b1a,1,1,0,-1,00000000,00000000,0,PASS
16,3,q8_0,C3,7,1024,32768,60237d85ec1b92a7,1,1,0,-1,00000000,00000000,0,PASS
16,3,q8_0,C4,7,1024,32768,e3547e032da9e62a,1,1,0,-1,00000000,00000000,0,PASS
16,3,q8_0,C0,8,1024,32768,61e628f524230383,1,1,0,-1,00000000,00000000,0,PASS
16,3,q8_0,C1,8,1024,32768,f5568f1793b7e5c3,1,1,0,-1,00000000,00000000,0,PASS
16,3,q8_0,C2,8,1024,32768,f510f9a7c42e2707,1,1,0,-1,00000000,00000000,0,PASS
16,3,q8_0,C3,8,1024,32768,1d59e514b30ff49b,1,1,0,-1,00000000,00000000,0,PASS
16,3,q8_0,C4,8,1024,32768,bb27994fbd6c0dde,1,1,0,-1,00000000,00000000,0,PASS
16,4,q8_0,C0,2,8192,4096,0e5df645d4a90383,1,1,0,-1,00000000,00000000,0,PASS
16,4,q8_0,C1,2,8192,4096,a7596f63ea26adb3,1,1,0,-1,00000000,00000000,0,PASS
16,4,q8_0,C2,2,8192,4096,6024392d967b7573,1,1,0,-1,00000000,00000000,0,PASS
16,4,q8_0,C3,2,8192,4096,cbd0bc82679a786d,1,1,0,-1,00000000,00000000,0,PASS
16,4,q8_0,C4,2,8192,4096,756a42230c87de66,1,1,0,-1,00000000,00000000,0,PASS
16,4,q8_0,C0,3,8192,4096,a7e477a2852f0383,1,1,0,-1,00000000,00000000,0,PASS
16,4,q8_0,C1,3,8192,4096,40f463593d98e07a,1,1,0,-1,00000000,00000000,0,PASS
16,4,q8_0,C2,3,8192,4096,6bda8fe4c61d0fba,1,1,0,-1,00000000,00000000,0,PASS
16,4,q8_0,C3,3,8192,4096,8e878eaf26551a27,1,1,0,-1,00000000,00000000,0,PASS
16,4,q8_0,C4,3,8192,4096,7ef18a95c50f9806,1,1,0,-1,00000000,00000000,0,PASS
16,4,q8_0,C0,4,8192,4096,bc91ad0b35b50383,1,1,0,-1,00000000,00000000,0,PASS
16,4,q8_0,C1,4,8192,4096,1e7b80deb5521763,1,1,0,-1,00000000,00000000,0,PASS
16,4,q8_0,C2,4,8192,4096,95646a8ebd044b5d,1,1,0,-1,00000000,00000000,0,PASS
16,4,q8_0,C3,4,8192,4096,80ffb70272edcffc,1,1,0,-1,00000000,00000000,0,PASS
16,4,q8_0,C4,4,8192,4096,7b7263e3adedcd6f,1,1,0,-1,00000000,00000000,0,PASS
16,4,q8_0,C0,5,8192,4096,da7d967fe63b0383,1,1,0,-1,00000000,00000000,0,PASS
16,4,q8_0,C1,5,8192,4096,2439109c971292aa,1,1,0,-1,00000000,00000000,0,PASS
16,4,q8_0,C2,5,8192,4096,ac7103964b5c796d,1,1,0,-1,00000000,00000000,0,PASS
16,4,q8_0,C3,5,8192,4096,e7fa9ba785acc59d,1,1,0,-1,00000000,00000000,0,PASS
16,4,q8_0,C4,5,8192,4096,84cd276f9ee09557,1,1,0,-1,00000000,00000000,0,PASS
16,4,q8_0,C0,6,8192,4096,8fc0340096c10383,1,1,0,-1,00000000,00000000,0,PASS
16,4,q8_0,C1,6,8192,4096,6b7fdec3ae93b793,1,1,0,-1,00000000,00000000,0,PASS
16,4,q8_0,C2,6,8192,4096,158880dca80356a5,1,1,0,-1,00000000,00000000,0,PASS
16,4,q8_0,C3,6,8192,4096,61590e95ce88a3c4,1,1,0,-1,00000000,00000000,0,PASS
16,4,q8_0,C4,6,8192,4096,6fb2cac120b4a24e,1,1,0,-1,00000000,00000000,0,PASS
16,4,q8_0,C0,7,8192,4096,6a71858d47470383,1,1,0,-1,00000000,00000000,0,PASS
16,4,q8_0,C1,7,8192,4096,665eaf56fa04d85a,1,1,0,-1,00000000,00000000,0,PASS
16,4,q8_0,C2,7,8192,4096,d0efefe3fcd897e2,1,1,0,-1,00000000,00000000,0,PASS
16,4,q8_0,C3,7,8192,4096,be7804a1c1debfb7,1,1,0,-1,00000000,00000000,0,PASS
16,4,q8_0,C4,7,8192,4096,90b943a9e7d55d36,1,1,0,-1,00000000,00000000,0,PASS
16,4,q8_0,C0,8,8192,4096,f8a98b25f7cd0383,1,1,0,-1,00000000,00000000,0,PASS
16,4,q8_0,C1,8,8192,4096,c26c1a6b3d36a5c3,1,1,0,-1,00000000,00000000,0,PASS
16,4,q8_0,C2,8,8192,4096,95ac06e3a54b4ef2,1,1,0,-1,00000000,00000000,0,PASS
16,4,q8_0,C3,8,8192,4096,628decf1bf607ded,1,1,0,-1,00000000,00000000,0,PASS
16,4,q8_0,C4,8,8192,4096,3da45e1f8a9f3b1f,1,1,0,-1,00000000,00000000,0,PASS
16,5,f16,C0,2,16384,24,bc91ad0b35b50383,1,1,0,-1,00000000,00000000,0,PASS
16,5,f16,C1,2,16384,24,5dc3d7543112adb3,1,1,0,-1,00000000,00000000,0,PASS
16,5,f16,C2,2,16384,24,2182d4551e4fe2a3,1,1,0,-1,00000000,00000000,0,PASS
16,5,f16,C3,2,16384,24,affaf1ab5d9a9ffc,1,1,0,-1,00000000,00000000,0,PASS
16,5,f16,C4,2,16384,24,b25fa2af1f4d979f,1,1,0,-1,00000000,00000000,0,PASS
16,5,f16,C0,3,16384,24,8fc0340096c10383,1,1,0,-1,00000000,00000000,0,PASS
16,5,f16,C1,3,16384,24,b7a628de7278e07a,1,1,0,-1,00000000,00000000,0,PASS
16,5,f16,C2,3,16384,24,05a69f75d2d8e36d,1,1,0,-1,00000000,00000000,0,PASS
16,5,f16,C3,3,16384,24,dae7d5cf6d2a931d,1,1,0,-1,00000000,00000000,0,PASS
16,5,f16,C4,3,16384,24,f5166e1daf6a5307,1,1,0,-1,00000000,00000000,0,PASS
16,5,f16,C0,4,16384,24,f8a98b25f7cd0383,1,1,0,-1,00000000,00000000,0,PASS
16,5,f16,C1,4,16384,24,6dd2f6a152781763,1,1,0,-1,00000000,00000000,0,PASS
16,5,f16,C2,4,16384,24,03b1a534c5b2c557,1,1,0,-1,00000000,00000000,0,PASS
16,5,f16,C3,4,16384,24,4239cdb93c869f41,1,1,0,-1,00000000,00000000,0,PASS
16,5,f16,C4,4,16384,24,77f735b69bbdcc77,1,1,0,-1,00000000,00000000,0,PASS
16,5,f16,C0,5,16384,24,680db27b58d90383,1,1,0,-1,00000000,00000000,0,PASS
16,5,f16,C1,5,16384,24,849b32211e8c92aa,1,1,0,-1,00000000,00000000,0,PASS
16,5,f16,C2,5,16384,24,5c63d5b6c8cd0fe7,1,1,0,-1,00000000,00000000,0,PASS
16,5,f16,C3,5,16384,24,85c00dc7aef7066a,1,1,0,-1,00000000,00000000,0,PASS
16,5,f16,C4,5,16384,24,afa0291542a0c337,1,1,0,-1,00000000,00000000,0,PASS
16,5,f16,C0,6,16384,24,4eacaa00b9e50383,1,1,0,-1,00000000,00000000,0,PASS
16,5,f16,C1,6,16384,24,aa9ab88976b3b793,1,1,0,-1,00000000,00000000,0,PASS
16,5,f16,C2,6,16384,24,7492baf760eee0bc,1,1,0,-1,00000000,00000000,0,PASS
16,5,f16,C3,6,16384,24,aa11e24d91ed7238,1,1,0,-1,00000000,00000000,0,PASS
16,5,f16,C4,6,16384,24,f28d61a32b65fc0a,1,1,0,-1,00000000,00000000,0,PASS
16,5,f16,C0,7,16384,24,1d4671b61af10383,1,1,0,-1,00000000,00000000,0,PASS
16,5,f16,C1,7,16384,24,3a7a16ba8fd8d85a,1,1,0,-1,00000000,00000000,0,PASS
16,5,f16,C2,7,16384,24,711aa99ced25a706,1,1,0,-1,00000000,00000000,0,PASS
16,5,f16,C3,7,16384,24,aab59fa88ab0c85b,1,1,0,-1,00000000,00000000,0,PASS
16,5,f16,C4,7,16384,24,6441aebc43e8962a,1,1,0,-1,00000000,00000000,0,PASS
16,5,f16,C0,8,16384,24,449b099b7bfd0383,1,1,0,-1,00000000,00000000,0,PASS
16,5,f16,C1,8,16384,24,80cdba4d8810a5c3,1,1,0,-1,00000000,00000000,0,PASS
16,5,f16,C2,8,16384,24,af28154ffb9ea876,1,1,0,-1,00000000,00000000,0,PASS
16,5,f16,C3,8,16384,24,3d3ff3564a15f9c5,1,1,0,-1,00000000,00000000,0,PASS
16,5,f16,C4,8,16384,24,9e50fb1212e9adde,1,1,0,-1,00000000,00000000,0,PASS
16,6,f16,C0,2,4096,256,61e628f524230383,1,1,0,-1,00000000,00000000,0,PASS
16,6,f16,C1,2,4096,256,f3458625c6b0adb3,1,1,0,-1,00000000,00000000,0,PASS
16,6,f16,C2,2,4096,256,eaa8b46e71e992b4,1,1,0,-1,00000000,00000000,0,PASS
16,6,f16,C3,2,4096,256,2fc04ef1399841b1,1,1,0,-1,00000000,00000000,0,PASS
16,6,f16,C4,2,4096,256,4712e9c2b1324d63,1,1,0,-1,00000000,00000000,0,PASS
16,6,f16,C0,3,4096,256,f361b91bfc660383,1,1,0,-1,00000000,00000000,0,PASS
16,6,f16,C1,3,4096,256,36aaaa69a328e07a,1,1,0,-1,00000000,00000000,0,PASS
16,6,f16,C2,3,4096,256,e36dde151415c0df,1,1,0,-1,00000000,00000000,0,PASS
16,6,f16,C3,3,4096,256,5dd8fe21581e3d40,1,1,0,-1,00000000,00000000,0,PASS
16,6,f16,C4,3,4096,256,e34480993503b8a3,1,1,0,-1,00000000,00000000,0,PASS
16,6,f16,C0,4,4096,256,0e5df645d4a90383,1,1,0,-1,00000000,00000000,0,PASS
16,6,f16,C1,4,4096,256,cb611474e6bf1763,1,1,0,-1,00000000,00000000,0,PASS
16,6,f16,C2,4,4096,256,a668df01d5618865,1,1,0,-1,00000000,00000000,0,PASS
16,6,f16,C3,4,4096,256,c413309bf9828450,1,1,0,-1,00000000,00000000,0,PASS
16,6,f16,C4,4,4096,256,04144d081eb41f66,1,1,0,-1,00000000,00000000,0,PASS
16,6,f16,C0,5,4096,256,649de072acec0383,1,1,0,-1,00000000,00000000,0,PASS
16,6,f16,C1,5,4096,256,7d3627c9d35592aa,1,1,0,-1,00000000,00000000,0,PASS
16,6,f16,C2,5,4096,256,d13581044f3dfab0,1,1,0,-1,00000000,00000000,0,PASS
16,6,f16,C3,5,4096,256,5ec87398cc47422f,1,1,0,-1,00000000,00000000,0,PASS
16,6,f16,C4,5,4096,256,9ca02a032bb24fc6,1,1,0,-1,00000000,00000000,0,PASS
16,6,f16,C0,6,4096,256,a7e477a2852f0383,1,1,0,-1,00000000,00000000,0,PASS
16,6,f16,C1,6,4096,256,a8f5fc63ca83b793,1,1,0,-1,00000000,00000000,0,PASS
16,6,f16,C2,6,4096,256,2e2a6a2802a71ed0,1,1,0,-1,00000000,00000000,0,PASS
16,6,f16,C3,6,4096,256,e6e7455d0adfb28e,1,1,0,-1,00000000,00000000,0,PASS
16,6,f16,C4,6,4096,256,e725a82e9783c012,1,1,0,-1,00000000,00000000,0,PASS
16,6,f16,C0,7,4096,256,89f4bbd55d720383,1,1,0,-1,00000000,00000000,0,PASS
16,6,f16,C1,7,4096,256,8a1e5e5f2f1ad85a,1,1,0,-1,00000000,00000000,0,PASS
16,6,f16,C2,7,4096,256,38cba9f3d15ed87c,1,1,0,-1,00000000,00000000,0,PASS
16,6,f16,C3,7,4096,256,13fb23c5eed0023d,1,1,0,-1,00000000,00000000,0,PASS
16,6,f16,C4,7,4096,256,a56d33ae4c8c775a,1,1,0,-1,00000000,00000000,0,PASS
16,6,f16,C0,8,4096,256,bc91ad0b35b50383,1,1,0,-1,00000000,00000000,0,PASS
16,6,f16,C1,8,4096,256,b049445697c9a5c3,1,1,0,-1,00000000,00000000,0,PASS
16,6,f16,C2,8,4096,256,7efc99aea35888c7,1,1,0,-1,00000000,00000000,0,PASS
16,6,f16,C3,8,4096,256,a27e8bfa01d00786,1,1,0,-1,00000000,00000000,0,PASS
16,6,f16,C4,8,4096,256,d8f79ecae2861f1f,1,1,0,-1,00000000,00000000,0,PASS
17,0,f16,C0,2,16384,24,bc91ad0b35b50383,1,1,0,-1,00000000,00000000,0,PASS
17,0,f16,C1,2,16384,24,5dc3d7543112adb3,1,1,0,-1,00000000,00000000,0,PASS
17,0,f16,C2,2,16384,24,2182d4551e4fe2a3,1,1,0,-1,00000000,00000000,0,PASS
17,0,f16,C3,2,16384,24,68f903b5f80c42ca,1,1,0,-1,00000000,00000000,0,PASS
17,0,f16,C4,2,16384,24,b25fa2af1f4d979f,1,1,0,-1,00000000,00000000,0,PASS
17,0,f16,C0,3,16384,24,8fc0340096c10383,1,1,0,-1,00000000,00000000,0,PASS
17,0,f16,C1,3,16384,24,b7a628de7278e07a,1,1,0,-1,00000000,00000000,0,PASS
17,0,f16,C2,3,16384,24,05a69f75d2d8e36d,1,1,0,-1,00000000,00000000,0,PASS
17,0,f16,C3,3,16384,24,a37daed5d4a67d03,1,1,0,-1,00000000,00000000,0,PASS
17,0,f16,C4,3,16384,24,f5166e1daf6a5307,1,1,0,-1,00000000,00000000,0,PASS
17,0,f16,C0,4,16384,24,f8a98b25f7cd0383,1,1,0,-1,00000000,00000000,0,PASS
17,0,f16,C1,4,16384,24,6dd2f6a152781763,1,1,0,-1,00000000,00000000,0,PASS
17,0,f16,C2,4,16384,24,03b1a534c5b2c557,1,1,0,-1,00000000,00000000,0,PASS
17,0,f16,C3,4,16384,24,32ac155577484344,1,1,0,-1,00000000,00000000,0,PASS
17,0,f16,C4,4,16384,24,77f735b69bbdcc77,1,1,0,-1,00000000,00000000,0,PASS
17,0,f16,C0,5,16384,24,680db27b58d90383,1,1,0,-1,00000000,00000000,0,PASS
17,0,f16,C1,5,16384,24,849b32211e8c92aa,1,1,0,-1,00000000,00000000,0,PASS
17,0,f16,C2,5,16384,24,5c63d5b6c8cd0fe7,1,1,0,-1,00000000,00000000,0,PASS
17,0,f16,C3,5,16384,24,0576e4c9f0c0385f,1,1,0,-1,00000000,00000000,0,PASS
17,0,f16,C4,5,16384,24,afa0291542a0c337,1,1,0,-1,00000000,00000000,0,PASS
17,0,f16,C0,6,16384,24,4eacaa00b9e50383,1,1,0,-1,00000000,00000000,0,PASS
17,0,f16,C1,6,16384,24,aa9ab88976b3b793,1,1,0,-1,00000000,00000000,0,PASS
17,0,f16,C2,6,16384,24,7492baf760eee0bc,1,1,0,-1,00000000,00000000,0,PASS
17,0,f16,C3,6,16384,24,649448fd035bef9c,1,1,0,-1,00000000,00000000,0,PASS
17,0,f16,C4,6,16384,24,f28d61a32b65fc0a,1,1,0,-1,00000000,00000000,0,PASS
17,0,f16,C0,7,16384,24,1d4671b61af10383,1,1,0,-1,00000000,00000000,0,PASS
17,0,f16,C1,7,16384,24,3a7a16ba8fd8d85a,1,1,0,-1,00000000,00000000,0,PASS
17,0,f16,C2,7,16384,24,711aa99ced25a706,1,1,0,-1,00000000,00000000,0,PASS
17,0,f16,C3,7,16384,24,dd56e5d602d0fd4e,1,1,0,-1,00000000,00000000,0,PASS
17,0,f16,C4,7,16384,24,6441aebc43e8962a,1,1,0,-1,00000000,00000000,0,PASS
17,0,f16,C0,8,16384,24,449b099b7bfd0383,1,1,0,-1,00000000,00000000,0,PASS
17,0,f16,C1,8,16384,24,80cdba4d8810a5c3,1,1,0,-1,00000000,00000000,0,PASS
17,0,f16,C2,8,16384,24,af28154ffb9ea876,1,1,0,-1,00000000,00000000,0,PASS
17,0,f16,C3,8,16384,24,d3e045135383fa60,1,1,0,-1,00000000,00000000,0,PASS
17,0,f16,C4,8,16384,24,9e50fb1212e9adde,1,1,0,-1,00000000,00000000,0,PASS
17,1,q8_0,C0,2,4096,1024,61e628f524230383,1,1,0,-1,00000000,00000000,0,PASS
17,1,q8_0,C1,2,4096,1024,f3458625c6b0adb3,1,1,0,-1,00000000,00000000,0,PASS
17,1,q8_0,C2,2,4096,1024,eaa8b46e71e992b4,1,1,0,-1,00000000,00000000,0,PASS
17,1,q8_0,C3,2,4096,1024,7fd266183a37e21f,1,1,0,-1,00000000,00000000,0,PASS
17,1,q8_0,C4,2,4096,1024,4712e9c2b1324d63,1,1,0,-1,00000000,00000000,0,PASS
17,1,q8_0,C0,3,4096,1024,f361b91bfc660383,1,1,0,-1,00000000,00000000,0,PASS
17,1,q8_0,C1,3,4096,1024,36aaaa69a328e07a,1,1,0,-1,00000000,00000000,0,PASS
17,1,q8_0,C2,3,4096,1024,e36dde151415c0df,1,1,0,-1,00000000,00000000,0,PASS
17,1,q8_0,C3,3,4096,1024,4b4339cf6948872b,1,1,0,-1,00000000,00000000,0,PASS
17,1,q8_0,C4,3,4096,1024,e34480993503b8a3,1,1,0,-1,00000000,00000000,0,PASS
17,1,q8_0,C0,4,4096,1024,0e5df645d4a90383,1,1,0,-1,00000000,00000000,0,PASS
17,1,q8_0,C1,4,4096,1024,cb611474e6bf1763,1,1,0,-1,00000000,00000000,0,PASS
17,1,q8_0,C2,4,4096,1024,a668df01d5618865,1,1,0,-1,00000000,00000000,0,PASS
17,1,q8_0,C3,4,4096,1024,dba39f69d17de7ae,1,1,0,-1,00000000,00000000,0,PASS
17,1,q8_0,C4,4,4096,1024,04144d081eb41f66,1,1,0,-1,00000000,00000000,0,PASS
17,1,q8_0,C0,5,4096,1024,649de072acec0383,1,1,0,-1,00000000,00000000,0,PASS
17,1,q8_0,C1,5,4096,1024,7d3627c9d35592aa,1,1,0,-1,00000000,00000000,0,PASS
17,1,q8_0,C2,5,4096,1024,d13581044f3dfab0,1,1,0,-1,00000000,00000000,0,PASS
17,1,q8_0,C3,5,4096,1024,ed626dcfcee2056b,1,1,0,-1,00000000,00000000,0,PASS
17,1,q8_0,C4,5,4096,1024,9ca02a032bb24fc6,1,1,0,-1,00000000,00000000,0,PASS
17,1,q8_0,C0,6,4096,1024,a7e477a2852f0383,1,1,0,-1,00000000,00000000,0,PASS
17,1,q8_0,C1,6,4096,1024,a8f5fc63ca83b793,1,1,0,-1,00000000,00000000,0,PASS
17,1,q8_0,C2,6,4096,1024,2e2a6a2802a71ed0,1,1,0,-1,00000000,00000000,0,PASS
17,1,q8_0,C3,6,4096,1024,e39e4172a31e9293,1,1,0,-1,00000000,00000000,0,PASS
17,1,q8_0,C4,6,4096,1024,e725a82e9783c012,1,1,0,-1,00000000,00000000,0,PASS
17,1,q8_0,C0,7,4096,1024,89f4bbd55d720383,1,1,0,-1,00000000,00000000,0,PASS
17,1,q8_0,C1,7,4096,1024,8a1e5e5f2f1ad85a,1,1,0,-1,00000000,00000000,0,PASS
17,1,q8_0,C2,7,4096,1024,38cba9f3d15ed87c,1,1,0,-1,00000000,00000000,0,PASS
17,1,q8_0,C3,7,4096,1024,9bbddb08a1aa7840,1,1,0,-1,00000000,00000000,0,PASS
17,1,q8_0,C4,7,4096,1024,a56d33ae4c8c775a,1,1,0,-1,00000000,00000000,0,PASS
17,1,q8_0,C0,8,4096,1024,bc91ad0b35b50383,1,1,0,-1,00000000,00000000,0,PASS
17,1,q8_0,C1,8,4096,1024,b049445697c9a5c3,1,1,0,-1,00000000,00000000,0,PASS
17,1,q8_0,C2,8,4096,1024,7efc99aea35888c7,1,1,0,-1,00000000,00000000,0,PASS
17,1,q8_0,C3,8,4096,1024,6451410dc7c56fce,1,1,0,-1,00000000,00000000,0,PASS
17,1,q8_0,C4,8,4096,1024,d8f79ecae2861f1f,1,1,0,-1,00000000,00000000,0,PASS
17,2,q8_0,C0,2,4096,512,61e628f524230383,1,1,0,-1,00000000,00000000,0,PASS
17,2,q8_0,C1,2,4096,512,f3458625c6b0adb3,1,1,0,-1,00000000,00000000,0,PASS
17,2,q8_0,C2,2,4096,512,eaa8b46e71e992b4,1,1,0,-1,00000000,00000000,0,PASS
17,2,q8_0,C3,2,4096,512,7464b9f7844a2ee6,1,1,0,-1,00000000,00000000,0,PASS
17,2,q8_0,C4,2,4096,512,4712e9c2b1324d63,1,1,0,-1,00000000,00000000,0,PASS
17,2,q8_0,C0,3,4096,512,f361b91bfc660383,1,1,0,-1,00000000,00000000,0,PASS
17,2,q8_0,C1,3,4096,512,36aaaa69a328e07a,1,1,0,-1,00000000,00000000,0,PASS
17,2,q8_0,C2,3,4096,512,e36dde151415c0df,1,1,0,-1,00000000,00000000,0,PASS
17,2,q8_0,C3,3,4096,512,c575aacc9426eff6,1,1,0,-1,00000000,00000000,0,PASS
17,2,q8_0,C4,3,4096,512,e34480993503b8a3,1,1,0,-1,00000000,00000000,0,PASS
17,2,q8_0,C0,4,4096,512,0e5df645d4a90383,1,1,0,-1,00000000,00000000,0,PASS
17,2,q8_0,C1,4,4096,512,cb611474e6bf1763,1,1,0,-1,00000000,00000000,0,PASS
17,2,q8_0,C2,4,4096,512,a668df01d5618865,1,1,0,-1,00000000,00000000,0,PASS
17,2,q8_0,C3,4,4096,512,1acaab60dcb31789,1,1,0,-1,00000000,00000000,0,PASS
17,2,q8_0,C4,4,4096,512,04144d081eb41f66,1,1,0,-1,00000000,00000000,0,PASS
17,2,q8_0,C0,5,4096,512,649de072acec0383,1,1,0,-1,00000000,00000000,0,PASS
17,2,q8_0,C1,5,4096,512,7d3627c9d35592aa,1,1,0,-1,00000000,00000000,0,PASS
17,2,q8_0,C2,5,4096,512,d13581044f3dfab0,1,1,0,-1,00000000,00000000,0,PASS
17,2,q8_0,C3,5,4096,512,ddc982ffcdf25d68,1,1,0,-1,00000000,00000000,0,PASS
17,2,q8_0,C4,5,4096,512,9ca02a032bb24fc6,1,1,0,-1,00000000,00000000,0,PASS
17,2,q8_0,C0,6,4096,512,a7e477a2852f0383,1,1,0,-1,00000000,00000000,0,PASS
17,2,q8_0,C1,6,4096,512,a8f5fc63ca83b793,1,1,0,-1,00000000,00000000,0,PASS
17,2,q8_0,C2,6,4096,512,2e2a6a2802a71ed0,1,1,0,-1,00000000,00000000,0,PASS
17,2,q8_0,C3,6,4096,512,c6dfbb0b7ebe2618,1,1,0,-1,00000000,00000000,0,PASS
17,2,q8_0,C4,6,4096,512,e725a82e9783c012,1,1,0,-1,00000000,00000000,0,PASS
17,2,q8_0,C0,7,4096,512,89f4bbd55d720383,1,1,0,-1,00000000,00000000,0,PASS
17,2,q8_0,C1,7,4096,512,8a1e5e5f2f1ad85a,1,1,0,-1,00000000,00000000,0,PASS
17,2,q8_0,C2,7,4096,512,38cba9f3d15ed87c,1,1,0,-1,00000000,00000000,0,PASS
17,2,q8_0,C3,7,4096,512,089702c045a81c41,1,1,0,-1,00000000,00000000,0,PASS
17,2,q8_0,C4,7,4096,512,a56d33ae4c8c775a,1,1,0,-1,00000000,00000000,0,PASS
17,2,q8_0,C0,8,4096,512,bc91ad0b35b50383,1,1,0,-1,00000000,00000000,0,PASS
17,2,q8_0,C1,8,4096,512,b049445697c9a5c3,1,1,0,-1,00000000,00000000,0,PASS
17,2,q8_0,C2,8,4096,512,7efc99aea35888c7,1,1,0,-1,00000000,00000000,0,PASS
17,2,q8_0,C3,8,4096,512,4e5b085f261bd619,1,1,0,-1,00000000,00000000,0,PASS
17,2,q8_0,C4,8,4096,512,d8f79ecae2861f1f,1,1,0,-1,00000000,00000000,0,PASS
17,3,q8_0,C0,2,1024,32768,66a385207fbe8383,1,1,0,-1,00000000,00000000,0,PASS
17,3,q8_0,C1,2,1024,32768,ea4b97e88c182db3,1,1,0,-1,00000000,00000000,0,PASS
17,3,q8_0,C2,2,1024,32768,70800d37477b9cc9,1,1,0,-1,00000000,00000000,0,PASS
17,3,q8_0,C3,2,1024,32768,1f4cdd604db8fb4b,1,1,0,-1,00000000,00000000,0,PASS
17,3,q8_0,C4,2,1024,32768,71e3b48a7ebcb79f,1,1,0,-1,00000000,00000000,0,PASS
17,3,q8_0,C0,3,1024,32768,09b99610cdcf4383,1,1,0,-1,00000000,00000000,0,PASS
17,3,q8_0,C1,3,1024,32768,f303d2023f54e07a,1,1,0,-1,00000000,00000000,0,PASS
17,3,q8_0,C2,3,1024,32768,17b139ff4bb1b56e,1,1,0,-1,00000000,00000000,0,PASS
17,3,q8_0,C3,3,1024,32768,25231061a14c61c1,1,1,0,-1,00000000,00000000,0,PASS
17,3,q8_0,C4,3,1024,32768,7684a1bb04066307,1,1,0,-1,00000000,00000000,0,PASS
17,3,q8_0,C0,4,1024,32768,a82845d14be00383,1,1,0,-1,00000000,00000000,0,PASS
17,3,q8_0,C1,4,1024,32768,829e2379d3d0d763,1,1,0,-1,00000000,00000000,0,PASS
17,3,q8_0,C2,4,1024,32768,2c41771fb26e6aa4,1,1,0,-1,00000000,00000000,0,PASS
17,3,q8_0,C3,4,1024,32768,608e5c93f47f0bd2,1,1,0,-1,00000000,00000000,0,PASS
17,3,q8_0,C4,4,1024,32768,00c364baeed7cc77,1,1,0,-1,00000000,00000000,0,PASS
17,3,q8_0,C0,5,1024,32768,a536a061f9f0c383,1,1,0,-1,00000000,00000000,0,PASS
17,3,q8_0,C1,5,1024,32768,cd5cb4a48887d2aa,1,1,0,-1,00000000,00000000,0,PASS
17,3,q8_0,C2,5,1024,32768,fe68e9da3c4fa0b4,1,1,0,-1,00000000,00000000,0,PASS
17,3,q8_0,C3,5,1024,32768,27e3844217398467,1,1,0,-1,00000000,00000000,0,PASS
17,3,q8_0,C4,5,1024,32768,85d67414a04db337,1,1,0,-1,00000000,00000000,0,PASS
17,3,q8_0,C0,6,1024,32768,e72bb1c2d8018383,1,1,0,-1,00000000,00000000,0,PASS
17,3,q8_0,C1,6,1024,32768,606b07352f77b793,1,1,0,-1,00000000,00000000,0,PASS
17,3,q8_0,C2,6,1024,32768,aac88d06cc8d8c24,1,1,0,-1,00000000,00000000,0,PASS
17,3,q8_0,C3,6,1024,32768,a3431730f0f6687b,1,1,0,-1,00000000,00000000,0,PASS
17,3,q8_0,C4,6,1024,32768,90a3e3c502279c0a,1,1,0,-1,00000000,00000000,0,PASS
17,3,q8_0,C0,7,1024,32768,d74e85f3e6124383,1,1,0,-1,00000000,00000000,0,PASS
17,3,q8_0,C1,7,1024,32768,0680c4d6b6eb585a,1,1,0,-1,00000000,00000000,0,PASS
17,3,q8_0,C2,7,1024,32768,68aeccecb4841b1a,1,1,0,-1,00000000,00000000,0,PASS
17,3,q8_0,C3,7,1024,32768,23bacae7f79cf8b0,1,1,0,-1,00000000,00000000,0,PASS
17,3,q8_0,C4,7,1024,32768,e3547e032da9e62a,1,1,0,-1,00000000,00000000,0,PASS
17,3,q8_0,C0,8,1024,32768,61e628f524230383,1,1,0,-1,00000000,00000000,0,PASS
17,3,q8_0,C1,8,1024,32768,f5568f1793b7e5c3,1,1,0,-1,00000000,00000000,0,PASS
17,3,q8_0,C2,8,1024,32768,f510f9a7c42e2707,1,1,0,-1,00000000,00000000,0,PASS
17,3,q8_0,C3,8,1024,32768,a93f87c5657158ec,1,1,0,-1,00000000,00000000,0,PASS
17,3,q8_0,C4,8,1024,32768,bb27994fbd6c0dde,1,1,0,-1,00000000,00000000,0,PASS
17,4,q8_0,C0,2,8192,4096,0e5df645d4a90383,1,1,0,-1,00000000,00000000,0,PASS
17,4,q8_0,C1,2,8192,4096,a7596f63ea26adb3,1,1,0,-1,00000000,00000000,0,PASS
17,4,q8_0,C2,2,8192,4096,6024392d967b7573,1,1,0,-1,00000000,00000000,0,PASS
17,4,q8_0,C3,2,8192,4096,e2a6216952c9005d,1,1,0,-1,00000000,00000000,0,PASS
17,4,q8_0,C4,2,8192,4096,756a42230c87de66,1,1,0,-1,00000000,00000000,0,PASS
17,4,q8_0,C0,3,8192,4096,a7e477a2852f0383,1,1,0,-1,00000000,00000000,0,PASS
17,4,q8_0,C1,3,8192,4096,40f463593d98e07a,1,1,0,-1,00000000,00000000,0,PASS
17,4,q8_0,C2,3,8192,4096,6bda8fe4c61d0fba,1,1,0,-1,00000000,00000000,0,PASS
17,4,q8_0,C3,3,8192,4096,22c2f69c320b19b1,1,1,0,-1,00000000,00000000,0,PASS
17,4,q8_0,C4,3,8192,4096,7ef18a95c50f9806,1,1,0,-1,00000000,00000000,0,PASS
17,4,q8_0,C0,4,8192,4096,bc91ad0b35b50383,1,1,0,-1,00000000,00000000,0,PASS
17,4,q8_0,C1,4,8192,4096,1e7b80deb5521763,1,1,0,-1,00000000,00000000,0,PASS
17,4,q8_0,C2,4,8192,4096,95646a8ebd044b5d,1,1,0,-1,00000000,00000000,0,PASS
17,4,q8_0,C3,4,8192,4096,511ecfb4cbeaa3d6,1,1,0,-1,00000000,00000000,0,PASS
17,4,q8_0,C4,4,8192,4096,7b7263e3adedcd6f,1,1,0,-1,00000000,00000000,0,PASS
17,4,q8_0,C0,5,8192,4096,da7d967fe63b0383,1,1,0,-1,00000000,00000000,0,PASS
17,4,q8_0,C1,5,8192,4096,2439109c971292aa,1,1,0,-1,00000000,00000000,0,PASS
17,4,q8_0,C2,5,8192,4096,ac7103964b5c796d,1,1,0,-1,00000000,00000000,0,PASS
17,4,q8_0,C3,5,8192,4096,4c4d69d397ad1899,1,1,0,-1,00000000,00000000,0,PASS
17,4,q8_0,C4,5,8192,4096,84cd276f9ee09557,1,1,0,-1,00000000,00000000,0,PASS
17,4,q8_0,C0,6,8192,4096,8fc0340096c10383,1,1,0,-1,00000000,00000000,0,PASS
17,4,q8_0,C1,6,8192,4096,6b7fdec3ae93b793,1,1,0,-1,00000000,00000000,0,PASS
17,4,q8_0,C2,6,8192,4096,158880dca80356a5,1,1,0,-1,00000000,00000000,0,PASS
17,4,q8_0,C3,6,8192,4096,e5d8ed44bfa7358a,1,1,0,-1,00000000,00000000,0,PASS
17,4,q8_0,C4,6,8192,4096,6fb2cac120b4a24e,1,1,0,-1,00000000,00000000,0,PASS
17,4,q8_0,C0,7,8192,4096,6a71858d47470383,1,1,0,-1,00000000,00000000,0,PASS
17,4,q8_0,C1,7,8192,4096,665eaf56fa04d85a,1,1,0,-1,00000000,00000000,0,PASS
17,4,q8_0,C2,7,8192,4096,d0efefe3fcd897e2,1,1,0,-1,00000000,00000000,0,PASS
17,4,q8_0,C3,7,8192,4096,f5d733f4c1859258,1,1,0,-1,00000000,00000000,0,PASS
17,4,q8_0,C4,7,8192,4096,90b943a9e7d55d36,1,1,0,-1,00000000,00000000,0,PASS
17,4,q8_0,C0,8,8192,4096,f8a98b25f7cd0383,1,1,0,-1,00000000,00000000,0,PASS
17,4,q8_0,C1,8,8192,4096,c26c1a6b3d36a5c3,1,1,0,-1,00000000,00000000,0,PASS
17,4,q8_0,C2,8,8192,4096,95ac06e3a54b4ef2,1,1,0,-1,00000000,00000000,0,PASS
17,4,q8_0,C3,8,8192,4096,8fbf6b60c795f31a,1,1,0,-1,00000000,00000000,0,PASS
17,4,q8_0,C4,8,8192,4096,3da45e1f8a9f3b1f,1,1,0,-1,00000000,00000000,0,PASS
17,5,f16,C0,2,16384,24,bc91ad0b35b50383,1,1,0,-1,00000000,00000000,0,PASS
17,5,f16,C1,2,16384,24,5dc3d7543112adb3,1,1,0,-1,00000000,00000000,0,PASS
17,5,f16,C2,2,16384,24,2182d4551e4fe2a3,1,1,0,-1,00000000,00000000,0,PASS
17,5,f16,C3,2,16384,24,c9a58096f4bf3f40,1,1,0,-1,00000000,00000000,0,PASS
17,5,f16,C4,2,16384,24,b25fa2af1f4d979f,1,1,0,-1,00000000,00000000,0,PASS
17,5,f16,C0,3,16384,24,8fc0340096c10383,1,1,0,-1,00000000,00000000,0,PASS
17,5,f16,C1,3,16384,24,b7a628de7278e07a,1,1,0,-1,00000000,00000000,0,PASS
17,5,f16,C2,3,16384,24,05a69f75d2d8e36d,1,1,0,-1,00000000,00000000,0,PASS
17,5,f16,C3,3,16384,24,521b77ef1d81e517,1,1,0,-1,00000000,00000000,0,PASS
17,5,f16,C4,3,16384,24,f5166e1daf6a5307,1,1,0,-1,00000000,00000000,0,PASS
17,5,f16,C0,4,16384,24,f8a98b25f7cd0383,1,1,0,-1,00000000,00000000,0,PASS
17,5,f16,C1,4,16384,24,6dd2f6a152781763,1,1,0,-1,00000000,00000000,0,PASS
17,5,f16,C2,4,16384,24,03b1a534c5b2c557,1,1,0,-1,00000000,00000000,0,PASS
17,5,f16,C3,4,16384,24,667b11bbec5d0002,1,1,0,-1,00000000,00000000,0,PASS
17,5,f16,C4,4,16384,24,77f735b69bbdcc77,1,1,0,-1,00000000,00000000,0,PASS
17,5,f16,C0,5,16384,24,680db27b58d90383,1,1,0,-1,00000000,00000000,0,PASS
17,5,f16,C1,5,16384,24,849b32211e8c92aa,1,1,0,-1,00000000,00000000,0,PASS
17,5,f16,C2,5,16384,24,5c63d5b6c8cd0fe7,1,1,0,-1,00000000,00000000,0,PASS
17,5,f16,C3,5,16384,24,de0ef61e89721ef0,1,1,0,-1,00000000,00000000,0,PASS
17,5,f16,C4,5,16384,24,afa0291542a0c337,1,1,0,-1,00000000,00000000,0,PASS
17,5,f16,C0,6,16384,24,4eacaa00b9e50383,1,1,0,-1,00000000,00000000,0,PASS
17,5,f16,C1,6,16384,24,aa9ab88976b3b793,1,1,0,-1,00000000,00000000,0,PASS
17,5,f16,C2,6,16384,24,7492baf760eee0bc,1,1,0,-1,00000000,00000000,0,PASS
17,5,f16,C3,6,16384,24,f583133689b587fb,1,1,0,-1,00000000,00000000,0,PASS
17,5,f16,C4,6,16384,24,f28d61a32b65fc0a,1,1,0,-1,00000000,00000000,0,PASS
17,5,f16,C0,7,16384,24,1d4671b61af10383,1,1,0,-1,00000000,00000000,0,PASS
17,5,f16,C1,7,16384,24,3a7a16ba8fd8d85a,1,1,0,-1,00000000,00000000,0,PASS
17,5,f16,C2,7,16384,24,711aa99ced25a706,1,1,0,-1,00000000,00000000,0,PASS
17,5,f16,C3,7,16384,24,5b96bd74b89725e4,1,1,0,-1,00000000,00000000,0,PASS
17,5,f16,C4,7,16384,24,6441aebc43e8962a,1,1,0,-1,00000000,00000000,0,PASS
17,5,f16,C0,8,16384,24,449b099b7bfd0383,1,1,0,-1,00000000,00000000,0,PASS
17,5,f16,C1,8,16384,24,80cdba4d8810a5c3,1,1,0,-1,00000000,00000000,0,PASS
17,5,f16,C2,8,16384,24,af28154ffb9ea876,1,1,0,-1,00000000,00000000,0,PASS
17,5,f16,C3,8,16384,24,5b2cea3876acd656,1,1,0,-1,00000000,00000000,0,PASS
17,5,f16,C4,8,16384,24,9e50fb1212e9adde,1,1,0,-1,00000000,00000000,0,PASS
17,6,f16,C0,2,4096,256,61e628f524230383,1,1,0,-1,00000000,00000000,0,PASS
17,6,f16,C1,2,4096,256,f3458625c6b0adb3,1,1,0,-1,00000000,00000000,0,PASS
17,6,f16,C2,2,4096,256,eaa8b46e71e992b4,1,1,0,-1,00000000,00000000,0,PASS
17,6,f16,C3,2,4096,256,833906bfdd81b8c2,1,1,0,-1,00000000,00000000,0,PASS
17,6,f16,C4,2,4096,256,4712e9c2b1324d63,1,1,0,-1,00000000,00000000,0,PASS
17,6,f16,C0,3,4096,256,f361b91bfc660383,1,1,0,-1,00000000,00000000,0,PASS
17,6,f16,C1,3,4096,256,36aaaa69a328e07a,1,1,0,-1,00000000,00000000,0,PASS
17,6,f16,C2,3,4096,256,e36dde151415c0df,1,1,0,-1,00000000,00000000,0,PASS
17,6,f16,C3,3,4096,256,f0e748ad9345c591,1,1,0,-1,00000000,00000000,0,PASS
17,6,f16,C4,3,4096,256,e34480993503b8a3,1,1,0,-1,00000000,00000000,0,PASS
17,6,f16,C0,4,4096,256,0e5df645d4a90383,1,1,0,-1,00000000,00000000,0,PASS
17,6,f16,C1,4,4096,256,cb611474e6bf1763,1,1,0,-1,00000000,00000000,0,PASS
17,6,f16,C2,4,4096,256,a668df01d5618865,1,1,0,-1,00000000,00000000,0,PASS
17,6,f16,C3,4,4096,256,9e2ffe8e660855b7,1,1,0,-1,00000000,00000000,0,PASS
17,6,f16,C4,4,4096,256,04144d081eb41f66,1,1,0,-1,00000000,00000000,0,PASS
17,6,f16,C0,5,4096,256,649de072acec0383,1,1,0,-1,00000000,00000000,0,PASS
17,6,f16,C1,5,4096,256,7d3627c9d35592aa,1,1,0,-1,00000000,00000000,0,PASS
17,6,f16,C2,5,4096,256,d13581044f3dfab0,1,1,0,-1,00000000,00000000,0,PASS
17,6,f16,C3,5,4096,256,e06ccc0f7fd2e171,1,1,0,-1,00000000,00000000,0,PASS
17,6,f16,C4,5,4096,256,9ca02a032bb24fc6,1,1,0,-1,00000000,00000000,0,PASS
17,6,f16,C0,6,4096,256,a7e477a2852f0383,1,1,0,-1,00000000,00000000,0,PASS
17,6,f16,C1,6,4096,256,a8f5fc63ca83b793,1,1,0,-1,00000000,00000000,0,PASS
17,6,f16,C2,6,4096,256,2e2a6a2802a71ed0,1,1,0,-1,00000000,00000000,0,PASS
17,6,f16,C3,6,4096,256,541bca9cb0b875e7,1,1,0,-1,00000000,00000000,0,PASS
17,6,f16,C4,6,4096,256,e725a82e9783c012,1,1,0,-1,00000000,00000000,0,PASS
17,6,f16,C0,7,4096,256,89f4bbd55d720383,1,1,0,-1,00000000,00000000,0,PASS
17,6,f16,C1,7,4096,256,8a1e5e5f2f1ad85a,1,1,0,-1,00000000,00000000,0,PASS
17,6,f16,C2,7,4096,256,38cba9f3d15ed87c,1,1,0,-1,00000000,00000000,0,PASS
17,6,f16,C3,7,4096,256,6c3383f8bbb50c89,1,1,0,-1,00000000,00000000,0,PASS
17,6,f16,C4,7,4096,256,a56d33ae4c8c775a,1,1,0,-1,00000000,00000000,0,PASS
17,6,f16,C0,8,4096,256,bc91ad0b35b50383,1,1,0,-1,00000000,00000000,0,PASS
17,6,f16,C1,8,4096,256,b049445697c9a5c3,1,1,0,-1,00000000,00000000,0,PASS
17,6,f16,C2,8,4096,256,7efc99aea35888c7,1,1,0,-1,00000000,00000000,0,PASS
17,6,f16,C3,8,4096,256,208cc6b3a5dc4df1,1,1,0,-1,00000000,00000000,0,PASS
17,6,f16,C4,8,4096,256,d8f79ecae2861f1f,1,1,0,-1,00000000,00000000,0,PASS
18,0,f16,C0,2,16384,24,bc91ad0b35b50383,1,1,0,-1,00000000,00000000,0,PASS
18,0,f16,C1,2,16384,24,5dc3d7543112adb3,1,1,0,-1,00000000,00000000,0,PASS
18,0,f16,C2,2,16384,24,2182d4551e4fe2a3,1,1,0,-1,00000000,00000000,0,PASS
18,0,f16,C3,2,16384,24,b38de8671864b100,1,1,0,-1,00000000,00000000,0,PASS
18,0,f16,C4,2,16384,24,b25fa2af1f4d979f,1,1,0,-1,00000000,00000000,0,PASS
18,0,f16,C0,3,16384,24,8fc0340096c10383,1,1,0,-1,00000000,00000000,0,PASS
18,0,f16,C1,3,16384,24,b7a628de7278e07a,1,1,0,-1,00000000,00000000,0,PASS
18,0,f16,C2,3,16384,24,05a69f75d2d8e36d,1,1,0,-1,00000000,00000000,0,PASS
18,0,f16,C3,3,16384,24,31b0c3c180d79aa6,1,1,0,-1,00000000,00000000,0,PASS
18,0,f16,C4,3,16384,24,f5166e1daf6a5307,1,1,0,-1,00000000,00000000,0,PASS
18,0,f16,C0,4,16384,24,f8a98b25f7cd0383,1,1,0,-1,00000000,00000000,0,PASS
18,0,f16,C1,4,16384,24,6dd2f6a152781763,1,1,0,-1,00000000,00000000,0,PASS
18,0,f16,C2,4,16384,24,03b1a534c5b2c557,1,1,0,-1,00000000,00000000,0,PASS
18,0,f16,C3,4,16384,24,a0617f309ddb7146,1,1,0,-1,00000000,00000000,0,PASS
18,0,f16,C4,4,16384,24,77f735b69bbdcc77,1,1,0,-1,00000000,00000000,0,PASS
18,0,f16,C0,5,16384,24,680db27b58d90383,1,1,0,-1,00000000,00000000,0,PASS
18,0,f16,C1,5,16384,24,849b32211e8c92aa,1,1,0,-1,00000000,00000000,0,PASS
18,0,f16,C2,5,16384,24,5c63d5b6c8cd0fe7,1,1,0,-1,00000000,00000000,0,PASS
18,0,f16,C3,5,16384,24,83427aa35aad1ce7,1,1,0,-1,00000000,00000000,0,PASS
18,0,f16,C4,5,16384,24,afa0291542a0c337,1,1,0,-1,00000000,00000000,0,PASS
18,0,f16,C0,6,16384,24,4eacaa00b9e50383,1,1,0,-1,00000000,00000000,0,PASS
18,0,f16,C1,6,16384,24,aa9ab88976b3b793,1,1,0,-1,00000000,00000000,0,PASS
18,0,f16,C2,6,16384,24,7492baf760eee0bc,1,1,0,-1,00000000,00000000,0,PASS
18,0,f16,C3,6,16384,24,658b73e667610d67,1,1,0,-1,00000000,00000000,0,PASS
18,0,f16,C4,6,16384,24,f28d61a32b65fc0a,1,1,0,-1,00000000,00000000,0,PASS
18,0,f16,C0,7,16384,24,1d4671b61af10383,1,1,0,-1,00000000,00000000,0,PASS
18,0,f16,C1,7,16384,24,3a7a16ba8fd8d85a,1,1,0,-1,00000000,00000000,0,PASS
18,0,f16,C2,7,16384,24,711aa99ced25a706,1,1,0,-1,00000000,00000000,0,PASS
18,0,f16,C3,7,16384,24,a0387009eacbfd2e,1,1,0,-1,00000000,00000000,0,PASS
18,0,f16,C4,7,16384,24,6441aebc43e8962a,1,1,0,-1,00000000,00000000,0,PASS
18,0,f16,C0,8,16384,24,449b099b7bfd0383,1,1,0,-1,00000000,00000000,0,PASS
18,0,f16,C1,8,16384,24,80cdba4d8810a5c3,1,1,0,-1,00000000,00000000,0,PASS
18,0,f16,C2,8,16384,24,af28154ffb9ea876,1,1,0,-1,00000000,00000000,0,PASS
18,0,f16,C3,8,16384,24,c44cedab636d1389,1,1,0,-1,00000000,00000000,0,PASS
18,0,f16,C4,8,16384,24,9e50fb1212e9adde,1,1,0,-1,00000000,00000000,0,PASS
18,1,q8_0,C0,2,4096,1024,61e628f524230383,1,1,0,-1,00000000,00000000,0,PASS
18,1,q8_0,C1,2,4096,1024,f3458625c6b0adb3,1,1,0,-1,00000000,00000000,0,PASS
18,1,q8_0,C2,2,4096,1024,eaa8b46e71e992b4,1,1,0,-1,00000000,00000000,0,PASS
18,1,q8_0,C3,2,4096,1024,a374a5a177a3a198,1,1,0,-1,00000000,00000000,0,PASS
18,1,q8_0,C4,2,4096,1024,4712e9c2b1324d63,1,1,0,-1,00000000,00000000,0,PASS
18,1,q8_0,C0,3,4096,1024,f361b91bfc660383,1,1,0,-1,00000000,00000000,0,PASS
18,1,q8_0,C1,3,4096,1024,36aaaa69a328e07a,1,1,0,-1,00000000,00000000,0,PASS
18,1,q8_0,C2,3,4096,1024,e36dde151415c0df,1,1,0,-1,00000000,00000000,0,PASS
18,1,q8_0,C3,3,4096,1024,f1beec3f96a026a4,1,1,0,-1,00000000,00000000,0,PASS
18,1,q8_0,C4,3,4096,1024,e34480993503b8a3,1,1,0,-1,00000000,00000000,0,PASS
18,1,q8_0,C0,4,4096,1024,0e5df645d4a90383,1,1,0,-1,00000000,00000000,0,PASS
18,1,q8_0,C1,4,4096,1024,cb611474e6bf1763,1,1,0,-1,00000000,00000000,0,PASS
18,1,q8_0,C2,4,4096,1024,a668df01d5618865,1,1,0,-1,00000000,00000000,0,PASS
18,1,q8_0,C3,4,4096,1024,eb211186e4d24b63,1,1,0,-1,00000000,00000000,0,PASS
18,1,q8_0,C4,4,4096,1024,04144d081eb41f66,1,1,0,-1,00000000,00000000,0,PASS
18,1,q8_0,C0,5,4096,1024,649de072acec0383,1,1,0,-1,00000000,00000000,0,PASS
18,1,q8_0,C1,5,4096,1024,7d3627c9d35592aa,1,1,0,-1,00000000,00000000,0,PASS
18,1,q8_0,C2,5,4096,1024,d13581044f3dfab0,1,1,0,-1,00000000,00000000,0,PASS
18,1,q8_0,C3,5,4096,1024,1e2c7ef27770bdb7,1,1,0,-1,00000000,00000000,0,PASS
18,1,q8_0,C4,5,4096,1024,9ca02a032bb24fc6,1,1,0,-1,00000000,00000000,0,PASS
18,1,q8_0,C0,6,4096,1024,a7e477a2852f0383,1,1,0,-1,00000000,00000000,0,PASS
18,1,q8_0,C1,6,4096,1024,a8f5fc63ca83b793,1,1,0,-1,00000000,00000000,0,PASS
18,1,q8_0,C2,6,4096,1024,2e2a6a2802a71ed0,1,1,0,-1,00000000,00000000,0,PASS
18,1,q8_0,C3,6,4096,1024,f23a724ce2e18da6,1,1,0,-1,00000000,00000000,0,PASS
18,1,q8_0,C4,6,4096,1024,e725a82e9783c012,1,1,0,-1,00000000,00000000,0,PASS
18,1,q8_0,C0,7,4096,1024,89f4bbd55d720383,1,1,0,-1,00000000,00000000,0,PASS
18,1,q8_0,C1,7,4096,1024,8a1e5e5f2f1ad85a,1,1,0,-1,00000000,00000000,0,PASS
18,1,q8_0,C2,7,4096,1024,38cba9f3d15ed87c,1,1,0,-1,00000000,00000000,0,PASS
18,1,q8_0,C3,7,4096,1024,f9102812822a9bf3,1,1,0,-1,00000000,00000000,0,PASS
18,1,q8_0,C4,7,4096,1024,a56d33ae4c8c775a,1,1,0,-1,00000000,00000000,0,PASS
18,1,q8_0,C0,8,4096,1024,bc91ad0b35b50383,1,1,0,-1,00000000,00000000,0,PASS
18,1,q8_0,C1,8,4096,1024,b049445697c9a5c3,1,1,0,-1,00000000,00000000,0,PASS
18,1,q8_0,C2,8,4096,1024,7efc99aea35888c7,1,1,0,-1,00000000,00000000,0,PASS
18,1,q8_0,C3,8,4096,1024,707ccd2e513c9201,1,1,0,-1,00000000,00000000,0,PASS
18,1,q8_0,C4,8,4096,1024,d8f79ecae2861f1f,1,1,0,-1,00000000,00000000,0,PASS
18,2,q8_0,C0,2,4096,512,61e628f524230383,1,1,0,-1,00000000,00000000,0,PASS
18,2,q8_0,C1,2,4096,512,f3458625c6b0adb3,1,1,0,-1,00000000,00000000,0,PASS
18,2,q8_0,C2,2,4096,512,eaa8b46e71e992b4,1,1,0,-1,00000000,00000000,0,PASS
18,2,q8_0,C3,2,4096,512,0579504b68419966,1,1,0,-1,00000000,00000000,0,PASS
18,2,q8_0,C4,2,4096,512,4712e9c2b1324d63,1,1,0,-1,00000000,00000000,0,PASS
18,2,q8_0,C0,3,4096,512,f361b91bfc660383,1,1,0,-1,00000000,00000000,0,PASS
18,2,q8_0,C1,3,4096,512,36aaaa69a328e07a,1,1,0,-1,00000000,00000000,0,PASS
18,2,q8_0,C2,3,4096,512,e36dde151415c0df,1,1,0,-1,00000000,00000000,0,PASS
18,2,q8_0,C3,3,4096,512,df751ec058fc33ad,1,1,0,-1,00000000,00000000,0,PASS
18,2,q8_0,C4,3,4096,512,e34480993503b8a3,1,1,0,-1,00000000,00000000,0,PASS
18,2,q8_0,C0,4,4096,512,0e5df645d4a90383,1,1,0,-1,00000000,00000000,0,PASS
18,2,q8_0,C1,4,4096,512,cb611474e6bf1763,1,1,0,-1,00000000,00000000,0,PASS
18,2,q8_0,C2,4,4096,512,a668df01d5618865,1,1,0,-1,00000000,00000000,0,PASS
18,2,q8_0,C3,4,4096,512,7bc8a66baa56740f,1,1,0,-1,00000000,00000000,0,PASS
18,2,q8_0,C4,4,4096,512,04144d081eb41f66,1,1,0,-1,00000000,00000000,0,PASS
18,2,q8_0,C0,5,4096,512,649de072acec0383,1,1,0,-1,00000000,00000000,0,PASS
18,2,q8_0,C1,5,4096,512,7d3627c9d35592aa,1,1,0,-1,00000000,00000000,0,PASS
18,2,q8_0,C2,5,4096,512,d13581044f3dfab0,1,1,0,-1,00000000,00000000,0,PASS
18,2,q8_0,C3,5,4096,512,79781d979f19146e,1,1,0,-1,00000000,00000000,0,PASS
18,2,q8_0,C4,5,4096,512,9ca02a032bb24fc6,1,1,0,-1,00000000,00000000,0,PASS
18,2,q8_0,C0,6,4096,512,a7e477a2852f0383,1,1,0,-1,00000000,00000000,0,PASS
18,2,q8_0,C1,6,4096,512,a8f5fc63ca83b793,1,1,0,-1,00000000,00000000,0,PASS
18,2,q8_0,C2,6,4096,512,2e2a6a2802a71ed0,1,1,0,-1,00000000,00000000,0,PASS
18,2,q8_0,C3,6,4096,512,e6d61f5fbc2801cd,1,1,0,-1,00000000,00000000,0,PASS
18,2,q8_0,C4,6,4096,512,e725a82e9783c012,1,1,0,-1,00000000,00000000,0,PASS
18,2,q8_0,C0,7,4096,512,89f4bbd55d720383,1,1,0,-1,00000000,00000000,0,PASS
18,2,q8_0,C1,7,4096,512,8a1e5e5f2f1ad85a,1,1,0,-1,00000000,00000000,0,PASS
18,2,q8_0,C2,7,4096,512,38cba9f3d15ed87c,1,1,0,-1,00000000,00000000,0,PASS
18,2,q8_0,C3,7,4096,512,2825db17ff4e0b91,1,1,0,-1,00000000,00000000,0,PASS
18,2,q8_0,C4,7,4096,512,a56d33ae4c8c775a,1,1,0,-1,00000000,00000000,0,PASS
18,2,q8_0,C0,8,4096,512,bc91ad0b35b50383,1,1,0,-1,00000000,00000000,0,PASS
18,2,q8_0,C1,8,4096,512,b049445697c9a5c3,1,1,0,-1,00000000,00000000,0,PASS
18,2,q8_0,C2,8,4096,512,7efc99aea35888c7,1,1,0,-1,00000000,00000000,0,PASS
18,2,q8_0,C3,8,4096,512,b2a82b03344637fe,1,1,0,-1,00000000,00000000,0,PASS
18,2,q8_0,C4,8,4096,512,d8f79ecae2861f1f,1,1,0,-1,00000000,00000000,0,PASS
18,3,q8_0,C0,2,1024,32768,66a385207fbe8383,1,1,0,-1,00000000,00000000,0,PASS
18,3,q8_0,C1,2,1024,32768,ea4b97e88c182db3,1,1,0,-1,00000000,00000000,0,PASS
18,3,q8_0,C2,2,1024,32768,70800d37477b9cc9,1,1,0,-1,00000000,00000000,0,PASS
18,3,q8_0,C3,2,1024,32768,b3f1bf7bd1519c35,1,1,0,-1,00000000,00000000,0,PASS
18,3,q8_0,C4,2,1024,32768,71e3b48a7ebcb79f,1,1,0,-1,00000000,00000000,0,PASS
18,3,q8_0,C0,3,1024,32768,09b99610cdcf4383,1,1,0,-1,00000000,00000000,0,PASS
18,3,q8_0,C1,3,1024,32768,f303d2023f54e07a,1,1,0,-1,00000000,00000000,0,PASS
18,3,q8_0,C2,3,1024,32768,17b139ff4bb1b56e,1,1,0,-1,00000000,00000000,0,PASS
18,3,q8_0,C3,3,1024,32768,0a4c1c7d9d2886f0,1,1,0,-1,00000000,00000000,0,PASS
18,3,q8_0,C4,3,1024,32768,7684a1bb04066307,1,1,0,-1,00000000,00000000,0,PASS
18,3,q8_0,C0,4,1024,32768,a82845d14be00383,1,1,0,-1,00000000,00000000,0,PASS
18,3,q8_0,C1,4,1024,32768,829e2379d3d0d763,1,1,0,-1,00000000,00000000,0,PASS
18,3,q8_0,C2,4,1024,32768,2c41771fb26e6aa4,1,1,0,-1,00000000,00000000,0,PASS
18,3,q8_0,C3,4,1024,32768,f6d3ba12fa6945e0,1,1,0,-1,00000000,00000000,0,PASS
18,3,q8_0,C4,4,1024,32768,00c364baeed7cc77,1,1,0,-1,00000000,00000000,0,PASS
18,3,q8_0,C0,5,1024,32768,a536a061f9f0c383,1,1,0,-1,00000000,00000000,0,PASS
18,3,q8_0,C1,5,1024,32768,cd5cb4a48887d2aa,1,1,0,-1,00000000,00000000,0,PASS
18,3,q8_0,C2,5,1024,32768,fe68e9da3c4fa0b4,1,1,0,-1,00000000,00000000,0,PASS
18,3,q8_0,C3,5,1024,32768,80c1bece626b11c1,1,1,0,-1,00000000,00000000,0,PASS
18,3,q8_0,C4,5,1024,32768,85d67414a04db337,1,1,0,-1,00000000,00000000,0,PASS
18,3,q8_0,C0,6,1024,32768,e72bb1c2d8018383,1,1,0,-1,00000000,00000000,0,PASS
18,3,q8_0,C1,6,1024,32768,606b07352f77b793,1,1,0,-1,00000000,00000000,0,PASS
18,3,q8_0,C2,6,1024,32768,aac88d06cc8d8c24,1,1,0,-1,00000000,00000000,0,PASS
18,3,q8_0,C3,6,1024,32768,c1698a5f35a2cbf9,1,1,0,-1,00000000,00000000,0,PASS
18,3,q8_0,C4,6,1024,32768,90a3e3c502279c0a,1,1,0,-1,00000000,00000000,0,PASS
18,3,q8_0,C0,7,1024,32768,d74e85f3e6124383,1,1,0,-1,00000000,00000000,0,PASS
18,3,q8_0,C1,7,1024,32768,0680c4d6b6eb585a,1,1,0,-1,00000000,00000000,0,PASS
18,3,q8_0,C2,7,1024,32768,68aeccecb4841b1a,1,1,0,-1,00000000,00000000,0,PASS
18,3,q8_0,C3,7,1024,32768,a53543ec9324b972,1,1,0,-1,00000000,00000000,0,PASS
18,3,q8_0,C4,7,1024,32768,e3547e032da9e62a,1,1,0,-1,00000000,00000000,0,PASS
18,3,q8_0,C0,8,1024,32768,61e628f524230383,1,1,0,-1,00000000,00000000,0,PASS
18,3,q8_0,C1,8,1024,32768,f5568f1793b7e5c3,1,1,0,-1,00000000,00000000,0,PASS
18,3,q8_0,C2,8,1024,32768,f510f9a7c42e2707,1,1,0,-1,00000000,00000000,0,PASS
18,3,q8_0,C3,8,1024,32768,7b38968160f3c6d9,1,1,0,-1,00000000,00000000,0,PASS
18,3,q8_0,C4,8,1024,32768,bb27994fbd6c0dde,1,1,0,-1,00000000,00000000,0,PASS
18,4,q8_0,C0,2,8192,4096,0e5df645d4a90383,1,1,0,-1,00000000,00000000,0,PASS
18,4,q8_0,C1,2,8192,4096,a7596f63ea26adb3,1,1,0,-1,00000000,00000000,0,PASS
18,4,q8_0,C2,2,8192,4096,6024392d967b7573,1,1,0,-1,00000000,00000000,0,PASS
18,4,q8_0,C3,2,8192,4096,76c9b6a637054a9b,1,1,0,-1,00000000,00000000,0,PASS
18,4,q8_0,C4,2,8192,4096,756a42230c87de66,1,1,0,-1,00000000,00000000,0,PASS
18,4,q8_0,C0,3,8192,4096,a7e477a2852f0383,1,1,0,-1,00000000,00000000,0,PASS
18,4,q8_0,C1,3,8192,4096,40f463593d98e07a,1,1,0,-1,00000000,00000000,0,PASS
18,4,q8_0,C2,3,8192,4096,6bda8fe4c61d0fba,1,1,0,-1,00000000,00000000,0,PASS
18,4,q8_0,C3,3,8192,4096,474ac1b1fddadc23,1,1,0,-1,00000000,00000000,0,PASS
18,4,q8_0,C4,3,8192,4096,7ef18a95c50f9806,1,1,0,-1,00000000,00000000,0,PASS
18,4,q8_0,C0,4,8192,4096,bc91ad0b35b50383,1,1,0,-1,00000000,00000000,0,PASS
18,4,q8_0,C1,4,8192,4096,1e7b80deb5521763,1,1,0,-1,00000000,00000000,0,PASS
18,4,q8_0,C2,4,8192,4096,95646a8ebd044b5d,1,1,0,-1,00000000,00000000,0,PASS
18,4,q8_0,C3,4,8192,4096,4829571e2c3481e4,1,1,0,-1,00000000,00000000,0,PASS
18,4,q8_0,C4,4,8192,4096,7b7263e3adedcd6f,1,1,0,-1,00000000,00000000,0,PASS
18,4,q8_0,C0,5,8192,4096,da7d967fe63b0383,1,1,0,-1,00000000,00000000,0,PASS
18,4,q8_0,C1,5,8192,4096,2439109c971292aa,1,1,0,-1,00000000,00000000,0,PASS
18,4,q8_0,C2,5,8192,4096,ac7103964b5c796d,1,1,0,-1,00000000,00000000,0,PASS
18,4,q8_0,C3,5,8192,4096,0304e195c77cb1ea,1,1,0,-1,00000000,00000000,0,PASS
18,4,q8_0,C4,5,8192,4096,84cd276f9ee09557,1,1,0,-1,00000000,00000000,0,PASS
18,4,q8_0,C0,6,8192,4096,8fc0340096c10383,1,1,0,-1,00000000,00000000,0,PASS
18,4,q8_0,C1,6,8192,4096,6b7fdec3ae93b793,1,1,0,-1,00000000,00000000,0,PASS
18,4,q8_0,C2,6,8192,4096,158880dca80356a5,1,1,0,-1,00000000,00000000,0,PASS
18,4,q8_0,C3,6,8192,4096,5c995dcf73b4e088,1,1,0,-1,00000000,00000000,0,PASS
18,4,q8_0,C4,6,8192,4096,6fb2cac120b4a24e,1,1,0,-1,00000000,00000000,0,PASS
18,4,q8_0,C0,7,8192,4096,6a71858d47470383,1,1,0,-1,00000000,00000000,0,PASS
18,4,q8_0,C1,7,8192,4096,665eaf56fa04d85a,1,1,0,-1,00000000,00000000,0,PASS
18,4,q8_0,C2,7,8192,4096,d0efefe3fcd897e2,1,1,0,-1,00000000,00000000,0,PASS
18,4,q8_0,C3,7,8192,4096,54817b6d81b67ca1,1,1,0,-1,00000000,00000000,0,PASS
18,4,q8_0,C4,7,8192,4096,90b943a9e7d55d36,1,1,0,-1,00000000,00000000,0,PASS
18,4,q8_0,C0,8,8192,4096,f8a98b25f7cd0383,1,1,0,-1,00000000,00000000,0,PASS
18,4,q8_0,C1,8,8192,4096,c26c1a6b3d36a5c3,1,1,0,-1,00000000,00000000,0,PASS
18,4,q8_0,C2,8,8192,4096,95ac06e3a54b4ef2,1,1,0,-1,00000000,00000000,0,PASS
18,4,q8_0,C3,8,8192,4096,fb4648893b68ac3a,1,1,0,-1,00000000,00000000,0,PASS
18,4,q8_0,C4,8,8192,4096,3da45e1f8a9f3b1f,1,1,0,-1,00000000,00000000,0,PASS
18,5,f16,C0,2,16384,24,bc91ad0b35b50383,1,1,0,-1,00000000,00000000,0,PASS
18,5,f16,C1,2,16384,24,5dc3d7543112adb3,1,1,0,-1,00000000,00000000,0,PASS
18,5,f16,C2,2,16384,24,2182d4551e4fe2a3,1,1,0,-1,00000000,00000000,0,PASS
18,5,f16,C3,2,16384,24,cd0ea5d314d2ee50,1,1,0,-1,00000000,00000000,0,PASS
18,5,f16,C4,2,16384,24,b25fa2af1f4d979f,1,1,0,-1,00000000,00000000,0,PASS
18,5,f16,C0,3,16384,24,8fc0340096c10383,1,1,0,-1,00000000,00000000,0,PASS
18,5,f16,C1,3,16384,24,b7a628de7278e07a,1,1,0,-1,00000000,00000000,0,PASS
18,5,f16,C2,3,16384,24,05a69f75d2d8e36d,1,1,0,-1,00000000,00000000,0,PASS
18,5,f16,C3,3,16384,24,4104d23a268fc6c0,1,1,0,-1,00000000,00000000,0,PASS
18,5,f16,C4,3,16384,24,f5166e1daf6a5307,1,1,0,-1,00000000,00000000,0,PASS
18,5,f16,C0,4,16384,24,f8a98b25f7cd0383,1,1,0,-1,00000000,00000000,0,PASS
18,5,f16,C1,4,16384,24,6dd2f6a152781763,1,1,0,-1,00000000,00000000,0,PASS
18,5,f16,C2,4,16384,24,03b1a534c5b2c557,1,1,0,-1,00000000,00000000,0,PASS
18,5,f16,C3,4,16384,24,e020d3a44ceb452a,1,1,0,-1,00000000,00000000,0,PASS
18,5,f16,C4,4,16384,24,77f735b69bbdcc77,1,1,0,-1,00000000,00000000,0,PASS
18,5,f16,C0,5,16384,24,680db27b58d90383,1,1,0,-1,00000000,00000000,0,PASS
18,5,f16,C1,5,16384,24,849b32211e8c92aa,1,1,0,-1,00000000,00000000,0,PASS
18,5,f16,C2,5,16384,24,5c63d5b6c8cd0fe7,1,1,0,-1,00000000,00000000,0,PASS
18,5,f16,C3,5,16384,24,b8634a68f6c217f0,1,1,0,-1,00000000,00000000,0,PASS
18,5,f16,C4,5,16384,24,afa0291542a0c337,1,1,0,-1,00000000,00000000,0,PASS
18,5,f16,C0,6,16384,24,4eacaa00b9e50383,1,1,0,-1,00000000,00000000,0,PASS
18,5,f16,C1,6,16384,24,aa9ab88976b3b793,1,1,0,-1,00000000,00000000,0,PASS
18,5,f16,C2,6,16384,24,7492baf760eee0bc,1,1,0,-1,00000000,00000000,0,PASS
18,5,f16,C3,6,16384,24,5254b374fd0bd629,1,1,0,-1,00000000,00000000,0,PASS
18,5,f16,C4,6,16384,24,f28d61a32b65fc0a,1,1,0,-1,00000000,00000000,0,PASS
18,5,f16,C0,7,16384,24,1d4671b61af10383,1,1,0,-1,00000000,00000000,0,PASS
18,5,f16,C1,7,16384,24,3a7a16ba8fd8d85a,1,1,0,-1,00000000,00000000,0,PASS
18,5,f16,C2,7,16384,24,711aa99ced25a706,1,1,0,-1,00000000,00000000,0,PASS
18,5,f16,C3,7,16384,24,66d3bed392348b65,1,1,0,-1,00000000,00000000,0,PASS
18,5,f16,C4,7,16384,24,6441aebc43e8962a,1,1,0,-1,00000000,00000000,0,PASS
18,5,f16,C0,8,16384,24,449b099b7bfd0383,1,1,0,-1,00000000,00000000,0,PASS
18,5,f16,C1,8,16384,24,80cdba4d8810a5c3,1,1,0,-1,00000000,00000000,0,PASS
18,5,f16,C2,8,16384,24,af28154ffb9ea876,1,1,0,-1,00000000,00000000,0,PASS
18,5,f16,C3,8,16384,24,c2ac95c3ffd1a952,1,1,0,-1,00000000,00000000,0,PASS
18,5,f16,C4,8,16384,24,9e50fb1212e9adde,1,1,0,-1,00000000,00000000,0,PASS
18,6,f16,C0,2,4096,256,61e628f524230383,1,1,0,-1,00000000,00000000,0,PASS
18,6,f16,C1,2,4096,256,f3458625c6b0adb3,1,1,0,-1,00000000,00000000,0,PASS
18,6,f16,C2,2,4096,256,eaa8b46e71e992b4,1,1,0,-1,00000000,00000000,0,PASS
18,6,f16,C3,2,4096,256,ef78b64d991b6c11,1,1,0,-1,00000000,00000000,0,PASS
18,6,f16,C4,2,4096,256,4712e9c2b1324d63,1,1,0,-1,00000000,00000000,0,PASS
18,6,f16,C0,3,4096,256,f361b91bfc660383,1,1,0,-1,00000000,00000000,0,PASS
18,6,f16,C1,3,4096,256,36aaaa69a328e07a,1,1,0,-1,00000000,00000000,0,PASS
18,6,f16,C2,3,4096,256,e36dde151415c0df,1,1,0,-1,00000000,00000000,0,PASS
18,6,f16,C3,3,4096,256,0f794623b71f7806,1,1,0,-1,00000000,00000000,0,PASS
18,6,f16,C4,3,4096,256,e34480993503b8a3,1,1,0,-1,00000000,00000000,0,PASS
18,6,f16,C0,4,4096,256,0e5df645d4a90383,1,1,0,-1,00000000,00000000,0,PASS
18,6,f16,C1,4,4096,256,cb611474e6bf1763,1,1,0,-1,00000000,00000000,0,PASS
18,6,f16,C2,4,4096,256,a668df01d5618865,1,1,0,-1,00000000,00000000,0,PASS
18,6,f16,C3,4,4096,256,7fcf9057a9b871e1,1,1,0,-1,00000000,00000000,0,PASS
18,6,f16,C4,4,4096,256,04144d081eb41f66,1,1,0,-1,00000000,00000000,0,PASS
18,6,f16,C0,5,4096,256,649de072acec0383,1,1,0,-1,00000000,00000000,0,PASS
18,6,f16,C1,5,4096,256,7d3627c9d35592aa,1,1,0,-1,00000000,00000000,0,PASS
18,6,f16,C2,5,4096,256,d13581044f3dfab0,1,1,0,-1,00000000,00000000,0,PASS
18,6,f16,C3,5,4096,256,46b8a2278bd62de0,1,1,0,-1,00000000,00000000,0,PASS
18,6,f16,C4,5,4096,256,9ca02a032bb24fc6,1,1,0,-1,00000000,00000000,0,PASS
18,6,f16,C0,6,4096,256,a7e477a2852f0383,1,1,0,-1,00000000,00000000,0,PASS
18,6,f16,C1,6,4096,256,a8f5fc63ca83b793,1,1,0,-1,00000000,00000000,0,PASS
18,6,f16,C2,6,4096,256,2e2a6a2802a71ed0,1,1,0,-1,00000000,00000000,0,PASS
18,6,f16,C3,6,4096,256,107ed4449b1b0e9a,1,1,0,-1,00000000,00000000,0,PASS
18,6,f16,C4,6,4096,256,e725a82e9783c012,1,1,0,-1,00000000,00000000,0,PASS
18,6,f16,C0,7,4096,256,89f4bbd55d720383,1,1,0,-1,00000000,00000000,0,PASS
18,6,f16,C1,7,4096,256,8a1e5e5f2f1ad85a,1,1,0,-1,00000000,00000000,0,PASS
18,6,f16,C2,7,4096,256,38cba9f3d15ed87c,1,1,0,-1,00000000,00000000,0,PASS
18,6,f16,C3,7,4096,256,88be5a6e411cecc4,1,1,0,-1,00000000,00000000,0,PASS
18,6,f16,C4,7,4096,256,a56d33ae4c8c775a,1,1,0,-1,00000000,00000000,0,PASS
18,6,f16,C0,8,4096,256,bc91ad0b35b50383,1,1,0,-1,00000000,00000000,0,PASS
18,6,f16,C1,8,4096,256,b049445697c9a5c3,1,1,0,-1,00000000,00000000,0,PASS
18,6,f16,C2,8,4096,256,7efc99aea35888c7,1,1,0,-1,00000000,00000000,0,PASS
18,6,f16,C3,8,4096,256,d36aa704e1db1875,1,1,0,-1,00000000,00000000,0,PASS
18,6,f16,C4,8,4096,256,d8f79ecae2861f1f,1,1,0,-1,00000000,00000000,0,PASS
19,0,f16,C0,2,16384,24,bc91ad0b35b50383,1,1,0,-1,00000000,00000000,0,PASS
19,0,f16,C1,2,16384,24,5dc3d7543112adb3,1,1,0,-1,00000000,00000000,0,PASS
19,0,f16,C2,2,16384,24,2182d4551e4fe2a3,1,1,0,-1,00000000,00000000,0,PASS
19,0,f16,C3,2,16384,24,dd576e97254be506,1,1,0,-1,00000000,00000000,0,PASS
19,0,f16,C4,2,16384,24,b25fa2af1f4d979f,1,1,0,-1,00000000,00000000,0,PASS
19,0,f16,C0,3,16384,24,8fc0340096c10383,1,1,0,-1,00000000,00000000,0,PASS
19,0,f16,C1,3,16384,24,b7a628de7278e07a,1,1,0,-1,00000000,00000000,0,PASS
19,0,f16,C2,3,16384,24,05a69f75d2d8e36d,1,1,0,-1,00000000,00000000,0,PASS
19,0,f16,C3,3,16384,24,978dd5d88a76789d,1,1,0,-1,00000000,00000000,0,PASS
19,0,f16,C4,3,16384,24,f5166e1daf6a5307,1,1,0,-1,00000000,00000000,0,PASS
19,0,f16,C0,4,16384,24,f8a98b25f7cd0383,1,1,0,-1,00000000,00000000,0,PASS
19,0,f16,C1,4,16384,24,6dd2f6a152781763,1,1,0,-1,00000000,00000000,0,PASS
19,0,f16,C2,4,16384,24,03b1a534c5b2c557,1,1,0,-1,00000000,00000000,0,PASS
19,0,f16,C3,4,16384,24,0797f9569eccd9e6,1,1,0,-1,00000000,00000000,0,PASS
19,0,f16,C4,4,16384,24,77f735b69bbdcc77,1,1,0,-1,00000000,00000000,0,PASS
19,0,f16,C0,5,16384,24,680db27b58d90383,1,1,0,-1,00000000,00000000,0,PASS
19,0,f16,C1,5,16384,24,849b32211e8c92aa,1,1,0,-1,00000000,00000000,0,PASS
19,0,f16,C2,5,16384,24,5c63d5b6c8cd0fe7,1,1,0,-1,00000000,00000000,0,PASS
19,0,f16,C3,5,16384,24,6c558e3334f26fec,1,1,0,-1,00000000,00000000,0,PASS
19,0,f16,C4,5,16384,24,afa0291542a0c337,1,1,0,-1,00000000,00000000,0,PASS
19,0,f16,C0,6,16384,24,4eacaa00b9e50383,1,1,0,-1,00000000,00000000,0,PASS
19,0,f16,C1,6,16384,24,aa9ab88976b3b793,1,1,0,-1,00000000,00000000,0,PASS
19,0,f16,C2,6,16384,24,7492baf760eee0bc,1,1,0,-1,00000000,00000000,0,PASS
19,0,f16,C3,6,16384,24,9a5a8ab977b006f2,1,1,0,-1,00000000,00000000,0,PASS
19,0,f16,C4,6,16384,24,f28d61a32b65fc0a,1,1,0,-1,00000000,00000000,0,PASS
19,0,f16,C0,7,16384,24,1d4671b61af10383,1,1,0,-1,00000000,00000000,0,PASS
19,0,f16,C1,7,16384,24,3a7a16ba8fd8d85a,1,1,0,-1,00000000,00000000,0,PASS
19,0,f16,C2,7,16384,24,711aa99ced25a706,1,1,0,-1,00000000,00000000,0,PASS
19,0,f16,C3,7,16384,24,8b234b2681407e66,1,1,0,-1,00000000,00000000,0,PASS
19,0,f16,C4,7,16384,24,6441aebc43e8962a,1,1,0,-1,00000000,00000000,0,PASS
19,0,f16,C0,8,16384,24,449b099b7bfd0383,1,1,0,-1,00000000,00000000,0,PASS
19,0,f16,C1,8,16384,24,80cdba4d8810a5c3,1,1,0,-1,00000000,00000000,0,PASS
19,0,f16,C2,8,16384,24,af28154ffb9ea876,1,1,0,-1,00000000,00000000,0,PASS
19,0,f16,C3,8,16384,24,f6d6c17502006e93,1,1,0,-1,00000000,00000000,0,PASS
19,0,f16,C4,8,16384,24,9e50fb1212e9adde,1,1,0,-1,00000000,00000000,0,PASS
19,1,q8_0,C0,2,4096,1024,61e628f524230383,1,1,0,-1,00000000,00000000,0,PASS
19,1,q8_0,C1,2,4096,1024,f3458625c6b0adb3,1,1,0,-1,00000000,00000000,0,PASS
19,1,q8_0,C2,2,4096,1024,eaa8b46e71e992b4,1,1,0,-1,00000000,00000000,0,PASS
19,1,q8_0,C3,2,4096,1024,12b46aec89fba312,1,1,0,-1,00000000,00000000,0,PASS
19,1,q8_0,C4,2,4096,1024,4712e9c2b1324d63,1,1,0,-1,00000000,00000000,0,PASS
19,1,q8_0,C0,3,4096,1024,f361b91bfc660383,1,1,0,-1,00000000,00000000,0,PASS
19,1,q8_0,C1,3,4096,1024,36aaaa69a328e07a,1,1,0,-1,00000000,00000000,0,PASS
19,1,q8_0,C2,3,4096,1024,e36dde151415c0df,1,1,0,-1,00000000,00000000,0,PASS
19,1,q8_0,C3,3,4096,1024,0c1bca6ddad4baaa,1,1,0,-1,00000000,00000000,0,PASS
19,1,q8_0,C4,3,4096,1024,e34480993503b8a3,1,1,0,-1,00000000,00000000,0,PASS
19,1,q8_0,C0,4,4096,1024,0e5df645d4a90383,1,1,0,-1,00000000,00000000,0,PASS
19,1,q8_0,C1,4,4096,1024,cb611474e6bf1763,1,1,0,-1,00000000,00000000,0,PASS
19,1,q8_0,C2,4,4096,1024,a668df01d5618865,1,1,0,-1,00000000,00000000,0,PASS
19,1,q8_0,C3,4,4096,1024,7c9abd66a799ba5b,1,1,0,-1,00000000,00000000,0,PASS
19,1,q8_0,C4,4,4096,1024,04144d081eb41f66,1,1,0,-1,00000000,00000000,0,PASS
19,1,q8_0,C0,5,4096,1024,649de072acec0383,1,1,0,-1,00000000,00000000,0,PASS
19,1,q8_0,C1,5,4096,1024,7d3627c9d35592aa,1,1,0,-1,00000000,00000000,0,PASS
19,1,q8_0,C2,5,4096,1024,d13581044f3dfab0,1,1,0,-1,00000000,00000000,0,PASS
19,1,q8_0,C3,5,4096,1024,68882ced8e8c450b,1,1,0,-1,00000000,00000000,0,PASS
19,1,q8_0,C4,5,4096,1024,9ca02a032bb24fc6,1,1,0,-1,00000000,00000000,0,PASS
19,1,q8_0,C0,6,4096,1024,a7e477a2852f0383,1,1,0,-1,00000000,00000000,0,PASS
19,1,q8_0,C1,6,4096,1024,a8f5fc63ca83b793,1,1,0,-1,00000000,00000000,0,PASS
19,1,q8_0,C2,6,4096,1024,2e2a6a2802a71ed0,1,1,0,-1,00000000,00000000,0,PASS
19,1,q8_0,C3,6,4096,1024,2ec1bb2405b4835d,1,1,0,-1,00000000,00000000,0,PASS
19,1,q8_0,C4,6,4096,1024,e725a82e9783c012,1,1,0,-1,00000000,00000000,0,PASS
19,1,q8_0,C0,7,4096,1024,89f4bbd55d720383,1,1,0,-1,00000000,00000000,0,PASS
19,1,q8_0,C1,7,4096,1024,8a1e5e5f2f1ad85a,1,1,0,-1,00000000,00000000,0,PASS
19,1,q8_0,C2,7,4096,1024,38cba9f3d15ed87c,1,1,0,-1,00000000,00000000,0,PASS
19,1,q8_0,C3,7,4096,1024,196b0f00663d82fd,1,1,0,-1,00000000,00000000,0,PASS
19,1,q8_0,C4,7,4096,1024,a56d33ae4c8c775a,1,1,0,-1,00000000,00000000,0,PASS
19,1,q8_0,C0,8,4096,1024,bc91ad0b35b50383,1,1,0,-1,00000000,00000000,0,PASS
19,1,q8_0,C1,8,4096,1024,b049445697c9a5c3,1,1,0,-1,00000000,00000000,0,PASS
19,1,q8_0,C2,8,4096,1024,7efc99aea35888c7,1,1,0,-1,00000000,00000000,0,PASS
19,1,q8_0,C3,8,4096,1024,f3b9691fac9f1674,1,1,0,-1,00000000,00000000,0,PASS
19,1,q8_0,C4,8,4096,1024,d8f79ecae2861f1f,1,1,0,-1,00000000,00000000,0,PASS
19,2,q8_0,C0,2,4096,512,61e628f524230383,1,1,0,-1,00000000,00000000,0,PASS
19,2,q8_0,C1,2,4096,512,f3458625c6b0adb3,1,1,0,-1,00000000,00000000,0,PASS
19,2,q8_0,C2,2,4096,512,eaa8b46e71e992b4,1,1,0,-1,00000000,00000000,0,PASS
19,2,q8_0,C3,2,4096,512,2db58ede53335c79,1,1,0,-1,00000000,00000000,0,PASS
19,2,q8_0,C4,2,4096,512,4712e9c2b1324d63,1,1,0,-1,00000000,00000000,0,PASS
19,2,q8_0,C0,3,4096,512,f361b91bfc660383,1,1,0,-1,00000000,00000000,0,PASS
19,2,q8_0,C1,3,4096,512,36aaaa69a328e07a,1,1,0,-1,00000000,00000000,0,PASS
19,2,q8_0,C2,3,4096,512,e36dde151415c0df,1,1,0,-1,00000000,00000000,0,PASS
19,2,q8_0,C3,3,4096,512,ea92992124f42cb9,1,1,0,-1,00000000,00000000,0,PASS
19,2,q8_0,C4,3,4096,512,e34480993503b8a3,1,1,0,-1,00000000,00000000,0,PASS
19,2,q8_0,C0,4,4096,512,0e5df645d4a90383,1,1,0,-1,00000000,00000000,0,PASS
19,2,q8_0,C1,4,4096,512,cb611474e6bf1763,1,1,0,-1,00000000,00000000,0,PASS
19,2,q8_0,C2,4,4096,512,a668df01d5618865,1,1,0,-1,00000000,00000000,0,PASS
19,2,q8_0,C3,4,4096,512,ca3a75396a1cdc27,1,1,0,-1,00000000,00000000,0,PASS
19,2,q8_0,C4,4,4096,512,04144d081eb41f66,1,1,0,-1,00000000,00000000,0,PASS
19,2,q8_0,C0,5,4096,512,649de072acec0383,1,1,0,-1,00000000,00000000,0,PASS
19,2,q8_0,C1,5,4096,512,7d3627c9d35592aa,1,1,0,-1,00000000,00000000,0,PASS
19,2,q8_0,C2,5,4096,512,d13581044f3dfab0,1,1,0,-1,00000000,00000000,0,PASS
19,2,q8_0,C3,5,4096,512,01567c37eed475d2,1,1,0,-1,00000000,00000000,0,PASS
19,2,q8_0,C4,5,4096,512,9ca02a032bb24fc6,1,1,0,-1,00000000,00000000,0,PASS
19,2,q8_0,C0,6,4096,512,a7e477a2852f0383,1,1,0,-1,00000000,00000000,0,PASS
19,2,q8_0,C1,6,4096,512,a8f5fc63ca83b793,1,1,0,-1,00000000,00000000,0,PASS
19,2,q8_0,C2,6,4096,512,2e2a6a2802a71ed0,1,1,0,-1,00000000,00000000,0,PASS
19,2,q8_0,C3,6,4096,512,7a13be30c66efaf8,1,1,0,-1,00000000,00000000,0,PASS
19,2,q8_0,C4,6,4096,512,e725a82e9783c012,1,1,0,-1,00000000,00000000,0,PASS
19,2,q8_0,C0,7,4096,512,89f4bbd55d720383,1,1,0,-1,00000000,00000000,0,PASS
19,2,q8_0,C1,7,4096,512,8a1e5e5f2f1ad85a,1,1,0,-1,00000000,00000000,0,PASS
19,2,q8_0,C2,7,4096,512,38cba9f3d15ed87c,1,1,0,-1,00000000,00000000,0,PASS
19,2,q8_0,C3,7,4096,512,005635acd94e8803,1,1,0,-1,00000000,00000000,0,PASS
19,2,q8_0,C4,7,4096,512,a56d33ae4c8c775a,1,1,0,-1,00000000,00000000,0,PASS
19,2,q8_0,C0,8,4096,512,bc91ad0b35b50383,1,1,0,-1,00000000,00000000,0,PASS
19,2,q8_0,C1,8,4096,512,b049445697c9a5c3,1,1,0,-1,00000000,00000000,0,PASS
19,2,q8_0,C2,8,4096,512,7efc99aea35888c7,1,1,0,-1,00000000,00000000,0,PASS
19,2,q8_0,C3,8,4096,512,2fd979a71655a777,1,1,0,-1,00000000,00000000,0,PASS
19,2,q8_0,C4,8,4096,512,d8f79ecae2861f1f,1,1,0,-1,00000000,00000000,0,PASS
19,3,q8_0,C0,2,1024,32768,66a385207fbe8383,1,1,0,-1,00000000,00000000,0,PASS
19,3,q8_0,C1,2,1024,32768,ea4b97e88c182db3,1,1,0,-1,00000000,00000000,0,PASS
19,3,q8_0,C2,2,1024,32768,70800d37477b9cc9,1,1,0,-1,00000000,00000000,0,PASS
19,3,q8_0,C3,2,1024,32768,81d5f62118c9a3d9,1,1,0,-1,00000000,00000000,0,PASS
19,3,q8_0,C4,2,1024,32768,71e3b48a7ebcb79f,1,1,0,-1,00000000,00000000,0,PASS
19,3,q8_0,C0,3,1024,32768,09b99610cdcf4383,1,1,0,-1,00000000,00000000,0,PASS
19,3,q8_0,C1,3,1024,32768,f303d2023f54e07a,1,1,0,-1,00000000,00000000,0,PASS
19,3,q8_0,C2,3,1024,32768,17b139ff4bb1b56e,1,1,0,-1,00000000,00000000,0,PASS
19,3,q8_0,C3,3,1024,32768,d1b02e44280cbe05,1,1,0,-1,00000000,00000000,0,PASS
19,3,q8_0,C4,3,1024,32768,7684a1bb04066307,1,1,0,-1,00000000,00000000,0,PASS
19,3,q8_0,C0,4,1024,32768,a82845d14be00383,1,1,0,-1,00000000,00000000,0,PASS
19,3,q8_0,C1,4,1024,32768,829e2379d3d0d763,1,1,0,-1,00000000,00000000,0,PASS
19,3,q8_0,C2,4,1024,32768,2c41771fb26e6aa4,1,1,0,-1,00000000,00000000,0,PASS
19,3,q8_0,C3,4,1024,32768,618fa7380451fa88,1,1,0,-1,00000000,00000000,0,PASS
19,3,q8_0,C4,4,1024,32768,00c364baeed7cc77,1,1,0,-1,00000000,00000000,0,PASS
19,3,q8_0,C0,5,1024,32768,a536a061f9f0c383,1,1,0,-1,00000000,00000000,0,PASS
19,3,q8_0,C1,5,1024,32768,cd5cb4a48887d2aa,1,1,0,-1,00000000,00000000,0,PASS
19,3,q8_0,C2,5,1024,32768,fe68e9da3c4fa0b4,1,1,0,-1,00000000,00000000,0,PASS
19,3,q8_0,C3,5,1024,32768,b10b58927554c496,1,1,0,-1,00000000,00000000,0,PASS
19,3,q8_0,C4,5,1024,32768,85d67414a04db337,1,1,0,-1,00000000,00000000,0,PASS
19,3,q8_0,C0,6,1024,32768,e72bb1c2d8018383,1,1,0,-1,00000000,00000000,0,PASS
19,3,q8_0,C1,6,1024,32768,606b07352f77b793,1,1,0,-1,00000000,00000000,0,PASS
19,3,q8_0,C2,6,1024,32768,aac88d06cc8d8c24,1,1,0,-1,00000000,00000000,0,PASS
19,3,q8_0,C3,6,1024,32768,7aeb1da467d652c3,1,1,0,-1,00000000,00000000,0,PASS
19,3,q8_0,C4,6,1024,32768,90a3e3c502279c0a,1,1,0,-1,00000000,00000000,0,PASS
19,3,q8_0,C0,7,1024,32768,d74e85f3e6124383,1,1,0,-1,00000000,00000000,0,PASS
19,3,q8_0,C1,7,1024,32768,0680c4d6b6eb585a,1,1,0,-1,00000000,00000000,0,PASS
19,3,q8_0,C2,7,1024,32768,68aeccecb4841b1a,1,1,0,-1,00000000,00000000,0,PASS
19,3,q8_0,C3,7,1024,32768,b6ed74988b0dcfa8,1,1,0,-1,00000000,00000000,0,PASS
19,3,q8_0,C4,7,1024,32768,e3547e032da9e62a,1,1,0,-1,00000000,00000000,0,PASS
19,3,q8_0,C0,8,1024,32768,61e628f524230383,1,1,0,-1,00000000,00000000,0,PASS
19,3,q8_0,C1,8,1024,32768,f5568f1793b7e5c3,1,1,0,-1,00000000,00000000,0,PASS
19,3,q8_0,C2,8,1024,32768,f510f9a7c42e2707,1,1,0,-1,00000000,00000000,0,PASS
19,3,q8_0,C3,8,1024,32768,27a9dae163a0ef31,1,1,0,-1,00000000,00000000,0,PASS
19,3,q8_0,C4,8,1024,32768,bb27994fbd6c0dde,1,1,0,-1,00000000,00000000,0,PASS
19,4,q8_0,C0,2,8192,4096,0e5df645d4a90383,1,1,0,-1,00000000,00000000,0,PASS
19,4,q8_0,C1,2,8192,4096,a7596f63ea26adb3,1,1,0,-1,00000000,00000000,0,PASS
19,4,q8_0,C2,2,8192,4096,6024392d967b7573,1,1,0,-1,00000000,00000000,0,PASS
19,4,q8_0,C3,2,8192,4096,07f71ecb089dccd6,1,1,0,-1,00000000,00000000,0,PASS
19,4,q8_0,C4,2,8192,4096,756a42230c87de66,1,1,0,-1,00000000,00000000,0,PASS
19,4,q8_0,C0,3,8192,4096,a7e477a2852f0383,1,1,0,-1,00000000,00000000,0,PASS
19,4,q8_0,C1,3,8192,4096,40f463593d98e07a,1,1,0,-1,00000000,00000000,0,PASS
19,4,q8_0,C2,3,8192,4096,6bda8fe4c61d0fba,1,1,0,-1,00000000,00000000,0,PASS
19,4,q8_0,C3,3,8192,4096,0265871e0cb01677,1,1,0,-1,00000000,00000000,0,PASS
19,4,q8_0,C4,3,8192,4096,7ef18a95c50f9806,1,1,0,-1,00000000,00000000,0,PASS
19,4,q8_0,C0,4,8192,4096,bc91ad0b35b50383,1,1,0,-1,00000000,00000000,0,PASS
19,4,q8_0,C1,4,8192,4096,1e7b80deb5521763,1,1,0,-1,00000000,00000000,0,PASS
19,4,q8_0,C2,4,8192,4096,95646a8ebd044b5d,1,1,0,-1,00000000,00000000,0,PASS
19,4,q8_0,C3,4,8192,4096,8381b4da2a935a0d,1,1,0,-1,00000000,00000000,0,PASS
19,4,q8_0,C4,4,8192,4096,7b7263e3adedcd6f,1,1,0,-1,00000000,00000000,0,PASS
19,4,q8_0,C0,5,8192,4096,da7d967fe63b0383,1,1,0,-1,00000000,00000000,0,PASS
19,4,q8_0,C1,5,8192,4096,2439109c971292aa,1,1,0,-1,00000000,00000000,0,PASS
19,4,q8_0,C2,5,8192,4096,ac7103964b5c796d,1,1,0,-1,00000000,00000000,0,PASS
19,4,q8_0,C3,5,8192,4096,92b1d473f4cf2082,1,1,0,-1,00000000,00000000,0,PASS
19,4,q8_0,C4,5,8192,4096,84cd276f9ee09557,1,1,0,-1,00000000,00000000,0,PASS
19,4,q8_0,C0,6,8192,4096,8fc0340096c10383,1,1,0,-1,00000000,00000000,0,PASS
19,4,q8_0,C1,6,8192,4096,6b7fdec3ae93b793,1,1,0,-1,00000000,00000000,0,PASS
19,4,q8_0,C2,6,8192,4096,158880dca80356a5,1,1,0,-1,00000000,00000000,0,PASS
19,4,q8_0,C3,6,8192,4096,e485b8164a841fd9,1,1,0,-1,00000000,00000000,0,PASS
19,4,q8_0,C4,6,8192,4096,6fb2cac120b4a24e,1,1,0,-1,00000000,00000000,0,PASS
19,4,q8_0,C0,7,8192,4096,6a71858d47470383,1,1,0,-1,00000000,00000000,0,PASS
19,4,q8_0,C1,7,8192,4096,665eaf56fa04d85a,1,1,0,-1,00000000,00000000,0,PASS
19,4,q8_0,C2,7,8192,4096,d0efefe3fcd897e2,1,1,0,-1,00000000,00000000,0,PASS
19,4,q8_0,C3,7,8192,4096,3b6c8088ef6d5cd4,1,1,0,-1,00000000,00000000,0,PASS
19,4,q8_0,C4,7,8192,4096,90b943a9e7d55d36,1,1,0,-1,00000000,00000000,0,PASS
19,4,q8_0,C0,8,8192,4096,f8a98b25f7cd0383,1,1,0,-1,00000000,00000000,0,PASS
19,4,q8_0,C1,8,8192,4096,c26c1a6b3d36a5c3,1,1,0,-1,00000000,00000000,0,PASS
19,4,q8_0,C2,8,8192,4096,95ac06e3a54b4ef2,1,1,0,-1,00000000,00000000,0,PASS
19,4,q8_0,C3,8,8192,4096,1f576dfd9fd1091d,1,1,0,-1,00000000,00000000,0,PASS
19,4,q8_0,C4,8,8192,4096,3da45e1f8a9f3b1f,1,1,0,-1,00000000,00000000,0,PASS
19,5,f16,C0,2,16384,24,bc91ad0b35b50383,1,1,0,-1,00000000,00000000,0,PASS
19,5,f16,C1,2,16384,24,5dc3d7543112adb3,1,1,0,-1,00000000,00000000,0,PASS
19,5,f16,C2,2,16384,24,2182d4551e4fe2a3,1,1,0,-1,00000000,00000000,0,PASS
19,5,f16,C3,2,16384,24,32392f14419b6587,1,1,0,-1,00000000,00000000,0,PASS
19,5,f16,C4,2,16384,24,b25fa2af1f4d979f,1,1,0,-1,00000000,00000000,0,PASS
19,5,f16,C0,3,16384,24,8fc0340096c10383,1,1,0,-1,00000000,00000000,0,PASS
19,5,f16,C1,3,16384,24,b7a628de7278e07a,1,1,0,-1,00000000,00000000,0,PASS
19,5,f16,C2,3,16384,24,05a69f75d2d8e36d,1,1,0,-1,00000000,00000000,0,PASS
19,5,f16,C3,3,16384,24,e27f83c4bf327423,1,1,0,-1,00000000,00000000,0,PASS
19,5,f16,C4,3,16384,24,f5166e1daf6a5307,1,1,0,-1,00000000,00000000,0,PASS
19,5,f16,C0,4,16384,24,f8a98b25f7cd0383,1,1,0,-1,00000000,00000000,0,PASS
19,5,f16,C1,4,16384,24,6dd2f6a152781763,1,1,0,-1,00000000,00000000,0,PASS
19,5,f16,C2,4,16384,24,03b1a534c5b2c557,1,1,0,-1,00000000,00000000,0,PASS
19,5,f16,C3,4,16384,24,12c05a777ce19273,1,1,0,-1,00000000,00000000,0,PASS
19,5,f16,C4,4,16384,24,77f735b69bbdcc77,1,1,0,-1,00000000,00000000,0,PASS
19,5,f16,C0,5,16384,24,680db27b58d90383,1,1,0,-1,00000000,00000000,0,PASS
19,5,f16,C1,5,16384,24,849b32211e8c92aa,1,1,0,-1,00000000,00000000,0,PASS
19,5,f16,C2,5,16384,24,5c63d5b6c8cd0fe7,1,1,0,-1,00000000,00000000,0,PASS
19,5,f16,C3,5,16384,24,95f5fffd0bc39ad3,1,1,0,-1,00000000,00000000,0,PASS
19,5,f16,C4,5,16384,24,afa0291542a0c337,1,1,0,-1,00000000,00000000,0,PASS
19,5,f16,C0,6,16384,24,4eacaa00b9e50383,1,1,0,-1,00000000,00000000,0,PASS
19,5,f16,C1,6,16384,24,aa9ab88976b3b793,1,1,0,-1,00000000,00000000,0,PASS
19,5,f16,C2,6,16384,24,7492baf760eee0bc,1,1,0,-1,00000000,00000000,0,PASS
19,5,f16,C3,6,16384,24,d1053abc3fcd0684,1,1,0,-1,00000000,00000000,0,PASS
19,5,f16,C4,6,16384,24,f28d61a32b65fc0a,1,1,0,-1,00000000,00000000,0,PASS
19,5,f16,C0,7,16384,24,1d4671b61af10383,1,1,0,-1,00000000,00000000,0,PASS
19,5,f16,C1,7,16384,24,3a7a16ba8fd8d85a,1,1,0,-1,00000000,00000000,0,PASS
19,5,f16,C2,7,16384,24,711aa99ced25a706,1,1,0,-1,00000000,00000000,0,PASS
19,5,f16,C3,7,16384,24,84abaae84c7c138e,1,1,0,-1,00000000,00000000,0,PASS
19,5,f16,C4,7,16384,24,6441aebc43e8962a,1,1,0,-1,00000000,00000000,0,PASS
19,5,f16,C0,8,16384,24,449b099b7bfd0383,1,1,0,-1,00000000,00000000,0,PASS
19,5,f16,C1,8,16384,24,80cdba4d8810a5c3,1,1,0,-1,00000000,00000000,0,PASS
19,5,f16,C2,8,16384,24,af28154ffb9ea876,1,1,0,-1,00000000,00000000,0,PASS
19,5,f16,C3,8,16384,24,832adccd6cd65751,1,1,0,-1,00000000,00000000,0,PASS
19,5,f16,C4,8,16384,24,9e50fb1212e9adde,1,1,0,-1,00000000,00000000,0,PASS
19,6,f16,C0,2,4096,256,61e628f524230383,1,1,0,-1,00000000,00000000,0,PASS
19,6,f16,C1,2,4096,256,f3458625c6b0adb3,1,1,0,-1,00000000,00000000,0,PASS
19,6,f16,C2,2,4096,256,eaa8b46e71e992b4,1,1,0,-1,00000000,00000000,0,PASS
19,6,f16,C3,2,4096,256,a7bad7a4d829a467,1,1,0,-1,00000000,00000000,0,PASS
19,6,f16,C4,2,4096,256,4712e9c2b1324d63,1,1,0,-1,00000000,00000000,0,PASS
19,6,f16,C0,3,4096,256,f361b91bfc660383,1,1,0,-1,00000000,00000000,0,PASS
19,6,f16,C1,3,4096,256,36aaaa69a328e07a,1,1,0,-1,00000000,00000000,0,PASS
19,6,f16,C2,3,4096,256,e36dde151415c0df,1,1,0,-1,00000000,00000000,0,PASS
19,6,f16,C3,3,4096,256,92354165456b2987,1,1,0,-1,00000000,00000000,0,PASS
19,6,f16,C4,3,4096,256,e34480993503b8a3,1,1,0,-1,00000000,00000000,0,PASS
19,6,f16,C0,4,4096,256,0e5df645d4a90383,1,1,0,-1,00000000,00000000,0,PASS
19,6,f16,C1,4,4096,256,cb611474e6bf1763,1,1,0,-1,00000000,00000000,0,PASS
19,6,f16,C2,4,4096,256,a668df01d5618865,1,1,0,-1,00000000,00000000,0,PASS
19,6,f16,C3,4,4096,256,2919373826e3420c,1,1,0,-1,00000000,00000000,0,PASS
19,6,f16,C4,4,4096,256,04144d081eb41f66,1,1,0,-1,00000000,00000000,0,PASS
19,6,f16,C0,5,4096,256,649de072acec0383,1,1,0,-1,00000000,00000000,0,PASS
19,6,f16,C1,5,4096,256,7d3627c9d35592aa,1,1,0,-1,00000000,00000000,0,PASS
19,6,f16,C2,5,4096,256,d13581044f3dfab0,1,1,0,-1,00000000,00000000,0,PASS
19,6,f16,C3,5,4096,256,b2cc03384b788ff8,1,1,0,-1,00000000,00000000,0,PASS
19,6,f16,C4,5,4096,256,9ca02a032bb24fc6,1,1,0,-1,00000000,00000000,0,PASS
19,6,f16,C0,6,4096,256,a7e477a2852f0383,1,1,0,-1,00000000,00000000,0,PASS
19,6,f16,C1,6,4096,256,a8f5fc63ca83b793,1,1,0,-1,00000000,00000000,0,PASS
19,6,f16,C2,6,4096,256,2e2a6a2802a71ed0,1,1,0,-1,00000000,00000000,0,PASS
19,6,f16,C3,6,4096,256,3c874abec31a29a9,1,1,0,-1,00000000,00000000,0,PASS
19,6,f16,C4,6,4096,256,e725a82e9783c012,1,1,0,-1,00000000,00000000,0,PASS
19,6,f16,C0,7,4096,256,89f4bbd55d720383,1,1,0,-1,00000000,00000000,0,PASS
19,6,f16,C1,7,4096,256,8a1e5e5f2f1ad85a,1,1,0,-1,00000000,00000000,0,PASS
19,6,f16,C2,7,4096,256,38cba9f3d15ed87c,1,1,0,-1,00000000,00000000,0,PASS
19,6,f16,C3,7,4096,256,b9e6a2ceb77a05dc,1,1,0,-1,00000000,00000000,0,PASS
19,6,f16,C4,7,4096,256,a56d33ae4c8c775a,1,1,0,-1,00000000,00000000,0,PASS
19,6,f16,C0,8,4096,256,bc91ad0b35b50383,1,1,0,-1,00000000,00000000,0,PASS
19,6,f16,C1,8,4096,256,b049445697c9a5c3,1,1,0,-1,00000000,00000000,0,PASS
19,6,f16,C2,8,4096,256,7efc99aea35888c7,1,1,0,-1,00000000,00000000,0,PASS
19,6,f16,C3,8,4096,256,1e73569736eeddce,1,1,0,-1,00000000,00000000,0,PASS
19,6,f16,C4,8,4096,256,d8f79ecae2861f1f,1,1,0,-1,00000000,00000000,0,PASS
20,0,f16,C0,2,16384,24,bc91ad0b35b50383,1,1,0,-1,00000000,00000000,0,PASS
20,0,f16,C1,2,16384,24,5dc3d7543112adb3,1,1,0,-1,00000000,00000000,0,PASS
20,0,f16,C2,2,16384,24,2182d4551e4fe2a3,1,1,0,-1,00000000,00000000,0,PASS
20,0,f16,C3,2,16384,24,fb569fd090dec729,1,1,0,-1,00000000,00000000,0,PASS
20,0,f16,C4,2,16384,24,b25fa2af1f4d979f,1,1,0,-1,00000000,00000000,0,PASS
20,0,f16,C0,3,16384,24,8fc0340096c10383,1,1,0,-1,00000000,00000000,0,PASS
20,0,f16,C1,3,16384,24,b7a628de7278e07a,1,1,0,-1,00000000,00000000,0,PASS
20,0,f16,C2,3,16384,24,05a69f75d2d8e36d,1,1,0,-1,00000000,00000000,0,PASS
20,0,f16,C3,3,16384,24,2083b6b66c945afc,1,1,0,-1,00000000,00000000,0,PASS
20,0,f16,C4,3,16384,24,f5166e1daf6a5307,1,1,0,-1,00000000,00000000,0,PASS
20,0,f16,C0,4,16384,24,f8a98b25f7cd0383,1,1,0,-1,00000000,00000000,0,PASS
20,0,f16,C1,4,16384,24,6dd2f6a152781763,1,1,0,-1,00000000,00000000,0,PASS
20,0,f16,C2,4,16384,24,03b1a534c5b2c557,1,1,0,-1,00000000,00000000,0,PASS
20,0,f16,C3,4,16384,24,cda1f634ff9a2873,1,1,0,-1,00000000,00000000,0,PASS
20,0,f16,C4,4,16384,24,77f735b69bbdcc77,1,1,0,-1,00000000,00000000,0,PASS
20,0,f16,C0,5,16384,24,680db27b58d90383,1,1,0,-1,00000000,00000000,0,PASS
20,0,f16,C1,5,16384,24,849b32211e8c92aa,1,1,0,-1,00000000,00000000,0,PASS
20,0,f16,C2,5,16384,24,5c63d5b6c8cd0fe7,1,1,0,-1,00000000,00000000,0,PASS
20,0,f16,C3,5,16384,24,884e010f7dd3f8db,1,1,0,-1,00000000,00000000,0,PASS
20,0,f16,C4,5,16384,24,afa0291542a0c337,1,1,0,-1,00000000,00000000,0,PASS
20,0,f16,C0,6,16384,24,4eacaa00b9e50383,1,1,0,-1,00000000,00000000,0,PASS
20,0,f16,C1,6,16384,24,aa9ab88976b3b793,1,1,0,-1,00000000,00000000,0,PASS
20,0,f16,C2,6,16384,24,7492baf760eee0bc,1,1,0,-1,00000000,00000000,0,PASS
20,0,f16,C3,6,16384,24,e27de5df58125c42,1,1,0,-1,00000000,00000000,0,PASS
20,0,f16,C4,6,16384,24,f28d61a32b65fc0a,1,1,0,-1,00000000,00000000,0,PASS
20,0,f16,C0,7,16384,24,1d4671b61af10383,1,1,0,-1,00000000,00000000,0,PASS
20,0,f16,C1,7,16384,24,3a7a16ba8fd8d85a,1,1,0,-1,00000000,00000000,0,PASS
20,0,f16,C2,7,16384,24,711aa99ced25a706,1,1,0,-1,00000000,00000000,0,PASS
20,0,f16,C3,7,16384,24,eafc18dee20d7e4b,1,1,0,-1,00000000,00000000,0,PASS
20,0,f16,C4,7,16384,24,6441aebc43e8962a,1,1,0,-1,00000000,00000000,0,PASS
20,0,f16,C0,8,16384,24,449b099b7bfd0383,1,1,0,-1,00000000,00000000,0,PASS
20,0,f16,C1,8,16384,24,80cdba4d8810a5c3,1,1,0,-1,00000000,00000000,0,PASS
20,0,f16,C2,8,16384,24,af28154ffb9ea876,1,1,0,-1,00000000,00000000,0,PASS
20,0,f16,C3,8,16384,24,fe393b9853aca00c,1,1,0,-1,00000000,00000000,0,PASS
20,0,f16,C4,8,16384,24,9e50fb1212e9adde,1,1,0,-1,00000000,00000000,0,PASS
20,1,q8_0,C0,2,4096,1024,61e628f524230383,1,1,0,-1,00000000,00000000,0,PASS
20,1,q8_0,C1,2,4096,1024,f3458625c6b0adb3,1,1,0,-1,00000000,00000000,0,PASS
20,1,q8_0,C2,2,4096,1024,eaa8b46e71e992b4,1,1,0,-1,00000000,00000000,0,PASS
20,1,q8_0,C3,2,4096,1024,692c78ad2d241311,1,1,0,-1,00000000,00000000,0,PASS
20,1,q8_0,C4,2,4096,1024,4712e9c2b1324d63,1,1,0,-1,00000000,00000000,0,PASS
20,1,q8_0,C0,3,4096,1024,f361b91bfc660383,1,1,0,-1,00000000,00000000,0,PASS
20,1,q8_0,C1,3,4096,1024,36aaaa69a328e07a,1,1,0,-1,00000000,00000000,0,PASS
20,1,q8_0,C2,3,4096,1024,e36dde151415c0df,1,1,0,-1,00000000,00000000,0,PASS
20,1,q8_0,C3,3,4096,1024,55bfa48446c7a588,1,1,0,-1,00000000,00000000,0,PASS
20,1,q8_0,C4,3,4096,1024,e34480993503b8a3,1,1,0,-1,00000000,00000000,0,PASS
20,1,q8_0,C0,4,4096,1024,0e5df645d4a90383,1,1,0,-1,00000000,00000000,0,PASS
20,1,q8_0,C1,4,4096,1024,cb611474e6bf1763,1,1,0,-1,00000000,00000000,0,PASS
20,1,q8_0,C2,4,4096,1024,a668df01d5618865,1,1,0,-1,00000000,00000000,0,PASS
20,1,q8_0,C3,4,4096,1024,dfa8a18cf29b820b,1,1,0,-1,00000000,00000000,0,PASS
20,1,q8_0,C4,4,4096,1024,04144d081eb41f66,1,1,0,-1,00000000,00000000,0,PASS
20,1,q8_0,C0,5,4096,1024,649de072acec0383,1,1,0,-1,00000000,00000000,0,PASS
20,1,q8_0,C1,5,4096,1024,7d3627c9d35592aa,1,1,0,-1,00000000,00000000,0,PASS
20,1,q8_0,C2,5,4096,1024,d13581044f3dfab0,1,1,0,-1,00000000,00000000,0,PASS
20,1,q8_0,C3,5,4096,1024,fde4c8eedac5e183,1,1,0,-1,00000000,00000000,0,PASS
20,1,q8_0,C4,5,4096,1024,9ca02a032bb24fc6,1,1,0,-1,00000000,00000000,0,PASS
20,1,q8_0,C0,6,4096,1024,a7e477a2852f0383,1,1,0,-1,00000000,00000000,0,PASS
20,1,q8_0,C1,6,4096,1024,a8f5fc63ca83b793,1,1,0,-1,00000000,00000000,0,PASS
20,1,q8_0,C2,6,4096,1024,2e2a6a2802a71ed0,1,1,0,-1,00000000,00000000,0,PASS
20,1,q8_0,C3,6,4096,1024,261c8a8850fe4bec,1,1,0,-1,00000000,00000000,0,PASS
20,1,q8_0,C4,6,4096,1024,e725a82e9783c012,1,1,0,-1,00000000,00000000,0,PASS
20,1,q8_0,C0,7,4096,1024,89f4bbd55d720383,1,1,0,-1,00000000,00000000,0,PASS
20,1,q8_0,C1,7,4096,1024,8a1e5e5f2f1ad85a,1,1,0,-1,00000000,00000000,0,PASS
20,1,q8_0,C2,7,4096,1024,38cba9f3d15ed87c,1,1,0,-1,00000000,00000000,0,PASS
20,1,q8_0,C3,7,4096,1024,d60950bb3223759f,1,1,0,-1,00000000,00000000,0,PASS
20,1,q8_0,C4,7,4096,1024,a56d33ae4c8c775a,1,1,0,-1,00000000,00000000,0,PASS
20,1,q8_0,C0,8,4096,1024,bc91ad0b35b50383,1,1,0,-1,00000000,00000000,0,PASS
20,1,q8_0,C1,8,4096,1024,b049445697c9a5c3,1,1,0,-1,00000000,00000000,0,PASS
20,1,q8_0,C2,8,4096,1024,7efc99aea35888c7,1,1,0,-1,00000000,00000000,0,PASS
20,1,q8_0,C3,8,4096,1024,dab2efec2ef54811,1,1,0,-1,00000000,00000000,0,PASS
20,1,q8_0,C4,8,4096,1024,d8f79ecae2861f1f,1,1,0,-1,00000000,00000000,0,PASS
20,2,q8_0,C0,2,4096,512,61e628f524230383,1,1,0,-1,00000000,00000000,0,PASS
20,2,q8_0,C1,2,4096,512,f3458625c6b0adb3,1,1,0,-1,00000000,00000000,0,PASS
20,2,q8_0,C2,2,4096,512,eaa8b46e71e992b4,1,1,0,-1,00000000,00000000,0,PASS
20,2,q8_0,C3,2,4096,512,7505191ded3e81dc,1,1,0,-1,00000000,00000000,0,PASS
20,2,q8_0,C4,2,4096,512,4712e9c2b1324d63,1,1,0,-1,00000000,00000000,0,PASS
20,2,q8_0,C0,3,4096,512,f361b91bfc660383,1,1,0,-1,00000000,00000000,0,PASS
20,2,q8_0,C1,3,4096,512,36aaaa69a328e07a,1,1,0,-1,00000000,00000000,0,PASS
20,2,q8_0,C2,3,4096,512,e36dde151415c0df,1,1,0,-1,00000000,00000000,0,PASS
20,2,q8_0,C3,3,4096,512,c6e26222a9c61b5e,1,1,0,-1,00000000,00000000,0,PASS
20,2,q8_0,C4,3,4096,512,e34480993503b8a3,1,1,0,-1,00000000,00000000,0,PASS
20,2,q8_0,C0,4,4096,512,0e5df645d4a90383,1,1,0,-1,00000000,00000000,0,PASS
20,2,q8_0,C1,4,4096,512,cb611474e6bf1763,1,1,0,-1,00000000,00000000,0,PASS
20,2,q8_0,C2,4,4096,512,a668df01d5618865,1,1,0,-1,00000000,00000000,0,PASS
20,2,q8_0,C3,4,4096,512,87ffd92c6bcbd219,1,1,0,-1,00000000,00000000,0,PASS
20,2,q8_0,C4,4,4096,512,04144d081eb41f66,1,1,0,-1,00000000,00000000,0,PASS
20,2,q8_0,C0,5,4096,512,649de072acec0383,1,1,0,-1,00000000,00000000,0,PASS
20,2,q8_0,C1,5,4096,512,7d3627c9d35592aa,1,1,0,-1,00000000,00000000,0,PASS
20,2,q8_0,C2,5,4096,512,d13581044f3dfab0,1,1,0,-1,00000000,00000000,0,PASS
20,2,q8_0,C3,5,4096,512,3241fade01a0b38b,1,1,0,-1,00000000,00000000,0,PASS
20,2,q8_0,C4,5,4096,512,9ca02a032bb24fc6,1,1,0,-1,00000000,00000000,0,PASS
20,2,q8_0,C0,6,4096,512,a7e477a2852f0383,1,1,0,-1,00000000,00000000,0,PASS
20,2,q8_0,C1,6,4096,512,a8f5fc63ca83b793,1,1,0,-1,00000000,00000000,0,PASS
20,2,q8_0,C2,6,4096,512,2e2a6a2802a71ed0,1,1,0,-1,00000000,00000000,0,PASS
20,2,q8_0,C3,6,4096,512,5a530fed129de2cc,1,1,0,-1,00000000,00000000,0,PASS
20,2,q8_0,C4,6,4096,512,e725a82e9783c012,1,1,0,-1,00000000,00000000,0,PASS
20,2,q8_0,C0,7,4096,512,89f4bbd55d720383,1,1,0,-1,00000000,00000000,0,PASS
20,2,q8_0,C1,7,4096,512,8a1e5e5f2f1ad85a,1,1,0,-1,00000000,00000000,0,PASS
20,2,q8_0,C2,7,4096,512,38cba9f3d15ed87c,1,1,0,-1,00000000,00000000,0,PASS
20,2,q8_0,C3,7,4096,512,f0aba485c60eda0f,1,1,0,-1,00000000,00000000,0,PASS
20,2,q8_0,C4,7,4096,512,a56d33ae4c8c775a,1,1,0,-1,00000000,00000000,0,PASS
20,2,q8_0,C0,8,4096,512,bc91ad0b35b50383,1,1,0,-1,00000000,00000000,0,PASS
20,2,q8_0,C1,8,4096,512,b049445697c9a5c3,1,1,0,-1,00000000,00000000,0,PASS
20,2,q8_0,C2,8,4096,512,7efc99aea35888c7,1,1,0,-1,00000000,00000000,0,PASS
20,2,q8_0,C3,8,4096,512,1b1945dc39dfe9a7,1,1,0,-1,00000000,00000000,0,PASS
20,2,q8_0,C4,8,4096,512,d8f79ecae2861f1f,1,1,0,-1,00000000,00000000,0,PASS
20,3,q8_0,C0,2,1024,32768,66a385207fbe8383,1,1,0,-1,00000000,00000000,0,PASS
20,3,q8_0,C1,2,1024,32768,ea4b97e88c182db3,1,1,0,-1,00000000,00000000,0,PASS
20,3,q8_0,C2,2,1024,32768,70800d37477b9cc9,1,1,0,-1,00000000,00000000,0,PASS
20,3,q8_0,C3,2,1024,32768,4969bd649ff21cf7,1,1,0,-1,00000000,00000000,0,PASS
20,3,q8_0,C4,2,1024,32768,71e3b48a7ebcb79f,1,1,0,-1,00000000,00000000,0,PASS
20,3,q8_0,C0,3,1024,32768,09b99610cdcf4383,1,1,0,-1,00000000,00000000,0,PASS
20,3,q8_0,C1,3,1024,32768,f303d2023f54e07a,1,1,0,-1,00000000,00000000,0,PASS
20,3,q8_0,C2,3,1024,32768,17b139ff4bb1b56e,1,1,0,-1,00000000,00000000,0,PASS
20,3,q8_0,C3,3,1024,32768,992dfe1b4fc8220d,1,1,0,-1,00000000,00000000,0,PASS
20,3,q8_0,C4,3,1024,32768,7684a1bb04066307,1,1,0,-1,00000000,00000000,0,PASS
20,3,q8_0,C0,4,1024,32768,a82845d14be00383,1,1,0,-1,00000000,00000000,0,PASS
20,3,q8_0,C1,4,1024,32768,829e2379d3d0d763,1,1,0,-1,00000000,00000000,0,PASS
20,3,q8_0,C2,4,1024,32768,2c41771fb26e6aa4,1,1,0,-1,00000000,00000000,0,PASS
20,3,q8_0,C3,4,1024,32768,6f3f995fb74858f4,1,1,0,-1,00000000,00000000,0,PASS
20,3,q8_0,C4,4,1024,32768,00c364baeed7cc77,1,1,0,-1,00000000,00000000,0,PASS
20,3,q8_0,C0,5,1024,32768,a536a061f9f0c383,1,1,0,-1,00000000,00000000,0,PASS
20,3,q8_0,C1,5,1024,32768,cd5cb4a48887d2aa,1,1,0,-1,00000000,00000000,0,PASS
20,3,q8_0,C2,5,1024,32768,fe68e9da3c4fa0b4,1,1,0,-1,00000000,00000000,0,PASS
20,3,q8_0,C3,5,1024,32768,ae0b452aa2eddb45,1,1,0,-1,00000000,00000000,0,PASS
20,3,q8_0,C4,5,1024,32768,85d67414a04db337,1,1,0,-1,00000000,00000000,0,PASS
20,3,q8_0,C0,6,1024,32768,e72bb1c2d8018383,1,1,0,-1,00000000,00000000,0,PASS
20,3,q8_0,C1,6,1024,32768,606b07352f77b793,1,1,0,-1,00000000,00000000,0,PASS
20,3,q8_0,C2,6,1024,32768,aac88d06cc8d8c24,1,1,0,-1,00000000,00000000,0,PASS
20,3,q8_0,C3,6,1024,32768,001d9a57931da1fb,1,1,0,-1,00000000,00000000,0,PASS
20,3,q8_0,C4,6,1024,32768,90a3e3c502279c0a,1,1,0,-1,00000000,00000000,0,PASS
20,3,q8_0,C0,7,1024,32768,d74e85f3e6124383,1,1,0,-1,00000000,00000000,0,PASS
20,3,q8_0,C1,7,1024,32768,0680c4d6b6eb585a,1,1,0,-1,00000000,00000000,0,PASS
20,3,q8_0,C2,7,1024,32768,68aeccecb4841b1a,1,1,0,-1,00000000,00000000,0,PASS
20,3,q8_0,C3,7,1024,32768,bf4efab24e979641,1,1,0,-1,00000000,00000000,0,PASS
20,3,q8_0,C4,7,1024,32768,e3547e032da9e62a,1,1,0,-1,00000000,00000000,0,PASS
20,3,q8_0,C0,8,1024,32768,61e628f524230383,1,1,0,-1,00000000,00000000,0,PASS
20,3,q8_0,C1,8,1024,32768,f5568f1793b7e5c3,1,1,0,-1,00000000,00000000,0,PASS
20,3,q8_0,C2,8,1024,32768,f510f9a7c42e2707,1,1,0,-1,00000000,00000000,0,PASS
20,3,q8_0,C3,8,1024,32768,5194b23184b170b6,1,1,0,-1,00000000,00000000,0,PASS
20,3,q8_0,C4,8,1024,32768,bb27994fbd6c0dde,1,1,0,-1,00000000,00000000,0,PASS
20,4,q8_0,C0,2,8192,4096,0e5df645d4a90383,1,1,0,-1,00000000,00000000,0,PASS
20,4,q8_0,C1,2,8192,4096,a7596f63ea26adb3,1,1,0,-1,00000000,00000000,0,PASS
20,4,q8_0,C2,2,8192,4096,6024392d967b7573,1,1,0,-1,00000000,00000000,0,PASS
20,4,q8_0,C3,2,8192,4096,df47ed77d9c09741,1,1,0,-1,00000000,00000000,0,PASS
20,4,q8_0,C4,2,8192,4096,756a42230c87de66,1,1,0,-1,00000000,00000000,0,PASS
20,4,q8_0,C0,3,8192,4096,a7e477a2852f0383,1,1,0,-1,00000000,00000000,0,PASS
20,4,q8_0,C1,3,8192,4096,40f463593d98e07a,1,1,0,-1,00000000,00000000,0,PASS
20,4,q8_0,C2,3,8192,4096,6bda8fe4c61d0fba,1,1,0,-1,00000000,00000000,0,PASS
20,4,q8_0,C3,3,8192,4096,71a28714fa74cc82,1,1,0,-1,00000000,00000000,0,PASS
20,4,q8_0,C4,3,8192,4096,7ef18a95c50f9806,1,1,0,-1,00000000,00000000,0,PASS
20,4,q8_0,C0,4,8192,4096,bc91ad0b35b50383,1,1,0,-1,00000000,00000000,0,PASS
20,4,q8_0,C1,4,8192,4096,1e7b80deb5521763,1,1,0,-1,00000000,00000000,0,PASS
20,4,q8_0,C2,4,8192,4096,95646a8ebd044b5d,1,1,0,-1,00000000,00000000,0,PASS
20,4,q8_0,C3,4,8192,4096,9ae5ab7b48f5b225,1,1,0,-1,00000000,00000000,0,PASS
20,4,q8_0,C4,4,8192,4096,7b7263e3adedcd6f,1,1,0,-1,00000000,00000000,0,PASS
20,4,q8_0,C0,5,8192,4096,da7d967fe63b0383,1,1,0,-1,00000000,00000000,0,PASS
20,4,q8_0,C1,5,8192,4096,2439109c971292aa,1,1,0,-1,00000000,00000000,0,PASS
20,4,q8_0,C2,5,8192,4096,ac7103964b5c796d,1,1,0,-1,00000000,00000000,0,PASS
20,4,q8_0,C3,5,8192,4096,e4dd32ab0d8efc82,1,1,0,-1,00000000,00000000,0,PASS
20,4,q8_0,C4,5,8192,4096,84cd276f9ee09557,1,1,0,-1,00000000,00000000,0,PASS
20,4,q8_0,C0,6,8192,4096,8fc0340096c10383,1,1,0,-1,00000000,00000000,0,PASS
20,4,q8_0,C1,6,8192,4096,6b7fdec3ae93b793,1,1,0,-1,00000000,00000000,0,PASS
20,4,q8_0,C2,6,8192,4096,158880dca80356a5,1,1,0,-1,00000000,00000000,0,PASS
20,4,q8_0,C3,6,8192,4096,487ea712ba25ce25,1,1,0,-1,00000000,00000000,0,PASS
20,4,q8_0,C4,6,8192,4096,6fb2cac120b4a24e,1,1,0,-1,00000000,00000000,0,PASS
20,4,q8_0,C0,7,8192,4096,6a71858d47470383,1,1,0,-1,00000000,00000000,0,PASS
20,4,q8_0,C1,7,8192,4096,665eaf56fa04d85a,1,1,0,-1,00000000,00000000,0,PASS
20,4,q8_0,C2,7,8192,4096,d0efefe3fcd897e2,1,1,0,-1,00000000,00000000,0,PASS
20,4,q8_0,C3,7,8192,4096,8fd7c931cb306f51,1,1,0,-1,00000000,00000000,0,PASS
20,4,q8_0,C4,7,8192,4096,90b943a9e7d55d36,1,1,0,-1,00000000,00000000,0,PASS
20,4,q8_0,C0,8,8192,4096,f8a98b25f7cd0383,1,1,0,-1,00000000,00000000,0,PASS
20,4,q8_0,C1,8,8192,4096,c26c1a6b3d36a5c3,1,1,0,-1,00000000,00000000,0,PASS
20,4,q8_0,C2,8,8192,4096,95ac06e3a54b4ef2,1,1,0,-1,00000000,00000000,0,PASS
20,4,q8_0,C3,8,8192,4096,49338d5f00695c7d,1,1,0,-1,00000000,00000000,0,PASS
20,4,q8_0,C4,8,8192,4096,3da45e1f8a9f3b1f,1,1,0,-1,00000000,00000000,0,PASS
20,5,f16,C0,2,16384,24,bc91ad0b35b50383,1,1,0,-1,00000000,00000000,0,PASS
20,5,f16,C1,2,16384,24,5dc3d7543112adb3,1,1,0,-1,00000000,00000000,0,PASS
20,5,f16,C2,2,16384,24,2182d4551e4fe2a3,1,1,0,-1,00000000,00000000,0,PASS
20,5,f16,C3,2,16384,24,a4aadeb8c42581cb,1,1,0,-1,00000000,00000000,0,PASS
20,5,f16,C4,2,16384,24,b25fa2af1f4d979f,1,1,0,-1,00000000,00000000,0,PASS
20,5,f16,C0,3,16384,24,8fc0340096c10383,1,1,0,-1,00000000,00000000,0,PASS
20,5,f16,C1,3,16384,24,b7a628de7278e07a,1,1,0,-1,00000000,00000000,0,PASS
20,5,f16,C2,3,16384,24,05a69f75d2d8e36d,1,1,0,-1,00000000,00000000,0,PASS
20,5,f16,C3,3,16384,24,637559f030d51424,1,1,0,-1,00000000,00000000,0,PASS
20,5,f16,C4,3,16384,24,f5166e1daf6a5307,1,1,0,-1,00000000,00000000,0,PASS
20,5,f16,C0,4,16384,24,f8a98b25f7cd0383,1,1,0,-1,00000000,00000000,0,PASS
20,5,f16,C1,4,16384,24,6dd2f6a152781763,1,1,0,-1,00000000,00000000,0,PASS
20,5,f16,C2,4,16384,24,03b1a534c5b2c557,1,1,0,-1,00000000,00000000,0,PASS
20,5,f16,C3,4,16384,24,e30149e611fc2140,1,1,0,-1,00000000,00000000,0,PASS
20,5,f16,C4,4,16384,24,77f735b69bbdcc77,1,1,0,-1,00000000,00000000,0,PASS
20,5,f16,C0,5,16384,24,680db27b58d90383,1,1,0,-1,00000000,00000000,0,PASS
20,5,f16,C1,5,16384,24,849b32211e8c92aa,1,1,0,-1,00000000,00000000,0,PASS
20,5,f16,C2,5,16384,24,5c63d5b6c8cd0fe7,1,1,0,-1,00000000,00000000,0,PASS
20,5,f16,C3,5,16384,24,32218ba0baa3c10a,1,1,0,-1,00000000,00000000,0,PASS
20,5,f16,C4,5,16384,24,afa0291542a0c337,1,1,0,-1,00000000,00000000,0,PASS
20,5,f16,C0,6,16384,24,4eacaa00b9e50383,1,1,0,-1,00000000,00000000,0,PASS
20,5,f16,C1,6,16384,24,aa9ab88976b3b793,1,1,0,-1,00000000,00000000,0,PASS
20,5,f16,C2,6,16384,24,7492baf760eee0bc,1,1,0,-1,00000000,00000000,0,PASS
20,5,f16,C3,6,16384,24,644321c1368f6bf2,1,1,0,-1,00000000,00000000,0,PASS
20,5,f16,C4,6,16384,24,f28d61a32b65fc0a,1,1,0,-1,00000000,00000000,0,PASS
20,5,f16,C0,7,16384,24,1d4671b61af10383,1,1,0,-1,00000000,00000000,0,PASS
20,5,f16,C1,7,16384,24,3a7a16ba8fd8d85a,1,1,0,-1,00000000,00000000,0,PASS
20,5,f16,C2,7,16384,24,711aa99ced25a706,1,1,0,-1,00000000,00000000,0,PASS
20,5,f16,C3,7,16384,24,f44835c356db8625,1,1,0,-1,00000000,00000000,0,PASS
20,5,f16,C4,7,16384,24,6441aebc43e8962a,1,1,0,-1,00000000,00000000,0,PASS
20,5,f16,C0,8,16384,24,449b099b7bfd0383,1,1,0,-1,00000000,00000000,0,PASS
20,5,f16,C1,8,16384,24,80cdba4d8810a5c3,1,1,0,-1,00000000,00000000,0,PASS
20,5,f16,C2,8,16384,24,af28154ffb9ea876,1,1,0,-1,00000000,00000000,0,PASS
20,5,f16,C3,8,16384,24,22c28f50a68dde96,1,1,0,-1,00000000,00000000,0,PASS
20,5,f16,C4,8,16384,24,9e50fb1212e9adde,1,1,0,-1,00000000,00000000,0,PASS
20,6,f16,C0,2,4096,256,61e628f524230383,1,1,0,-1,00000000,00000000,0,PASS
20,6,f16,C1,2,4096,256,f3458625c6b0adb3,1,1,0,-1,00000000,00000000,0,PASS
20,6,f16,C2,2,4096,256,eaa8b46e71e992b4,1,1,0,-1,00000000,00000000,0,PASS
20,6,f16,C3,2,4096,256,79e2e938a47cdd5d,1,1,0,-1,00000000,00000000,0,PASS
20,6,f16,C4,2,4096,256,4712e9c2b1324d63,1,1,0,-1,00000000,00000000,0,PASS
20,6,f16,C0,3,4096,256,f361b91bfc660383,1,1,0,-1,00000000,00000000,0,PASS
20,6,f16,C1,3,4096,256,36aaaa69a328e07a,1,1,0,-1,00000000,00000000,0,PASS
20,6,f16,C2,3,4096,256,e36dde151415c0df,1,1,0,-1,00000000,00000000,0,PASS
20,6,f16,C3,3,4096,256,843ed45966d038f4,1,1,0,-1,00000000,00000000,0,PASS
20,6,f16,C4,3,4096,256,e34480993503b8a3,1,1,0,-1,00000000,00000000,0,PASS
20,6,f16,C0,4,4096,256,0e5df645d4a90383,1,1,0,-1,00000000,00000000,0,PASS
20,6,f16,C1,4,4096,256,cb611474e6bf1763,1,1,0,-1,00000000,00000000,0,PASS
20,6,f16,C2,4,4096,256,a668df01d5618865,1,1,0,-1,00000000,00000000,0,PASS
20,6,f16,C3,4,4096,256,e7457998f4e9c8c4,1,1,0,-1,00000000,00000000,0,PASS
20,6,f16,C4,4,4096,256,04144d081eb41f66,1,1,0,-1,00000000,00000000,0,PASS
20,6,f16,C0,5,4096,256,649de072acec0383,1,1,0,-1,00000000,00000000,0,PASS
20,6,f16,C1,5,4096,256,7d3627c9d35592aa,1,1,0,-1,00000000,00000000,0,PASS
20,6,f16,C2,5,4096,256,d13581044f3dfab0,1,1,0,-1,00000000,00000000,0,PASS
20,6,f16,C3,5,4096,256,eef54675537b1282,1,1,0,-1,00000000,00000000,0,PASS
20,6,f16,C4,5,4096,256,9ca02a032bb24fc6,1,1,0,-1,00000000,00000000,0,PASS
20,6,f16,C0,6,4096,256,a7e477a2852f0383,1,1,0,-1,00000000,00000000,0,PASS
20,6,f16,C1,6,4096,256,a8f5fc63ca83b793,1,1,0,-1,00000000,00000000,0,PASS
20,6,f16,C2,6,4096,256,2e2a6a2802a71ed0,1,1,0,-1,00000000,00000000,0,PASS
20,6,f16,C3,6,4096,256,fce8786d0cd7d75a,1,1,0,-1,00000000,00000000,0,PASS
20,6,f16,C4,6,4096,256,e725a82e9783c012,1,1,0,-1,00000000,00000000,0,PASS
20,6,f16,C0,7,4096,256,89f4bbd55d720383,1,1,0,-1,00000000,00000000,0,PASS
20,6,f16,C1,7,4096,256,8a1e5e5f2f1ad85a,1,1,0,-1,00000000,00000000,0,PASS
20,6,f16,C2,7,4096,256,38cba9f3d15ed87c,1,1,0,-1,00000000,00000000,0,PASS
20,6,f16,C3,7,4096,256,a59e5966cece1053,1,1,0,-1,00000000,00000000,0,PASS
20,6,f16,C4,7,4096,256,a56d33ae4c8c775a,1,1,0,-1,00000000,00000000,0,PASS
20,6,f16,C0,8,4096,256,bc91ad0b35b50383,1,1,0,-1,00000000,00000000,0,PASS
20,6,f16,C1,8,4096,256,b049445697c9a5c3,1,1,0,-1,00000000,00000000,0,PASS
20,6,f16,C2,8,4096,256,7efc99aea35888c7,1,1,0,-1,00000000,00000000,0,PASS
20,6,f16,C3,8,4096,256,b5679b356409cfaa,1,1,0,-1,00000000,00000000,0,PASS
20,6,f16,C4,8,4096,256,d8f79ecae2861f1f,1,1,0,-1,00000000,00000000,0,PASS
21,0,f16,C0,2,16384,24,bc91ad0b35b50383,1,1,0,-1,00000000,00000000,0,PASS
21,0,f16,C1,2,16384,24,5dc3d7543112adb3,1,1,0,-1,00000000,00000000,0,PASS
21,0,f16,C2,2,16384,24,2182d4551e4fe2a3,1,1,0,-1,00000000,00000000,0,PASS
21,0,f16,C3,2,16384,24,e02074ead7c8f3ca,1,1,0,-1,00000000,00000000,0,PASS
21,0,f16,C4,2,16384,24,b25fa2af1f4d979f,1,1,0,-1,00000000,00000000,0,PASS
21,0,f16,C0,3,16384,24,8fc0340096c10383,1,1,0,-1,00000000,00000000,0,PASS
21,0,f16,C1,3,16384,24,b7a628de7278e07a,1,1,0,-1,00000000,00000000,0,PASS
21,0,f16,C2,3,16384,24,05a69f75d2d8e36d,1,1,0,-1,00000000,00000000,0,PASS
21,0,f16,C3,3,16384,24,7fcd483c9f5e64e1,1,1,0,-1,00000000,00000000,0,PASS
21,0,f16,C4,3,16384,24,f5166e1daf6a5307,1,1,0,-1,00000000,00000000,0,PASS
21,0,f16,C0,4,16384,24,f8a98b25f7cd0383,1,1,0,-1,00000000,00000000,0,PASS
21,0,f16,C1,4,16384,24,6dd2f6a152781763,1,1,0,-1,00000000,00000000,0,PASS
21,0,f16,C2,4,16384,24,03b1a534c5b2c557,1,1,0,-1,00000000,00000000,0,PASS
21,0,f16,C3,4,16384,24,e433561958c019ec,1,1,0,-1,00000000,00000000,0,PASS
21,0,f16,C4,4,16384,24,77f735b69bbdcc77,1,1,0,-1,00000000,00000000,0,PASS
21,0,f16,C0,5,16384,24,680db27b58d90383,1,1,0,-1,00000000,00000000,0,PASS
21,0,f16,C1,5,16384,24,849b32211e8c92aa,1,1,0,-1,00000000,00000000,0,PASS
21,0,f16,C2,5,16384,24,5c63d5b6c8cd0fe7,1,1,0,-1,00000000,00000000,0,PASS
21,0,f16,C3,5,16384,24,b5be9ccbc17e56c7,1,1,0,-1,00000000,00000000,0,PASS
21,0,f16,C4,5,16384,24,afa0291542a0c337,1,1,0,-1,00000000,00000000,0,PASS
21,0,f16,C0,6,16384,24,4eacaa00b9e50383,1,1,0,-1,00000000,00000000,0,PASS
21,0,f16,C1,6,16384,24,aa9ab88976b3b793,1,1,0,-1,00000000,00000000,0,PASS
21,0,f16,C2,6,16384,24,7492baf760eee0bc,1,1,0,-1,00000000,00000000,0,PASS
21,0,f16,C3,6,16384,24,689b88324368e260,1,1,0,-1,00000000,00000000,0,PASS
21,0,f16,C4,6,16384,24,f28d61a32b65fc0a,1,1,0,-1,00000000,00000000,0,PASS
21,0,f16,C0,7,16384,24,1d4671b61af10383,1,1,0,-1,00000000,00000000,0,PASS
21,0,f16,C1,7,16384,24,3a7a16ba8fd8d85a,1,1,0,-1,00000000,00000000,0,PASS
21,0,f16,C2,7,16384,24,711aa99ced25a706,1,1,0,-1,00000000,00000000,0,PASS
21,0,f16,C3,7,16384,24,8359a855710b61b7,1,1,0,-1,00000000,00000000,0,PASS
21,0,f16,C4,7,16384,24,6441aebc43e8962a,1,1,0,-1,00000000,00000000,0,PASS
21,0,f16,C0,8,16384,24,449b099b7bfd0383,1,1,0,-1,00000000,00000000,0,PASS
21,0,f16,C1,8,16384,24,80cdba4d8810a5c3,1,1,0,-1,00000000,00000000,0,PASS
21,0,f16,C2,8,16384,24,af28154ffb9ea876,1,1,0,-1,00000000,00000000,0,PASS
21,0,f16,C3,8,16384,24,64c2d320cdc3cc66,1,1,0,-1,00000000,00000000,0,PASS
21,0,f16,C4,8,16384,24,9e50fb1212e9adde,1,1,0,-1,00000000,00000000,0,PASS
21,1,q8_0,C0,2,4096,1024,61e628f524230383,1,1,0,-1,00000000,00000000,0,PASS
21,1,q8_0,C1,2,4096,1024,f3458625c6b0adb3,1,1,0,-1,00000000,00000000,0,PASS
21,1,q8_0,C2,2,4096,1024,eaa8b46e71e992b4,1,1,0,-1,00000000,00000000,0,PASS
21,1,q8_0,C3,2,4096,1024,34e746fa22c54275,1,1,0,-1,00000000,00000000,0,PASS
21,1,q8_0,C4,2,4096,1024,4712e9c2b1324d63,1,1,0,-1,00000000,00000000,0,PASS
21,1,q8_0,C0,3,4096,1024,f361b91bfc660383,1,1,0,-1,00000000,00000000,0,PASS
21,1,q8_0,C1,3,4096,1024,36aaaa69a328e07a,1,1,0,-1,00000000,00000000,0,PASS
21,1,q8_0,C2,3,4096,1024,e36dde151415c0df,1,1,0,-1,00000000,00000000,0,PASS
21,1,q8_0,C3,3,4096,1024,59dc2d266e0d9c87,1,1,0,-1,00000000,00000000,0,PASS
21,1,q8_0,C4,3,4096,1024,e34480993503b8a3,1,1,0,-1,00000000,00000000,0,PASS
21,1,q8_0,C0,4,4096,1024,0e5df645d4a90383,1,1,0,-1,00000000,00000000,0,PASS
21,1,q8_0,C1,4,4096,1024,cb611474e6bf1763,1,1,0,-1,00000000,00000000,0,PASS
21,1,q8_0,C2,4,4096,1024,a668df01d5618865,1,1,0,-1,00000000,00000000,0,PASS
21,1,q8_0,C3,4,4096,1024,95ab1b0cb6663737,1,1,0,-1,00000000,00000000,0,PASS
21,1,q8_0,C4,4,4096,1024,04144d081eb41f66,1,1,0,-1,00000000,00000000,0,PASS
21,1,q8_0,C0,5,4096,1024,649de072acec0383,1,1,0,-1,00000000,00000000,0,PASS
21,1,q8_0,C1,5,4096,1024,7d3627c9d35592aa,1,1,0,-1,00000000,00000000,0,PASS
21,1,q8_0,C2,5,4096,1024,d13581044f3dfab0,1,1,0,-1,00000000,00000000,0,PASS
21,1,q8_0,C3,5,4096,1024,fef4e6a2641ca7f0,1,1,0,-1,00000000,00000000,0,PASS
21,1,q8_0,C4,5,4096,1024,9ca02a032bb24fc6,1,1,0,-1,00000000,00000000,0,PASS
21,1,q8_0,C0,6,4096,1024,a7e477a2852f0383,1,1,0,-1,00000000,00000000,0,PASS
21,1,q8_0,C1,6,4096,1024,a8f5fc63ca83b793,1,1,0,-1,00000000,00000000,0,PASS
21,1,q8_0,C2,6,4096,1024,2e2a6a2802a71ed0,1,1,0,-1,00000000,00000000,0,PASS
21,1,q8_0,C3,6,4096,1024,8a87d150b7ff3619,1,1,0,-1,00000000,00000000,0,PASS
21,1,q8_0,C4,6,4096,1024,e725a82e9783c012,1,1,0,-1,00000000,00000000,0,PASS
21,1,q8_0,C0,7,4096,1024,89f4bbd55d720383,1,1,0,-1,00000000,00000000,0,PASS
21,1,q8_0,C1,7,4096,1024,8a1e5e5f2f1ad85a,1,1,0,-1,00000000,00000000,0,PASS
21,1,q8_0,C2,7,4096,1024,38cba9f3d15ed87c,1,1,0,-1,00000000,00000000,0,PASS
21,1,q8_0,C3,7,4096,1024,1e795b62456a17bf,1,1,0,-1,00000000,00000000,0,PASS
21,1,q8_0,C4,7,4096,1024,a56d33ae4c8c775a,1,1,0,-1,00000000,00000000,0,PASS
21,1,q8_0,C0,8,4096,1024,bc91ad0b35b50383,1,1,0,-1,00000000,00000000,0,PASS
21,1,q8_0,C1,8,4096,1024,b049445697c9a5c3,1,1,0,-1,00000000,00000000,0,PASS
21,1,q8_0,C2,8,4096,1024,7efc99aea35888c7,1,1,0,-1,00000000,00000000,0,PASS
21,1,q8_0,C3,8,4096,1024,921718e6b48196c8,1,1,0,-1,00000000,00000000,0,PASS
21,1,q8_0,C4,8,4096,1024,d8f79ecae2861f1f,1,1,0,-1,00000000,00000000,0,PASS
21,2,q8_0,C0,2,4096,512,61e628f524230383,1,1,0,-1,00000000,00000000,0,PASS
21,2,q8_0,C1,2,4096,512,f3458625c6b0adb3,1,1,0,-1,00000000,00000000,0,PASS
21,2,q8_0,C2,2,4096,512,eaa8b46e71e992b4,1,1,0,-1,00000000,00000000,0,PASS
21,2,q8_0,C3,2,4096,512,b2b838d4fee12400,1,1,0,-1,00000000,00000000,0,PASS
21,2,q8_0,C4,2,4096,512,4712e9c2b1324d63,1,1,0,-1,00000000,00000000,0,PASS
21,2,q8_0,C0,3,4096,512,f361b91bfc660383,1,1,0,-1,00000000,00000000,0,PASS
21,2,q8_0,C1,3,4096,512,36aaaa69a328e07a,1,1,0,-1,00000000,00000000,0,PASS
21,2,q8_0,C2,3,4096,512,e36dde151415c0df,1,1,0,-1,00000000,00000000,0,PASS
21,2,q8_0,C3,3,4096,512,606c1655fb746bdb,1,1,0,-1,00000000,00000000,0,PASS
21,2,q8_0,C4,3,4096,512,e34480993503b8a3,1,1,0,-1,00000000,00000000,0,PASS
21,2,q8_0,C0,4,4096,512,0e5df645d4a90383,1,1,0,-1,00000000,00000000,0,PASS
21,2,q8_0,C1,4,4096,512,cb611474e6bf1763,1,1,0,-1,00000000,00000000,0,PASS
21,2,q8_0,C2,4,4096,512,a668df01d5618865,1,1,0,-1,00000000,00000000,0,PASS
21,2,q8_0,C3,4,4096,512,32b042cf16d7d39e,1,1,0,-1,00000000,00000000,0,PASS
21,2,q8_0,C4,4,4096,512,04144d081eb41f66,1,1,0,-1,00000000,00000000,0,PASS
21,2,q8_0,C0,5,4096,512,649de072acec0383,1,1,0,-1,00000000,00000000,0,PASS
21,2,q8_0,C1,5,4096,512,7d3627c9d35592aa,1,1,0,-1,00000000,00000000,0,PASS
21,2,q8_0,C2,5,4096,512,d13581044f3dfab0,1,1,0,-1,00000000,00000000,0,PASS
21,2,q8_0,C3,5,4096,512,f84dfc9ea15ae113,1,1,0,-1,00000000,00000000,0,PASS
21,2,q8_0,C4,5,4096,512,9ca02a032bb24fc6,1,1,0,-1,00000000,00000000,0,PASS
21,2,q8_0,C0,6,4096,512,a7e477a2852f0383,1,1,0,-1,00000000,00000000,0,PASS
21,2,q8_0,C1,6,4096,512,a8f5fc63ca83b793,1,1,0,-1,00000000,00000000,0,PASS
21,2,q8_0,C2,6,4096,512,2e2a6a2802a71ed0,1,1,0,-1,00000000,00000000,0,PASS
21,2,q8_0,C3,6,4096,512,35ec04afe4d633ac,1,1,0,-1,00000000,00000000,0,PASS
21,2,q8_0,C4,6,4096,512,e725a82e9783c012,1,1,0,-1,00000000,00000000,0,PASS
21,2,q8_0,C0,7,4096,512,89f4bbd55d720383,1,1,0,-1,00000000,00000000,0,PASS
21,2,q8_0,C1,7,4096,512,8a1e5e5f2f1ad85a,1,1,0,-1,00000000,00000000,0,PASS
21,2,q8_0,C2,7,4096,512,38cba9f3d15ed87c,1,1,0,-1,00000000,00000000,0,PASS
21,2,q8_0,C3,7,4096,512,d359b654faab7efb,1,1,0,-1,00000000,00000000,0,PASS
21,2,q8_0,C4,7,4096,512,a56d33ae4c8c775a,1,1,0,-1,00000000,00000000,0,PASS
21,2,q8_0,C0,8,4096,512,bc91ad0b35b50383,1,1,0,-1,00000000,00000000,0,PASS
21,2,q8_0,C1,8,4096,512,b049445697c9a5c3,1,1,0,-1,00000000,00000000,0,PASS
21,2,q8_0,C2,8,4096,512,7efc99aea35888c7,1,1,0,-1,00000000,00000000,0,PASS
21,2,q8_0,C3,8,4096,512,662ad6db8e3de4e2,1,1,0,-1,00000000,00000000,0,PASS
21,2,q8_0,C4,8,4096,512,d8f79ecae2861f1f,1,1,0,-1,00000000,00000000,0,PASS
21,3,q8_0,C0,2,1024,32768,66a385207fbe8383,1,1,0,-1,00000000,00000000,0,PASS
21,3,q8_0,C1,2,1024,32768,ea4b97e88c182db3,1,1,0,-1,00000000,00000000,0,PASS
21,3,q8_0,C2,2,1024,32768,70800d37477b9cc9,1,1,0,-1,00000000,00000000,0,PASS
21,3,q8_0,C3,2,1024,32768,f4e0994fc0ad103e,1,1,0,-1,00000000,00000000,0,PASS
21,3,q8_0,C4,2,1024,32768,71e3b48a7ebcb79f,1,1,0,-1,00000000,00000000,0,PASS
21,3,q8_0,C0,3,1024,32768,09b99610cdcf4383,1,1,0,-1,00000000,00000000,0,PASS
21,3,q8_0,C1,3,1024,32768,f303d2023f54e07a,1,1,0,-1,00000000,00000000,0,PASS
21,3,q8_0,C2,3,1024,32768,17b139ff4bb1b56e,1,1,0,-1,00000000,00000000,0,PASS
21,3,q8_0,C3,3,1024,32768,c9db4362905cc2ce,1,1,0,-1,00000000,00000000,0,PASS
21,3,q8_0,C4,3,1024,32768,7684a1bb04066307,1,1,0,-1,00000000,00000000,0,PASS
21,3,q8_0,C0,4,1024,32768,a82845d14be00383,1,1,0,-1,00000000,00000000,0,PASS
21,3,q8_0,C1,4,1024,32768,829e2379d3d0d763,1,1,0,-1,00000000,00000000,0,PASS
21,3,q8_0,C2,4,1024,32768,2c41771fb26e6aa4,1,1,0,-1,00000000,00000000,0,PASS
21,3,q8_0,C3,4,1024,32768,630b000a3252474e,1,1,0,-1,00000000,00000000,0,PASS
21,3,q8_0,C4,4,1024,32768,00c364baeed7cc77,1,1,0,-1,00000000,00000000,0,PASS
21,3,q8_0,C0,5,1024,32768,a536a061f9f0c383,1,1,0,-1,00000000,00000000,0,PASS
21,3,q8_0,C1,5,1024,32768,cd5cb4a48887d2aa,1,1,0,-1,00000000,00000000,0,PASS
21,3,q8_0,C2,5,1024,32768,fe68e9da3c4fa0b4,1,1,0,-1,00000000,00000000,0,PASS
21,3,q8_0,C3,5,1024,32768,ac67883e5e4a60ac,1,1,0,-1,00000000,00000000,0,PASS
21,3,q8_0,C4,5,1024,32768,85d67414a04db337,1,1,0,-1,00000000,00000000,0,PASS
21,3,q8_0,C0,6,1024,32768,e72bb1c2d8018383,1,1,0,-1,00000000,00000000,0,PASS
21,3,q8_0,C1,6,1024,32768,606b07352f77b793,1,1,0,-1,00000000,00000000,0,PASS
21,3,q8_0,C2,6,1024,32768,aac88d06cc8d8c24,1,1,0,-1,00000000,00000000,0,PASS
21,3,q8_0,C3,6,1024,32768,ffb0c4521e88a85b,1,1,0,-1,00000000,00000000,0,PASS
21,3,q8_0,C4,6,1024,32768,90a3e3c502279c0a,1,1,0,-1,00000000,00000000,0,PASS
21,3,q8_0,C0,7,1024,32768,d74e85f3e6124383,1,1,0,-1,00000000,00000000,0,PASS
21,3,q8_0,C1,7,1024,32768,0680c4d6b6eb585a,1,1,0,-1,00000000,00000000,0,PASS
21,3,q8_0,C2,7,1024,32768,68aeccecb4841b1a,1,1,0,-1,00000000,00000000,0,PASS
21,3,q8_0,C3,7,1024,32768,d5068ad36570c0fe,1,1,0,-1,00000000,00000000,0,PASS
21,3,q8_0,C4,7,1024,32768,e3547e032da9e62a,1,1,0,-1,00000000,00000000,0,PASS
21,3,q8_0,C0,8,1024,32768,61e628f524230383,1,1,0,-1,00000000,00000000,0,PASS
21,3,q8_0,C1,8,1024,32768,f5568f1793b7e5c3,1,1,0,-1,00000000,00000000,0,PASS
21,3,q8_0,C2,8,1024,32768,f510f9a7c42e2707,1,1,0,-1,00000000,00000000,0,PASS
21,3,q8_0,C3,8,1024,32768,190b975fc8c70672,1,1,0,-1,00000000,00000000,0,PASS
21,3,q8_0,C4,8,1024,32768,bb27994fbd6c0dde,1,1,0,-1,00000000,00000000,0,PASS
21,4,q8_0,C0,2,8192,4096,0e5df645d4a90383,1,1,0,-1,00000000,00000000,0,PASS
21,4,q8_0,C1,2,8192,4096,a7596f63ea26adb3,1,1,0,-1,00000000,00000000,0,PASS
21,4,q8_0,C2,2,8192,4096,6024392d967b7573,1,1,0,-1,00000000,00000000,0,PASS
21,4,q8_0,C3,2,8192,4096,863746f9ef35eedd,1,1,0,-1,00000000,00000000,0,PASS
21,4,q8_0,C4,2,8192,4096,756a42230c87de66,1,1,0,-1,00000000,00000000,0,PASS
21,4,q8_0,C0,3,8192,4096,a7e477a2852f0383,1,1,0,-1,00000000,00000000,0,PASS
21,4,q8_0,C1,3,8192,4096,40f463593d98e07a,1,1,0,-1,00000000,00000000,0,PASS
21,4,q8_0,C2,3,8192,4096,6bda8fe4c61d0fba,1,1,0,-1,00000000,00000000,0,PASS
21,4,q8_0,C3,3,8192,4096,222f65746d4df283,1,1,0,-1,00000000,00000000,0,PASS
21,4,q8_0,C4,3,8192,4096,7ef18a95c50f9806,1,1,0,-1,00000000,00000000,0,PASS
21,4,q8_0,C0,4,8192,4096,bc91ad0b35b50383,1,1,0,-1,00000000,00000000,0,PASS
21,4,q8_0,C1,4,8192,4096,1e7b80deb5521763,1,1,0,-1,00000000,00000000,0,PASS
21,4,q8_0,C2,4,8192,4096,95646a8ebd044b5d,1,1,0,-1,00000000,00000000,0,PASS
21,4,q8_0,C3,4,8192,4096,c8fdbe161a042c83,1,1,0,-1,00000000,00000000,0,PASS
21,4,q8_0,C4,4,8192,4096,7b7263e3adedcd6f,1,1,0,-1,00000000,00000000,0,PASS
21,4,q8_0,C0,5,8192,4096,da7d967fe63b0383,1,1,0,-1,00000000,00000000,0,PASS
21,4,q8_0,C1,5,8192,4096,2439109c971292aa,1,1,0,-1,00000000,00000000,0,PASS
21,4,q8_0,C2,5,8192,4096,ac7103964b5c796d,1,1,0,-1,00000000,00000000,0,PASS
21,4,q8_0,C3,5,8192,4096,9bf28573168d7f28,1,1,0,-1,00000000,00000000,0,PASS
21,4,q8_0,C4,5,8192,4096,84cd276f9ee09557,1,1,0,-1,00000000,00000000,0,PASS
21,4,q8_0,C0,6,8192,4096,8fc0340096c10383,1,1,0,-1,00000000,00000000,0,PASS
21,4,q8_0,C1,6,8192,4096,6b7fdec3ae93b793,1,1,0,-1,00000000,00000000,0,PASS
21,4,q8_0,C2,6,8192,4096,158880dca80356a5,1,1,0,-1,00000000,00000000,0,PASS
21,4,q8_0,C3,6,8192,4096,a80df4a1a5ceebe8,1,1,0,-1,00000000,00000000,0,PASS
21,4,q8_0,C4,6,8192,4096,6fb2cac120b4a24e,1,1,0,-1,00000000,00000000,0,PASS
21,4,q8_0,C0,7,8192,4096,6a71858d47470383,1,1,0,-1,00000000,00000000,0,PASS
21,4,q8_0,C1,7,8192,4096,665eaf56fa04d85a,1,1,0,-1,00000000,00000000,0,PASS
21,4,q8_0,C2,7,8192,4096,d0efefe3fcd897e2,1,1,0,-1,00000000,00000000,0,PASS
21,4,q8_0,C3,7,8192,4096,1587b82371b0db52,1,1,0,-1,00000000,00000000,0,PASS
21,4,q8_0,C4,7,8192,4096,90b943a9e7d55d36,1,1,0,-1,00000000,00000000,0,PASS
21,4,q8_0,C0,8,8192,4096,f8a98b25f7cd0383,1,1,0,-1,00000000,00000000,0,PASS
21,4,q8_0,C1,8,8192,4096,c26c1a6b3d36a5c3,1,1,0,-1,00000000,00000000,0,PASS
21,4,q8_0,C2,8,8192,4096,95ac06e3a54b4ef2,1,1,0,-1,00000000,00000000,0,PASS
21,4,q8_0,C3,8,8192,4096,2e750561b69a2649,1,1,0,-1,00000000,00000000,0,PASS
21,4,q8_0,C4,8,8192,4096,3da45e1f8a9f3b1f,1,1,0,-1,00000000,00000000,0,PASS
21,5,f16,C0,2,16384,24,bc91ad0b35b50383,1,1,0,-1,00000000,00000000,0,PASS
21,5,f16,C1,2,16384,24,5dc3d7543112adb3,1,1,0,-1,00000000,00000000,0,PASS
21,5,f16,C2,2,16384,24,2182d4551e4fe2a3,1,1,0,-1,00000000,00000000,0,PASS
21,5,f16,C3,2,16384,24,8bc34813c2137c60,1,1,0,-1,00000000,00000000,0,PASS
21,5,f16,C4,2,16384,24,b25fa2af1f4d979f,1,1,0,-1,00000000,00000000,0,PASS
21,5,f16,C0,3,16384,24,8fc0340096c10383,1,1,0,-1,00000000,00000000,0,PASS
21,5,f16,C1,3,16384,24,b7a628de7278e07a,1,1,0,-1,00000000,00000000,0,PASS
21,5,f16,C2,3,16384,24,05a69f75d2d8e36d,1,1,0,-1,00000000,00000000,0,PASS
21,5,f16,C3,3,16384,24,e2ba93a302bdba11,1,1,0,-1,00000000,00000000,0,PASS
21,5,f16,C4,3,16384,24,f5166e1daf6a5307,1,1,0,-1,00000000,00000000,0,PASS
21,5,f16,C0,4,16384,24,f8a98b25f7cd0383,1,1,0,-1,00000000,00000000,0,PASS
21,5,f16,C1,4,16384,24,6dd2f6a152781763,1,1,0,-1,00000000,00000000,0,PASS
21,5,f16,C2,4,16384,24,03b1a534c5b2c557,1,1,0,-1,00000000,00000000,0,PASS
21,5,f16,C3,4,16384,24,dca8fe99e772ef72,1,1,0,-1,00000000,00000000,0,PASS
21,5,f16,C4,4,16384,24,77f735b69bbdcc77,1,1,0,-1,00000000,00000000,0,PASS
21,5,f16,C0,5,16384,24,680db27b58d90383,1,1,0,-1,00000000,00000000,0,PASS
21,5,f16,C1,5,16384,24,849b32211e8c92aa,1,1,0,-1,00000000,00000000,0,PASS
21,5,f16,C2,5,16384,24,5c63d5b6c8cd0fe7,1,1,0,-1,00000000,00000000,0,PASS
21,5,f16,C3,5,16384,24,5beb9f21604035b5,1,1,0,-1,00000000,00000000,0,PASS
21,5,f16,C4,5,16384,24,afa0291542a0c337,1,1,0,-1,00000000,00000000,0,PASS
21,5,f16,C0,6,16384,24,4eacaa00b9e50383,1,1,0,-1,00000000,00000000,0,PASS
21,5,f16,C1,6,16384,24,aa9ab88976b3b793,1,1,0,-1,00000000,00000000,0,PASS
21,5,f16,C2,6,16384,24,7492baf760eee0bc,1,1,0,-1,00000000,00000000,0,PASS
21,5,f16,C3,6,16384,24,f3e64444042d4da8,1,1,0,-1,00000000,00000000,0,PASS
21,5,f16,C4,6,16384,24,f28d61a32b65fc0a,1,1,0,-1,00000000,00000000,0,PASS
21,5,f16,C0,7,16384,24,1d4671b61af10383,1,1,0,-1,00000000,00000000,0,PASS
21,5,f16,C1,7,16384,24,3a7a16ba8fd8d85a,1,1,0,-1,00000000,00000000,0,PASS
21,5,f16,C2,7,16384,24,711aa99ced25a706,1,1,0,-1,00000000,00000000,0,PASS
21,5,f16,C3,7,16384,24,aebe5ae8bb21cadf,1,1,0,-1,00000000,00000000,0,PASS
21,5,f16,C4,7,16384,24,6441aebc43e8962a,1,1,0,-1,00000000,00000000,0,PASS
21,5,f16,C0,8,16384,24,449b099b7bfd0383,1,1,0,-1,00000000,00000000,0,PASS
21,5,f16,C1,8,16384,24,80cdba4d8810a5c3,1,1,0,-1,00000000,00000000,0,PASS
21,5,f16,C2,8,16384,24,af28154ffb9ea876,1,1,0,-1,00000000,00000000,0,PASS
21,5,f16,C3,8,16384,24,51594c04876fd074,1,1,0,-1,00000000,00000000,0,PASS
21,5,f16,C4,8,16384,24,9e50fb1212e9adde,1,1,0,-1,00000000,00000000,0,PASS
21,6,f16,C0,2,4096,256,61e628f524230383,1,1,0,-1,00000000,00000000,0,PASS
21,6,f16,C1,2,4096,256,f3458625c6b0adb3,1,1,0,-1,00000000,00000000,0,PASS
21,6,f16,C2,2,4096,256,eaa8b46e71e992b4,1,1,0,-1,00000000,00000000,0,PASS
21,6,f16,C3,2,4096,256,64fb0a2aac46a1be,1,1,0,-1,00000000,00000000,0,PASS
21,6,f16,C4,2,4096,256,4712e9c2b1324d63,1,1,0,-1,00000000,00000000,0,PASS
21,6,f16,C0,3,4096,256,f361b91bfc660383,1,1,0,-1,00000000,00000000,0,PASS
21,6,f16,C1,3,4096,256,36aaaa69a328e07a,1,1,0,-1,00000000,00000000,0,PASS
21,6,f16,C2,3,4096,256,e36dde151415c0df,1,1,0,-1,00000000,00000000,0,PASS
21,6,f16,C3,3,4096,256,424968d0e1e2d1f8,1,1,0,-1,00000000,00000000,0,PASS
21,6,f16,C4,3,4096,256,e34480993503b8a3,1,1,0,-1,00000000,00000000,0,PASS
21,6,f16,C0,4,4096,256,0e5df645d4a90383,1,1,0,-1,00000000,00000000,0,PASS
21,6,f16,C1,4,4096,256,cb611474e6bf1763,1,1,0,-1,00000000,00000000,0,PASS
21,6,f16,C2,4,4096,256,a668df01d5618865,1,1,0,-1,00000000,00000000,0,PASS
21,6,f16,C3,4,4096,256,1a5b6caa445747b1,1,1,0,-1,00000000,00000000,0,PASS
21,6,f16,C4,4,4096,256,04144d081eb41f66,1,1,0,-1,00000000,00000000,0,PASS
21,6,f16,C0,5,4096,256,649de072acec0383,1,1,0,-1,00000000,00000000,0,PASS
21,6,f16,C1,5,4096,256,7d3627c9d35592aa,1,1,0,-1,00000000,00000000,0,PASS
21,6,f16,C2,5,4096,256,d13581044f3dfab0,1,1,0,-1,00000000,00000000,0,PASS
21,6,f16,C3,5,4096,256,86ac1031b97eacbb,1,1,0,-1,00000000,00000000,0,PASS
21,6,f16,C4,5,4096,256,9ca02a032bb24fc6,1,1,0,-1,00000000,00000000,0,PASS
21,6,f16,C0,6,4096,256,a7e477a2852f0383,1,1,0,-1,00000000,00000000,0,PASS
21,6,f16,C1,6,4096,256,a8f5fc63ca83b793,1,1,0,-1,00000000,00000000,0,PASS
21,6,f16,C2,6,4096,256,2e2a6a2802a71ed0,1,1,0,-1,00000000,00000000,0,PASS
21,6,f16,C3,6,4096,256,e8ad0297a4cff1ac,1,1,0,-1,00000000,00000000,0,PASS
21,6,f16,C4,6,4096,256,e725a82e9783c012,1,1,0,-1,00000000,00000000,0,PASS
21,6,f16,C0,7,4096,256,89f4bbd55d720383,1,1,0,-1,00000000,00000000,0,PASS
21,6,f16,C1,7,4096,256,8a1e5e5f2f1ad85a,1,1,0,-1,00000000,00000000,0,PASS
21,6,f16,C2,7,4096,256,38cba9f3d15ed87c,1,1,0,-1,00000000,00000000,0,PASS
21,6,f16,C3,7,4096,256,57645533ab0944a2,1,1,0,-1,00000000,00000000,0,PASS
21,6,f16,C4,7,4096,256,a56d33ae4c8c775a,1,1,0,-1,00000000,00000000,0,PASS
21,6,f16,C0,8,4096,256,bc91ad0b35b50383,1,1,0,-1,00000000,00000000,0,PASS
21,6,f16,C1,8,4096,256,b049445697c9a5c3,1,1,0,-1,00000000,00000000,0,PASS
21,6,f16,C2,8,4096,256,7efc99aea35888c7,1,1,0,-1,00000000,00000000,0,PASS
21,6,f16,C3,8,4096,256,a27e5648bdc88261,1,1,0,-1,00000000,00000000,0,PASS
21,6,f16,C4,8,4096,256,d8f79ecae2861f1f,1,1,0,-1,00000000,00000000,0,PASS
22,0,f16,C0,2,16384,24,bc91ad0b35b50383,1,1,0,-1,00000000,00000000,0,PASS
22,0,f16,C1,2,16384,24,5dc3d7543112adb3,1,1,0,-1,00000000,00000000,0,PASS
22,0,f16,C2,2,16384,24,2182d4551e4fe2a3,1,1,0,-1,00000000,00000000,0,PASS
22,0,f16,C3,2,16384,24,08aad041e3d565cd,1,1,0,-1,00000000,00000000,0,PASS
22,0,f16,C4,2,16384,24,b25fa2af1f4d979f,1,1,0,-1,00000000,00000000,0,PASS
22,0,f16,C0,3,16384,24,8fc0340096c10383,1,1,0,-1,00000000,00000000,0,PASS
22,0,f16,C1,3,16384,24,b7a628de7278e07a,1,1,0,-1,00000000,00000000,0,PASS
22,0,f16,C2,3,16384,24,05a69f75d2d8e36d,1,1,0,-1,00000000,00000000,0,PASS
22,0,f16,C3,3,16384,24,1452cbb9e7386c12,1,1,0,-1,00000000,00000000,0,PASS
22,0,f16,C4,3,16384,24,f5166e1daf6a5307,1,1,0,-1,00000000,00000000,0,PASS
22,0,f16,C0,4,16384,24,f8a98b25f7cd0383,1,1,0,-1,00000000,00000000,0,PASS
22,0,f16,C1,4,16384,24,6dd2f6a152781763,1,1,0,-1,00000000,00000000,0,PASS
22,0,f16,C2,4,16384,24,03b1a534c5b2c557,1,1,0,-1,00000000,00000000,0,PASS
22,0,f16,C3,4,16384,24,8d839153bbfeff6f,1,1,0,-1,00000000,00000000,0,PASS
22,0,f16,C4,4,16384,24,77f735b69bbdcc77,1,1,0,-1,00000000,00000000,0,PASS
22,0,f16,C0,5,16384,24,680db27b58d90383,1,1,0,-1,00000000,00000000,0,PASS
22,0,f16,C1,5,16384,24,849b32211e8c92aa,1,1,0,-1,00000000,00000000,0,PASS
22,0,f16,C2,5,16384,24,5c63d5b6c8cd0fe7,1,1,0,-1,00000000,00000000,0,PASS
22,0,f16,C3,5,16384,24,f5bba7242eb9158a,1,1,0,-1,00000000,00000000,0,PASS
22,0,f16,C4,5,16384,24,afa0291542a0c337,1,1,0,-1,00000000,00000000,0,PASS
22,0,f16,C0,6,16384,24,4eacaa00b9e50383,1,1,0,-1,00000000,00000000,0,PASS
22,0,f16,C1,6,16384,24,aa9ab88976b3b793,1,1,0,-1,00000000,00000000,0,PASS
22,0,f16,C2,6,16384,24,7492baf760eee0bc,1,1,0,-1,00000000,00000000,0,PASS
22,0,f16,C3,6,16384,24,b905a1d0594964bc,1,1,0,-1,00000000,00000000,0,PASS
22,0,f16,C4,6,16384,24,f28d61a32b65fc0a,1,1,0,-1,00000000,00000000,0,PASS
22,0,f16,C0,7,16384,24,1d4671b61af10383,1,1,0,-1,00000000,00000000,0,PASS
22,0,f16,C1,7,16384,24,3a7a16ba8fd8d85a,1,1,0,-1,00000000,00000000,0,PASS
22,0,f16,C2,7,16384,24,711aa99ced25a706,1,1,0,-1,00000000,00000000,0,PASS
22,0,f16,C3,7,16384,24,b1435769599b6840,1,1,0,-1,00000000,00000000,0,PASS
22,0,f16,C4,7,16384,24,6441aebc43e8962a,1,1,0,-1,00000000,00000000,0,PASS
22,0,f16,C0,8,16384,24,449b099b7bfd0383,1,1,0,-1,00000000,00000000,0,PASS
22,0,f16,C1,8,16384,24,80cdba4d8810a5c3,1,1,0,-1,00000000,00000000,0,PASS
22,0,f16,C2,8,16384,24,af28154ffb9ea876,1,1,0,-1,00000000,00000000,0,PASS
22,0,f16,C3,8,16384,24,e863f2792f1f1a9a,1,1,0,-1,00000000,00000000,0,PASS
22,0,f16,C4,8,16384,24,9e50fb1212e9adde,1,1,0,-1,00000000,00000000,0,PASS
22,1,q8_0,C0,2,4096,1024,61e628f524230383,1,1,0,-1,00000000,00000000,0,PASS
22,1,q8_0,C1,2,4096,1024,f3458625c6b0adb3,1,1,0,-1,00000000,00000000,0,PASS
22,1,q8_0,C2,2,4096,1024,eaa8b46e71e992b4,1,1,0,-1,00000000,00000000,0,PASS
22,1,q8_0,C3,2,4096,1024,da6bcec778f87439,1,1,0,-1,00000000,00000000,0,PASS
22,1,q8_0,C4,2,4096,1024,4712e9c2b1324d63,1,1,0,-1,00000000,00000000,0,PASS
22,1,q8_0,C0,3,4096,1024,f361b91bfc660383,1,1,0,-1,00000000,00000000,0,PASS
22,1,q8_0,C1,3,4096,1024,36aaaa69a328e07a,1,1,0,-1,00000000,00000000,0,PASS
22,1,q8_0,C2,3,4096,1024,e36dde151415c0df,1,1,0,-1,00000000,00000000,0,PASS
22,1,q8_0,C3,3,4096,1024,6728e48e0d576c4e,1,1,0,-1,00000000,00000000,0,PASS
22,1,q8_0,C4,3,4096,1024,e34480993503b8a3,1,1,0,-1,00000000,00000000,0,PASS
22,1,q8_0,C0,4,4096,1024,0e5df645d4a90383,1,1,0,-1,00000000,00000000,0,PASS
22,1,q8_0,C1,4,4096,1024,cb611474e6bf1763,1,1,0,-1,00000000,00000000,0,PASS
22,1,q8_0,C2,4,4096,1024,a668df01d5618865,1,1,0,-1,00000000,00000000,0,PASS
22,1,q8_0,C3,4,4096,1024,526ded250276bee6,1,1,0,-1,00000000,00000000,0,PASS
22,1,q8_0,C4,4,4096,1024,04144d081eb41f66,1,1,0,-1,00000000,00000000,0,PASS
22,1,q8_0,C0,5,4096,1024,649de072acec0383,1,1,0,-1,00000000,00000000,0,PASS
22,1,q8_0,C1,5,4096,1024,7d3627c9d35592aa,1,1,0,-1,00000000,00000000,0,PASS
22,1,q8_0,C2,5,4096,1024,d13581044f3dfab0,1,1,0,-1,00000000,00000000,0,PASS
22,1,q8_0,C3,5,4096,1024,b8a5fb1eb4e319e5,1,1,0,-1,00000000,00000000,0,PASS
22,1,q8_0,C4,5,4096,1024,9ca02a032bb24fc6,1,1,0,-1,00000000,00000000,0,PASS
22,1,q8_0,C0,6,4096,1024,a7e477a2852f0383,1,1,0,-1,00000000,00000000,0,PASS
22,1,q8_0,C1,6,4096,1024,a8f5fc63ca83b793,1,1,0,-1,00000000,00000000,0,PASS
22,1,q8_0,C2,6,4096,1024,2e2a6a2802a71ed0,1,1,0,-1,00000000,00000000,0,PASS
22,1,q8_0,C3,6,4096,1024,7c34de6f6c234ec6,1,1,0,-1,00000000,00000000,0,PASS
22,1,q8_0,C4,6,4096,1024,e725a82e9783c012,1,1,0,-1,00000000,00000000,0,PASS
22,1,q8_0,C0,7,4096,1024,89f4bbd55d720383,1,1,0,-1,00000000,00000000,0,PASS
22,1,q8_0,C1,7,4096,1024,8a1e5e5f2f1ad85a,1,1,0,-1,00000000,00000000,0,PASS
22,1,q8_0,C2,7,4096,1024,38cba9f3d15ed87c,1,1,0,-1,00000000,00000000,0,PASS
22,1,q8_0,C3,7,4096,1024,f2770cc8c85b69a1,1,1,0,-1,00000000,00000000,0,PASS
22,1,q8_0,C4,7,4096,1024,a56d33ae4c8c775a,1,1,0,-1,00000000,00000000,0,PASS
22,1,q8_0,C0,8,4096,1024,bc91ad0b35b50383,1,1,0,-1,00000000,00000000,0,PASS
22,1,q8_0,C1,8,4096,1024,b049445697c9a5c3,1,1,0,-1,00000000,00000000,0,PASS
22,1,q8_0,C2,8,4096,1024,7efc99aea35888c7,1,1,0,-1,00000000,00000000,0,PASS
22,1,q8_0,C3,8,4096,1024,62a4006a508f4bdf,1,1,0,-1,00000000,00000000,0,PASS
22,1,q8_0,C4,8,4096,1024,d8f79ecae2861f1f,1,1,0,-1,00000000,00000000,0,PASS
22,2,q8_0,C0,2,4096,512,61e628f524230383,1,1,0,-1,00000000,00000000,0,PASS
22,2,q8_0,C1,2,4096,512,f3458625c6b0adb3,1,1,0,-1,00000000,00000000,0,PASS
22,2,q8_0,C2,2,4096,512,eaa8b46e71e992b4,1,1,0,-1,00000000,00000000,0,PASS
22,2,q8_0,C3,2,4096,512,5096d4d91778c238,1,1,0,-1,00000000,00000000,0,PASS
22,2,q8_0,C4,2,4096,512,4712e9c2b1324d63,1,1,0,-1,00000000,00000000,0,PASS
22,2,q8_0,C0,3,4096,512,f361b91bfc660383,1,1,0,-1,00000000,00000000,0,PASS
22,2,q8_0,C1,3,4096,512,36aaaa69a328e07a,1,1,0,-1,00000000,00000000,0,PASS
22,2,q8_0,C2,3,4096,512,e36dde151415c0df,1,1,0,-1,00000000,00000000,0,PASS
22,2,q8_0,C3,3,4096,512,09a1f0bd03604af7,1,1,0,-1,00000000,00000000,0,PASS
22,2,q8_0,C4,3,4096,512,e34480993503b8a3,1,1,0,-1,00000000,00000000,0,PASS
22,2,q8_0,C0,4,4096,512,0e5df645d4a90383,1,1,0,-1,00000000,00000000,0,PASS
22,2,q8_0,C1,4,4096,512,cb611474e6bf1763,1,1,0,-1,00000000,00000000,0,PASS
22,2,q8_0,C2,4,4096,512,a668df01d5618865,1,1,0,-1,00000000,00000000,0,PASS
22,2,q8_0,C3,4,4096,512,fc0467a259a08ca2,1,1,0,-1,00000000,00000000,0,PASS
22,2,q8_0,C4,4,4096,512,04144d081eb41f66,1,1,0,-1,00000000,00000000,0,PASS
22,2,q8_0,C0,5,4096,512,649de072acec0383,1,1,0,-1,00000000,00000000,0,PASS
22,2,q8_0,C1,5,4096,512,7d3627c9d35592aa,1,1,0,-1,00000000,00000000,0,PASS
22,2,q8_0,C2,5,4096,512,d13581044f3dfab0,1,1,0,-1,00000000,00000000,0,PASS
22,2,q8_0,C3,5,4096,512,9a393f971140e22c,1,1,0,-1,00000000,00000000,0,PASS
22,2,q8_0,C4,5,4096,512,9ca02a032bb24fc6,1,1,0,-1,00000000,00000000,0,PASS
22,2,q8_0,C0,6,4096,512,a7e477a2852f0383,1,1,0,-1,00000000,00000000,0,PASS
22,2,q8_0,C1,6,4096,512,a8f5fc63ca83b793,1,1,0,-1,00000000,00000000,0,PASS
22,2,q8_0,C2,6,4096,512,2e2a6a2802a71ed0,1,1,0,-1,00000000,00000000,0,PASS
22,2,q8_0,C3,6,4096,512,235dfb7312cb6b99,1,1,0,-1,00000000,00000000,0,PASS
22,2,q8_0,C4,6,4096,512,e725a82e9783c012,1,1,0,-1,00000000,00000000,0,PASS
22,2,q8_0,C0,7,4096,512,89f4bbd55d720383,1,1,0,-1,00000000,00000000,0,PASS
22,2,q8_0,C1,7,4096,512,8a1e5e5f2f1ad85a,1,1,0,-1,00000000,00000000,0,PASS
22,2,q8_0,C2,7,4096,512,38cba9f3d15ed87c,1,1,0,-1,00000000,00000000,0,PASS
22,2,q8_0,C3,7,4096,512,921bc54a19a2f240,1,1,0,-1,00000000,00000000,0,PASS
22,2,q8_0,C4,7,4096,512,a56d33ae4c8c775a,1,1,0,-1,00000000,00000000,0,PASS
22,2,q8_0,C0,8,4096,512,bc91ad0b35b50383,1,1,0,-1,00000000,00000000,0,PASS
22,2,q8_0,C1,8,4096,512,b049445697c9a5c3,1,1,0,-1,00000000,00000000,0,PASS
22,2,q8_0,C2,8,4096,512,7efc99aea35888c7,1,1,0,-1,00000000,00000000,0,PASS
22,2,q8_0,C3,8,4096,512,a3d1489d07113ae3,1,1,0,-1,00000000,00000000,0,PASS
22,2,q8_0,C4,8,4096,512,d8f79ecae2861f1f,1,1,0,-1,00000000,00000000,0,PASS
22,3,q8_0,C0,2,1024,32768,66a385207fbe8383,1,1,0,-1,00000000,00000000,0,PASS
22,3,q8_0,C1,2,1024,32768,ea4b97e88c182db3,1,1,0,-1,00000000,00000000,0,PASS
22,3,q8_0,C2,2,1024,32768,70800d37477b9cc9,1,1,0,-1,00000000,00000000,0,PASS
22,3,q8_0,C3,2,1024,32768,4117961639448097,1,1,0,-1,00000000,00000000,0,PASS
22,3,q8_0,C4,2,1024,32768,71e3b48a7ebcb79f,1,1,0,-1,00000000,00000000,0,PASS
22,3,q8_0,C0,3,1024,32768,09b99610cdcf4383,1,1,0,-1,00000000,00000000,0,PASS
22,3,q8_0,C1,3,1024,32768,f303d2023f54e07a,1,1,0,-1,00000000,00000000,0,PASS
22,3,q8_0,C2,3,1024,32768,17b139ff4bb1b56e,1,1,0,-1,00000000,00000000,0,PASS
22,3,q8_0,C3,3,1024,32768,70006e5c93e72305,1,1,0,-1,00000000,00000000,0,PASS
22,3,q8_0,C4,3,1024,32768,7684a1bb04066307,1,1,0,-1,00000000,00000000,0,PASS
22,3,q8_0,C0,4,1024,32768,a82845d14be00383,1,1,0,-1,00000000,00000000,0,PASS
22,3,q8_0,C1,4,1024,32768,829e2379d3d0d763,1,1,0,-1,00000000,00000000,0,PASS
22,3,q8_0,C2,4,1024,32768,2c41771fb26e6aa4,1,1,0,-1,00000000,00000000,0,PASS
22,3,q8_0,C3,4,1024,32768,3074b428a979e2ad,1,1,0,-1,00000000,00000000,0,PASS
22,3,q8_0,C4,4,1024,32768,00c364baeed7cc77,1,1,0,-1,00000000,00000000,0,PASS
22,3,q8_0,C0,5,1024,32768,a536a061f9f0c383,1,1,0,-1,00000000,00000000,0,PASS
22,3,q8_0,C1,5,1024,32768,cd5cb4a48887d2aa,1,1,0,-1,00000000,00000000,0,PASS
22,3,q8_0,C2,5,1024,32768,fe68e9da3c4fa0b4,1,1,0,-1,00000000,00000000,0,PASS
22,3,q8_0,C3,5,1024,32768,50654640d2ec0c77,1,1,0,-1,00000000,00000000,0,PASS
22,3,q8_0,C4,5,1024,32768,85d67414a04db337,1,1,0,-1,00000000,00000000,0,PASS
22,3,q8_0,C0,6,1024,32768,e72bb1c2d8018383,1,1,0,-1,00000000,00000000,0,PASS
22,3,q8_0,C1,6,1024,32768,606b07352f77b793,1,1,0,-1,00000000,00000000,0,PASS
22,3,q8_0,C2,6,1024,32768,aac88d06cc8d8c24,1,1,0,-1,00000000,00000000,0,PASS
22,3,q8_0,C3,6,1024,32768,cd3800862a1506db,1,1,0,-1,00000000,00000000,0,PASS
22,3,q8_0,C4,6,1024,32768,90a3e3c502279c0a,1,1,0,-1,00000000,00000000,0,PASS
22,3,q8_0,C0,7,1024,32768,d74e85f3e6124383,1,1,0,-1,00000000,00000000,0,PASS
22,3,q8_0,C1,7,1024,32768,0680c4d6b6eb585a,1,1,0,-1,00000000,00000000,0,PASS
22,3,q8_0,C2,7,1024,32768,68aeccecb4841b1a,1,1,0,-1,00000000,00000000,0,PASS
22,3,q8_0,C3,7,1024,32768,1cedf9344f9b55ca,1,1,0,-1,00000000,00000000,0,PASS
22,3,q8_0,C4,7,1024,32768,e3547e032da9e62a,1,1,0,-1,00000000,00000000,0,PASS
22,3,q8_0,C0,8,1024,32768,61e628f524230383,1,1,0,-1,00000000,00000000,0,PASS
22,3,q8_0,C1,8,1024,32768,f5568f1793b7e5c3,1,1,0,-1,00000000,00000000,0,PASS
22,3,q8_0,C2,8,1024,32768,f510f9a7c42e2707,1,1,0,-1,00000000,00000000,0,PASS
22,3,q8_0,C3,8,1024,32768,4505db3574b760be,1,1,0,-1,00000000,00000000,0,PASS
22,3,q8_0,C4,8,1024,32768,bb27994fbd6c0dde,1,1,0,-1,00000000,00000000,0,PASS
22,4,q8_0,C0,2,8192,4096,0e5df645d4a90383,1,1,0,-1,00000000,00000000,0,PASS
22,4,q8_0,C1,2,8192,4096,a7596f63ea26adb3,1,1,0,-1,00000000,00000000,0,PASS
22,4,q8_0,C2,2,8192,4096,6024392d967b7573,1,1,0,-1,00000000,00000000,0,PASS
22,4,q8_0,C3,2,8192,4096,164fd6a24ee90480,1,1,0,-1,00000000,00000000,0,PASS
22,4,q8_0,C4,2,8192,4096,756a42230c87de66,1,1,0,-1,00000000,00000000,0,PASS
22,4,q8_0,C0,3,8192,4096,a7e477a2852f0383,1,1,0,-1,00000000,00000000,0,PASS
22,4,q8_0,C1,3,8192,4096,40f463593d98e07a,1,1,0,-1,00000000,00000000,0,PASS
22,4,q8_0,C2,3,8192,4096,6bda8fe4c61d0fba,1,1,0,-1,00000000,00000000,0,PASS
22,4,q8_0,C3,3,8192,4096,9ff0e1f4301810b5,1,1,0,-1,00000000,00000000,0,PASS
22,4,q8_0,C4,3,8192,4096,7ef18a95c50f9806,1,1,0,-1,00000000,00000000,0,PASS
22,4,q8_0,C0,4,8192,4096,bc91ad0b35b50383,1,1,0,-1,00000000,00000000,0,PASS
22,4,q8_0,C1,4,8192,4096,1e7b80deb5521763,1,1,0,-1,00000000,00000000,0,PASS
22,4,q8_0,C2,4,8192,4096,95646a8ebd044b5d,1,1,0,-1,00000000,00000000,0,PASS
22,4,q8_0,C3,4,8192,4096,7dba182af020d73a,1,1,0,-1,00000000,00000000,0,PASS
22,4,q8_0,C4,4,8192,4096,7b7263e3adedcd6f,1,1,0,-1,00000000,00000000,0,PASS
22,4,q8_0,C0,5,8192,4096,da7d967fe63b0383,1,1,0,-1,00000000,00000000,0,PASS
22,4,q8_0,C1,5,8192,4096,2439109c971292aa,1,1,0,-1,00000000,00000000,0,PASS
22,4,q8_0,C2,5,8192,4096,ac7103964b5c796d,1,1,0,-1,00000000,00000000,0,PASS
22,4,q8_0,C3,5,8192,4096,4e6125082e7ba10d,1,1,0,-1,00000000,00000000,0,PASS
22,4,q8_0,C4,5,8192,4096,84cd276f9ee09557,1,1,0,-1,00000000,00000000,0,PASS
22,4,q8_0,C0,6,8192,4096,8fc0340096c10383,1,1,0,-1,00000000,00000000,0,PASS
22,4,q8_0,C1,6,8192,4096,6b7fdec3ae93b793,1,1,0,-1,00000000,00000000,0,PASS
22,4,q8_0,C2,6,8192,4096,158880dca80356a5,1,1,0,-1,00000000,00000000,0,PASS
22,4,q8_0,C3,6,8192,4096,f0c57eaf223fe4f9,1,1,0,-1,00000000,00000000,0,PASS
22,4,q8_0,C4,6,8192,4096,6fb2cac120b4a24e,1,1,0,-1,00000000,00000000,0,PASS
22,4,q8_0,C0,7,8192,4096,6a71858d47470383,1,1,0,-1,00000000,00000000,0,PASS
22,4,q8_0,C1,7,8192,4096,665eaf56fa04d85a,1,1,0,-1,00000000,00000000,0,PASS
22,4,q8_0,C2,7,8192,4096,d0efefe3fcd897e2,1,1,0,-1,00000000,00000000,0,PASS
22,4,q8_0,C3,7,8192,4096,5c1553499a77c381,1,1,0,-1,00000000,00000000,0,PASS
22,4,q8_0,C4,7,8192,4096,90b943a9e7d55d36,1,1,0,-1,00000000,00000000,0,PASS
22,4,q8_0,C0,8,8192,4096,f8a98b25f7cd0383,1,1,0,-1,00000000,00000000,0,PASS
22,4,q8_0,C1,8,8192,4096,c26c1a6b3d36a5c3,1,1,0,-1,00000000,00000000,0,PASS
22,4,q8_0,C2,8,8192,4096,95ac06e3a54b4ef2,1,1,0,-1,00000000,00000000,0,PASS
22,4,q8_0,C3,8,8192,4096,4bb724a68b3416ca,1,1,0,-1,00000000,00000000,0,PASS
22,4,q8_0,C4,8,8192,4096,3da45e1f8a9f3b1f,1,1,0,-1,00000000,00000000,0,PASS
22,5,f16,C0,2,16384,24,bc91ad0b35b50383,1,1,0,-1,00000000,00000000,0,PASS
22,5,f16,C1,2,16384,24,5dc3d7543112adb3,1,1,0,-1,00000000,00000000,0,PASS
22,5,f16,C2,2,16384,24,2182d4551e4fe2a3,1,1,0,-1,00000000,00000000,0,PASS
22,5,f16,C3,2,16384,24,0878a979e6893fe2,1,1,0,-1,00000000,00000000,0,PASS
22,5,f16,C4,2,16384,24,b25fa2af1f4d979f,1,1,0,-1,00000000,00000000,0,PASS
22,5,f16,C0,3,16384,24,8fc0340096c10383,1,1,0,-1,00000000,00000000,0,PASS
22,5,f16,C1,3,16384,24,b7a628de7278e07a,1,1,0,-1,00000000,00000000,0,PASS
22,5,f16,C2,3,16384,24,05a69f75d2d8e36d,1,1,0,-1,00000000,00000000,0,PASS
22,5,f16,C3,3,16384,24,6fd6b7e790340215,1,1,0,-1,00000000,00000000,0,PASS
22,5,f16,C4,3,16384,24,f5166e1daf6a5307,1,1,0,-1,00000000,00000000,0,PASS
22,5,f16,C0,4,16384,24,f8a98b25f7cd0383,1,1,0,-1,00000000,00000000,0,PASS
22,5,f16,C1,4,16384,24,6dd2f6a152781763,1,1,0,-1,00000000,00000000,0,PASS
22,5,f16,C2,4,16384,24,03b1a534c5b2c557,1,1,0,-1,00000000,00000000,0,PASS
22,5,f16,C3,4,16384,24,aef2acd2bd2d0b24,1,1,0,-1,00000000,00000000,0,PASS
22,5,f16,C4,4,16384,24,77f735b69bbdcc77,1,1,0,-1,00000000,00000000,0,PASS
22,5,f16,C0,5,16384,24,680db27b58d90383,1,1,0,-1,00000000,00000000,0,PASS
22,5,f16,C1,5,16384,24,849b32211e8c92aa,1,1,0,-1,00000000,00000000,0,PASS
22,5,f16,C2,5,16384,24,5c63d5b6c8cd0fe7,1,1,0,-1,00000000,00000000,0,PASS
22,5,f16,C3,5,16384,24,dd101d8b04a9454b,1,1,0,-1,00000000,00000000,0,PASS
22,5,f16,C4,5,16384,24,afa0291542a0c337,1,1,0,-1,00000000,00000000,0,PASS
22,5,f16,C0,6,16384,24,4eacaa00b9e50383,1,1,0,-1,00000000,00000000,0,PASS
22,5,f16,C1,6,16384,24,aa9ab88976b3b793,1,1,0,-1,00000000,00000000,0,PASS
22,5,f16,C2,6,16384,24,7492baf760eee0bc,1,1,0,-1,00000000,00000000,0,PASS
22,5,f16,C3,6,16384,24,1aec5d759799492b,1,1,0,-1,00000000,00000000,0,PASS
22,5,f16,C4,6,16384,24,f28d61a32b65fc0a,1,1,0,-1,00000000,00000000,0,PASS
22,5,f16,C0,7,16384,24,1d4671b61af10383,1,1,0,-1,00000000,00000000,0,PASS
22,5,f16,C1,7,16384,24,3a7a16ba8fd8d85a,1,1,0,-1,00000000,00000000,0,PASS
22,5,f16,C2,7,16384,24,711aa99ced25a706,1,1,0,-1,00000000,00000000,0,PASS
22,5,f16,C3,7,16384,24,fec45e424a236a05,1,1,0,-1,00000000,00000000,0,PASS
22,5,f16,C4,7,16384,24,6441aebc43e8962a,1,1,0,-1,00000000,00000000,0,PASS
22,5,f16,C0,8,16384,24,449b099b7bfd0383,1,1,0,-1,00000000,00000000,0,PASS
22,5,f16,C1,8,16384,24,80cdba4d8810a5c3,1,1,0,-1,00000000,00000000,0,PASS
22,5,f16,C2,8,16384,24,af28154ffb9ea876,1,1,0,-1,00000000,00000000,0,PASS
22,5,f16,C3,8,16384,24,69570c714b044031,1,1,0,-1,00000000,00000000,0,PASS
22,5,f16,C4,8,16384,24,9e50fb1212e9adde,1,1,0,-1,00000000,00000000,0,PASS
22,6,f16,C0,2,4096,256,61e628f524230383,1,1,0,-1,00000000,00000000,0,PASS
22,6,f16,C1,2,4096,256,f3458625c6b0adb3,1,1,0,-1,00000000,00000000,0,PASS
22,6,f16,C2,2,4096,256,eaa8b46e71e992b4,1,1,0,-1,00000000,00000000,0,PASS
22,6,f16,C3,2,4096,256,931d83b9ca175098,1,1,0,-1,00000000,00000000,0,PASS
22,6,f16,C4,2,4096,256,4712e9c2b1324d63,1,1,0,-1,00000000,00000000,0,PASS
22,6,f16,C0,3,4096,256,f361b91bfc660383,1,1,0,-1,00000000,00000000,0,PASS
22,6,f16,C1,3,4096,256,36aaaa69a328e07a,1,1,0,-1,00000000,00000000,0,PASS
22,6,f16,C2,3,4096,256,e36dde151415c0df,1,1,0,-1,00000000,00000000,0,PASS
22,6,f16,C3,3,4096,256,fc899d0ed57a0e14,1,1,0,-1,00000000,00000000,0,PASS
22,6,f16,C4,3,4096,256,e34480993503b8a3,1,1,0,-1,00000000,00000000,0,PASS
22,6,f16,C0,4,4096,256,0e5df645d4a90383,1,1,0,-1,00000000,00000000,0,PASS
22,6,f16,C1,4,4096,256,cb611474e6bf1763,1,1,0,-1,00000000,00000000,0,PASS
22,6,f16,C2,4,4096,256,a668df01d5618865,1,1,0,-1,00000000,00000000,0,PASS
22,6,f16,C3,4,4096,256,93281cbd305b5cb9,1,1,0,-1,00000000,00000000,0,PASS
22,6,f16,C4,4,4096,256,04144d081eb41f66,1,1,0,-1,00000000,00000000,0,PASS
22,6,f16,C0,5,4096,256,649de072acec0383,1,1,0,-1,00000000,00000000,0,PASS
22,6,f16,C1,5,4096,256,7d3627c9d35592aa,1,1,0,-1,00000000,00000000,0,PASS
22,6,f16,C2,5,4096,256,d13581044f3dfab0,1,1,0,-1,00000000,00000000,0,PASS
22,6,f16,C3,5,4096,256,45fb84115815d540,1,1,0,-1,00000000,00000000,0,PASS
22,6,f16,C4,5,4096,256,9ca02a032bb24fc6,1,1,0,-1,00000000,00000000,0,PASS
22,6,f16,C0,6,4096,256,a7e477a2852f0383,1,1,0,-1,00000000,00000000,0,PASS
22,6,f16,C1,6,4096,256,a8f5fc63ca83b793,1,1,0,-1,00000000,00000000,0,PASS
22,6,f16,C2,6,4096,256,2e2a6a2802a71ed0,1,1,0,-1,00000000,00000000,0,PASS
22,6,f16,C3,6,4096,256,a68e8449b7d54e45,1,1,0,-1,00000000,00000000,0,PASS
22,6,f16,C4,6,4096,256,e725a82e9783c012,1,1,0,-1,00000000,00000000,0,PASS
22,6,f16,C0,7,4096,256,89f4bbd55d720383,1,1,0,-1,00000000,00000000,0,PASS
22,6,f16,C1,7,4096,256,8a1e5e5f2f1ad85a,1,1,0,-1,00000000,00000000,0,PASS
22,6,f16,C2,7,4096,256,38cba9f3d15ed87c,1,1,0,-1,00000000,00000000,0,PASS
22,6,f16,C3,7,4096,256,d087acead4e3ff01,1,1,0,-1,00000000,00000000,0,PASS
22,6,f16,C4,7,4096,256,a56d33ae4c8c775a,1,1,0,-1,00000000,00000000,0,PASS
22,6,f16,C0,8,4096,256,bc91ad0b35b50383,1,1,0,-1,00000000,00000000,0,PASS
22,6,f16,C1,8,4096,256,b049445697c9a5c3,1,1,0,-1,00000000,00000000,0,PASS
22,6,f16,C2,8,4096,256,7efc99aea35888c7,1,1,0,-1,00000000,00000000,0,PASS
22,6,f16,C3,8,4096,256,1d8288e674b36996,1,1,0,-1,00000000,00000000,0,PASS
22,6,f16,C4,8,4096,256,d8f79ecae2861f1f,1,1,0,-1,00000000,00000000,0,PASS
23,0,f16,C0,2,16384,24,bc91ad0b35b50383,1,1,0,-1,00000000,00000000,0,PASS
23,0,f16,C1,2,16384,24,5dc3d7543112adb3,1,1,0,-1,00000000,00000000,0,PASS
23,0,f16,C2,2,16384,24,2182d4551e4fe2a3,1,1,0,-1,00000000,00000000,0,PASS
23,0,f16,C3,2,16384,24,d4d3c4654b4046ca,1,1,0,-1,00000000,00000000,0,PASS
23,0,f16,C4,2,16384,24,b25fa2af1f4d979f,1,1,0,-1,00000000,00000000,0,PASS
23,0,f16,C0,3,16384,24,8fc0340096c10383,1,1,0,-1,00000000,00000000,0,PASS
23,0,f16,C1,3,16384,24,b7a628de7278e07a,1,1,0,-1,00000000,00000000,0,PASS
23,0,f16,C2,3,16384,24,05a69f75d2d8e36d,1,1,0,-1,00000000,00000000,0,PASS
23,0,f16,C3,3,16384,24,4ef57402a9077d77,1,1,0,-1,00000000,00000000,0,PASS
23,0,f16,C4,3,16384,24,f5166e1daf6a5307,1,1,0,-1,00000000,00000000,0,PASS
23,0,f16,C0,4,16384,24,f8a98b25f7cd0383,1,1,0,-1,00000000,00000000,0,PASS
23,0,f16,C1,4,16384,24,6dd2f6a152781763,1,1,0,-1,00000000,00000000,0,PASS
23,0,f16,C2,4,16384,24,03b1a534c5b2c557,1,1,0,-1,00000000,00000000,0,PASS
23,0,f16,C3,4,16384,24,c968e47c3d1e2b7f,1,1,0,-1,00000000,00000000,0,PASS
23,0,f16,C4,4,16384,24,77f735b69bbdcc77,1,1,0,-1,00000000,00000000,0,PASS
23,0,f16,C0,5,16384,24,680db27b58d90383,1,1,0,-1,00000000,00000000,0,PASS
23,0,f16,C1,5,16384,24,849b32211e8c92aa,1,1,0,-1,00000000,00000000,0,PASS
23,0,f16,C2,5,16384,24,5c63d5b6c8cd0fe7,1,1,0,-1,00000000,00000000,0,PASS
23,0,f16,C3,5,16384,24,c3c245fca9163925,1,1,0,-1,00000000,00000000,0,PASS
23,0,f16,C4,5,16384,24,afa0291542a0c337,1,1,0,-1,00000000,00000000,0,PASS
23,0,f16,C0,6,16384,24,4eacaa00b9e50383,1,1,0,-1,00000000,00000000,0,PASS
23,0,f16,C1,6,16384,24,aa9ab88976b3b793,1,1,0,-1,00000000,00000000,0,PASS
23,0,f16,C2,6,16384,24,7492baf760eee0bc,1,1,0,-1,00000000,00000000,0,PASS
23,0,f16,C3,6,16384,24,6735c9797e4430bb,1,1,0,-1,00000000,00000000,0,PASS
23,0,f16,C4,6,16384,24,f28d61a32b65fc0a,1,1,0,-1,00000000,00000000,0,PASS
23,0,f16,C0,7,16384,24,1d4671b61af10383,1,1,0,-1,00000000,00000000,0,PASS
23,0,f16,C1,7,16384,24,3a7a16ba8fd8d85a,1,1,0,-1,00000000,00000000,0,PASS
23,0,f16,C2,7,16384,24,711aa99ced25a706,1,1,0,-1,00000000,00000000,0,PASS
23,0,f16,C3,7,16384,24,48ebf8f428855cf1,1,1,0,-1,00000000,00000000,0,PASS
23,0,f16,C4,7,16384,24,6441aebc43e8962a,1,1,0,-1,00000000,00000000,0,PASS
23,0,f16,C0,8,16384,24,449b099b7bfd0383,1,1,0,-1,00000000,00000000,0,PASS
23,0,f16,C1,8,16384,24,80cdba4d8810a5c3,1,1,0,-1,00000000,00000000,0,PASS
23,0,f16,C2,8,16384,24,af28154ffb9ea876,1,1,0,-1,00000000,00000000,0,PASS
23,0,f16,C3,8,16384,24,6c5d197f399f6796,1,1,0,-1,00000000,00000000,0,PASS
23,0,f16,C4,8,16384,24,9e50fb1212e9adde,1,1,0,-1,00000000,00000000,0,PASS
23,1,q8_0,C0,2,4096,1024,61e628f524230383,1,1,0,-1,00000000,00000000,0,PASS
23,1,q8_0,C1,2,4096,1024,f3458625c6b0adb3,1,1,0,-1,00000000,00000000,0,PASS
23,1,q8_0,C2,2,4096,1024,eaa8b46e71e992b4,1,1,0,-1,00000000,00000000,0,PASS
23,1,q8_0,C3,2,4096,1024,18fcafe15ae28ffb,1,1,0,-1,00000000,00000000,0,PASS
23,1,q8_0,C4,2,4096,1024,4712e9c2b1324d63,1,1,0,-1,00000000,00000000,0,PASS
23,1,q8_0,C0,3,4096,1024,f361b91bfc660383,1,1,0,-1,00000000,00000000,0,PASS
23,1,q8_0,C1,3,4096,1024,36aaaa69a328e07a,1,1,0,-1,00000000,00000000,0,PASS
23,1,q8_0,C2,3,4096,1024,e36dde151415c0df,1,1,0,-1,00000000,00000000,0,PASS
23,1,q8_0,C3,3,4096,1024,6b07a016f7700e8b,1,1,0,-1,00000000,00000000,0,PASS
23,1,q8_0,C4,3,4096,1024,e34480993503b8a3,1,1,0,-1,00000000,00000000,0,PASS
23,1,q8_0,C0,4,4096,1024,0e5df645d4a90383,1,1,0,-1,00000000,00000000,0,PASS
23,1,q8_0,C1,4,4096,1024,cb611474e6bf1763,1,1,0,-1,00000000,00000000,0,PASS
23,1,q8_0,C2,4,4096,1024,a668df01d5618865,1,1,0,-1,00000000,00000000,0,PASS
23,1,q8_0,C3,4,4096,1024,12128674d4c54661,1,1,0,-1,00000000,00000000,0,PASS
23,1,q8_0,C4,4,4096,1024,04144d081eb41f66,1,1,0,-1,00000000,00000000,0,PASS
23,1,q8_0,C0,5,4096,1024,649de072acec0383,1,1,0,-1,00000000,00000000,0,PASS
23,1,q8_0,C1,5,4096,1024,7d3627c9d35592aa,1,1,0,-1,00000000,00000000,0,PASS
23,1,q8_0,C2,5,4096,1024,d13581044f3dfab0,1,1,0,-1,00000000,00000000,0,PASS
23,1,q8_0,C3,5,4096,1024,210b1c3af24108e6,1,1,0,-1,00000000,00000000,0,PASS
23,1,q8_0,C4,5,4096,1024,9ca02a032bb24fc6,1,1,0,-1,00000000,00000000,0,PASS
23,1,q8_0,C0,6,4096,1024,a7e477a2852f0383,1,1,0,-1,00000000,00000000,0,PASS
23,1,q8_0,C1,6,4096,1024,a8f5fc63ca83b793,1,1,0,-1,00000000,00000000,0,PASS
23,1,q8_0,C2,6,4096,1024,2e2a6a2802a71ed0,1,1,0,-1,00000000,00000000,0,PASS
23,1,q8_0,C3,6,4096,1024,4e9fdf4b5926398a,1,1,0,-1,00000000,00000000,0,PASS
23,1,q8_0,C4,6,4096,1024,e725a82e9783c012,1,1,0,-1,00000000,00000000,0,PASS
23,1,q8_0,C0,7,4096,1024,89f4bbd55d720383,1,1,0,-1,00000000,00000000,0,PASS
23,1,q8_0,C1,7,4096,1024,8a1e5e5f2f1ad85a,1,1,0,-1,00000000,00000000,0,PASS
23,1,q8_0,C2,7,4096,1024,38cba9f3d15ed87c,1,1,0,-1,00000000,00000000,0,PASS
23,1,q8_0,C3,7,4096,1024,e158e0c379ab0393,1,1,0,-1,00000000,00000000,0,PASS
23,1,q8_0,C4,7,4096,1024,a56d33ae4c8c775a,1,1,0,-1,00000000,00000000,0,PASS
23,1,q8_0,C0,8,4096,1024,bc91ad0b35b50383,1,1,0,-1,00000000,00000000,0,PASS
23,1,q8_0,C1,8,4096,1024,b049445697c9a5c3,1,1,0,-1,00000000,00000000,0,PASS
23,1,q8_0,C2,8,4096,1024,7efc99aea35888c7,1,1,0,-1,00000000,00000000,0,PASS
23,1,q8_0,C3,8,4096,1024,560303e85e14d20c,1,1,0,-1,00000000,00000000,0,PASS
23,1,q8_0,C4,8,4096,1024,d8f79ecae2861f1f,1,1,0,-1,00000000,00000000,0,PASS
23,2,q8_0,C0,2,4096,512,61e628f524230383,1,1,0,-1,00000000,00000000,0,PASS
23,2,q8_0,C1,2,4096,512,f3458625c6b0adb3,1,1,0,-1,00000000,00000000,0,PASS
23,2,q8_0,C2,2,4096,512,eaa8b46e71e992b4,1,1,0,-1,00000000,00000000,0,PASS
23,2,q8_0,C3,2,4096,512,de120224bde2978e,1,1,0,-1,00000000,00000000,0,PASS
23,2,q8_0,C4,2,4096,512,4712e9c2b1324d63,1,1,0,-1,00000000,00000000,0,PASS
23,2,q8_0,C0,3,4096,512,f361b91bfc660383,1,1,0,-1,00000000,00000000,0,PASS
23,2,q8_0,C1,3,4096,512,36aaaa69a328e07a,1,1,0,-1,00000000,00000000,0,PASS
23,2,q8_0,C2,3,4096,512,e36dde151415c0df,1,1,0,-1,00000000,00000000,0,PASS
23,2,q8_0,C3,3,4096,512,39f107fb89fc879a,1,1,0,-1,00000000,00000000,0,PASS
23,2,q8_0,C4,3,4096,512,e34480993503b8a3,1,1,0,-1,00000000,00000000,0,PASS
23,2,q8_0,C0,4,4096,512,0e5df645d4a90383,1,1,0,-1,00000000,00000000,0,PASS
23,2,q8_0,C1,4,4096,512,cb611474e6bf1763,1,1,0,-1,00000000,00000000,0,PASS
23,2,q8_0,C2,4,4096,512,a668df01d5618865,1,1,0,-1,00000000,00000000,0,PASS
23,2,q8_0,C3,4,4096,512,c1793c05424465eb,1,1,0,-1,00000000,00000000,0,PASS
23,2,q8_0,C4,4,4096,512,04144d081eb41f66,1,1,0,-1,00000000,00000000,0,PASS
23,2,q8_0,C0,5,4096,512,649de072acec0383,1,1,0,-1,00000000,00000000,0,PASS
23,2,q8_0,C1,5,4096,512,7d3627c9d35592aa,1,1,0,-1,00000000,00000000,0,PASS
23,2,q8_0,C2,5,4096,512,d13581044f3dfab0,1,1,0,-1,00000000,00000000,0,PASS
23,2,q8_0,C3,5,4096,512,ed0ba0d53607e5e6,1,1,0,-1,00000000,00000000,0,PASS
23,2,q8_0,C4,5,4096,512,9ca02a032bb24fc6,1,1,0,-1,00000000,00000000,0,PASS
23,2,q8_0,C0,6,4096,512,a7e477a2852f0383,1,1,0,-1,00000000,00000000,0,PASS
23,2,q8_0,C1,6,4096,512,a8f5fc63ca83b793,1,1,0,-1,00000000,00000000,0,PASS
23,2,q8_0,C2,6,4096,512,2e2a6a2802a71ed0,1,1,0,-1,00000000,00000000,0,PASS
23,2,q8_0,C3,6,4096,512,98f220ecbdc582e7,1,1,0,-1,00000000,00000000,0,PASS
23,2,q8_0,C4,6,4096,512,e725a82e9783c012,1,1,0,-1,00000000,00000000,0,PASS
23,2,q8_0,C0,7,4096,512,89f4bbd55d720383,1,1,0,-1,00000000,00000000,0,PASS
23,2,q8_0,C1,7,4096,512,8a1e5e5f2f1ad85a,1,1,0,-1,00000000,00000000,0,PASS
23,2,q8_0,C2,7,4096,512,38cba9f3d15ed87c,1,1,0,-1,00000000,00000000,0,PASS
23,2,q8_0,C3,7,4096,512,49ec5924e0e72e4c,1,1,0,-1,00000000,00000000,0,PASS
23,2,q8_0,C4,7,4096,512,a56d33ae4c8c775a,1,1,0,-1,00000000,00000000,0,PASS
23,2,q8_0,C0,8,4096,512,bc91ad0b35b50383,1,1,0,-1,00000000,00000000,0,PASS
23,2,q8_0,C1,8,4096,512,b049445697c9a5c3,1,1,0,-1,00000000,00000000,0,PASS
23,2,q8_0,C2,8,4096,512,7efc99aea35888c7,1,1,0,-1,00000000,00000000,0,PASS
23,2,q8_0,C3,8,4096,512,20821301fbfb1f2b,1,1,0,-1,00000000,00000000,0,PASS
23,2,q8_0,C4,8,4096,512,d8f79ecae2861f1f,1,1,0,-1,00000000,00000000,0,PASS
23,3,q8_0,C0,2,1024,32768,66a385207fbe8383,1,1,0,-1,00000000,00000000,0,PASS
23,3,q8_0,C1,2,1024,32768,ea4b97e88c182db3,1,1,0,-1,00000000,00000000,0,PASS
23,3,q8_0,C2,2,1024,32768,70800d37477b9cc9,1,1,0,-1,00000000,00000000,0,PASS
23,3,q8_0,C3,2,1024,32768,db91d9c28a478cae,1,1,0,-1,00000000,00000000,0,PASS
23,3,q8_0,C4,2,1024,32768,71e3b48a7ebcb79f,1,1,0,-1,00000000,00000000,0,PASS
23,3,q8_0,C0,3,1024,32768,09b99610cdcf4383,1,1,0,-1,00000000,00000000,0,PASS
23,3,q8_0,C1,3,1024,32768,f303d2023f54e07a,1,1,0,-1,00000000,00000000,0,PASS
23,3,q8_0,C2,3,1024,32768,17b139ff4bb1b56e,1,1,0,-1,00000000,00000000,0,PASS
23,3,q8_0,C3,3,1024,32768,3b222ad3ada20084,1,1,0,-1,00000000,00000000,0,PASS
23,3,q8_0,C4,3,1024,32768,7684a1bb04066307,1,1,0,-1,00000000,00000000,0,PASS
23,3,q8_0,C0,4,1024,32768,a82845d14be00383,1,1,0,-1,00000000,00000000,0,PASS
23,3,q8_0,C1,4,1024,32768,829e2379d3d0d763,1,1,0,-1,00000000,00000000,0,PASS
23,3,q8_0,C2,4,1024,32768,2c41771fb26e6aa4,1,1,0,-1,00000000,00000000,0,PASS
23,3,q8_0,C3,4,1024,32768,c7127953ec71b7df,1,1,0,-1,00000000,00000000,0,PASS
23,3,q8_0,C4,4,1024,32768,00c364baeed7cc77,1,1,0,-1,00000000,00000000,0,PASS
23,3,q8_0,C0,5,1024,32768,a536a061f9f0c383,1,1,0,-1,00000000,00000000,0,PASS
23,3,q8_0,C1,5,1024,32768,cd5cb4a48887d2aa,1,1,0,-1,00000000,00000000,0,PASS
23,3,q8_0,C2,5,1024,32768,fe68e9da3c4fa0b4,1,1,0,-1,00000000,00000000,0,PASS
23,3,q8_0,C3,5,1024,32768,9d13770499bbbe17,1,1,0,-1,00000000,00000000,0,PASS
23,3,q8_0,C4,5,1024,32768,85d67414a04db337,1,1,0,-1,00000000,00000000,0,PASS
23,3,q8_0,C0,6,1024,32768,e72bb1c2d8018383,1,1,0,-1,00000000,00000000,0,PASS
23,3,q8_0,C1,6,1024,32768,606b07352f77b793,1,1,0,-1,00000000,00000000,0,PASS
23,3,q8_0,C2,6,1024,32768,aac88d06cc8d8c24,1,1,0,-1,00000000,00000000,0,PASS
23,3,q8_0,C3,6,1024,32768,e47b76d19414625e,1,1,0,-1,00000000,00000000,0,PASS
23,3,q8_0,C4,6,1024,32768,90a3e3c502279c0a,1,1,0,-1,00000000,00000000,0,PASS
23,3,q8_0,C0,7,1024,32768,d74e85f3e6124383,1,1,0,-1,00000000,00000000,0,PASS
23,3,q8_0,C1,7,1024,32768,0680c4d6b6eb585a,1,1,0,-1,00000000,00000000,0,PASS
23,3,q8_0,C2,7,1024,32768,68aeccecb4841b1a,1,1,0,-1,00000000,00000000,0,PASS
23,3,q8_0,C3,7,1024,32768,4c4a359d37b558dc,1,1,0,-1,00000000,00000000,0,PASS
23,3,q8_0,C4,7,1024,32768,e3547e032da9e62a,1,1,0,-1,00000000,00000000,0,PASS
23,3,q8_0,C0,8,1024,32768,61e628f524230383,1,1,0,-1,00000000,00000000,0,PASS
23,3,q8_0,C1,8,1024,32768,f5568f1793b7e5c3,1,1,0,-1,00000000,00000000,0,PASS
23,3,q8_0,C2,8,1024,32768,f510f9a7c42e2707,1,1,0,-1,00000000,00000000,0,PASS
23,3,q8_0,C3,8,1024,32768,1d16c1d3d06ea2bb,1,1,0,-1,00000000,00000000,0,PASS
23,3,q8_0,C4,8,1024,32768,bb27994fbd6c0dde,1,1,0,-1,00000000,00000000,0,PASS
23,4,q8_0,C0,2,8192,4096,0e5df645d4a90383,1,1,0,-1,00000000,00000000,0,PASS
23,4,q8_0,C1,2,8192,4096,a7596f63ea26adb3,1,1,0,-1,00000000,00000000,0,PASS
23,4,q8_0,C2,2,8192,4096,6024392d967b7573,1,1,0,-1,00000000,00000000,0,PASS
23,4,q8_0,C3,2,8192,4096,36954fbe65ecc74f,1,1,0,-1,00000000,00000000,0,PASS
23,4,q8_0,C4,2,8192,4096,756a42230c87de66,1,1,0,-1,00000000,00000000,0,PASS
23,4,q8_0,C0,3,8192,4096,a7e477a2852f0383,1,1,0,-1,00000000,00000000,0,PASS
23,4,q8_0,C1,3,8192,4096,40f463593d98e07a,1,1,0,-1,00000000,00000000,0,PASS
23,4,q8_0,C2,3,8192,4096,6bda8fe4c61d0fba,1,1,0,-1,00000000,00000000,0,PASS
23,4,q8_0,C3,3,8192,4096,5eb97321565346c6,1,1,0,-1,00000000,00000000,0,PASS
23,4,q8_0,C4,3,8192,4096,7ef18a95c50f9806,1,1,0,-1,00000000,00000000,0,PASS
23,4,q8_0,C0,4,8192,4096,bc91ad0b35b50383,1,1,0,-1,00000000,00000000,0,PASS
23,4,q8_0,C1,4,8192,4096,1e7b80deb5521763,1,1,0,-1,00000000,00000000,0,PASS
23,4,q8_0,C2,4,8192,4096,95646a8ebd044b5d,1,1,0,-1,00000000,00000000,0,PASS
23,4,q8_0,C3,4,8192,4096,dffe0d04c2956604,1,1,0,-1,00000000,00000000,0,PASS
23,4,q8_0,C4,4,8192,4096,7b7263e3adedcd6f,1,1,0,-1,00000000,00000000,0,PASS
23,4,q8_0,C0,5,8192,4096,da7d967fe63b0383,1,1,0,-1,00000000,00000000,0,PASS
23,4,q8_0,C1,5,8192,4096,2439109c971292aa,1,1,0,-1,00000000,00000000,0,PASS
23,4,q8_0,C2,5,8192,4096,ac7103964b5c796d,1,1,0,-1,00000000,00000000,0,PASS
23,4,q8_0,C3,5,8192,4096,f9fbc22cda4ff8d0,1,1,0,-1,00000000,00000000,0,PASS
23,4,q8_0,C4,5,8192,4096,84cd276f9ee09557,1,1,0,-1,00000000,00000000,0,PASS
23,4,q8_0,C0,6,8192,4096,8fc0340096c10383,1,1,0,-1,00000000,00000000,0,PASS
23,4,q8_0,C1,6,8192,4096,6b7fdec3ae93b793,1,1,0,-1,00000000,00000000,0,PASS
23,4,q8_0,C2,6,8192,4096,158880dca80356a5,1,1,0,-1,00000000,00000000,0,PASS
23,4,q8_0,C3,6,8192,4096,715460880d37f935,1,1,0,-1,00000000,00000000,0,PASS
23,4,q8_0,C4,6,8192,4096,6fb2cac120b4a24e,1,1,0,-1,00000000,00000000,0,PASS
23,4,q8_0,C0,7,8192,4096,6a71858d47470383,1,1,0,-1,00000000,00000000,0,PASS
23,4,q8_0,C1,7,8192,4096,665eaf56fa04d85a,1,1,0,-1,00000000,00000000,0,PASS
23,4,q8_0,C2,7,8192,4096,d0efefe3fcd897e2,1,1,0,-1,00000000,00000000,0,PASS
23,4,q8_0,C3,7,8192,4096,6b451befe60fc14c,1,1,0,-1,00000000,00000000,0,PASS
23,4,q8_0,C4,7,8192,4096,90b943a9e7d55d36,1,1,0,-1,00000000,00000000,0,PASS
23,4,q8_0,C0,8,8192,4096,f8a98b25f7cd0383,1,1,0,-1,00000000,00000000,0,PASS
23,4,q8_0,C1,8,8192,4096,c26c1a6b3d36a5c3,1,1,0,-1,00000000,00000000,0,PASS
23,4,q8_0,C2,8,8192,4096,95ac06e3a54b4ef2,1,1,0,-1,00000000,00000000,0,PASS
23,4,q8_0,C3,8,8192,4096,b8a94f2cb9d2b558,1,1,0,-1,00000000,00000000,0,PASS
23,4,q8_0,C4,8,8192,4096,3da45e1f8a9f3b1f,1,1,0,-1,00000000,00000000,0,PASS
23,5,f16,C0,2,16384,24,bc91ad0b35b50383,1,1,0,-1,00000000,00000000,0,PASS
23,5,f16,C1,2,16384,24,5dc3d7543112adb3,1,1,0,-1,00000000,00000000,0,PASS
23,5,f16,C2,2,16384,24,2182d4551e4fe2a3,1,1,0,-1,00000000,00000000,0,PASS
23,5,f16,C3,2,16384,24,200920292870eb0e,1,1,0,-1,00000000,00000000,0,PASS
23,5,f16,C4,2,16384,24,b25fa2af1f4d979f,1,1,0,-1,00000000,00000000,0,PASS
23,5,f16,C0,3,16384,24,8fc0340096c10383,1,1,0,-1,00000000,00000000,0,PASS
23,5,f16,C1,3,16384,24,b7a628de7278e07a,1,1,0,-1,00000000,00000000,0,PASS
23,5,f16,C2,3,16384,24,05a69f75d2d8e36d,1,1,0,-1,00000000,00000000,0,PASS
23,5,f16,C3,3,16384,24,34dbb5a143ff3eff,1,1,0,-1,00000000,00000000,0,PASS
23,5,f16,C4,3,16384,24,f5166e1daf6a5307,1,1,0,-1,00000000,00000000,0,PASS
23,5,f16,C0,4,16384,24,f8a98b25f7cd0383,1,1,0,-1,00000000,00000000,0,PASS
23,5,f16,C1,4,16384,24,6dd2f6a152781763,1,1,0,-1,00000000,00000000,0,PASS
23,5,f16,C2,4,16384,24,03b1a534c5b2c557,1,1,0,-1,00000000,00000000,0,PASS
23,5,f16,C3,4,16384,24,ffe3b63fdea94cd0,1,1,0,-1,00000000,00000000,0,PASS
23,5,f16,C4,4,16384,24,77f735b69bbdcc77,1,1,0,-1,00000000,00000000,0,PASS
23,5,f16,C0,5,16384,24,680db27b58d90383,1,1,0,-1,00000000,00000000,0,PASS
23,5,f16,C1,5,16384,24,849b32211e8c92aa,1,1,0,-1,00000000,00000000,0,PASS
23,5,f16,C2,5,16384,24,5c63d5b6c8cd0fe7,1,1,0,-1,00000000,00000000,0,PASS
23,5,f16,C3,5,16384,24,99816ca5b656115e,1,1,0,-1,00000000,00000000,0,PASS
23,5,f16,C4,5,16384,24,afa0291542a0c337,1,1,0,-1,00000000,00000000,0,PASS
23,5,f16,C0,6,16384,24,4eacaa00b9e50383,1,1,0,-1,00000000,00000000,0,PASS
23,5,f16,C1,6,16384,24,aa9ab88976b3b793,1,1,0,-1,00000000,00000000,0,PASS
23,5,f16,C2,6,16384,24,7492baf760eee0bc,1,1,0,-1,00000000,00000000,0,PASS
23,5,f16,C3,6,16384,24,ca0d9552164d3562,1,1,0,-1,00000000,00000000,0,PASS
23,5,f16,C4,6,16384,24,f28d61a32b65fc0a,1,1,0,-1,00000000,00000000,0,PASS
23,5,f16,C0,7,16384,24,1d4671b61af10383,1,1,0,-1,00000000,00000000,0,PASS
23,5,f16,C1,7,16384,24,3a7a16ba8fd8d85a,1,1,0,-1,00000000,00000000,0,PASS
23,5,f16,C2,7,16384,24,711aa99ced25a706,1,1,0,-1,00000000,00000000,0,PASS
23,5,f16,C3,7,16384,24,a5273e0420b6049a,1,1,0,-1,00000000,00000000,0,PASS
23,5,f16,C4,7,16384,24,6441aebc43e8962a,1,1,0,-1,00000000,00000000,0,PASS
23,5,f16,C0,8,16384,24,449b099b7bfd0383,1,1,0,-1,00000000,00000000,0,PASS
23,5,f16,C1,8,16384,24,80cdba4d8810a5c3,1,1,0,-1,00000000,00000000,0,PASS
23,5,f16,C2,8,16384,24,af28154ffb9ea876,1,1,0,-1,00000000,00000000,0,PASS
23,5,f16,C3,8,16384,24,ae7871683ad49419,1,1,0,-1,00000000,00000000,0,PASS
23,5,f16,C4,8,16384,24,9e50fb1212e9adde,1,1,0,-1,00000000,00000000,0,PASS
23,6,f16,C0,2,4096,256,61e628f524230383,1,1,0,-1,00000000,00000000,0,PASS
23,6,f16,C1,2,4096,256,f3458625c6b0adb3,1,1,0,-1,00000000,00000000,0,PASS
23,6,f16,C2,2,4096,256,eaa8b46e71e992b4,1,1,0,-1,00000000,00000000,0,PASS
23,6,f16,C3,2,4096,256,d484aa4a325758a0,1,1,0,-1,00000000,00000000,0,PASS
23,6,f16,C4,2,4096,256,4712e9c2b1324d63,1,1,0,-1,00000000,00000000,0,PASS
23,6,f16,C0,3,4096,256,f361b91bfc660383,1,1,0,-1,00000000,00000000,0,PASS
23,6,f16,C1,3,4096,256,36aaaa69a328e07a,1,1,0,-1,00000000,00000000,0,PASS
23,6,f16,C2,3,4096,256,e36dde151415c0df,1,1,0,-1,00000000,00000000,0,PASS
23,6,f16,C3,3,4096,256,40efa70602a573af,1,1,0,-1,00000000,00000000,0,PASS
23,6,f16,C4,3,4096,256,e34480993503b8a3,1,1,0,-1,00000000,00000000,0,PASS
23,6,f16,C0,4,4096,256,0e5df645d4a90383,1,1,0,-1,00000000,00000000,0,PASS
23,6,f16,C1,4,4096,256,cb611474e6bf1763,1,1,0,-1,00000000,00000000,0,PASS
23,6,f16,C2,4,4096,256,a668df01d5618865,1,1,0,-1,00000000,00000000,0,PASS
23,6,f16,C3,4,4096,256,59d89657d7e8ba1e,1,1,0,-1,00000000,00000000,0,PASS
23,6,f16,C4,4,4096,256,04144d081eb41f66,1,1,0,-1,00000000,00000000,0,PASS
23,6,f16,C0,5,4096,256,649de072acec0383,1,1,0,-1,00000000,00000000,0,PASS
23,6,f16,C1,5,4096,256,7d3627c9d35592aa,1,1,0,-1,00000000,00000000,0,PASS
23,6,f16,C2,5,4096,256,d13581044f3dfab0,1,1,0,-1,00000000,00000000,0,PASS
23,6,f16,C3,5,4096,256,0bf790de457c63d6,1,1,0,-1,00000000,00000000,0,PASS
23,6,f16,C4,5,4096,256,9ca02a032bb24fc6,1,1,0,-1,00000000,00000000,0,PASS
23,6,f16,C0,6,4096,256,a7e477a2852f0383,1,1,0,-1,00000000,00000000,0,PASS
23,6,f16,C1,6,4096,256,a8f5fc63ca83b793,1,1,0,-1,00000000,00000000,0,PASS
23,6,f16,C2,6,4096,256,2e2a6a2802a71ed0,1,1,0,-1,00000000,00000000,0,PASS
23,6,f16,C3,6,4096,256,06362db7265d19d3,1,1,0,-1,00000000,00000000,0,PASS
23,6,f16,C4,6,4096,256,e725a82e9783c012,1,1,0,-1,00000000,00000000,0,PASS
23,6,f16,C0,7,4096,256,89f4bbd55d720383,1,1,0,-1,00000000,00000000,0,PASS
23,6,f16,C1,7,4096,256,8a1e5e5f2f1ad85a,1,1,0,-1,00000000,00000000,0,PASS
23,6,f16,C2,7,4096,256,38cba9f3d15ed87c,1,1,0,-1,00000000,00000000,0,PASS
23,6,f16,C3,7,4096,256,a63bf8b6ff3183d4,1,1,0,-1,00000000,00000000,0,PASS
23,6,f16,C4,7,4096,256,a56d33ae4c8c775a,1,1,0,-1,00000000,00000000,0,PASS
23,6,f16,C0,8,4096,256,bc91ad0b35b50383,1,1,0,-1,00000000,00000000,0,PASS
23,6,f16,C1,8,4096,256,b049445697c9a5c3,1,1,0,-1,00000000,00000000,0,PASS
23,6,f16,C2,8,4096,256,7efc99aea35888c7,1,1,0,-1,00000000,00000000,0,PASS
23,6,f16,C3,8,4096,256,b71b9ad1ba0e3192,1,1,0,-1,00000000,00000000,0,PASS
23,6,f16,C4,8,4096,256,d8f79ecae2861f1f,1,1,0,-1,00000000,00000000,0,PASS
24,0,f16,C0,2,16384,24,bc91ad0b35b50383,1,1,0,-1,00000000,00000000,0,PASS
24,0,f16,C1,2,16384,24,5dc3d7543112adb3,1,1,0,-1,00000000,00000000,0,PASS
24,0,f16,C2,2,16384,24,2182d4551e4fe2a3,1,1,0,-1,00000000,00000000,0,PASS
24,0,f16,C3,2,16384,24,8d63701a69eccf45,1,1,0,-1,00000000,00000000,0,PASS
24,0,f16,C4,2,16384,24,b25fa2af1f4d979f,1,1,0,-1,00000000,00000000,0,PASS
24,0,f16,C0,3,16384,24,8fc0340096c10383,1,1,0,-1,00000000,00000000,0,PASS
24,0,f16,C1,3,16384,24,b7a628de7278e07a,1,1,0,-1,00000000,00000000,0,PASS
24,0,f16,C2,3,16384,24,05a69f75d2d8e36d,1,1,0,-1,00000000,00000000,0,PASS
24,0,f16,C3,3,16384,24,a38ed67c277d731e,1,1,0,-1,00000000,00000000,0,PASS
24,0,f16,C4,3,16384,24,f5166e1daf6a5307,1,1,0,-1,00000000,00000000,0,PASS
24,0,f16,C0,4,16384,24,f8a98b25f7cd0383,1,1,0,-1,00000000,00000000,0,PASS
24,0,f16,C1,4,16384,24,6dd2f6a152781763,1,1,0,-1,00000000,00000000,0,PASS
24,0,f16,C2,4,16384,24,03b1a534c5b2c557,1,1,0,-1,00000000,00000000,0,PASS
24,0,f16,C3,4,16384,24,4ea9e9ba72d857f3,1,1,0,-1,00000000,00000000,0,PASS
24,0,f16,C4,4,16384,24,77f735b69bbdcc77,1,1,0,-1,00000000,00000000,0,PASS
24,0,f16,C0,5,16384,24,680db27b58d90383,1,1,0,-1,00000000,00000000,0,PASS
24,0,f16,C1,5,16384,24,849b32211e8c92aa,1,1,0,-1,00000000,00000000,0,PASS
24,0,f16,C2,5,16384,24,5c63d5b6c8cd0fe7,1,1,0,-1,00000000,00000000,0,PASS
24,0,f16,C3,5,16384,24,c8a43d070661fd62,1,1,0,-1,00000000,00000000,0,PASS
24,0,f16,C4,5,16384,24,afa0291542a0c337,1,1,0,-1,00000000,00000000,0,PASS
24,0,f16,C0,6,16384,24,4eacaa00b9e50383,1,1,0,-1,00000000,00000000,0,PASS
24,0,f16,C1,6,16384,24,aa9ab88976b3b793,1,1,0,-1,00000000,00000000,0,PASS
24,0,f16,C2,6,16384,24,7492baf760eee0bc,1,1,0,-1,00000000,00000000,0,PASS
24,0,f16,C3,6,16384,24,4e765ebc414a6b38,1,1,0,-1,00000000,00000000,0,PASS
24,0,f16,C4,6,16384,24,f28d61a32b65fc0a,1,1,0,-1,00000000,00000000,0,PASS
24,0,f16,C0,7,16384,24,1d4671b61af10383,1,1,0,-1,00000000,00000000,0,PASS
24,0,f16,C1,7,16384,24,3a7a16ba8fd8d85a,1,1,0,-1,00000000,00000000,0,PASS
24,0,f16,C2,7,16384,24,711aa99ced25a706,1,1,0,-1,00000000,00000000,0,PASS
24,0,f16,C3,7,16384,24,c1851bd39fc39987,1,1,0,-1,00000000,00000000,0,PASS
24,0,f16,C4,7,16384,24,6441aebc43e8962a,1,1,0,-1,00000000,00000000,0,PASS
24,0,f16,C0,8,16384,24,449b099b7bfd0383,1,1,0,-1,00000000,00000000,0,PASS
24,0,f16,C1,8,16384,24,80cdba4d8810a5c3,1,1,0,-1,00000000,00000000,0,PASS
24,0,f16,C2,8,16384,24,af28154ffb9ea876,1,1,0,-1,00000000,00000000,0,PASS
24,0,f16,C3,8,16384,24,822393360a64176a,1,1,0,-1,00000000,00000000,0,PASS
24,0,f16,C4,8,16384,24,9e50fb1212e9adde,1,1,0,-1,00000000,00000000,0,PASS
24,1,q8_0,C0,2,4096,1024,61e628f524230383,1,1,0,-1,00000000,00000000,0,PASS
24,1,q8_0,C1,2,4096,1024,f3458625c6b0adb3,1,1,0,-1,00000000,00000000,0,PASS
24,1,q8_0,C2,2,4096,1024,eaa8b46e71e992b4,1,1,0,-1,00000000,00000000,0,PASS
24,1,q8_0,C3,2,4096,1024,7521d835b641ab8b,1,1,0,-1,00000000,00000000,0,PASS
24,1,q8_0,C4,2,4096,1024,4712e9c2b1324d63,1,1,0,-1,00000000,00000000,0,PASS
24,1,q8_0,C0,3,4096,1024,f361b91bfc660383,1,1,0,-1,00000000,00000000,0,PASS
24,1,q8_0,C1,3,4096,1024,36aaaa69a328e07a,1,1,0,-1,00000000,00000000,0,PASS
24,1,q8_0,C2,3,4096,1024,e36dde151415c0df,1,1,0,-1,00000000,00000000,0,PASS
24,1,q8_0,C3,3,4096,1024,6187a47df5823b92,1,1,0,-1,00000000,00000000,0,PASS
24,1,q8_0,C4,3,4096,1024,e34480993503b8a3,1,1,0,-1,00000000,00000000,0,PASS
24,1,q8_0,C0,4,4096,1024,0e5df645d4a90383,1,1,0,-1,00000000,00000000,0,PASS
24,1,q8_0,C1,4,4096,1024,cb611474e6bf1763,1,1,0,-1,00000000,00000000,0,PASS
24,1,q8_0,C2,4,4096,1024,a668df01d5618865,1,1,0,-1,00000000,00000000,0,PASS
24,1,q8_0,C3,4,4096,1024,553679bd35de2198,1,1,0,-1,00000000,00000000,0,PASS
24,1,q8_0,C4,4,4096,1024,04144d081eb41f66,1,1,0,-1,00000000,00000000,0,PASS
24,1,q8_0,C0,5,4096,1024,649de072acec0383,1,1,0,-1,00000000,00000000,0,PASS
24,1,q8_0,C1,5,4096,1024,7d3627c9d35592aa,1,1,0,-1,00000000,00000000,0,PASS
24,1,q8_0,C2,5,4096,1024,d13581044f3dfab0,1,1,0,-1,00000000,00000000,0,PASS
24,1,q8_0,C3,5,4096,1024,0a5c35538eed9cb4,1,1,0,-1,00000000,00000000,0,PASS
24,1,q8_0,C4,5,4096,1024,9ca02a032bb24fc6,1,1,0,-1,00000000,00000000,0,PASS
24,1,q8_0,C0,6,4096,1024,a7e477a2852f0383,1,1,0,-1,00000000,00000000,0,PASS
24,1,q8_0,C1,6,4096,1024,a8f5fc63ca83b793,1,1,0,-1,00000000,00000000,0,PASS
24,1,q8_0,C2,6,4096,1024,2e2a6a2802a71ed0,1,1,0,-1,00000000,00000000,0,PASS
24,1,q8_0,C3,6,4096,1024,2b50d5e390e299c1,1,1,0,-1,00000000,00000000,0,PASS
24,1,q8_0,C4,6,4096,1024,e725a82e9783c012,1,1,0,-1,00000000,00000000,0,PASS
24,1,q8_0,C0,7,4096,1024,89f4bbd55d720383,1,1,0,-1,00000000,00000000,0,PASS
24,1,q8_0,C1,7,4096,1024,8a1e5e5f2f1ad85a,1,1,0,-1,00000000,00000000,0,PASS
24,1,q8_0,C2,7,4096,1024,38cba9f3d15ed87c,1,1,0,-1,00000000,00000000,0,PASS
24,1,q8_0,C3,7,4096,1024,863873dd19984570,1,1,0,-1,00000000,00000000,0,PASS
24,1,q8_0,C4,7,4096,1024,a56d33ae4c8c775a,1,1,0,-1,00000000,00000000,0,PASS
24,1,q8_0,C0,8,4096,1024,bc91ad0b35b50383,1,1,0,-1,00000000,00000000,0,PASS
24,1,q8_0,C1,8,4096,1024,b049445697c9a5c3,1,1,0,-1,00000000,00000000,0,PASS
24,1,q8_0,C2,8,4096,1024,7efc99aea35888c7,1,1,0,-1,00000000,00000000,0,PASS
24,1,q8_0,C3,8,4096,1024,3442e5ac168e1161,1,1,0,-1,00000000,00000000,0,PASS
24,1,q8_0,C4,8,4096,1024,d8f79ecae2861f1f,1,1,0,-1,00000000,00000000,0,PASS
24,2,q8_0,C0,2,4096,512,61e628f524230383,1,1,0,-1,00000000,00000000,0,PASS
24,2,q8_0,C1,2,4096,512,f3458625c6b0adb3,1,1,0,-1,00000000,00000000,0,PASS
24,2,q8_0,C2,2,4096,512,eaa8b46e71e992b4,1,1,0,-1,00000000,00000000,0,PASS
24,2,q8_0,C3,2,4096,512,1b6310282edf0ae9,1,1,0,-1,00000000,00000000,0,PASS
24,2,q8_0,C4,2,4096,512,4712e9c2b1324d63,1,1,0,-1,00000000,00000000,0,PASS
24,2,q8_0,C0,3,4096,512,f361b91bfc660383,1,1,0,-1,00000000,00000000,0,PASS
24,2,q8_0,C1,3,4096,512,36aaaa69a328e07a,1,1,0,-1,00000000,00000000,0,PASS
24,2,q8_0,C2,3,4096,512,e36dde151415c0df,1,1,0,-1,00000000,00000000,0,PASS
24,2,q8_0,C3,3,4096,512,409a6daf91da8e51,1,1,0,-1,00000000,00000000,0,PASS
24,2,q8_0,C4,3,4096,512,e34480993503b8a3,1,1,0,-1,00000000,00000000,0,PASS
24,2,q8_0,C0,4,4096,512,0e5df645d4a90383,1,1,0,-1,00000000,00000000,0,PASS
24,2,q8_0,C1,4,4096,512,cb611474e6bf1763,1,1,0,-1,00000000,00000000,0,PASS
24,2,q8_0,C2,4,4096,512,a668df01d5618865,1,1,0,-1,00000000,00000000,0,PASS
24,2,q8_0,C3,4,4096,512,e6509bea58f79aec,1,1,0,-1,00000000,00000000,0,PASS
24,2,q8_0,C4,4,4096,512,04144d081eb41f66,1,1,0,-1,00000000,00000000,0,PASS
24,2,q8_0,C0,5,4096,512,649de072acec0383,1,1,0,-1,00000000,00000000,0,PASS
24,2,q8_0,C1,5,4096,512,7d3627c9d35592aa,1,1,0,-1,00000000,00000000,0,PASS
24,2,q8_0,C2,5,4096,512,d13581044f3dfab0,1,1,0,-1,00000000,00000000,0,PASS
24,2,q8_0,C3,5,4096,512,57cd357f0bb4d5cc,1,1,0,-1,00000000,00000000,0,PASS
24,2,q8_0,C4,5,4096,512,9ca02a032bb24fc6,1,1,0,-1,00000000,00000000,0,PASS
24,2,q8_0,C0,6,4096,512,a7e477a2852f0383,1,1,0,-1,00000000,00000000,0,PASS
24,2,q8_0,C1,6,4096,512,a8f5fc63ca83b793,1,1,0,-1,00000000,00000000,0,PASS
24,2,q8_0,C2,6,4096,512,2e2a6a2802a71ed0,1,1,0,-1,00000000,00000000,0,PASS
24,2,q8_0,C3,6,4096,512,5690962a5b9f5f39,1,1,0,-1,00000000,00000000,0,PASS
24,2,q8_0,C4,6,4096,512,e725a82e9783c012,1,1,0,-1,00000000,00000000,0,PASS
24,2,q8_0,C0,7,4096,512,89f4bbd55d720383,1,1,0,-1,00000000,00000000,0,PASS
24,2,q8_0,C1,7,4096,512,8a1e5e5f2f1ad85a,1,1,0,-1,00000000,00000000,0,PASS
24,2,q8_0,C2,7,4096,512,38cba9f3d15ed87c,1,1,0,-1,00000000,00000000,0,PASS
24,2,q8_0,C3,7,4096,512,4aa6495ab7047044,1,1,0,-1,00000000,00000000,0,PASS
24,2,q8_0,C4,7,4096,512,a56d33ae4c8c775a,1,1,0,-1,00000000,00000000,0,PASS
24,2,q8_0,C0,8,4096,512,bc91ad0b35b50383,1,1,0,-1,00000000,00000000,0,PASS
24,2,q8_0,C1,8,4096,512,b049445697c9a5c3,1,1,0,-1,00000000,00000000,0,PASS
24,2,q8_0,C2,8,4096,512,7efc99aea35888c7,1,1,0,-1,00000000,00000000,0,PASS
24,2,q8_0,C3,8,4096,512,0226239bf94b77cf,1,1,0,-1,00000000,00000000,0,PASS
24,2,q8_0,C4,8,4096,512,d8f79ecae2861f1f,1,1,0,-1,00000000,00000000,0,PASS
24,3,q8_0,C0,2,1024,32768,66a385207fbe8383,1,1,0,-1,00000000,00000000,0,PASS
24,3,q8_0,C1,2,1024,32768,ea4b97e88c182db3,1,1,0,-1,00000000,00000000,0,PASS
24,3,q8_0,C2,2,1024,32768,70800d37477b9cc9,1,1,0,-1,00000000,00000000,0,PASS
24,3,q8_0,C3,2,1024,32768,333585271bc05d18,1,1,0,-1,00000000,00000000,0,PASS
24,3,q8_0,C4,2,1024,32768,71e3b48a7ebcb79f,1,1,0,-1,00000000,00000000,0,PASS
24,3,q8_0,C0,3,1024,32768,09b99610cdcf4383,1,1,0,-1,00000000,00000000,0,PASS
24,3,q8_0,C1,3,1024,32768,f303d2023f54e07a,1,1,0,-1,00000000,00000000,0,PASS
24,3,q8_0,C2,3,1024,32768,17b139ff4bb1b56e,1,1,0,-1,00000000,00000000,0,PASS
24,3,q8_0,C3,3,1024,32768,7b8fd50d2338eaef,1,1,0,-1,00000000,00000000,0,PASS
24,3,q8_0,C4,3,1024,32768,7684a1bb04066307,1,1,0,-1,00000000,00000000,0,PASS
24,3,q8_0,C0,4,1024,32768,a82845d14be00383,1,1,0,-1,00000000,00000000,0,PASS
24,3,q8_0,C1,4,1024,32768,829e2379d3d0d763,1,1,0,-1,00000000,00000000,0,PASS
24,3,q8_0,C2,4,1024,32768,2c41771fb26e6aa4,1,1,0,-1,00000000,00000000,0,PASS
24,3,q8_0,C3,4,1024,32768,1d0611355ad92d65,1,1,0,-1,00000000,00000000,0,PASS
24,3,q8_0,C4,4,1024,32768,00c364baeed7cc77,1,1,0,-1,00000000,00000000,0,PASS
24,3,q8_0,C0,5,1024,32768,a536a061f9f0c383,1,1,0,-1,00000000,00000000,0,PASS
24,3,q8_0,C1,5,1024,32768,cd5cb4a48887d2aa,1,1,0,-1,00000000,00000000,0,PASS
24,3,q8_0,C2,5,1024,32768,fe68e9da3c4fa0b4,1,1,0,-1,00000000,00000000,0,PASS
24,3,q8_0,C3,5,1024,32768,601918daf212f420,1,1,0,-1,00000000,00000000,0,PASS
24,3,q8_0,C4,5,1024,32768,85d67414a04db337,1,1,0,-1,00000000,00000000,0,PASS
24,3,q8_0,C0,6,1024,32768,e72bb1c2d8018383,1,1,0,-1,00000000,00000000,0,PASS
24,3,q8_0,C1,6,1024,32768,606b07352f77b793,1,1,0,-1,00000000,00000000,0,PASS
24,3,q8_0,C2,6,1024,32768,aac88d06cc8d8c24,1,1,0,-1,00000000,00000000,0,PASS
24,3,q8_0,C3,6,1024,32768,d3ce47a2d90b936b,1,1,0,-1,00000000,00000000,0,PASS
24,3,q8_0,C4,6,1024,32768,90a3e3c502279c0a,1,1,0,-1,00000000,00000000,0,PASS
24,3,q8_0,C0,7,1024,32768,d74e85f3e6124383,1,1,0,-1,00000000,00000000,0,PASS
24,3,q8_0,C1,7,1024,32768,0680c4d6b6eb585a,1,1,0,-1,00000000,00000000,0,PASS
24,3,q8_0,C2,7,1024,32768,68aeccecb4841b1a,1,1,0,-1,00000000,00000000,0,PASS
24,3,q8_0,C3,7,1024,32768,ba26d269ce75e344,1,1,0,-1,00000000,00000000,0,PASS
24,3,q8_0,C4,7,1024,32768,e3547e032da9e62a,1,1,0,-1,00000000,00000000,0,PASS
24,3,q8_0,C0,8,1024,32768,61e628f524230383,1,1,0,-1,00000000,00000000,0,PASS
24,3,q8_0,C1,8,1024,32768,f5568f1793b7e5c3,1,1,0,-1,00000000,00000000,0,PASS
24,3,q8_0,C2,8,1024,32768,f510f9a7c42e2707,1,1,0,-1,00000000,00000000,0,PASS
24,3,q8_0,C3,8,1024,32768,6d2c0e81b8910ba5,1,1,0,-1,00000000,00000000,0,PASS
24,3,q8_0,C4,8,1024,32768,bb27994fbd6c0dde,1,1,0,-1,00000000,00000000,0,PASS
24,4,q8_0,C0,2,8192,4096,0e5df645d4a90383,1,1,0,-1,00000000,00000000,0,PASS
24,4,q8_0,C1,2,8192,4096,a7596f63ea26adb3,1,1,0,-1,00000000,00000000,0,PASS
24,4,q8_0,C2,2,8192,4096,6024392d967b7573,1,1,0,-1,00000000,00000000,0,PASS
24,4,q8_0,C3,2,8192,4096,0c88990969c16f0e,1,1,0,-1,00000000,00000000,0,PASS
24,4,q8_0,C4,2,8192,4096,756a42230c87de66,1,1,0,-1,00000000,00000000,0,PASS
24,4,q8_0,C0,3,8192,4096,a7e477a2852f0383,1,1,0,-1,00000000,00000000,0,PASS
24,4,q8_0,C1,3,8192,4096,40f463593d98e07a,1,1,0,-1,00000000,00000000,0,PASS
24,4,q8_0,C2,3,8192,4096,6bda8fe4c61d0fba,1,1,0,-1,00000000,00000000,0,PASS
24,4,q8_0,C3,3,8192,4096,ff48c452e8e40339,1,1,0,-1,00000000,00000000,0,PASS
24,4,q8_0,C4,3,8192,4096,7ef18a95c50f9806,1,1,0,-1,00000000,00000000,0,PASS
24,4,q8_0,C0,4,8192,4096,bc91ad0b35b50383,1,1,0,-1,00000000,00000000,0,PASS
24,4,q8_0,C1,4,8192,4096,1e7b80deb5521763,1,1,0,-1,00000000,00000000,0,PASS
24,4,q8_0,C2,4,8192,4096,95646a8ebd044b5d,1,1,0,-1,00000000,00000000,0,PASS
24,4,q8_0,C3,4,8192,4096,c110333b4c1261e5,1,1,0,-1,00000000,00000000,0,PASS
24,4,q8_0,C4,4,8192,4096,7b7263e3adedcd6f,1,1,0,-1,00000000,00000000,0,PASS
24,4,q8_0,C0,5,8192,4096,da7d967fe63b0383,1,1,0,-1,00000000,00000000,0,PASS
24,4,q8_0,C1,5,8192,4096,2439109c971292aa,1,1,0,-1,00000000,00000000,0,PASS
24,4,q8_0,C2,5,8192,4096,ac7103964b5c796d,1,1,0,-1,00000000,00000000,0,PASS
24,4,q8_0,C3,5,8192,4096,8c02e8ead991962f,1,1,0,-1,00000000,00000000,0,PASS
24,4,q8_0,C4,5,8192,4096,84cd276f9ee09557,1,1,0,-1,00000000,00000000,0,PASS
24,4,q8_0,C0,6,8192,4096,8fc0340096c10383,1,1,0,-1,00000000,00000000,0,PASS
24,4,q8_0,C1,6,8192,4096,6b7fdec3ae93b793,1,1,0,-1,00000000,00000000,0,PASS
24,4,q8_0,C2,6,8192,4096,158880dca80356a5,1,1,0,-1,00000000,00000000,0,PASS
24,4,q8_0,C3,6,8192,4096,c9baf72f1b5a145a,1,1,0,-1,00000000,00000000,0,PASS
24,4,q8_0,C4,6,8192,4096,6fb2cac120b4a24e,1,1,0,-1,00000000,00000000,0,PASS
24,4,q8_0,C0,7,8192,4096,6a71858d47470383,1,1,0,-1,00000000,00000000,0,PASS
24,4,q8_0,C1,7,8192,4096,665eaf56fa04d85a,1,1,0,-1,00000000,00000000,0,PASS
24,4,q8_0,C2,7,8192,4096,d0efefe3fcd897e2,1,1,0,-1,00000000,00000000,0,PASS
24,4,q8_0,C3,7,8192,4096,cd6c8e6a9a925df7,1,1,0,-1,00000000,00000000,0,PASS
24,4,q8_0,C4,7,8192,4096,90b943a9e7d55d36,1,1,0,-1,00000000,00000000,0,PASS
24,4,q8_0,C0,8,8192,4096,f8a98b25f7cd0383,1,1,0,-1,00000000,00000000,0,PASS
24,4,q8_0,C1,8,8192,4096,c26c1a6b3d36a5c3,1,1,0,-1,00000000,00000000,0,PASS
24,4,q8_0,C2,8,8192,4096,95ac06e3a54b4ef2,1,1,0,-1,00000000,00000000,0,PASS
24,4,q8_0,C3,8,8192,4096,2338611fb9f80a0e,1,1,0,-1,00000000,00000000,0,PASS
24,4,q8_0,C4,8,8192,4096,3da45e1f8a9f3b1f,1,1,0,-1,00000000,00000000,0,PASS
24,5,f16,C0,2,16384,24,bc91ad0b35b50383,1,1,0,-1,00000000,00000000,0,PASS
24,5,f16,C1,2,16384,24,5dc3d7543112adb3,1,1,0,-1,00000000,00000000,0,PASS
24,5,f16,C2,2,16384,24,2182d4551e4fe2a3,1,1,0,-1,00000000,00000000,0,PASS
24,5,f16,C3,2,16384,24,ee500a5895bcb44c,1,1,0,-1,00000000,00000000,0,PASS
24,5,f16,C4,2,16384,24,b25fa2af1f4d979f,1,1,0,-1,00000000,00000000,0,PASS
24,5,f16,C0,3,16384,24,8fc0340096c10383,1,1,0,-1,00000000,00000000,0,PASS
24,5,f16,C1,3,16384,24,b7a628de7278e07a,1,1,0,-1,00000000,00000000,0,PASS
24,5,f16,C2,3,16384,24,05a69f75d2d8e36d,1,1,0,-1,00000000,00000000,0,PASS
24,5,f16,C3,3,16384,24,34906f26974a0252,1,1,0,-1,00000000,00000000,0,PASS
24,5,f16,C4,3,16384,24,f5166e1daf6a5307,1,1,0,-1,00000000,00000000,0,PASS
24,5,f16,C0,4,16384,24,f8a98b25f7cd0383,1,1,0,-1,00000000,00000000,0,PASS
24,5,f16,C1,4,16384,24,6dd2f6a152781763,1,1,0,-1,00000000,00000000,0,PASS
24,5,f16,C2,4,16384,24,03b1a534c5b2c557,1,1,0,-1,00000000,00000000,0,PASS
24,5,f16,C3,4,16384,24,9270ed11aede23d3,1,1,0,-1,00000000,00000000,0,PASS
24,5,f16,C4,4,16384,24,77f735b69bbdcc77,1,1,0,-1,00000000,00000000,0,PASS
24,5,f16,C0,5,16384,24,680db27b58d90383,1,1,0,-1,00000000,00000000,0,PASS
24,5,f16,C1,5,16384,24,849b32211e8c92aa,1,1,0,-1,00000000,00000000,0,PASS
24,5,f16,C2,5,16384,24,5c63d5b6c8cd0fe7,1,1,0,-1,00000000,00000000,0,PASS
24,5,f16,C3,5,16384,24,d36fdb0b8c94c9fb,1,1,0,-1,00000000,00000000,0,PASS
24,5,f16,C4,5,16384,24,afa0291542a0c337,1,1,0,-1,00000000,00000000,0,PASS
24,5,f16,C0,6,16384,24,4eacaa00b9e50383,1,1,0,-1,00000000,00000000,0,PASS
24,5,f16,C1,6,16384,24,aa9ab88976b3b793,1,1,0,-1,00000000,00000000,0,PASS
24,5,f16,C2,6,16384,24,7492baf760eee0bc,1,1,0,-1,00000000,00000000,0,PASS
24,5,f16,C3,6,16384,24,d9143fccd6037d77,1,1,0,-1,00000000,00000000,0,PASS
24,5,f16,C4,6,16384,24,f28d61a32b65fc0a,1,1,0,-1,00000000,00000000,0,PASS
24,5,f16,C0,7,16384,24,1d4671b61af10383,1,1,0,-1,00000000,00000000,0,PASS
24,5,f16,C1,7,16384,24,3a7a16ba8fd8d85a,1,1,0,-1,00000000,00000000,0,PASS
24,5,f16,C2,7,16384,24,711aa99ced25a706,1,1,0,-1,00000000,00000000,0,PASS
24,5,f16,C3,7,16384,24,348914e176c6ea8d,1,1,0,-1,00000000,00000000,0,PASS
24,5,f16,C4,7,16384,24,6441aebc43e8962a,1,1,0,-1,00000000,00000000,0,PASS
24,5,f16,C0,8,16384,24,449b099b7bfd0383,1,1,0,-1,00000000,00000000,0,PASS
24,5,f16,C1,8,16384,24,80cdba4d8810a5c3,1,1,0,-1,00000000,00000000,0,PASS
24,5,f16,C2,8,16384,24,af28154ffb9ea876,1,1,0,-1,00000000,00000000,0,PASS
24,5,f16,C3,8,16384,24,50fab2baae9e813a,1,1,0,-1,00000000,00000000,0,PASS
24,5,f16,C4,8,16384,24,9e50fb1212e9adde,1,1,0,-1,00000000,00000000,0,PASS
24,6,f16,C0,2,4096,256,61e628f524230383,1,1,0,-1,00000000,00000000,0,PASS
24,6,f16,C1,2,4096,256,f3458625c6b0adb3,1,1,0,-1,00000000,00000000,0,PASS
24,6,f16,C2,2,4096,256,eaa8b46e71e992b4,1,1,0,-1,00000000,00000000,0,PASS
24,6,f16,C3,2,4096,256,e31970ed091013af,1,1,0,-1,00000000,00000000,0,PASS
24,6,f16,C4,2,4096,256,4712e9c2b1324d63,1,1,0,-1,00000000,00000000,0,PASS
24,6,f16,C0,3,4096,256,f361b91bfc660383,1,1,0,-1,00000000,00000000,0,PASS
24,6,f16,C1,3,4096,256,36aaaa69a328e07a,1,1,0,-1,00000000,00000000,0,PASS
24,6,f16,C2,3,4096,256,e36dde151415c0df,1,1,0,-1,00000000,00000000,0,PASS
24,6,f16,C3,3,4096,256,1bce5b5800964c77,1,1,0,-1,00000000,00000000,0,PASS
24,6,f16,C4,3,4096,256,e34480993503b8a3,1,1,0,-1,00000000,00000000,0,PASS
24,6,f16,C0,4,4096,256,0e5df645d4a90383,1,1,0,-1,00000000,00000000,0,PASS
24,6,f16,C1,4,4096,256,cb611474e6bf1763,1,1,0,-1,00000000,00000000,0,PASS
24,6,f16,C2,4,4096,256,a668df01d5618865,1,1,0,-1,00000000,00000000,0,PASS
24,6,f16,C3,4,4096,256,c393bcce3a492bb9,1,1,0,-1,00000000,00000000,0,PASS
24,6,f16,C4,4,4096,256,04144d081eb41f66,1,1,0,-1,00000000,00000000,0,PASS
24,6,f16,C0,5,4096,256,649de072acec0383,1,1,0,-1,00000000,00000000,0,PASS
24,6,f16,C1,5,4096,256,7d3627c9d35592aa,1,1,0,-1,00000000,00000000,0,PASS
24,6,f16,C2,5,4096,256,d13581044f3dfab0,1,1,0,-1,00000000,00000000,0,PASS
24,6,f16,C3,5,4096,256,85b94f9cc884b7b9,1,1,0,-1,00000000,00000000,0,PASS
24,6,f16,C4,5,4096,256,9ca02a032bb24fc6,1,1,0,-1,00000000,00000000,0,PASS
24,6,f16,C0,6,4096,256,a7e477a2852f0383,1,1,0,-1,00000000,00000000,0,PASS
24,6,f16,C1,6,4096,256,a8f5fc63ca83b793,1,1,0,-1,00000000,00000000,0,PASS
24,6,f16,C2,6,4096,256,2e2a6a2802a71ed0,1,1,0,-1,00000000,00000000,0,PASS
24,6,f16,C3,6,4096,256,579b73ef75b3c20d,1,1,0,-1,00000000,00000000,0,PASS
24,6,f16,C4,6,4096,256,e725a82e9783c012,1,1,0,-1,00000000,00000000,0,PASS
24,6,f16,C0,7,4096,256,89f4bbd55d720383,1,1,0,-1,00000000,00000000,0,PASS
24,6,f16,C1,7,4096,256,8a1e5e5f2f1ad85a,1,1,0,-1,00000000,00000000,0,PASS
24,6,f16,C2,7,4096,256,38cba9f3d15ed87c,1,1,0,-1,00000000,00000000,0,PASS
24,6,f16,C3,7,4096,256,43cc190a4d862157,1,1,0,-1,00000000,00000000,0,PASS
24,6,f16,C4,7,4096,256,a56d33ae4c8c775a,1,1,0,-1,00000000,00000000,0,PASS
24,6,f16,C0,8,4096,256,bc91ad0b35b50383,1,1,0,-1,00000000,00000000,0,PASS
24,6,f16,C1,8,4096,256,b049445697c9a5c3,1,1,0,-1,00000000,00000000,0,PASS
24,6,f16,C2,8,4096,256,7efc99aea35888c7,1,1,0,-1,00000000,00000000,0,PASS
24,6,f16,C3,8,4096,256,1f39ac9291445bae,1,1,0,-1,00000000,00000000,0,PASS
24,6,f16,C4,8,4096,256,d8f79ecae2861f1f,1,1,0,-1,00000000,00000000,0,PASS
25,0,f16,C0,2,16384,24,bc91ad0b35b50383,1,1,0,-1,00000000,00000000,0,PASS
25,0,f16,C1,2,16384,24,5dc3d7543112adb3,1,1,0,-1,00000000,00000000,0,PASS
25,0,f16,C2,2,16384,24,2182d4551e4fe2a3,1,1,0,-1,00000000,00000000,0,PASS
25,0,f16,C3,2,16384,24,88679f9b55cabbdf,1,1,0,-1,00000000,00000000,0,PASS
25,0,f16,C4,2,16384,24,b25fa2af1f4d979f,1,1,0,-1,00000000,00000000,0,PASS
25,0,f16,C0,3,16384,24,8fc0340096c10383,1,1,0,-1,00000000,00000000,0,PASS
25,0,f16,C1,3,16384,24,b7a628de7278e07a,1,1,0,-1,00000000,00000000,0,PASS
25,0,f16,C2,3,16384,24,05a69f75d2d8e36d,1,1,0,-1,00000000,00000000,0,PASS
25,0,f16,C3,3,16384,24,bdb0297c03bd78cf,1,1,0,-1,00000000,00000000,0,PASS
25,0,f16,C4,3,16384,24,f5166e1daf6a5307,1,1,0,-1,00000000,00000000,0,PASS
25,0,f16,C0,4,16384,24,f8a98b25f7cd0383,1,1,0,-1,00000000,00000000,0,PASS
25,0,f16,C1,4,16384,24,6dd2f6a152781763,1,1,0,-1,00000000,00000000,0,PASS
25,0,f16,C2,4,16384,24,03b1a534c5b2c557,1,1,0,-1,00000000,00000000,0,PASS
25,0,f16,C3,4,16384,24,8af04528a847e412,1,1,0,-1,00000000,00000000,0,PASS
25,0,f16,C4,4,16384,24,77f735b69bbdcc77,1,1,0,-1,00000000,00000000,0,PASS
25,0,f16,C0,5,16384,24,680db27b58d90383,1,1,0,-1,00000000,00000000,0,PASS
25,0,f16,C1,5,16384,24,849b32211e8c92aa,1,1,0,-1,00000000,00000000,0,PASS
25,0,f16,C2,5,16384,24,5c63d5b6c8cd0fe7,1,1,0,-1,00000000,00000000,0,PASS
25,0,f16,C3,5,16384,24,4cd3849d70b7209c,1,1,0,-1,00000000,00000000,0,PASS
25,0,f16,C4,5,16384,24,afa0291542a0c337,1,1,0,-1,00000000,00000000,0,PASS
25,0,f16,C0,6,16384,24,4eacaa00b9e50383,1,1,0,-1,00000000,00000000,0,PASS
25,0,f16,C1,6,16384,24,aa9ab88976b3b793,1,1,0,-1,00000000,00000000,0,PASS
25,0,f16,C2,6,16384,24,7492baf760eee0bc,1,1,0,-1,00000000,00000000,0,PASS
25,0,f16,C3,6,16384,24,43a18751ff4df5e7,1,1,0,-1,00000000,00000000,0,PASS
25,0,f16,C4,6,16384,24,f28d61a32b65fc0a,1,1,0,-1,00000000,00000000,0,PASS
25,0,f16,C0,7,16384,24,1d4671b61af10383,1,1,0,-1,00000000,00000000,0,PASS
25,0,f16,C1,7,16384,24,3a7a16ba8fd8d85a,1,1,0,-1,00000000,00000000,0,PASS
25,0,f16,C2,7,16384,24,711aa99ced25a706,1,1,0,-1,00000000,00000000,0,PASS
25,0,f16,C3,7,16384,24,3f603d235bb86044,1,1,0,-1,00000000,00000000,0,PASS
25,0,f16,C4,7,16384,24,6441aebc43e8962a,1,1,0,-1,00000000,00000000,0,PASS
25,0,f16,C0,8,16384,24,449b099b7bfd0383,1,1,0,-1,00000000,00000000,0,PASS
25,0,f16,C1,8,16384,24,80cdba4d8810a5c3,1,1,0,-1,00000000,00000000,0,PASS
25,0,f16,C2,8,16384,24,af28154ffb9ea876,1,1,0,-1,00000000,00000000,0,PASS
25,0,f16,C3,8,16384,24,3f83418ab733433c,1,1,0,-1,00000000,00000000,0,PASS
25,0,f16,C4,8,16384,24,9e50fb1212e9adde,1,1,0,-1,00000000,00000000,0,PASS
25,1,q8_0,C0,2,4096,1024,61e628f524230383,1,1,0,-1,00000000,00000000,0,PASS
25,1,q8_0,C1,2,4096,1024,f3458625c6b0adb3,1,1,0,-1,00000000,00000000,0,PASS
25,1,q8_0,C2,2,4096,1024,eaa8b46e71e992b4,1,1,0,-1,00000000,00000000,0,PASS
25,1,q8_0,C3,2,4096,1024,a9609a3e5723dd5e,1,1,0,-1,00000000,00000000,0,PASS
25,1,q8_0,C4,2,4096,1024,4712e9c2b1324d63,1,1,0,-1,00000000,00000000,0,PASS
25,1,q8_0,C0,3,4096,1024,f361b91bfc660383,1,1,0,-1,00000000,00000000,0,PASS
25,1,q8_0,C1,3,4096,1024,36aaaa69a328e07a,1,1,0,-1,00000000,00000000,0,PASS
25,1,q8_0,C2,3,4096,1024,e36dde151415c0df,1,1,0,-1,00000000,00000000,0,PASS
25,1,q8_0,C3,3,4096,1024,f1c5ec6fbb16fab6,1,1,0,-1,00000000,00000000,0,PASS
25,1,q8_0,C4,3,4096,1024,e34480993503b8a3,1,1,0,-1,00000000,00000000,0,PASS
25,1,q8_0,C0,4,4096,1024,0e5df645d4a90383,1,1,0,-1,00000000,00000000,0,PASS
25,1,q8_0,C1,4,4096,1024,cb611474e6bf1763,1,1,0,-1,00000000,00000000,0,PASS
25,1,q8_0,C2,4,4096,1024,a668df01d5618865,1,1,0,-1,00000000,00000000,0,PASS
25,1,q8_0,C3,4,4096,1024,918b77f8e0921759,1,1,0,-1,00000000,00000000,0,PASS
25,1,q8_0,C4,4,4096,1024,04144d081eb41f66,1,1,0,-1,00000000,00000000,0,PASS
25,1,q8_0,C0,5,4096,1024,649de072acec0383,1,1,0,-1,00000000,00000000,0,PASS
25,1,q8_0,C1,5,4096,1024,7d3627c9d35592aa,1,1,0,-1,00000000,00000000,0,PASS
25,1,q8_0,C2,5,4096,1024,d13581044f3dfab0,1,1,0,-1,00000000,00000000,0,PASS
25,1,q8_0,C3,5,4096,1024,8beaf976bf46f64b,1,1,0,-1,00000000,00000000,0,PASS
25,1,q8_0,C4,5,4096,1024,9ca02a032bb24fc6,1,1,0,-1,00000000,00000000,0,PASS
25,1,q8_0,C0,6,4096,1024,a7e477a2852f0383,1,1,0,-1,00000000,00000000,0,PASS
25,1,q8_0,C1,6,4096,1024,a8f5fc63ca83b793,1,1,0,-1,00000000,00000000,0,PASS
25,1,q8_0,C2,6,4096,1024,2e2a6a2802a71ed0,1,1,0,-1,00000000,00000000,0,PASS
25,1,q8_0,C3,6,4096,1024,eeae340deca04cdf,1,1,0,-1,00000000,00000000,0,PASS
25,1,q8_0,C4,6,4096,1024,e725a82e9783c012,1,1,0,-1,00000000,00000000,0,PASS
25,1,q8_0,C0,7,4096,1024,89f4bbd55d720383,1,1,0,-1,00000000,00000000,0,PASS
25,1,q8_0,C1,7,4096,1024,8a1e5e5f2f1ad85a,1,1,0,-1,00000000,00000000,0,PASS
25,1,q8_0,C2,7,4096,1024,38cba9f3d15ed87c,1,1,0,-1,00000000,00000000,0,PASS
25,1,q8_0,C3,7,4096,1024,de94ab03a5bfd896,1,1,0,-1,00000000,00000000,0,PASS
25,1,q8_0,C4,7,4096,1024,a56d33ae4c8c775a,1,1,0,-1,00000000,00000000,0,PASS
25,1,q8_0,C0,8,4096,1024,bc91ad0b35b50383,1,1,0,-1,00000000,00000000,0,PASS
25,1,q8_0,C1,8,4096,1024,b049445697c9a5c3,1,1,0,-1,00000000,00000000,0,PASS
25,1,q8_0,C2,8,4096,1024,7efc99aea35888c7,1,1,0,-1,00000000,00000000,0,PASS
25,1,q8_0,C3,8,4096,1024,60bfb1f9d2853f2b,1,1,0,-1,00000000,00000000,0,PASS
25,1,q8_0,C4,8,4096,1024,d8f79ecae2861f1f,1,1,0,-1,00000000,00000000,0,PASS
25,2,q8_0,C0,2,4096,512,61e628f524230383,1,1,0,-1,00000000,00000000,0,PASS
25,2,q8_0,C1,2,4096,512,f3458625c6b0adb3,1,1,0,-1,00000000,00000000,0,PASS
25,2,q8_0,C2,2,4096,512,eaa8b46e71e992b4,1,1,0,-1,00000000,00000000,0,PASS
25,2,q8_0,C3,2,4096,512,e748a1e517c2abf9,1,1,0,-1,00000000,00000000,0,PASS
25,2,q8_0,C4,2,4096,512,4712e9c2b1324d63,1,1,0,-1,00000000,00000000,0,PASS
25,2,q8_0,C0,3,4096,512,f361b91bfc660383,1,1,0,-1,00000000,00000000,0,PASS
25,2,q8_0,C1,3,4096,512,36aaaa69a328e07a,1,1,0,-1,00000000,00000000,0,PASS
25,2,q8_0,C2,3,4096,512,e36dde151415c0df,1,1,0,-1,00000000,00000000,0,PASS
25,2,q8_0,C3,3,4096,512,3cb64c6103665584,1,1,0,-1,00000000,00000000,0,PASS
25,2,q8_0,C4,3,4096,512,e34480993503b8a3,1,1,0,-1,00000000,00000000,0,PASS
25,2,q8_0,C0,4,4096,512,0e5df645d4a90383,1,1,0,-1,00000000,00000000,0,PASS
25,2,q8_0,C1,4,4096,512,cb611474e6bf1763,1,1,0,-1,00000000,00000000,0,PASS
25,2,q8_0,C2,4,4096,512,a668df01d5618865,1,1,0,-1,00000000,00000000,0,PASS
25,2,q8_0,C3,4,4096,512,7edb1be551a27698,1,1,0,-1,00000000,00000000,0,PASS
25,2,q8_0,C4,4,4096,512,04144d081eb41f66,1,1,0,-1,00000000,00000000,0,PASS
25,2,q8_0,C0,5,4096,512,649de072acec0383,1,1,0,-1,00000000,00000000,0,PASS
25,2,q8_0,C1,5,4096,512,7d3627c9d35592aa,1,1,0,-1,00000000,00000000,0,PASS
25,2,q8_0,C2,5,4096,512,d13581044f3dfab0,1,1,0,-1,00000000,00000000,0,PASS
25,2,q8_0,C3,5,4096,512,b301d4af3b09e9fe,1,1,0,-1,00000000,00000000,0,PASS
25,2,q8_0,C4,5,4096,512,9ca02a032bb24fc6,1,1,0,-1,00000000,00000000,0,PASS
25,2,q8_0,C0,6,4096,512,a7e477a2852f0383,1,1,0,-1,00000000,00000000,0,PASS
25,2,q8_0,C1,6,4096,512,a8f5fc63ca83b793,1,1,0,-1,00000000,00000000,0,PASS
25,2,q8_0,C2,6,4096,512,2e2a6a2802a71ed0,1,1,0,-1,00000000,00000000,0,PASS
25,2,q8_0,C3,6,4096,512,40e4f302f478bea3,1,1,0,-1,00000000,00000000,0,PASS
25,2,q8_0,C4,6,4096,512,e725a82e9783c012,1,1,0,-1,00000000,00000000,0,PASS
25,2,q8_0,C0,7,4096,512,89f4bbd55d720383,1,1,0,-1,00000000,00000000,0,PASS
25,2,q8_0,C1,7,4096,512,8a1e5e5f2f1ad85a,1,1,0,-1,00000000,00000000,0,PASS
25,2,q8_0,C2,7,4096,512,38cba9f3d15ed87c,1,1,0,-1,00000000,00000000,0,PASS
25,2,q8_0,C3,7,4096,512,d1d4985807db7df2,1,1,0,-1,00000000,00000000,0,PASS
25,2,q8_0,C4,7,4096,512,a56d33ae4c8c775a,1,1,0,-1,00000000,00000000,0,PASS
25,2,q8_0,C0,8,4096,512,bc91ad0b35b50383,1,1,0,-1,00000000,00000000,0,PASS
25,2,q8_0,C1,8,4096,512,b049445697c9a5c3,1,1,0,-1,00000000,00000000,0,PASS
25,2,q8_0,C2,8,4096,512,7efc99aea35888c7,1,1,0,-1,00000000,00000000,0,PASS
25,2,q8_0,C3,8,4096,512,00c6b81549b90109,1,1,0,-1,00000000,00000000,0,PASS
25,2,q8_0,C4,8,4096,512,d8f79ecae2861f1f,1,1,0,-1,00000000,00000000,0,PASS
25,3,q8_0,C0,2,1024,32768,66a385207fbe8383,1,1,0,-1,00000000,00000000,0,PASS
25,3,q8_0,C1,2,1024,32768,ea4b97e88c182db3,1,1,0,-1,00000000,00000000,0,PASS
25,3,q8_0,C2,2,1024,32768,70800d37477b9cc9,1,1,0,-1,00000000,00000000,0,PASS
25,3,q8_0,C3,2,1024,32768,373075ab01f15091,1,1,0,-1,00000000,00000000,0,PASS
25,3,q8_0,C4,2,1024,32768,71e3b48a7ebcb79f,1,1,0,-1,00000000,00000000,0,PASS
25,3,q8_0,C0,3,1024,32768,09b99610cdcf4383,1,1,0,-1,00000000,00000000,0,PASS
25,3,q8_0,C1,3,1024,32768,f303d2023f54e07a,1,1,0,-1,00000000,00000000,0,PASS
25,3,q8_0,C2,3,1024,32768,17b139ff4bb1b56e,1,1,0,-1,00000000,00000000,0,PASS
25,3,q8_0,C3,3,1024,32768,94aee07a358f87e5,1,1,0,-1,00000000,00000000,0,PASS
25,3,q8_0,C4,3,1024,32768,7684a1bb04066307,1,1,0,-1,00000000,00000000,0,PASS
25,3,q8_0,C0,4,1024,32768,a82845d14be00383,1,1,0,-1,00000000,00000000,0,PASS
25,3,q8_0,C1,4,1024,32768,829e2379d3d0d763,1,1,0,-1,00000000,00000000,0,PASS
25,3,q8_0,C2,4,1024,32768,2c41771fb26e6aa4,1,1,0,-1,00000000,00000000,0,PASS
25,3,q8_0,C3,4,1024,32768,461b2fd9a248481d,1,1,0,-1,00000000,00000000,0,PASS
25,3,q8_0,C4,4,1024,32768,00c364baeed7cc77,1,1,0,-1,00000000,00000000,0,PASS
25,3,q8_0,C0,5,1024,32768,a536a061f9f0c383,1,1,0,-1,00000000,00000000,0,PASS
25,3,q8_0,C1,5,1024,32768,cd5cb4a48887d2aa,1,1,0,-1,00000000,00000000,0,PASS
25,3,q8_0,C2,5,1024,32768,fe68e9da3c4fa0b4,1,1,0,-1,00000000,00000000,0,PASS
25,3,q8_0,C3,5,1024,32768,ed9807b23bd033c9,1,1,0,-1,00000000,00000000,0,PASS
25,3,q8_0,C4,5,1024,32768,85d67414a04db337,1,1,0,-1,00000000,00000000,0,PASS
25,3,q8_0,C0,6,1024,32768,e72bb1c2d8018383,1,1,0,-1,00000000,00000000,0,PASS
25,3,q8_0,C1,6,1024,32768,606b07352f77b793,1,1,0,-1,00000000,00000000,0,PASS
25,3,q8_0,C2,6,1024,32768,aac88d06cc8d8c24,1,1,0,-1,00000000,00000000,0,PASS
25,3,q8_0,C3,6,1024,32768,334e6de51c668950,1,1,0,-1,00000000,00000000,0,PASS
25,3,q8_0,C4,6,1024,32768,90a3e3c502279c0a,1,1,0,-1,00000000,00000000,0,PASS
25,3,q8_0,C0,7,1024,32768,d74e85f3e6124383,1,1,0,-1,00000000,00000000,0,PASS
25,3,q8_0,C1,7,1024,32768,0680c4d6b6eb585a,1,1,0,-1,00000000,00000000,0,PASS
25,3,q8_0,C2,7,1024,32768,68aeccecb4841b1a,1,1,0,-1,00000000,00000000,0,PASS
25,3,q8_0,C3,7,1024,32768,c72f78d86d11afd8,1,1,0,-1,00000000,00000000,0,PASS
25,3,q8_0,C4,7,1024,32768,e3547e032da9e62a,1,1,0,-1,00000000,00000000,0,PASS
25,3,q8_0,C0,8,1024,32768,61e628f524230383,1,1,0,-1,00000000,00000000,0,PASS
25,3,q8_0,C1,8,1024,32768,f5568f1793b7e5c3,1,1,0,-1,00000000,00000000,0,PASS
25,3,q8_0,C2,8,1024,32768,f510f9a7c42e2707,1,1,0,-1,00000000,00000000,0,PASS
25,3,q8_0,C3,8,1024,32768,760764999545685b,1,1,0,-1,00000000,00000000,0,PASS
25,3,q8_0,C4,8,1024,32768,bb27994fbd6c0dde,1,1,0,-1,00000000,00000000,0,PASS
25,4,q8_0,C0,2,8192,4096,0e5df645d4a90383,1,1,0,-1,00000000,00000000,0,PASS
25,4,q8_0,C1,2,8192,4096,a7596f63ea26adb3,1,1,0,-1,00000000,00000000,0,PASS
25,4,q8_0,C2,2,8192,4096,6024392d967b7573,1,1,0,-1,00000000,00000000,0,PASS
25,4,q8_0,C3,2,8192,4096,9fe328f33453b2f0,1,1,0,-1,00000000,00000000,0,PASS
25,4,q8_0,C4,2,8192,4096,756a42230c87de66,1,1,0,-1,00000000,00000000,0,PASS
25,4,q8_0,C0,3,8192,4096,a7e477a2852f0383,1,1,0,-1,00000000,00000000,0,PASS
25,4,q8_0,C1,3,8192,4096,40f463593d98e07a,1,1,0,-1,00000000,00000000,0,PASS
25,4,q8_0,C2,3,8192,4096,6bda8fe4c61d0fba,1,1,0,-1,00000000,00000000,0,PASS
25,4,q8_0,C3,3,8192,4096,e81ce0c5c9eac503,1,1,0,-1,00000000,00000000,0,PASS
25,4,q8_0,C4,3,8192,4096,7ef18a95c50f9806,1,1,0,-1,00000000,00000000,0,PASS
25,4,q8_0,C0,4,8192,4096,bc91ad0b35b50383,1,1,0,-1,00000000,00000000,0,PASS
25,4,q8_0,C1,4,8192,4096,1e7b80deb5521763,1,1,0,-1,00000000,00000000,0,PASS
25,4,q8_0,C2,4,8192,4096,95646a8ebd044b5d,1,1,0,-1,00000000,00000000,0,PASS
25,4,q8_0,C3,4,8192,4096,9dbb9a68a5f259dd,1,1,0,-1,00000000,00000000,0,PASS
25,4,q8_0,C4,4,8192,4096,7b7263e3adedcd6f,1,1,0,-1,00000000,00000000,0,PASS
25,4,q8_0,C0,5,8192,4096,da7d967fe63b0383,1,1,0,-1,00000000,00000000,0,PASS
25,4,q8_0,C1,5,8192,4096,2439109c971292aa,1,1,0,-1,00000000,00000000,0,PASS
25,4,q8_0,C2,5,8192,4096,ac7103964b5c796d,1,1,0,-1,00000000,00000000,0,PASS
25,4,q8_0,C3,5,8192,4096,c138e0933a5a6900,1,1,0,-1,00000000,00000000,0,PASS
25,4,q8_0,C4,5,8192,4096,84cd276f9ee09557,1,1,0,-1,00000000,00000000,0,PASS
25,4,q8_0,C0,6,8192,4096,8fc0340096c10383,1,1,0,-1,00000000,00000000,0,PASS
25,4,q8_0,C1,6,8192,4096,6b7fdec3ae93b793,1,1,0,-1,00000000,00000000,0,PASS
25,4,q8_0,C2,6,8192,4096,158880dca80356a5,1,1,0,-1,00000000,00000000,0,PASS
25,4,q8_0,C3,6,8192,4096,195c04f7131a53ec,1,1,0,-1,00000000,00000000,0,PASS
25,4,q8_0,C4,6,8192,4096,6fb2cac120b4a24e,1,1,0,-1,00000000,00000000,0,PASS
25,4,q8_0,C0,7,8192,4096,6a71858d47470383,1,1,0,-1,00000000,00000000,0,PASS
25,4,q8_0,C1,7,8192,4096,665eaf56fa04d85a,1,1,0,-1,00000000,00000000,0,PASS
25,4,q8_0,C2,7,8192,4096,d0efefe3fcd897e2,1,1,0,-1,00000000,00000000,0,PASS
25,4,q8_0,C3,7,8192,4096,6373f6ebe983b7ff,1,1,0,-1,00000000,00000000,0,PASS
25,4,q8_0,C4,7,8192,4096,90b943a9e7d55d36,1,1,0,-1,00000000,00000000,0,PASS
25,4,q8_0,C0,8,8192,4096,f8a98b25f7cd0383,1,1,0,-1,00000000,00000000,0,PASS
25,4,q8_0,C1,8,8192,4096,c26c1a6b3d36a5c3,1,1,0,-1,00000000,00000000,0,PASS
25,4,q8_0,C2,8,8192,4096,95ac06e3a54b4ef2,1,1,0,-1,00000000,00000000,0,PASS
25,4,q8_0,C3,8,8192,4096,a41d0ef47ac6dfe7,1,1,0,-1,00000000,00000000,0,PASS
25,4,q8_0,C4,8,8192,4096,3da45e1f8a9f3b1f,1,1,0,-1,00000000,00000000,0,PASS
25,5,f16,C0,2,16384,24,bc91ad0b35b50383,1,1,0,-1,00000000,00000000,0,PASS
25,5,f16,C1,2,16384,24,5dc3d7543112adb3,1,1,0,-1,00000000,00000000,0,PASS
25,5,f16,C2,2,16384,24,2182d4551e4fe2a3,1,1,0,-1,00000000,00000000,0,PASS
25,5,f16,C3,2,16384,24,58566fc3d3e5057a,1,1,0,-1,00000000,00000000,0,PASS
25,5,f16,C4,2,16384,24,b25fa2af1f4d979f,1,1,0,-1,00000000,00000000,0,PASS
25,5,f16,C0,3,16384,24,8fc0340096c10383,1,1,0,-1,00000000,00000000,0,PASS
25,5,f16,C1,3,16384,24,b7a628de7278e07a,1,1,0,-1,00000000,00000000,0,PASS
25,5,f16,C2,3,16384,24,05a69f75d2d8e36d,1,1,0,-1,00000000,00000000,0,PASS
25,5,f16,C3,3,16384,24,0257a3ccc844d292,1,1,0,-1,00000000,00000000,0,PASS
25,5,f16,C4,3,16384,24,f5166e1daf6a5307,1,1,0,-1,00000000,00000000,0,PASS
25,5,f16,C0,4,16384,24,f8a98b25f7cd0383,1,1,0,-1,00000000,00000000,0,PASS
25,5,f16,C1,4,16384,24,6dd2f6a152781763,1,1,0,-1,00000000,00000000,0,PASS
25,5,f16,C2,4,16384,24,03b1a534c5b2c557,1,1,0,-1,00000000,00000000,0,PASS
25,5,f16,C3,4,16384,24,0e650ac00c130a24,1,1,0,-1,00000000,00000000,0,PASS
25,5,f16,C4,4,16384,24,77f735b69bbdcc77,1,1,0,-1,00000000,00000000,0,PASS
25,5,f16,C0,5,16384,24,680db27b58d90383,1,1,0,-1,00000000,00000000,0,PASS
25,5,f16,C1,5,16384,24,849b32211e8c92aa,1,1,0,-1,00000000,00000000,0,PASS
25,5,f16,C2,5,16384,24,5c63d5b6c8cd0fe7,1,1,0,-1,00000000,00000000,0,PASS
25,5,f16,C3,5,16384,24,078521ff3530e8bd,1,1,0,-1,00000000,00000000,0,PASS
25,5,f16,C4,5,16384,24,afa0291542a0c337,1,1,0,-1,00000000,00000000,0,PASS
25,5,f16,C0,6,16384,24,4eacaa00b9e50383,1,1,0,-1,00000000,00000000,0,PASS
25,5,f16,C1,6,16384,24,aa9ab88976b3b793,1,1,0,-1,00000000,00000000,0,PASS
25,5,f16,C2,6,16384,24,7492baf760eee0bc,1,1,0,-1,00000000,00000000,0,PASS
25,5,f16,C3,6,16384,24,1d132854d79f2f21,1,1,0,-1,00000000,00000000,0,PASS
25,5,f16,C4,6,16384,24,f28d61a32b65fc0a,1,1,0,-1,00000000,00000000,0,PASS
25,5,f16,C0,7,16384,24,1d4671b61af10383,1,1,0,-1,00000000,00000000,0,PASS
25,5,f16,C1,7,16384,24,3a7a16ba8fd8d85a,1,1,0,-1,00000000,00000000,0,PASS
25,5,f16,C2,7,16384,24,711aa99ced25a706,1,1,0,-1,00000000,00000000,0,PASS
25,5,f16,C3,7,16384,24,cb29a6d44426eabc,1,1,0,-1,00000000,00000000,0,PASS
25,5,f16,C4,7,16384,24,6441aebc43e8962a,1,1,0,-1,00000000,00000000,0,PASS
25,5,f16,C0,8,16384,24,449b099b7bfd0383,1,1,0,-1,00000000,00000000,0,PASS
25,5,f16,C1,8,16384,24,80cdba4d8810a5c3,1,1,0,-1,00000000,00000000,0,PASS
25,5,f16,C2,8,16384,24,af28154ffb9ea876,1,1,0,-1,00000000,00000000,0,PASS
25,5,f16,C3,8,16384,24,402a6618883f825d,1,1,0,-1,00000000,00000000,0,PASS
25,5,f16,C4,8,16384,24,9e50fb1212e9adde,1,1,0,-1,00000000,00000000,0,PASS
25,6,f16,C0,2,4096,256,61e628f524230383,1,1,0,-1,00000000,00000000,0,PASS
25,6,f16,C1,2,4096,256,f3458625c6b0adb3,1,1,0,-1,00000000,00000000,0,PASS
25,6,f16,C2,2,4096,256,eaa8b46e71e992b4,1,1,0,-1,00000000,00000000,0,PASS
25,6,f16,C3,2,4096,256,ffc622cddaef737c,1,1,0,-1,00000000,00000000,0,PASS
25,6,f16,C4,2,4096,256,4712e9c2b1324d63,1,1,0,-1,00000000,00000000,0,PASS
25,6,f16,C0,3,4096,256,f361b91bfc660383,1,1,0,-1,00000000,00000000,0,PASS
25,6,f16,C1,3,4096,256,36aaaa69a328e07a,1,1,0,-1,00000000,00000000,0,PASS
25,6,f16,C2,3,4096,256,e36dde151415c0df,1,1,0,-1,00000000,00000000,0,PASS
25,6,f16,C3,3,4096,256,1ccaf824352f9ae1,1,1,0,-1,00000000,00000000,0,PASS
25,6,f16,C4,3,4096,256,e34480993503b8a3,1,1,0,-1,00000000,00000000,0,PASS
25,6,f16,C0,4,4096,256,0e5df645d4a90383,1,1,0,-1,00000000,00000000,0,PASS
25,6,f16,C1,4,4096,256,cb611474e6bf1763,1,1,0,-1,00000000,00000000,0,PASS
25,6,f16,C2,4,4096,256,a668df01d5618865,1,1,0,-1,00000000,00000000,0,PASS
25,6,f16,C3,4,4096,256,9425237d7fc3e3b7,1,1,0,-1,00000000,00000000,0,PASS
25,6,f16,C4,4,4096,256,04144d081eb41f66,1,1,0,-1,00000000,00000000,0,PASS
25,6,f16,C0,5,4096,256,649de072acec0383,1,1,0,-1,00000000,00000000,0,PASS
25,6,f16,C1,5,4096,256,7d3627c9d35592aa,1,1,0,-1,00000000,00000000,0,PASS
25,6,f16,C2,5,4096,256,d13581044f3dfab0,1,1,0,-1,00000000,00000000,0,PASS
25,6,f16,C3,5,4096,256,547625b9b3e68b5d,1,1,0,-1,00000000,00000000,0,PASS
25,6,f16,C4,5,4096,256,9ca02a032bb24fc6,1,1,0,-1,00000000,00000000,0,PASS
25,6,f16,C0,6,4096,256,a7e477a2852f0383,1,1,0,-1,00000000,00000000,0,PASS
25,6,f16,C1,6,4096,256,a8f5fc63ca83b793,1,1,0,-1,00000000,00000000,0,PASS
25,6,f16,C2,6,4096,256,2e2a6a2802a71ed0,1,1,0,-1,00000000,00000000,0,PASS
25,6,f16,C3,6,4096,256,42a7b262d21de6cd,1,1,0,-1,00000000,00000000,0,PASS
25,6,f16,C4,6,4096,256,e725a82e9783c012,1,1,0,-1,00000000,00000000,0,PASS
25,6,f16,C0,7,4096,256,89f4bbd55d720383,1,1,0,-1,00000000,00000000,0,PASS
25,6,f16,C1,7,4096,256,8a1e5e5f2f1ad85a,1,1,0,-1,00000000,00000000,0,PASS
25,6,f16,C2,7,4096,256,38cba9f3d15ed87c,1,1,0,-1,00000000,00000000,0,PASS
25,6,f16,C3,7,4096,256,cc7b5156942acd44,1,1,0,-1,00000000,00000000,0,PASS
25,6,f16,C4,7,4096,256,a56d33ae4c8c775a,1,1,0,-1,00000000,00000000,0,PASS
25,6,f16,C0,8,4096,256,bc91ad0b35b50383,1,1,0,-1,00000000,00000000,0,PASS
25,6,f16,C1,8,4096,256,b049445697c9a5c3,1,1,0,-1,00000000,00000000,0,PASS
25,6,f16,C2,8,4096,256,7efc99aea35888c7,1,1,0,-1,00000000,00000000,0,PASS
25,6,f16,C3,8,4096,256,e4d2fb5491ad2e52,1,1,0,-1,00000000,00000000,0,PASS
25,6,f16,C4,8,4096,256,d8f79ecae2861f1f,1,1,0,-1,00000000,00000000,0,PASS
26,0,f16,C0,2,16384,24,bc91ad0b35b50383,1,1,0,-1,00000000,00000000,0,PASS
26,0,f16,C1,2,16384,24,5dc3d7543112adb3,1,1,0,-1,00000000,00000000,0,PASS
26,0,f16,C2,2,16384,24,2182d4551e4fe2a3,1,1,0,-1,00000000,00000000,0,PASS
26,0,f16,C3,2,16384,24,edc6a6a48b722550,1,1,0,-1,00000000,00000000,0,PASS
26,0,f16,C4,2,16384,24,b25fa2af1f4d979f,1,1,0,-1,00000000,00000000,0,PASS
26,0,f16,C0,3,16384,24,8fc0340096c10383,1,1,0,-1,00000000,00000000,0,PASS
26,0,f16,C1,3,16384,24,b7a628de7278e07a,1,1,0,-1,00000000,00000000,0,PASS
26,0,f16,C2,3,16384,24,05a69f75d2d8e36d,1,1,0,-1,00000000,00000000,0,PASS
26,0,f16,C3,3,16384,24,a2b64011c8f2933d,1,1,0,-1,00000000,00000000,0,PASS
26,0,f16,C4,3,16384,24,f5166e1daf6a5307,1,1,0,-1,00000000,00000000,0,PASS
26,0,f16,C0,4,16384,24,f8a98b25f7cd0383,1,1,0,-1,00000000,00000000,0,PASS
26,0,f16,C1,4,16384,24,6dd2f6a152781763,1,1,0,-1,00000000,00000000,0,PASS
26,0,f16,C2,4,16384,24,03b1a534c5b2c557,1,1,0,-1,00000000,00000000,0,PASS
26,0,f16,C3,4,16384,24,7a82f68e8ce9f54d,1,1,0,-1,00000000,00000000,0,PASS
26,0,f16,C4,4,16384,24,77f735b69bbdcc77,1,1,0,-1,00000000,00000000,0,PASS
26,0,f16,C0,5,16384,24,680db27b58d90383,1,1,0,-1,00000000,00000000,0,PASS
26,0,f16,C1,5,16384,24,849b32211e8c92aa,1,1,0,-1,00000000,00000000,0,PASS
26,0,f16,C2,5,16384,24,5c63d5b6c8cd0fe7,1,1,0,-1,00000000,00000000,0,PASS
26,0,f16,C3,5,16384,24,922bd6c6ed85e864,1,1,0,-1,00000000,00000000,0,PASS
26,0,f16,C4,5,16384,24,afa0291542a0c337,1,1,0,-1,00000000,00000000,0,PASS
26,0,f16,C0,6,16384,24,4eacaa00b9e50383,1,1,0,-1,00000000,00000000,0,PASS
26,0,f16,C1,6,16384,24,aa9ab88976b3b793,1,1,0,-1,00000000,00000000,0,PASS
26,0,f16,C2,6,16384,24,7492baf760eee0bc,1,1,0,-1,00000000,00000000,0,PASS
26,0,f16,C3,6,16384,24,babad53fe76698d8,1,1,0,-1,00000000,00000000,0,PASS
26,0,f16,C4,6,16384,24,f28d61a32b65fc0a,1,1,0,-1,00000000,00000000,0,PASS
26,0,f16,C0,7,16384,24,1d4671b61af10383,1,1,0,-1,00000000,00000000,0,PASS
26,0,f16,C1,7,16384,24,3a7a16ba8fd8d85a,1,1,0,-1,00000000,00000000,0,PASS
26,0,f16,C2,7,16384,24,711aa99ced25a706,1,1,0,-1,00000000,00000000,0,PASS
26,0,f16,C3,7,16384,24,7d3859b78e23ee05,1,1,0,-1,00000000,00000000,0,PASS
26,0,f16,C4,7,16384,24,6441aebc43e8962a,1,1,0,-1,00000000,00000000,0,PASS
26,0,f16,C0,8,16384,24,449b099b7bfd0383,1,1,0,-1,00000000,00000000,0,PASS
26,0,f16,C1,8,16384,24,80cdba4d8810a5c3,1,1,0,-1,00000000,00000000,0,PASS
26,0,f16,C2,8,16384,24,af28154ffb9ea876,1,1,0,-1,00000000,00000000,0,PASS
26,0,f16,C3,8,16384,24,6a5ce947c0529639,1,1,0,-1,00000000,00000000,0,PASS
26,0,f16,C4,8,16384,24,9e50fb1212e9adde,1,1,0,-1,00000000,00000000,0,PASS
26,1,q8_0,C0,2,4096,1024,61e628f524230383,1,1,0,-1,00000000,00000000,0,PASS
26,1,q8_0,C1,2,4096,1024,f3458625c6b0adb3,1,1,0,-1,00000000,00000000,0,PASS
26,1,q8_0,C2,2,4096,1024,eaa8b46e71e992b4,1,1,0,-1,00000000,00000000,0,PASS
26,1,q8_0,C3,2,4096,1024,b602fc0925bc3c01,1,1,0,-1,00000000,00000000,0,PASS
26,1,q8_0,C4,2,4096,1024,4712e9c2b1324d63,1,1,0,-1,00000000,00000000,0,PASS
26,1,q8_0,C0,3,4096,1024,f361b91bfc660383,1,1,0,-1,00000000,00000000,0,PASS
26,1,q8_0,C1,3,4096,1024,36aaaa69a328e07a,1,1,0,-1,00000000,00000000,0,PASS
26,1,q8_0,C2,3,4096,1024,e36dde151415c0df,1,1,0,-1,00000000,00000000,0,PASS
26,1,q8_0,C3,3,4096,1024,8b17aa2ceeb4432c,1,1,0,-1,00000000,00000000,0,PASS
26,1,q8_0,C4,3,4096,1024,e34480993503b8a3,1,1,0,-1,00000000,00000000,0,PASS
26,1,q8_0,C0,4,4096,1024,0e5df645d4a90383,1,1,0,-1,00000000,00000000,0,PASS
26,1,q8_0,C1,4,4096,1024,cb611474e6bf1763,1,1,0,-1,00000000,00000000,0,PASS
26,1,q8_0,C2,4,4096,1024,a668df01d5618865,1,1,0,-1,00000000,00000000,0,PASS
26,1,q8_0,C3,4,4096,1024,36752eef99e3ab53,1,1,0,-1,00000000,00000000,0,PASS
26,1,q8_0,C4,4,4096,1024,04144d081eb41f66,1,1,0,-1,00000000,00000000,0,PASS
26,1,q8_0,C0,5,4096,1024,649de072acec0383,1,1,0,-1,00000000,00000000,0,PASS
26,1,q8_0,C1,5,4096,1024,7d3627c9d35592aa,1,1,0,-1,00000000,00000000,0,PASS
26,1,q8_0,C2,5,4096,1024,d13581044f3dfab0,1,1,0,-1,00000000,00000000,0,PASS
26,1,q8_0,C3,5,4096,1024,42c7eb63c1de6754,1,1,0,-1,00000000,00000000,0,PASS
26,1,q8_0,C4,5,4096,1024,9ca02a032bb24fc6,1,1,0,-1,00000000,00000000,0,PASS
26,1,q8_0,C0,6,4096,1024,a7e477a2852f0383,1,1,0,-1,00000000,00000000,0,PASS
26,1,q8_0,C1,6,4096,1024,a8f5fc63ca83b793,1,1,0,-1,00000000,00000000,0,PASS
26,1,q8_0,C2,6,4096,1024,2e2a6a2802a71ed0,1,1,0,-1,00000000,00000000,0,PASS
26,1,q8_0,C3,6,4096,1024,c2856337dae0ce02,1,1,0,-1,00000000,00000000,0,PASS
26,1,q8_0,C4,6,4096,1024,e725a82e9783c012,1,1,0,-1,00000000,00000000,0,PASS
26,1,q8_0,C0,7,4096,1024,89f4bbd55d720383,1,1,0,-1,00000000,00000000,0,PASS
26,1,q8_0,C1,7,4096,1024,8a1e5e5f2f1ad85a,1,1,0,-1,00000000,00000000,0,PASS
26,1,q8_0,C2,7,4096,1024,38cba9f3d15ed87c,1,1,0,-1,00000000,00000000,0,PASS
26,1,q8_0,C3,7,4096,1024,15da55300a999803,1,1,0,-1,00000000,00000000,0,PASS
26,1,q8_0,C4,7,4096,1024,a56d33ae4c8c775a,1,1,0,-1,00000000,00000000,0,PASS
26,1,q8_0,C0,8,4096,1024,bc91ad0b35b50383,1,1,0,-1,00000000,00000000,0,PASS
26,1,q8_0,C1,8,4096,1024,b049445697c9a5c3,1,1,0,-1,00000000,00000000,0,PASS
26,1,q8_0,C2,8,4096,1024,7efc99aea35888c7,1,1,0,-1,00000000,00000000,0,PASS
26,1,q8_0,C3,8,4096,1024,22b46df4ebc5625c,1,1,0,-1,00000000,00000000,0,PASS
26,1,q8_0,C4,8,4096,1024,d8f79ecae2861f1f,1,1,0,-1,00000000,00000000,0,PASS
26,2,q8_0,C0,2,4096,512,61e628f524230383,1,1,0,-1,00000000,00000000,0,PASS
26,2,q8_0,C1,2,4096,512,f3458625c6b0adb3,1,1,0,-1,00000000,00000000,0,PASS
26,2,q8_0,C2,2,4096,512,eaa8b46e71e992b4,1,1,0,-1,00000000,00000000,0,PASS
26,2,q8_0,C3,2,4096,512,a9f606589ff4192e,1,1,0,-1,00000000,00000000,0,PASS
26,2,q8_0,C4,2,4096,512,4712e9c2b1324d63,1,1,0,-1,00000000,00000000,0,PASS
26,2,q8_0,C0,3,4096,512,f361b91bfc660383,1,1,0,-1,00000000,00000000,0,PASS
26,2,q8_0,C1,3,4096,512,36aaaa69a328e07a,1,1,0,-1,00000000,00000000,0,PASS
26,2,q8_0,C2,3,4096,512,e36dde151415c0df,1,1,0,-1,00000000,00000000,0,PASS
26,2,q8_0,C3,3,4096,512,db488c5240a2aa4d,1,1,0,-1,00000000,00000000,0,PASS
26,2,q8_0,C4,3,4096,512,e34480993503b8a3,1,1,0,-1,00000000,00000000,0,PASS
26,2,q8_0,C0,4,4096,512,0e5df645d4a90383,1,1,0,-1,00000000,00000000,0,PASS
26,2,q8_0,C1,4,4096,512,cb611474e6bf1763,1,1,0,-1,00000000,00000000,0,PASS
26,2,q8_0,C2,4,4096,512,a668df01d5618865,1,1,0,-1,00000000,00000000,0,PASS
26,2,q8_0,C3,4,4096,512,0141896fe6c7a18a,1,1,0,-1,00000000,00000000,0,PASS
26,2,q8_0,C4,4,4096,512,04144d081eb41f66,1,1,0,-1,00000000,00000000,0,PASS
26,2,q8_0,C0,5,4096,512,649de072acec0383,1,1,0,-1,00000000,00000000,0,PASS
26,2,q8_0,C1,5,4096,512,7d3627c9d35592aa,1,1,0,-1,00000000,00000000,0,PASS
26,2,q8_0,C2,5,4096,512,d13581044f3dfab0,1,1,0,-1,00000000,00000000,0,PASS
26,2,q8_0,C3,5,4096,512,486af58990282cfb,1,1,0,-1,00000000,00000000,0,PASS
26,2,q8_0,C4,5,4096,512,9ca02a032bb24fc6,1,1,0,-1,00000000,00000000,0,PASS
26,2,q8_0,C0,6,4096,512,a7e477a2852f0383,1,1,0,-1,00000000,00000000,0,PASS
26,2,q8_0,C1,6,4096,512,a8f5fc63ca83b793,1,1,0,-1,00000000,00000000,0,PASS
26,2,q8_0,C2,6,4096,512,2e2a6a2802a71ed0,1,1,0,-1,00000000,00000000,0,PASS
26,2,q8_0,C3,6,4096,512,17701078d70ae81f,1,1,0,-1,00000000,00000000,0,PASS
26,2,q8_0,C4,6,4096,512,e725a82e9783c012,1,1,0,-1,00000000,00000000,0,PASS
26,2,q8_0,C0,7,4096,512,89f4bbd55d720383,1,1,0,-1,00000000,00000000,0,PASS
26,2,q8_0,C1,7,4096,512,8a1e5e5f2f1ad85a,1,1,0,-1,00000000,00000000,0,PASS
26,2,q8_0,C2,7,4096,512,38cba9f3d15ed87c,1,1,0,-1,00000000,00000000,0,PASS
26,2,q8_0,C3,7,4096,512,ec78a1238feb229c,1,1,0,-1,00000000,00000000,0,PASS
26,2,q8_0,C4,7,4096,512,a56d33ae4c8c775a,1,1,0,-1,00000000,00000000,0,PASS
26,2,q8_0,C0,8,4096,512,bc91ad0b35b50383,1,1,0,-1,00000000,00000000,0,PASS
26,2,q8_0,C1,8,4096,512,b049445697c9a5c3,1,1,0,-1,00000000,00000000,0,PASS
26,2,q8_0,C2,8,4096,512,7efc99aea35888c7,1,1,0,-1,00000000,00000000,0,PASS
26,2,q8_0,C3,8,4096,512,2796026b9acf169c,1,1,0,-1,00000000,00000000,0,PASS
26,2,q8_0,C4,8,4096,512,d8f79ecae2861f1f,1,1,0,-1,00000000,00000000,0,PASS
26,3,q8_0,C0,2,1024,32768,66a385207fbe8383,1,1,0,-1,00000000,00000000,0,PASS
26,3,q8_0,C1,2,1024,32768,ea4b97e88c182db3,1,1,0,-1,00000000,00000000,0,PASS
26,3,q8_0,C2,2,1024,32768,70800d37477b9cc9,1,1,0,-1,00000000,00000000,0,PASS
26,3,q8_0,C3,2,1024,32768,bd8df6aad450456c,1,1,0,-1,00000000,00000000,0,PASS
26,3,q8_0,C4,2,1024,32768,71e3b48a7ebcb79f,1,1,0,-1,00000000,00000000,0,PASS
26,3,q8_0,C0,3,1024,32768,09b99610cdcf4383,1,1,0,-1,00000000,00000000,0,PASS
26,3,q8_0,C1,3,1024,32768,f303d2023f54e07a,1,1,0,-1,00000000,00000000,0,PASS
26,3,q8_0,C2,3,1024,32768,17b139ff4bb1b56e,1,1,0,-1,00000000,00000000,0,PASS
26,3,q8_0,C3,3,1024,32768,67a9ff4d982ce641,1,1,0,-1,00000000,00000000,0,PASS
26,3,q8_0,C4,3,1024,32768,7684a1bb04066307,1,1,0,-1,00000000,00000000,0,PASS
26,3,q8_0,C0,4,1024,32768,a82845d14be00383,1,1,0,-1,00000000,00000000,0,PASS
26,3,q8_0,C1,4,1024,32768,829e2379d3d0d763,1,1,0,-1,00000000,00000000,0,PASS
26,3,q8_0,C2,4,1024,32768,2c41771fb26e6aa4,1,1,0,-1,00000000,00000000,0,PASS
26,3,q8_0,C3,4,1024,32768,6bd5f174f3dc9a7c,1,1,0,-1,00000000,00000000,0,PASS
26,3,q8_0,C4,4,1024,32768,00c364baeed7cc77,1,1,0,-1,00000000,00000000,0,PASS
26,3,q8_0,C0,5,1024,32768,a536a061f9f0c383,1,1,0,-1,00000000,00000000,0,PASS
26,3,q8_0,C1,5,1024,32768,cd5cb4a48887d2aa,1,1,0,-1,00000000,00000000,0,PASS
26,3,q8_0,C2,5,1024,32768,fe68e9da3c4fa0b4,1,1,0,-1,00000000,00000000,0,PASS
26,3,q8_0,C3,5,1024,32768,4ae462ecfb65b33a,1,1,0,-1,00000000,00000000,0,PASS
26,3,q8_0,C4,5,1024,32768,85d67414a04db337,1,1,0,-1,00000000,00000000,0,PASS
26,3,q8_0,C0,6,1024,32768,e72bb1c2d8018383,1,1,0,-1,00000000,00000000,0,PASS
26,3,q8_0,C1,6,1024,32768,606b07352f77b793,1,1,0,-1,00000000,00000000,0,PASS
26,3,q8_0,C2,6,1024,32768,aac88d06cc8d8c24,1,1,0,-1,00000000,00000000,0,PASS
26,3,q8_0,C3,6,1024,32768,212ecf8ffd925ca8,1,1,0,-1,00000000,00000000,0,PASS
26,3,q8_0,C4,6,1024,32768,90a3e3c502279c0a,1,1,0,-1,00000000,00000000,0,PASS
26,3,q8_0,C0,7,1024,32768,d74e85f3e6124383,1,1,0,-1,00000000,00000000,0,PASS
26,3,q8_0,C1,7,1024,32768,0680c4d6b6eb585a,1,1,0,-1,00000000,00000000,0,PASS
26,3,q8_0,C2,7,1024,32768,68aeccecb4841b1a,1,1,0,-1,00000000,00000000,0,PASS
26,3,q8_0,C3,7,1024,32768,411995db41fbb70a,1,1,0,-1,00000000,00000000,0,PASS
26,3,q8_0,C4,7,1024,32768,e3547e032da9e62a,1,1,0,-1,00000000,00000000,0,PASS
26,3,q8_0,C0,8,1024,32768,61e628f524230383,1,1,0,-1,00000000,00000000,0,PASS
26,3,q8_0,C1,8,1024,32768,f5568f1793b7e5c3,1,1,0,-1,00000000,00000000,0,PASS
26,3,q8_0,C2,8,1024,32768,f510f9a7c42e2707,1,1,0,-1,00000000,00000000,0,PASS
26,3,q8_0,C3,8,1024,32768,91439364bb6164a5,1,1,0,-1,00000000,00000000,0,PASS
26,3,q8_0,C4,8,1024,32768,bb27994fbd6c0dde,1,1,0,-1,00000000,00000000,0,PASS
26,4,q8_0,C0,2,8192,4096,0e5df645d4a90383,1,1,0,-1,00000000,00000000,0,PASS
26,4,q8_0,C1,2,8192,4096,a7596f63ea26adb3,1,1,0,-1,00000000,00000000,0,PASS
26,4,q8_0,C2,2,8192,4096,6024392d967b7573,1,1,0,-1,00000000,00000000,0,PASS
26,4,q8_0,C3,2,8192,4096,ca318f3419785c99,1,1,0,-1,00000000,00000000,0,PASS
26,4,q8_0,C4,2,8192,4096,756a42230c87de66,1,1,0,-1,00000000,00000000,0,PASS
26,4,q8_0,C0,3,8192,4096,a7e477a2852f0383,1,1,0,-1,00000000,00000000,0,PASS
26,4,q8_0,C1,3,8192,4096,40f463593d98e07a,1,1,0,-1,00000000,00000000,0,PASS
26,4,q8_0,C2,3,8192,4096,6bda8fe4c61d0fba,1,1,0,-1,00000000,00000000,0,PASS
26,4,q8_0,C3,3,8192,4096,524aef6a73935fc8,1,1,0,-1,00000000,00000000,0,PASS
26,4,q8_0,C4,3,8192,4096,7ef18a95c50f9806,1,1,0,-1,00000000,00000000,0,PASS
26,4,q8_0,C0,4,8192,4096,bc91ad0b35b50383,1,1,0,-1,00000000,00000000,0,PASS
26,4,q8_0,C1,4,8192,4096,1e7b80deb5521763,1,1,0,-1,00000000,00000000,0,PASS
26,4,q8_0,C2,4,8192,4096,95646a8ebd044b5d,1,1,0,-1,00000000,00000000,0,PASS
26,4,q8_0,C3,4,8192,4096,11604164064a4738,1,1,0,-1,00000000,00000000,0,PASS
26,4,q8_0,C4,4,8192,4096,7b7263e3adedcd6f,1,1,0,-1,00000000,00000000,0,PASS
26,4,q8_0,C0,5,8192,4096,da7d967fe63b0383,1,1,0,-1,00000000,00000000,0,PASS
26,4,q8_0,C1,5,8192,4096,2439109c971292aa,1,1,0,-1,00000000,00000000,0,PASS
26,4,q8_0,C2,5,8192,4096,ac7103964b5c796d,1,1,0,-1,00000000,00000000,0,PASS
26,4,q8_0,C3,5,8192,4096,0dea28d8964e4147,1,1,0,-1,00000000,00000000,0,PASS
26,4,q8_0,C4,5,8192,4096,84cd276f9ee09557,1,1,0,-1,00000000,00000000,0,PASS
26,4,q8_0,C0,6,8192,4096,8fc0340096c10383,1,1,0,-1,00000000,00000000,0,PASS
26,4,q8_0,C1,6,8192,4096,6b7fdec3ae93b793,1,1,0,-1,00000000,00000000,0,PASS
26,4,q8_0,C2,6,8192,4096,158880dca80356a5,1,1,0,-1,00000000,00000000,0,PASS
26,4,q8_0,C3,6,8192,4096,acb4a84496a449bc,1,1,0,-1,00000000,00000000,0,PASS
26,4,q8_0,C4,6,8192,4096,6fb2cac120b4a24e,1,1,0,-1,00000000,00000000,0,PASS
26,4,q8_0,C0,7,8192,4096,6a71858d47470383,1,1,0,-1,00000000,00000000,0,PASS
26,4,q8_0,C1,7,8192,4096,665eaf56fa04d85a,1,1,0,-1,00000000,00000000,0,PASS
26,4,q8_0,C2,7,8192,4096,d0efefe3fcd897e2,1,1,0,-1,00000000,00000000,0,PASS
26,4,q8_0,C3,7,8192,4096,aa57b31b16f5fef4,1,1,0,-1,00000000,00000000,0,PASS
26,4,q8_0,C4,7,8192,4096,90b943a9e7d55d36,1,1,0,-1,00000000,00000000,0,PASS
26,4,q8_0,C0,8,8192,4096,f8a98b25f7cd0383,1,1,0,-1,00000000,00000000,0,PASS
26,4,q8_0,C1,8,8192,4096,c26c1a6b3d36a5c3,1,1,0,-1,00000000,00000000,0,PASS
26,4,q8_0,C2,8,8192,4096,95ac06e3a54b4ef2,1,1,0,-1,00000000,00000000,0,PASS
26,4,q8_0,C3,8,8192,4096,12a9a5b4fa691ef1,1,1,0,-1,00000000,00000000,0,PASS
26,4,q8_0,C4,8,8192,4096,3da45e1f8a9f3b1f,1,1,0,-1,00000000,00000000,0,PASS
26,5,f16,C0,2,16384,24,bc91ad0b35b50383,1,1,0,-1,00000000,00000000,0,PASS
26,5,f16,C1,2,16384,24,5dc3d7543112adb3,1,1,0,-1,00000000,00000000,0,PASS
26,5,f16,C2,2,16384,24,2182d4551e4fe2a3,1,1,0,-1,00000000,00000000,0,PASS
26,5,f16,C3,2,16384,24,3ac44f78eae2ccce,1,1,0,-1,00000000,00000000,0,PASS
26,5,f16,C4,2,16384,24,b25fa2af1f4d979f,1,1,0,-1,00000000,00000000,0,PASS
26,5,f16,C0,3,16384,24,8fc0340096c10383,1,1,0,-1,00000000,00000000,0,PASS
26,5,f16,C1,3,16384,24,b7a628de7278e07a,1,1,0,-1,00000000,00000000,0,PASS
26,5,f16,C2,3,16384,24,05a69f75d2d8e36d,1,1,0,-1,00000000,00000000,0,PASS
26,5,f16,C3,3,16384,24,a07ad532fe8ad084,1,1,0,-1,00000000,00000000,0,PASS
26,5,f16,C4,3,16384,24,f5166e1daf6a5307,1,1,0,-1,00000000,00000000,0,PASS
26,5,f16,C0,4,16384,24,f8a98b25f7cd0383,1,1,0,-1,00000000,00000000,0,PASS
26,5,f16,C1,4,16384,24,6dd2f6a152781763,1,1,0,-1,00000000,00000000,0,PASS
26,5,f16,C2,4,16384,24,03b1a534c5b2c557,1,1,0,-1,00000000,00000000,0,PASS
26,5,f16,C3,4,16384,24,901dd8bd03e1ae0a,1,1,0,-1,00000000,00000000,0,PASS
26,5,f16,C4,4,16384,24,77f735b69bbdcc77,1,1,0,-1,00000000,00000000,0,PASS
26,5,f16,C0,5,16384,24,680db27b58d90383,1,1,0,-1,00000000,00000000,0,PASS
26,5,f16,C1,5,16384,24,849b32211e8c92aa,1,1,0,-1,00000000,00000000,0,PASS
26,5,f16,C2,5,16384,24,5c63d5b6c8cd0fe7,1,1,0,-1,00000000,00000000,0,PASS
26,5,f16,C3,5,16384,24,4e1fc9e3cd991e0d,1,1,0,-1,00000000,00000000,0,PASS
26,5,f16,C4,5,16384,24,afa0291542a0c337,1,1,0,-1,00000000,00000000,0,PASS
26,5,f16,C0,6,16384,24,4eacaa00b9e50383,1,1,0,-1,00000000,00000000,0,PASS
26,5,f16,C1,6,16384,24,aa9ab88976b3b793,1,1,0,-1,00000000,00000000,0,PASS
26,5,f16,C2,6,16384,24,7492baf760eee0bc,1,1,0,-1,00000000,00000000,0,PASS
26,5,f16,C3,6,16384,24,f268c7630ad755af,1,1,0,-1,00000000,00000000,0,PASS
26,5,f16,C4,6,16384,24,f28d61a32b65fc0a,1,1,0,-1,00000000,00000000,0,PASS
26,5,f16,C0,7,16384,24,1d4671b61af10383,1,1,0,-1,00000000,00000000,0,PASS
26,5,f16,C1,7,16384,24,3a7a16ba8fd8d85a,1,1,0,-1,00000000,00000000,0,PASS
26,5,f16,C2,7,16384,24,711aa99ced25a706,1,1,0,-1,00000000,00000000,0,PASS
26,5,f16,C3,7,16384,24,8c1dc48fb6276769,1,1,0,-1,00000000,00000000,0,PASS
26,5,f16,C4,7,16384,24,6441aebc43e8962a,1,1,0,-1,00000000,00000000,0,PASS
26,5,f16,C0,8,16384,24,449b099b7bfd0383,1,1,0,-1,00000000,00000000,0,PASS
26,5,f16,C1,8,16384,24,80cdba4d8810a5c3,1,1,0,-1,00000000,00000000,0,PASS
26,5,f16,C2,8,16384,24,af28154ffb9ea876,1,1,0,-1,00000000,00000000,0,PASS
26,5,f16,C3,8,16384,24,2c96a5f3d30ba84c,1,1,0,-1,00000000,00000000,0,PASS
26,5,f16,C4,8,16384,24,9e50fb1212e9adde,1,1,0,-1,00000000,00000000,0,PASS
26,6,f16,C0,2,4096,256,61e628f524230383,1,1,0,-1,00000000,00000000,0,PASS
26,6,f16,C1,2,4096,256,f3458625c6b0adb3,1,1,0,-1,00000000,00000000,0,PASS
26,6,f16,C2,2,4096,256,eaa8b46e71e992b4,1,1,0,-1,00000000,00000000,0,PASS
26,6,f16,C3,2,4096,256,d57175e42385ed2f,1,1,0,-1,00000000,00000000,0,PASS
26,6,f16,C4,2,4096,256,4712e9c2b1324d63,1,1,0,-1,00000000,00000000,0,PASS
26,6,f16,C0,3,4096,256,f361b91bfc660383,1,1,0,-1,00000000,00000000,0,PASS
26,6,f16,C1,3,4096,256,36aaaa69a328e07a,1,1,0,-1,00000000,00000000,0,PASS
26,6,f16,C2,3,4096,256,e36dde151415c0df,1,1,0,-1,00000000,00000000,0,PASS
26,6,f16,C3,3,4096,256,e86e07a90f4f01ff,1,1,0,-1,00000000,00000000,0,PASS
26,6,f16,C4,3,4096,256,e34480993503b8a3,1,1,0,-1,00000000,00000000,0,PASS
26,6,f16,C0,4,4096,256,0e5df645d4a90383,1,1,0,-1,00000000,00000000,0,PASS
26,6,f16,C1,4,4096,256,cb611474e6bf1763,1,1,0,-1,00000000,00000000,0,PASS
26,6,f16,C2,4,4096,256,a668df01d5618865,1,1,0,-1,00000000,00000000,0,PASS
26,6,f16,C3,4,4096,256,a600978ce6bc813b,1,1,0,-1,00000000,00000000,0,PASS
26,6,f16,C4,4,4096,256,04144d081eb41f66,1,1,0,-1,00000000,00000000,0,PASS
26,6,f16,C0,5,4096,256,649de072acec0383,1,1,0,-1,00000000,00000000,0,PASS
26,6,f16,C1,5,4096,256,7d3627c9d35592aa,1,1,0,-1,00000000,00000000,0,PASS
26,6,f16,C2,5,4096,256,d13581044f3dfab0,1,1,0,-1,00000000,00000000,0,PASS
26,6,f16,C3,5,4096,256,577b812d78fc25e7,1,1,0,-1,00000000,00000000,0,PASS
26,6,f16,C4,5,4096,256,9ca02a032bb24fc6,1,1,0,-1,00000000,00000000,0,PASS
26,6,f16,C0,6,4096,256,a7e477a2852f0383,1,1,0,-1,00000000,00000000,0,PASS
26,6,f16,C1,6,4096,256,a8f5fc63ca83b793,1,1,0,-1,00000000,00000000,0,PASS
26,6,f16,C2,6,4096,256,2e2a6a2802a71ed0,1,1,0,-1,00000000,00000000,0,PASS
26,6,f16,C3,6,4096,256,40f9c7f23020babe,1,1,0,-1,00000000,00000000,0,PASS
26,6,f16,C4,6,4096,256,e725a82e9783c012,1,1,0,-1,00000000,00000000,0,PASS
26,6,f16,C0,7,4096,256,89f4bbd55d720383,1,1,0,-1,00000000,00000000,0,PASS
26,6,f16,C1,7,4096,256,8a1e5e5f2f1ad85a,1,1,0,-1,00000000,00000000,0,PASS
26,6,f16,C2,7,4096,256,38cba9f3d15ed87c,1,1,0,-1,00000000,00000000,0,PASS
26,6,f16,C3,7,4096,256,888b19ee485a6536,1,1,0,-1,00000000,00000000,0,PASS
26,6,f16,C4,7,4096,256,a56d33ae4c8c775a,1,1,0,-1,00000000,00000000,0,PASS
26,6,f16,C0,8,4096,256,bc91ad0b35b50383,1,1,0,-1,00000000,00000000,0,PASS
26,6,f16,C1,8,4096,256,b049445697c9a5c3,1,1,0,-1,00000000,00000000,0,PASS
26,6,f16,C2,8,4096,256,7efc99aea35888c7,1,1,0,-1,00000000,00000000,0,PASS
26,6,f16,C3,8,4096,256,6d7ab412cff61010,1,1,0,-1,00000000,00000000,0,PASS
26,6,f16,C4,8,4096,256,d8f79ecae2861f1f,1,1,0,-1,00000000,00000000,0,PASS
27,0,f16,C0,2,16384,24,bc91ad0b35b50383,1,1,0,-1,00000000,00000000,0,PASS
27,0,f16,C1,2,16384,24,5dc3d7543112adb3,1,1,0,-1,00000000,00000000,0,PASS
27,0,f16,C2,2,16384,24,2182d4551e4fe2a3,1,1,0,-1,00000000,00000000,0,PASS
27,0,f16,C3,2,16384,24,2ea98eb475889748,1,1,0,-1,00000000,00000000,0,PASS
27,0,f16,C4,2,16384,24,b25fa2af1f4d979f,1,1,0,-1,00000000,00000000,0,PASS
27,0,f16,C0,3,16384,24,8fc0340096c10383,1,1,0,-1,00000000,00000000,0,PASS
27,0,f16,C1,3,16384,24,b7a628de7278e07a,1,1,0,-1,00000000,00000000,0,PASS
27,0,f16,C2,3,16384,24,05a69f75d2d8e36d,1,1,0,-1,00000000,00000000,0,PASS
27,0,f16,C3,3,16384,24,1bd9fe7e70d4c8dd,1,1,0,-1,00000000,00000000,0,PASS
27,0,f16,C4,3,16384,24,f5166e1daf6a5307,1,1,0,-1,00000000,00000000,0,PASS
27,0,f16,C0,4,16384,24,f8a98b25f7cd0383,1,1,0,-1,00000000,00000000,0,PASS
27,0,f16,C1,4,16384,24,6dd2f6a152781763,1,1,0,-1,00000000,00000000,0,PASS
27,0,f16,C2,4,16384,24,03b1a534c5b2c557,1,1,0,-1,00000000,00000000,0,PASS
27,0,f16,C3,4,16384,24,986dd0e39fef79de,1,1,0,-1,00000000,00000000,0,PASS
27,0,f16,C4,4,16384,24,77f735b69bbdcc77,1,1,0,-1,00000000,00000000,0,PASS
27,0,f16,C0,5,16384,24,680db27b58d90383,1,1,0,-1,00000000,00000000,0,PASS
27,0,f16,C1,5,16384,24,849b32211e8c92aa,1,1,0,-1,00000000,00000000,0,PASS
27,0,f16,C2,5,16384,24,5c63d5b6c8cd0fe7,1,1,0,-1,00000000,00000000,0,PASS
27,0,f16,C3,5,16384,24,68bae657754d4e59,1,1,0,-1,00000000,00000000,0,PASS
27,0,f16,C4,5,16384,24,afa0291542a0c337,1,1,0,-1,00000000,00000000,0,PASS
27,0,f16,C0,6,16384,24,4eacaa00b9e50383,1,1,0,-1,00000000,00000000,0,PASS
27,0,f16,C1,6,16384,24,aa9ab88976b3b793,1,1,0,-1,00000000,00000000,0,PASS
27,0,f16,C2,6,16384,24,7492baf760eee0bc,1,1,0,-1,00000000,00000000,0,PASS
27,0,f16,C3,6,16384,24,9bf174e5b32758e5,1,1,0,-1,00000000,00000000,0,PASS
27,0,f16,C4,6,16384,24,f28d61a32b65fc0a,1,1,0,-1,00000000,00000000,0,PASS
27,0,f16,C0,7,16384,24,1d4671b61af10383,1,1,0,-1,00000000,00000000,0,PASS
27,0,f16,C1,7,16384,24,3a7a16ba8fd8d85a,1,1,0,-1,00000000,00000000,0,PASS
27,0,f16,C2,7,16384,24,711aa99ced25a706,1,1,0,-1,00000000,00000000,0,PASS
27,0,f16,C3,7,16384,24,527d7168bd726e1e,1,1,0,-1,00000000,00000000,0,PASS
27,0,f16,C4,7,16384,24,6441aebc43e8962a,1,1,0,-1,00000000,00000000,0,PASS
27,0,f16,C0,8,16384,24,449b099b7bfd0383,1,1,0,-1,00000000,00000000,0,PASS
27,0,f16,C1,8,16384,24,80cdba4d8810a5c3,1,1,0,-1,00000000,00000000,0,PASS
27,0,f16,C2,8,16384,24,af28154ffb9ea876,1,1,0,-1,00000000,00000000,0,PASS
27,0,f16,C3,8,16384,24,36b7357ec58e1205,1,1,0,-1,00000000,00000000,0,PASS
27,0,f16,C4,8,16384,24,9e50fb1212e9adde,1,1,0,-1,00000000,00000000,0,PASS
27,1,q8_0,C0,2,4096,1024,61e628f524230383,1,1,0,-1,00000000,00000000,0,PASS
27,1,q8_0,C1,2,4096,1024,f3458625c6b0adb3,1,1,0,-1,00000000,00000000,0,PASS
27,1,q8_0,C2,2,4096,1024,eaa8b46e71e992b4,1,1,0,-1,00000000,00000000,0,PASS
27,1,q8_0,C3,2,4096,1024,4024308a89adafc2,1,1,0,-1,00000000,00000000,0,PASS
27,1,q8_0,C4,2,4096,1024,4712e9c2b1324d63,1,1,0,-1,00000000,00000000,0,PASS
27,1,q8_0,C0,3,4096,1024,f361b91bfc660383,1,1,0,-1,00000000,00000000,0,PASS
27,1,q8_0,C1,3,4096,1024,36aaaa69a328e07a,1,1,0,-1,00000000,00000000,0,PASS
27,1,q8_0,C2,3,4096,1024,e36dde151415c0df,1,1,0,-1,00000000,00000000,0,PASS
27,1,q8_0,C3,3,4096,1024,dd2d4a859f8ad9ee,1,1,0,-1,00000000,00000000,0,PASS
27,1,q8_0,C4,3,4096,1024,e34480993503b8a3,1,1,0,-1,00000000,00000000,0,PASS
27,1,q8_0,C0,4,4096,1024,0e5df645d4a90383,1,1,0,-1,00000000,00000000,0,PASS
27,1,q8_0,C1,4,4096,1024,cb611474e6bf1763,1,1,0,-1,00000000,00000000,0,PASS
27,1,q8_0,C2,4,4096,1024,a668df01d5618865,1,1,0,-1,00000000,00000000,0,PASS
27,1,q8_0,C3,4,4096,1024,fdcda5b64c0d7570,1,1,0,-1,00000000,00000000,0,PASS
27,1,q8_0,C4,4,4096,1024,04144d081eb41f66,1,1,0,-1,00000000,00000000,0,PASS
27,1,q8_0,C0,5,4096,1024,649de072acec0383,1,1,0,-1,00000000,00000000,0,PASS
27,1,q8_0,C1,5,4096,1024,7d3627c9d35592aa,1,1,0,-1,00000000,00000000,0,PASS
27,1,q8_0,C2,5,4096,1024,d13581044f3dfab0,1,1,0,-1,00000000,00000000,0,PASS
27,1,q8_0,C3,5,4096,1024,13d8aa4df7a8afdb,1,1,0,-1,00000000,00000000,0,PASS
27,1,q8_0,C4,5,4096,1024,9ca02a032bb24fc6,1,1,0,-1,00000000,00000000,0,PASS
27,1,q8_0,C0,6,4096,1024,a7e477a2852f0383,1,1,0,-1,00000000,00000000,0,PASS
27,1,q8_0,C1,6,4096,1024,a8f5fc63ca83b793,1,1,0,-1,00000000,00000000,0,PASS
27,1,q8_0,C2,6,4096,1024,2e2a6a2802a71ed0,1,1,0,-1,00000000,00000000,0,PASS
27,1,q8_0,C3,6,4096,1024,a09c02a07249b0b8,1,1,0,-1,00000000,00000000,0,PASS
27,1,q8_0,C4,6,4096,1024,e725a82e9783c012,1,1,0,-1,00000000,00000000,0,PASS
27,1,q8_0,C0,7,4096,1024,89f4bbd55d720383,1,1,0,-1,00000000,00000000,0,PASS
27,1,q8_0,C1,7,4096,1024,8a1e5e5f2f1ad85a,1,1,0,-1,00000000,00000000,0,PASS
27,1,q8_0,C2,7,4096,1024,38cba9f3d15ed87c,1,1,0,-1,00000000,00000000,0,PASS
27,1,q8_0,C3,7,4096,1024,ad82a01258b88b54,1,1,0,-1,00000000,00000000,0,PASS
27,1,q8_0,C4,7,4096,1024,a56d33ae4c8c775a,1,1,0,-1,00000000,00000000,0,PASS
27,1,q8_0,C0,8,4096,1024,bc91ad0b35b50383,1,1,0,-1,00000000,00000000,0,PASS
27,1,q8_0,C1,8,4096,1024,b049445697c9a5c3,1,1,0,-1,00000000,00000000,0,PASS
27,1,q8_0,C2,8,4096,1024,7efc99aea35888c7,1,1,0,-1,00000000,00000000,0,PASS
27,1,q8_0,C3,8,4096,1024,0939c363821e3bf2,1,1,0,-1,00000000,00000000,0,PASS
27,1,q8_0,C4,8,4096,1024,d8f79ecae2861f1f,1,1,0,-1,00000000,00000000,0,PASS
27,2,q8_0,C0,2,4096,512,61e628f524230383,1,1,0,-1,00000000,00000000,0,PASS
27,2,q8_0,C1,2,4096,512,f3458625c6b0adb3,1,1,0,-1,00000000,00000000,0,PASS
27,2,q8_0,C2,2,4096,512,eaa8b46e71e992b4,1,1,0,-1,00000000,00000000,0,PASS
27,2,q8_0,C3,2,4096,512,1e78dfdb6ecf2c2e,1,1,0,-1,00000000,00000000,0,PASS
27,2,q8_0,C4,2,4096,512,4712e9c2b1324d63,1,1,0,-1,00000000,00000000,0,PASS
27,2,q8_0,C0,3,4096,512,f361b91bfc660383,1,1,0,-1,00000000,00000000,0,PASS
27,2,q8_0,C1,3,4096,512,36aaaa69a328e07a,1,1,0,-1,00000000,00000000,0,PASS
27,2,q8_0,C2,3,4096,512,e36dde151415c0df,1,1,0,-1,00000000,00000000,0,PASS
27,2,q8_0,C3,3,4096,512,57100d521da08d13,1,1,0,-1,00000000,00000000,0,PASS
27,2,q8_0,C4,3,4096,512,e34480993503b8a3,1,1,0,-1,00000000,00000000,0,PASS
27,2,q8_0,C0,4,4096,512,0e5df645d4a90383,1,1,0,-1,00000000,00000000,0,PASS
27,2,q8_0,C1,4,4096,512,cb611474e6bf1763,1,1,0,-1,00000000,00000000,0,PASS
27,2,q8_0,C2,4,4096,512,a668df01d5618865,1,1,0,-1,00000000,00000000,0,PASS
27,2,q8_0,C3,4,4096,512,8996c5b3965d8373,1,1,0,-1,00000000,00000000,0,PASS
27,2,q8_0,C4,4,4096,512,04144d081eb41f66,1,1,0,-1,00000000,00000000,0,PASS
27,2,q8_0,C0,5,4096,512,649de072acec0383,1,1,0,-1,00000000,00000000,0,PASS
27,2,q8_0,C1,5,4096,512,7d3627c9d35592aa,1,1,0,-1,00000000,00000000,0,PASS
27,2,q8_0,C2,5,4096,512,d13581044f3dfab0,1,1,0,-1,00000000,00000000,0,PASS
27,2,q8_0,C3,5,4096,512,dd1f752e5cfa1d6e,1,1,0,-1,00000000,00000000,0,PASS
27,2,q8_0,C4,5,4096,512,9ca02a032bb24fc6,1,1,0,-1,00000000,00000000,0,PASS
27,2,q8_0,C0,6,4096,512,a7e477a2852f0383,1,1,0,-1,00000000,00000000,0,PASS
27,2,q8_0,C1,6,4096,512,a8f5fc63ca83b793,1,1,0,-1,00000000,00000000,0,PASS
27,2,q8_0,C2,6,4096,512,2e2a6a2802a71ed0,1,1,0,-1,00000000,00000000,0,PASS
27,2,q8_0,C3,6,4096,512,d7890468f113fd28,1,1,0,-1,00000000,00000000,0,PASS
27,2,q8_0,C4,6,4096,512,e725a82e9783c012,1,1,0,-1,00000000,00000000,0,PASS
27,2,q8_0,C0,7,4096,512,89f4bbd55d720383,1,1,0,-1,00000000,00000000,0,PASS
27,2,q8_0,C1,7,4096,512,8a1e5e5f2f1ad85a,1,1,0,-1,00000000,00000000,0,PASS
27,2,q8_0,C2,7,4096,512,38cba9f3d15ed87c,1,1,0,-1,00000000,00000000,0,PASS
27,2,q8_0,C3,7,4096,512,181a9f2bfde51c3e,1,1,0,-1,00000000,00000000,0,PASS
27,2,q8_0,C4,7,4096,512,a56d33ae4c8c775a,1,1,0,-1,00000000,00000000,0,PASS
27,2,q8_0,C0,8,4096,512,bc91ad0b35b50383,1,1,0,-1,00000000,00000000,0,PASS
27,2,q8_0,C1,8,4096,512,b049445697c9a5c3,1,1,0,-1,00000000,00000000,0,PASS
27,2,q8_0,C2,8,4096,512,7efc99aea35888c7,1,1,0,-1,00000000,00000000,0,PASS
27,2,q8_0,C3,8,4096,512,20668111e9dde8b2,1,1,0,-1,00000000,00000000,0,PASS
27,2,q8_0,C4,8,4096,512,d8f79ecae2861f1f,1,1,0,-1,00000000,00000000,0,PASS
27,3,q8_0,C0,2,1024,32768,66a385207fbe8383,1,1,0,-1,00000000,00000000,0,PASS
27,3,q8_0,C1,2,1024,32768,ea4b97e88c182db3,1,1,0,-1,00000000,00000000,0,PASS
27,3,q8_0,C2,2,1024,32768,70800d37477b9cc9,1,1,0,-1,00000000,00000000,0,PASS
27,3,q8_0,C3,2,1024,32768,8d9fdef04a954079,1,1,0,-1,00000000,00000000,0,PASS
27,3,q8_0,C4,2,1024,32768,71e3b48a7ebcb79f,1,1,0,-1,00000000,00000000,0,PASS
27,3,q8_0,C0,3,1024,32768,09b99610cdcf4383,1,1,0,-1,00000000,00000000,0,PASS
27,3,q8_0,C1,3,1024,32768,f303d2023f54e07a,1,1,0,-1,00000000,00000000,0,PASS
27,3,q8_0,C2,3,1024,32768,17b139ff4bb1b56e,1,1,0,-1,00000000,00000000,0,PASS
27,3,q8_0,C3,3,1024,32768,3769414a3a40e730,1,1,0,-1,00000000,00000000,0,PASS
27,3,q8_0,C4,3,1024,32768,7684a1bb04066307,1,1,0,-1,00000000,00000000,0,PASS
27,3,q8_0,C0,4,1024,32768,a82845d14be00383,1,1,0,-1,00000000,00000000,0,PASS
27,3,q8_0,C1,4,1024,32768,829e2379d3d0d763,1,1,0,-1,00000000,00000000,0,PASS
27,3,q8_0,C2,4,1024,32768,2c41771fb26e6aa4,1,1,0,-1,00000000,00000000,0,PASS
27,3,q8_0,C3,4,1024,32768,5616f8109df1a7fe,1,1,0,-1,00000000,00000000,0,PASS
27,3,q8_0,C4,4,1024,32768,00c364baeed7cc77,1,1,0,-1,00000000,00000000,0,PASS
27,3,q8_0,C0,5,1024,32768,a536a061f9f0c383,1,1,0,-1,00000000,00000000,0,PASS
27,3,q8_0,C1,5,1024,32768,cd5cb4a48887d2aa,1,1,0,-1,00000000,00000000,0,PASS
27,3,q8_0,C2,5,1024,32768,fe68e9da3c4fa0b4,1,1,0,-1,00000000,00000000,0,PASS
27,3,q8_0,C3,5,1024,32768,1831726725536bdd,1,1,0,-1,00000000,00000000,0,PASS
27,3,q8_0,C4,5,1024,32768,85d67414a04db337,1,1,0,-1,00000000,00000000,0,PASS
27,3,q8_0,C0,6,1024,32768,e72bb1c2d8018383,1,1,0,-1,00000000,00000000,0,PASS
27,3,q8_0,C1,6,1024,32768,606b07352f77b793,1,1,0,-1,00000000,00000000,0,PASS
27,3,q8_0,C2,6,1024,32768,aac88d06cc8d8c24,1,1,0,-1,00000000,00000000,0,PASS
27,3,q8_0,C3,6,1024,32768,27d3db57742b6f20,1,1,0,-1,00000000,00000000,0,PASS
27,3,q8_0,C4,6,1024,32768,90a3e3c502279c0a,1,1,0,-1,00000000,00000000,0,PASS
27,3,q8_0,C0,7,1024,32768,d74e85f3e6124383,1,1,0,-1,00000000,00000000,0,PASS
27,3,q8_0,C1,7,1024,32768,0680c4d6b6eb585a,1,1,0,-1,00000000,00000000,0,PASS
27,3,q8_0,C2,7,1024,32768,68aeccecb4841b1a,1,1,0,-1,00000000,00000000,0,PASS
27,3,q8_0,C3,7,1024,32768,31d9468601c17d9b,1,1,0,-1,00000000,00000000,0,PASS
27,3,q8_0,C4,7,1024,32768,e3547e032da9e62a,1,1,0,-1,00000000,00000000,0,PASS
27,3,q8_0,C0,8,1024,32768,61e628f524230383,1,1,0,-1,00000000,00000000,0,PASS
27,3,q8_0,C1,8,1024,32768,f5568f1793b7e5c3,1,1,0,-1,00000000,00000000,0,PASS
27,3,q8_0,C2,8,1024,32768,f510f9a7c42e2707,1,1,0,-1,00000000,00000000,0,PASS
27,3,q8_0,C3,8,1024,32768,01efe0591570995c,1,1,0,-1,00000000,00000000,0,PASS
27,3,q8_0,C4,8,1024,32768,bb27994fbd6c0dde,1,1,0,-1,00000000,00000000,0,PASS
27,4,q8_0,C0,2,8192,4096,0e5df645d4a90383,1,1,0,-1,00000000,00000000,0,PASS
27,4,q8_0,C1,2,8192,4096,a7596f63ea26adb3,1,1,0,-1,00000000,00000000,0,PASS
27,4,q8_0,C2,2,8192,4096,6024392d967b7573,1,1,0,-1,00000000,00000000,0,PASS
27,4,q8_0,C3,2,8192,4096,f0c304545af46396,1,1,0,-1,00000000,00000000,0,PASS
27,4,q8_0,C4,2,8192,4096,756a42230c87de66,1,1,0,-1,00000000,00000000,0,PASS
27,4,q8_0,C0,3,8192,4096,a7e477a2852f0383,1,1,0,-1,00000000,00000000,0,PASS
27,4,q8_0,C1,3,8192,4096,40f463593d98e07a,1,1,0,-1,00000000,00000000,0,PASS
27,4,q8_0,C2,3,8192,4096,6bda8fe4c61d0fba,1,1,0,-1,00000000,00000000,0,PASS
27,4,q8_0,C3,3,8192,4096,4684f4851dfaeee5,1,1,0,-1,00000000,00000000,0,PASS
27,4,q8_0,C4,3,8192,4096,7ef18a95c50f9806,1,1,0,-1,00000000,00000000,0,PASS
27,4,q8_0,C0,4,8192,4096,bc91ad0b35b50383,1,1,0,-1,00000000,00000000,0,PASS
27,4,q8_0,C1,4,8192,4096,1e7b80deb5521763,1,1,0,-1,00000000,00000000,0,PASS
27,4,q8_0,C2,4,8192,4096,95646a8ebd044b5d,1,1,0,-1,00000000,00000000,0,PASS
27,4,q8_0,C3,4,8192,4096,5b21bb2d0115dd63,1,1,0,-1,00000000,00000000,0,PASS
27,4,q8_0,C4,4,8192,4096,7b7263e3adedcd6f,1,1,0,-1,00000000,00000000,0,PASS
27,4,q8_0,C0,5,8192,4096,da7d967fe63b0383,1,1,0,-1,00000000,00000000,0,PASS
27,4,q8_0,C1,5,8192,4096,2439109c971292aa,1,1,0,-1,00000000,00000000,0,PASS
27,4,q8_0,C2,5,8192,4096,ac7103964b5c796d,1,1,0,-1,00000000,00000000,0,PASS
27,4,q8_0,C3,5,8192,4096,8a4188f7d606175d,1,1,0,-1,00000000,00000000,0,PASS
27,4,q8_0,C4,5,8192,4096,84cd276f9ee09557,1,1,0,-1,00000000,00000000,0,PASS
27,4,q8_0,C0,6,8192,4096,8fc0340096c10383,1,1,0,-1,00000000,00000000,0,PASS
27,4,q8_0,C1,6,8192,4096,6b7fdec3ae93b793,1,1,0,-1,00000000,00000000,0,PASS
27,4,q8_0,C2,6,8192,4096,158880dca80356a5,1,1,0,-1,00000000,00000000,0,PASS
27,4,q8_0,C3,6,8192,4096,798d33c9483eb73c,1,1,0,-1,00000000,00000000,0,PASS
27,4,q8_0,C4,6,8192,4096,6fb2cac120b4a24e,1,1,0,-1,00000000,00000000,0,PASS
27,4,q8_0,C0,7,8192,4096,6a71858d47470383,1,1,0,-1,00000000,00000000,0,PASS
27,4,q8_0,C1,7,8192,4096,665eaf56fa04d85a,1,1,0,-1,00000000,00000000,0,PASS
27,4,q8_0,C2,7,8192,4096,d0efefe3fcd897e2,1,1,0,-1,00000000,00000000,0,PASS
27,4,q8_0,C3,7,8192,4096,4c48d93bde30942c,1,1,0,-1,00000000,00000000,0,PASS
27,4,q8_0,C4,7,8192,4096,90b943a9e7d55d36,1,1,0,-1,00000000,00000000,0,PASS
27,4,q8_0,C0,8,8192,4096,f8a98b25f7cd0383,1,1,0,-1,00000000,00000000,0,PASS
27,4,q8_0,C1,8,8192,4096,c26c1a6b3d36a5c3,1,1,0,-1,00000000,00000000,0,PASS
27,4,q8_0,C2,8,8192,4096,95ac06e3a54b4ef2,1,1,0,-1,00000000,00000000,0,PASS
27,4,q8_0,C3,8,8192,4096,37026e683eee0a92,1,1,0,-1,00000000,00000000,0,PASS
27,4,q8_0,C4,8,8192,4096,3da45e1f8a9f3b1f,1,1,0,-1,00000000,00000000,0,PASS
27,5,f16,C0,2,16384,24,bc91ad0b35b50383,1,1,0,-1,00000000,00000000,0,PASS
27,5,f16,C1,2,16384,24,5dc3d7543112adb3,1,1,0,-1,00000000,00000000,0,PASS
27,5,f16,C2,2,16384,24,2182d4551e4fe2a3,1,1,0,-1,00000000,00000000,0,PASS
27,5,f16,C3,2,16384,24,9a0731d4ca7c83ce,1,1,0,-1,00000000,00000000,0,PASS
27,5,f16,C4,2,16384,24,b25fa2af1f4d979f,1,1,0,-1,00000000,00000000,0,PASS
27,5,f16,C0,3,16384,24,8fc0340096c10383,1,1,0,-1,00000000,00000000,0,PASS
27,5,f16,C1,3,16384,24,b7a628de7278e07a,1,1,0,-1,00000000,00000000,0,PASS
27,5,f16,C2,3,16384,24,05a69f75d2d8e36d,1,1,0,-1,00000000,00000000,0,PASS
27,5,f16,C3,3,16384,24,ba8f7be9e1034343,1,1,0,-1,00000000,00000000,0,PASS
27,5,f16,C4,3,16384,24,f5166e1daf6a5307,1,1,0,-1,00000000,00000000,0,PASS
27,5,f16,C0,4,16384,24,f8a98b25f7cd0383,1,1,0,-1,00000000,00000000,0,PASS
27,5,f16,C1,4,16384,24,6dd2f6a152781763,1,1,0,-1,00000000,00000000,0,PASS
27,5,f16,C2,4,16384,24,03b1a534c5b2c557,1,1,0,-1,00000000,00000000,0,PASS
27,5,f16,C3,4,16384,24,0b5d8eba48fd6fb7,1,1,0,-1,00000000,00000000,0,PASS
27,5,f16,C4,4,16384,24,77f735b69bbdcc77,1,1,0,-1,00000000,00000000,0,PASS
27,5,f16,C0,5,16384,24,680db27b58d90383,1,1,0,-1,00000000,00000000,0,PASS
27,5,f16,C1,5,16384,24,849b32211e8c92aa,1,1,0,-1,00000000,00000000,0,PASS
27,5,f16,C2,5,16384,24,5c63d5b6c8cd0fe7,1,1,0,-1,00000000,00000000,0,PASS
27,5,f16,C3,5,16384,24,c619947ccd952ba6,1,1,0,-1,00000000,00000000,0,PASS
27,5,f16,C4,5,16384,24,afa0291542a0c337,1,1,0,-1,00000000,00000000,0,PASS
27,5,f16,C0,6,16384,24,4eacaa00b9e50383,1,1,0,-1,00000000,00000000,0,PASS
27,5,f16,C1,6,16384,24,aa9ab88976b3b793,1,1,0,-1,00000000,00000000,0,PASS
27,5,f16,C2,6,16384,24,7492baf760eee0bc,1,1,0,-1,00000000,00000000,0,PASS
27,5,f16,C3,6,16384,24,a30bf070a6ed7870,1,1,0,-1,00000000,00000000,0,PASS
27,5,f16,C4,6,16384,24,f28d61a32b65fc0a,1,1,0,-1,00000000,00000000,0,PASS
27,5,f16,C0,7,16384,24,1d4671b61af10383,1,1,0,-1,00000000,00000000,0,PASS
27,5,f16,C1,7,16384,24,3a7a16ba8fd8d85a,1,1,0,-1,00000000,00000000,0,PASS
27,5,f16,C2,7,16384,24,711aa99ced25a706,1,1,0,-1,00000000,00000000,0,PASS
27,5,f16,C3,7,16384,24,16afa4e0c463c3b2,1,1,0,-1,00000000,00000000,0,PASS
27,5,f16,C4,7,16384,24,6441aebc43e8962a,1,1,0,-1,00000000,00000000,0,PASS
27,5,f16,C0,8,16384,24,449b099b7bfd0383,1,1,0,-1,00000000,00000000,0,PASS
27,5,f16,C1,8,16384,24,80cdba4d8810a5c3,1,1,0,-1,00000000,00000000,0,PASS
27,5,f16,C2,8,16384,24,af28154ffb9ea876,1,1,0,-1,00000000,00000000,0,PASS
27,5,f16,C3,8,16384,24,619cde32aae9e889,1,1,0,-1,00000000,00000000,0,PASS
27,5,f16,C4,8,16384,24,9e50fb1212e9adde,1,1,0,-1,00000000,00000000,0,PASS
27,6,f16,C0,2,4096,256,61e628f524230383,1,1,0,-1,00000000,00000000,0,PASS
27,6,f16,C1,2,4096,256,f3458625c6b0adb3,1,1,0,-1,00000000,00000000,0,PASS
27,6,f16,C2,2,4096,256,eaa8b46e71e992b4,1,1,0,-1,00000000,00000000,0,PASS
27,6,f16,C3,2,4096,256,7b4eddcf529d9e28,1,1,0,-1,00000000,00000000,0,PASS
27,6,f16,C4,2,4096,256,4712e9c2b1324d63,1,1,0,-1,00000000,00000000,0,PASS
27,6,f16,C0,3,4096,256,f361b91bfc660383,1,1,0,-1,00000000,00000000,0,PASS
27,6,f16,C1,3,4096,256,36aaaa69a328e07a,1,1,0,-1,00000000,00000000,0,PASS
27,6,f16,C2,3,4096,256,e36dde151415c0df,1,1,0,-1,00000000,00000000,0,PASS
27,6,f16,C3,3,4096,256,d54d9ff0d83c758a,1,1,0,-1,00000000,00000000,0,PASS
27,6,f16,C4,3,4096,256,e34480993503b8a3,1,1,0,-1,00000000,00000000,0,PASS
27,6,f16,C0,4,4096,256,0e5df645d4a90383,1,1,0,-1,00000000,00000000,0,PASS
27,6,f16,C1,4,4096,256,cb611474e6bf1763,1,1,0,-1,00000000,00000000,0,PASS
27,6,f16,C2,4,4096,256,a668df01d5618865,1,1,0,-1,00000000,00000000,0,PASS
27,6,f16,C3,4,4096,256,7bd86d3acb2ed924,1,1,0,-1,00000000,00000000,0,PASS
27,6,f16,C4,4,4096,256,04144d081eb41f66,1,1,0,-1,00000000,00000000,0,PASS
27,6,f16,C0,5,4096,256,649de072acec0383,1,1,0,-1,00000000,00000000,0,PASS
27,6,f16,C1,5,4096,256,7d3627c9d35592aa,1,1,0,-1,00000000,00000000,0,PASS
27,6,f16,C2,5,4096,256,d13581044f3dfab0,1,1,0,-1,00000000,00000000,0,PASS
27,6,f16,C3,5,4096,256,9a3ca514d2015008,1,1,0,-1,00000000,00000000,0,PASS
27,6,f16,C4,5,4096,256,9ca02a032bb24fc6,1,1,0,-1,00000000,00000000,0,PASS
27,6,f16,C0,6,4096,256,a7e477a2852f0383,1,1,0,-1,00000000,00000000,0,PASS
27,6,f16,C1,6,4096,256,a8f5fc63ca83b793,1,1,0,-1,00000000,00000000,0,PASS
27,6,f16,C2,6,4096,256,2e2a6a2802a71ed0,1,1,0,-1,00000000,00000000,0,PASS
27,6,f16,C3,6,4096,256,86578e693f01209b,1,1,0,-1,00000000,00000000,0,PASS
27,6,f16,C4,6,4096,256,e725a82e9783c012,1,1,0,-1,00000000,00000000,0,PASS
27,6,f16,C0,7,4096,256,89f4bbd55d720383,1,1,0,-1,00000000,00000000,0,PASS
27,6,f16,C1,7,4096,256,8a1e5e5f2f1ad85a,1,1,0,-1,00000000,00000000,0,PASS
27,6,f16,C2,7,4096,256,38cba9f3d15ed87c,1,1,0,-1,00000000,00000000,0,PASS
27,6,f16,C3,7,4096,256,ffc7ffdde696d516,1,1,0,-1,00000000,00000000,0,PASS
27,6,f16,C4,7,4096,256,a56d33ae4c8c775a,1,1,0,-1,00000000,00000000,0,PASS
27,6,f16,C0,8,4096,256,bc91ad0b35b50383,1,1,0,-1,00000000,00000000,0,PASS
27,6,f16,C1,8,4096,256,b049445697c9a5c3,1,1,0,-1,00000000,00000000,0,PASS
27,6,f16,C2,8,4096,256,7efc99aea35888c7,1,1,0,-1,00000000,00000000,0,PASS
27,6,f16,C3,8,4096,256,df733a2c48fc6769,1,1,0,-1,00000000,00000000,0,PASS
27,6,f16,C4,8,4096,256,d8f79ecae2861f1f,1,1,0,-1,00000000,00000000,0,PASS
28,0,f16,C0,2,16384,24,bc91ad0b35b50383,1,1,0,-1,00000000,00000000,0,PASS
28,0,f16,C1,2,16384,24,5dc3d7543112adb3,1,1,0,-1,00000000,00000000,0,PASS
28,0,f16,C2,2,16384,24,2182d4551e4fe2a3,1,1,0,-1,00000000,00000000,0,PASS
28,0,f16,C3,2,16384,24,ef91be4e6b649651,1,1,0,-1,00000000,00000000,0,PASS
28,0,f16,C4,2,16384,24,b25fa2af1f4d979f,1,1,0,-1,00000000,00000000,0,PASS
28,0,f16,C0,3,16384,24,8fc0340096c10383,1,1,0,-1,00000000,00000000,0,PASS
28,0,f16,C1,3,16384,24,b7a628de7278e07a,1,1,0,-1,00000000,00000000,0,PASS
28,0,f16,C2,3,16384,24,05a69f75d2d8e36d,1,1,0,-1,00000000,00000000,0,PASS
28,0,f16,C3,3,16384,24,263737006c7034c1,1,1,0,-1,00000000,00000000,0,PASS
28,0,f16,C4,3,16384,24,f5166e1daf6a5307,1,1,0,-1,00000000,00000000,0,PASS
28,0,f16,C0,4,16384,24,f8a98b25f7cd0383,1,1,0,-1,00000000,00000000,0,PASS
28,0,f16,C1,4,16384,24,6dd2f6a152781763,1,1,0,-1,00000000,00000000,0,PASS
28,0,f16,C2,4,16384,24,03b1a534c5b2c557,1,1,0,-1,00000000,00000000,0,PASS
28,0,f16,C3,4,16384,24,6723cd7d48dc88b3,1,1,0,-1,00000000,00000000,0,PASS
28,0,f16,C4,4,16384,24,77f735b69bbdcc77,1,1,0,-1,00000000,00000000,0,PASS
28,0,f16,C0,5,16384,24,680db27b58d90383,1,1,0,-1,00000000,00000000,0,PASS
28,0,f16,C1,5,16384,24,849b32211e8c92aa,1,1,0,-1,00000000,00000000,0,PASS
28,0,f16,C2,5,16384,24,5c63d5b6c8cd0fe7,1,1,0,-1,00000000,00000000,0,PASS
28,0,f16,C3,5,16384,24,eec3c613d495346e,1,1,0,-1,00000000,00000000,0,PASS
28,0,f16,C4,5,16384,24,afa0291542a0c337,1,1,0,-1,00000000,00000000,0,PASS
28,0,f16,C0,6,16384,24,4eacaa00b9e50383,1,1,0,-1,00000000,00000000,0,PASS
28,0,f16,C1,6,16384,24,aa9ab88976b3b793,1,1,0,-1,00000000,00000000,0,PASS
28,0,f16,C2,6,16384,24,7492baf760eee0bc,1,1,0,-1,00000000,00000000,0,PASS
28,0,f16,C3,6,16384,24,739e932ebdc76ddf,1,1,0,-1,00000000,00000000,0,PASS
28,0,f16,C4,6,16384,24,f28d61a32b65fc0a,1,1,0,-1,00000000,00000000,0,PASS
28,0,f16,C0,7,16384,24,1d4671b61af10383,1,1,0,-1,00000000,00000000,0,PASS
28,0,f16,C1,7,16384,24,3a7a16ba8fd8d85a,1,1,0,-1,00000000,00000000,0,PASS
28,0,f16,C2,7,16384,24,711aa99ced25a706,1,1,0,-1,00000000,00000000,0,PASS
28,0,f16,C3,7,16384,24,6e7a06f04c655814,1,1,0,-1,00000000,00000000,0,PASS
28,0,f16,C4,7,16384,24,6441aebc43e8962a,1,1,0,-1,00000000,00000000,0,PASS
28,0,f16,C0,8,16384,24,449b099b7bfd0383,1,1,0,-1,00000000,00000000,0,PASS
28,0,f16,C1,8,16384,24,80cdba4d8810a5c3,1,1,0,-1,00000000,00000000,0,PASS
28,0,f16,C2,8,16384,24,af28154ffb9ea876,1,1,0,-1,00000000,00000000,0,PASS
28,0,f16,C3,8,16384,24,73ef3b497b4dde69,1,1,0,-1,00000000,00000000,0,PASS
28,0,f16,C4,8,16384,24,9e50fb1212e9adde,1,1,0,-1,00000000,00000000,0,PASS
28,1,q8_0,C0,2,4096,1024,61e628f524230383,1,1,0,-1,00000000,00000000,0,PASS
28,1,q8_0,C1,2,4096,1024,f3458625c6b0adb3,1,1,0,-1,00000000,00000000,0,PASS
28,1,q8_0,C2,2,4096,1024,eaa8b46e71e992b4,1,1,0,-1,00000000,00000000,0,PASS
28,1,q8_0,C3,2,4096,1024,9d873a76f31ef917,1,1,0,-1,00000000,00000000,0,PASS
28,1,q8_0,C4,2,4096,1024,4712e9c2b1324d63,1,1,0,-1,00000000,00000000,0,PASS
28,1,q8_0,C0,3,4096,1024,f361b91bfc660383,1,1,0,-1,00000000,00000000,0,PASS
28,1,q8_0,C1,3,4096,1024,36aaaa69a328e07a,1,1,0,-1,00000000,00000000,0,PASS
28,1,q8_0,C2,3,4096,1024,e36dde151415c0df,1,1,0,-1,00000000,00000000,0,PASS
28,1,q8_0,C3,3,4096,1024,842204371657b7e8,1,1,0,-1,00000000,00000000,0,PASS
28,1,q8_0,C4,3,4096,1024,e34480993503b8a3,1,1,0,-1,00000000,00000000,0,PASS
28,1,q8_0,C0,4,4096,1024,0e5df645d4a90383,1,1,0,-1,00000000,00000000,0,PASS
28,1,q8_0,C1,4,4096,1024,cb611474e6bf1763,1,1,0,-1,00000000,00000000,0,PASS
28,1,q8_0,C2,4,4096,1024,a668df01d5618865,1,1,0,-1,00000000,00000000,0,PASS
28,1,q8_0,C3,4,4096,1024,6a893e1de74592ed,1,1,0,-1,00000000,00000000,0,PASS
28,1,q8_0,C4,4,4096,1024,04144d081eb41f66,1,1,0,-1,00000000,00000000,0,PASS
28,1,q8_0,C0,5,4096,1024,649de072acec0383,1,1,0,-1,00000000,00000000,0,PASS
28,1,q8_0,C1,5,4096,1024,7d3627c9d35592aa,1,1,0,-1,00000000,00000000,0,PASS
28,1,q8_0,C2,5,4096,1024,d13581044f3dfab0,1,1,0,-1,00000000,00000000,0,PASS
28,1,q8_0,C3,5,4096,1024,4085c5ea7f60ab98,1,1,0,-1,00000000,00000000,0,PASS
28,1,q8_0,C4,5,4096,1024,9ca02a032bb24fc6,1,1,0,-1,00000000,00000000,0,PASS
28,1,q8_0,C0,6,4096,1024,a7e477a2852f0383,1,1,0,-1,00000000,00000000,0,PASS
28,1,q8_0,C1,6,4096,1024,a8f5fc63ca83b793,1,1,0,-1,00000000,00000000,0,PASS
28,1,q8_0,C2,6,4096,1024,2e2a6a2802a71ed0,1,1,0,-1,00000000,00000000,0,PASS
28,1,q8_0,C3,6,4096,1024,47f03855f80e6bce,1,1,0,-1,00000000,00000000,0,PASS
28,1,q8_0,C4,6,4096,1024,e725a82e9783c012,1,1,0,-1,00000000,00000000,0,PASS
28,1,q8_0,C0,7,4096,1024,89f4bbd55d720383,1,1,0,-1,00000000,00000000,0,PASS
28,1,q8_0,C1,7,4096,1024,8a1e5e5f2f1ad85a,1,1,0,-1,00000000,00000000,0,PASS
28,1,q8_0,C2,7,4096,1024,38cba9f3d15ed87c,1,1,0,-1,00000000,00000000,0,PASS
28,1,q8_0,C3,7,4096,1024,5ea17426e6892e7f,1,1,0,-1,00000000,00000000,0,PASS
28,1,q8_0,C4,7,4096,1024,a56d33ae4c8c775a,1,1,0,-1,00000000,00000000,0,PASS
28,1,q8_0,C0,8,4096,1024,bc91ad0b35b50383,1,1,0,-1,00000000,00000000,0,PASS
28,1,q8_0,C1,8,4096,1024,b049445697c9a5c3,1,1,0,-1,00000000,00000000,0,PASS
28,1,q8_0,C2,8,4096,1024,7efc99aea35888c7,1,1,0,-1,00000000,00000000,0,PASS
28,1,q8_0,C3,8,4096,1024,213cf78fd76073d5,1,1,0,-1,00000000,00000000,0,PASS
28,1,q8_0,C4,8,4096,1024,d8f79ecae2861f1f,1,1,0,-1,00000000,00000000,0,PASS
28,2,q8_0,C0,2,4096,512,61e628f524230383,1,1,0,-1,00000000,00000000,0,PASS
28,2,q8_0,C1,2,4096,512,f3458625c6b0adb3,1,1,0,-1,00000000,00000000,0,PASS
28,2,q8_0,C2,2,4096,512,eaa8b46e71e992b4,1,1,0,-1,00000000,00000000,0,PASS
28,2,q8_0,C3,2,4096,512,5d542cd4b11a00c2,1,1,0,-1,00000000,00000000,0,PASS
28,2,q8_0,C4,2,4096,512,4712e9c2b1324d63,1,1,0,-1,00000000,00000000,0,PASS
28,2,q8_0,C0,3,4096,512,f361b91bfc660383,1,1,0,-1,00000000,00000000,0,PASS
28,2,q8_0,C1,3,4096,512,36aaaa69a328e07a,1,1,0,-1,00000000,00000000,0,PASS
28,2,q8_0,C2,3,4096,512,e36dde151415c0df,1,1,0,-1,00000000,00000000,0,PASS
28,2,q8_0,C3,3,4096,512,a12837f7e75ef85d,1,1,0,-1,00000000,00000000,0,PASS
28,2,q8_0,C4,3,4096,512,e34480993503b8a3,1,1,0,-1,00000000,00000000,0,PASS
28,2,q8_0,C0,4,4096,512,0e5df645d4a90383,1,1,0,-1,00000000,00000000,0,PASS
28,2,q8_0,C1,4,4096,512,cb611474e6bf1763,1,1,0,-1,00000000,00000000,0,PASS
28,2,q8_0,C2,4,4096,512,a668df01d5618865,1,1,0,-1,00000000,00000000,0,PASS
28,2,q8_0,C3,4,4096,512,3e7a28fb03a2b8a1,1,1,0,-1,00000000,00000000,0,PASS
28,2,q8_0,C4,4,4096,512,04144d081eb41f66,1,1,0,-1,00000000,00000000,0,PASS
28,2,q8_0,C0,5,4096,512,649de072acec0383,1,1,0,-1,00000000,00000000,0,PASS
28,2,q8_0,C1,5,4096,512,7d3627c9d35592aa,1,1,0,-1,00000000,00000000,0,PASS
28,2,q8_0,C2,5,4096,512,d13581044f3dfab0,1,1,0,-1,00000000,00000000,0,PASS
28,2,q8_0,C3,5,4096,512,c3d72fba967fa233,1,1,0,-1,00000000,00000000,0,PASS
28,2,q8_0,C4,5,4096,512,9ca02a032bb24fc6,1,1,0,-1,00000000,00000000,0,PASS
28,2,q8_0,C0,6,4096,512,a7e477a2852f0383,1,1,0,-1,00000000,00000000,0,PASS
28,2,q8_0,C1,6,4096,512,a8f5fc63ca83b793,1,1,0,-1,00000000,00000000,0,PASS
28,2,q8_0,C2,6,4096,512,2e2a6a2802a71ed0,1,1,0,-1,00000000,00000000,0,PASS
28,2,q8_0,C3,6,4096,512,b7a2fca50d319722,1,1,0,-1,00000000,00000000,0,PASS
28,2,q8_0,C4,6,4096,512,e725a82e9783c012,1,1,0,-1,00000000,00000000,0,PASS
28,2,q8_0,C0,7,4096,512,89f4bbd55d720383,1,1,0,-1,00000000,00000000,0,PASS
28,2,q8_0,C1,7,4096,512,8a1e5e5f2f1ad85a,1,1,0,-1,00000000,00000000,0,PASS
28,2,q8_0,C2,7,4096,512,38cba9f3d15ed87c,1,1,0,-1,00000000,00000000,0,PASS
28,2,q8_0,C3,7,4096,512,af4193179637097d,1,1,0,-1,00000000,00000000,0,PASS
28,2,q8_0,C4,7,4096,512,a56d33ae4c8c775a,1,1,0,-1,00000000,00000000,0,PASS
28,2,q8_0,C0,8,4096,512,bc91ad0b35b50383,1,1,0,-1,00000000,00000000,0,PASS
28,2,q8_0,C1,8,4096,512,b049445697c9a5c3,1,1,0,-1,00000000,00000000,0,PASS
28,2,q8_0,C2,8,4096,512,7efc99aea35888c7,1,1,0,-1,00000000,00000000,0,PASS
28,2,q8_0,C3,8,4096,512,c12fd51b9aa3ae51,1,1,0,-1,00000000,00000000,0,PASS
28,2,q8_0,C4,8,4096,512,d8f79ecae2861f1f,1,1,0,-1,00000000,00000000,0,PASS
28,3,q8_0,C0,2,1024,32768,66a385207fbe8383,1,1,0,-1,00000000,00000000,0,PASS
28,3,q8_0,C1,2,1024,32768,ea4b97e88c182db3,1,1,0,-1,00000000,00000000,0,PASS
28,3,q8_0,C2,2,1024,32768,70800d37477b9cc9,1,1,0,-1,00000000,00000000,0,PASS
28,3,q8_0,C3,2,1024,32768,11b40382dd7cb71a,1,1,0,-1,00000000,00000000,0,PASS
28,3,q8_0,C4,2,1024,32768,71e3b48a7ebcb79f,1,1,0,-1,00000000,00000000,0,PASS
28,3,q8_0,C0,3,1024,32768,09b99610cdcf4383,1,1,0,-1,00000000,00000000,0,PASS
28,3,q8_0,C1,3,1024,32768,f303d2023f54e07a,1,1,0,-1,00000000,00000000,0,PASS
28,3,q8_0,C2,3,1024,32768,17b139ff4bb1b56e,1,1,0,-1,00000000,00000000,0,PASS
28,3,q8_0,C3,3,1024,32768,9464d15c8954cc88,1,1,0,-1,00000000,00000000,0,PASS
28,3,q8_0,C4,3,1024,32768,7684a1bb04066307,1,1,0,-1,00000000,00000000,0,PASS
28,3,q8_0,C0,4,1024,32768,a82845d14be00383,1,1,0,-1,00000000,00000000,0,PASS
28,3,q8_0,C1,4,1024,32768,829e2379d3d0d763,1,1,0,-1,00000000,00000000,0,PASS
28,3,q8_0,C2,4,1024,32768,2c41771fb26e6aa4,1,1,0,-1,00000000,00000000,0,PASS
28,3,q8_0,C3,4,1024,32768,c309c3c618a1324d,1,1,0,-1,00000000,00000000,0,PASS
28,3,q8_0,C4,4,1024,32768,00c364baeed7cc77,1,1,0,-1,00000000,00000000,0,PASS
28,3,q8_0,C0,5,1024,32768,a536a061f9f0c383,1,1,0,-1,00000000,00000000,0,PASS
28,3,q8_0,C1,5,1024,32768,cd5cb4a48887d2aa,1,1,0,-1,00000000,00000000,0,PASS
28,3,q8_0,C2,5,1024,32768,fe68e9da3c4fa0b4,1,1,0,-1,00000000,00000000,0,PASS
28,3,q8_0,C3,5,1024,32768,971687d3ba439c0d,1,1,0,-1,00000000,00000000,0,PASS
28,3,q8_0,C4,5,1024,32768,85d67414a04db337,1,1,0,-1,00000000,00000000,0,PASS
28,3,q8_0,C0,6,1024,32768,e72bb1c2d8018383,1,1,0,-1,00000000,00000000,0,PASS
28,3,q8_0,C1,6,1024,32768,606b07352f77b793,1,1,0,-1,00000000,00000000,0,PASS
28,3,q8_0,C2,6,1024,32768,aac88d06cc8d8c24,1,1,0,-1,00000000,00000000,0,PASS
28,3,q8_0,C3,6,1024,32768,faaf9810d6b71f24,1,1,0,-1,00000000,00000000,0,PASS
28,3,q8_0,C4,6,1024,32768,90a3e3c502279c0a,1,1,0,-1,00000000,00000000,0,PASS
28,3,q8_0,C0,7,1024,32768,d74e85f3e6124383,1,1,0,-1,00000000,00000000,0,PASS
28,3,q8_0,C1,7,1024,32768,0680c4d6b6eb585a,1,1,0,-1,00000000,00000000,0,PASS
28,3,q8_0,C2,7,1024,32768,68aeccecb4841b1a,1,1,0,-1,00000000,00000000,0,PASS
28,3,q8_0,C3,7,1024,32768,6f7d37540d5f5217,1,1,0,-1,00000000,00000000,0,PASS
28,3,q8_0,C4,7,1024,32768,e3547e032da9e62a,1,1,0,-1,00000000,00000000,0,PASS
28,3,q8_0,C0,8,1024,32768,61e628f524230383,1,1,0,-1,00000000,00000000,0,PASS
28,3,q8_0,C1,8,1024,32768,f5568f1793b7e5c3,1,1,0,-1,00000000,00000000,0,PASS
28,3,q8_0,C2,8,1024,32768,f510f9a7c42e2707,1,1,0,-1,00000000,00000000,0,PASS
28,3,q8_0,C3,8,1024,32768,3a75e28ca58a7cc5,1,1,0,-1,00000000,00000000,0,PASS
28,3,q8_0,C4,8,1024,32768,bb27994fbd6c0dde,1,1,0,-1,00000000,00000000,0,PASS
28,4,q8_0,C0,2,8192,4096,0e5df645d4a90383,1,1,0,-1,00000000,00000000,0,PASS
28,4,q8_0,C1,2,8192,4096,a7596f63ea26adb3,1,1,0,-1,00000000,00000000,0,PASS
28,4,q8_0,C2,2,8192,4096,6024392d967b7573,1,1,0,-1,00000000,00000000,0,PASS
28,4,q8_0,C3,2,8192,4096,b306e26b6023ff58,1,1,0,-1,00000000,00000000,0,PASS
28,4,q8_0,C4,2,8192,4096,756a42230c87de66,1,1,0,-1,00000000,00000000,0,PASS
28,4,q8_0,C0,3,8192,4096,a7e477a2852f0383,1,1,0,-1,00000000,00000000,0,PASS
28,4,q8_0,C1,3,8192,4096,40f463593d98e07a,1,1,0,-1,00000000,00000000,0,PASS
28,4,q8_0,C2,3,8192,4096,6bda8fe4c61d0fba,1,1,0,-1,00000000,00000000,0,PASS
28,4,q8_0,C3,3,8192,4096,9754a9c010ea10ea,1,1,0,-1,00000000,00000000,0,PASS
28,4,q8_0,C4,3,8192,4096,7ef18a95c50f9806,1,1,0,-1,00000000,00000000,0,PASS
28,4,q8_0,C0,4,8192,4096,bc91ad0b35b50383,1,1,0,-1,00000000,00000000,0,PASS
28,4,q8_0,C1,4,8192,4096,1e7b80deb5521763,1,1,0,-1,00000000,00000000,0,PASS
28,4,q8_0,C2,4,8192,4096,95646a8ebd044b5d,1,1,0,-1,00000000,00000000,0,PASS
28,4,q8_0,C3,4,8192,4096,71326cb03d9de407,1,1,0,-1,00000000,00000000,0,PASS
28,4,q8_0,C4,4,8192,4096,7b7263e3adedcd6f,1,1,0,-1,00000000,00000000,0,PASS
28,4,q8_0,C0,5,8192,4096,da7d967fe63b0383,1,1,0,-1,00000000,00000000,0,PASS
28,4,q8_0,C1,5,8192,4096,2439109c971292aa,1,1,0,-1,00000000,00000000,0,PASS
28,4,q8_0,C2,5,8192,4096,ac7103964b5c796d,1,1,0,-1,00000000,00000000,0,PASS
28,4,q8_0,C3,5,8192,4096,42b6791e34e0bda2,1,1,0,-1,00000000,00000000,0,PASS
28,4,q8_0,C4,5,8192,4096,84cd276f9ee09557,1,1,0,-1,00000000,00000000,0,PASS
28,4,q8_0,C0,6,8192,4096,8fc0340096c10383,1,1,0,-1,00000000,00000000,0,PASS
28,4,q8_0,C1,6,8192,4096,6b7fdec3ae93b793,1,1,0,-1,00000000,00000000,0,PASS
28,4,q8_0,C2,6,8192,4096,158880dca80356a5,1,1,0,-1,00000000,00000000,0,PASS
28,4,q8_0,C3,6,8192,4096,2df537c6a0ee4cf1,1,1,0,-1,00000000,00000000,0,PASS
28,4,q8_0,C4,6,8192,4096,6fb2cac120b4a24e,1,1,0,-1,00000000,00000000,0,PASS
28,4,q8_0,C0,7,8192,4096,6a71858d47470383,1,1,0,-1,00000000,00000000,0,PASS
28,4,q8_0,C1,7,8192,4096,665eaf56fa04d85a,1,1,0,-1,00000000,00000000,0,PASS
28,4,q8_0,C2,7,8192,4096,d0efefe3fcd897e2,1,1,0,-1,00000000,00000000,0,PASS
28,4,q8_0,C3,7,8192,4096,db62759370cfbfbf,1,1,0,-1,00000000,00000000,0,PASS
28,4,q8_0,C4,7,8192,4096,90b943a9e7d55d36,1,1,0,-1,00000000,00000000,0,PASS
28,4,q8_0,C0,8,8192,4096,f8a98b25f7cd0383,1,1,0,-1,00000000,00000000,0,PASS
28,4,q8_0,C1,8,8192,4096,c26c1a6b3d36a5c3,1,1,0,-1,00000000,00000000,0,PASS
28,4,q8_0,C2,8,8192,4096,95ac06e3a54b4ef2,1,1,0,-1,00000000,00000000,0,PASS
28,4,q8_0,C3,8,8192,4096,69c56f13abe7f687,1,1,0,-1,00000000,00000000,0,PASS
28,4,q8_0,C4,8,8192,4096,3da45e1f8a9f3b1f,1,1,0,-1,00000000,00000000,0,PASS
28,5,f16,C0,2,16384,24,bc91ad0b35b50383,1,1,0,-1,00000000,00000000,0,PASS
28,5,f16,C1,2,16384,24,5dc3d7543112adb3,1,1,0,-1,00000000,00000000,0,PASS
28,5,f16,C2,2,16384,24,2182d4551e4fe2a3,1,1,0,-1,00000000,00000000,0,PASS
28,5,f16,C3,2,16384,24,c18499da62261d00,1,1,0,-1,00000000,00000000,0,PASS
28,5,f16,C4,2,16384,24,b25fa2af1f4d979f,1,1,0,-1,00000000,00000000,0,PASS
28,5,f16,C0,3,16384,24,8fc0340096c10383,1,1,0,-1,00000000,00000000,0,PASS
28,5,f16,C1,3,16384,24,b7a628de7278e07a,1,1,0,-1,00000000,00000000,0,PASS
28,5,f16,C2,3,16384,24,05a69f75d2d8e36d,1,1,0,-1,00000000,00000000,0,PASS
28,5,f16,C3,3,16384,24,b52bf97601b3dbed,1,1,0,-1,00000000,00000000,0,PASS
28,5,f16,C4,3,16384,24,f5166e1daf6a5307,1,1,0,-1,00000000,00000000,0,PASS
28,5,f16,C0,4,16384,24,f8a98b25f7cd0383,1,1,0,-1,00000000,00000000,0,PASS
28,5,f16,C1,4,16384,24,6dd2f6a152781763,1,1,0,-1,00000000,00000000,0,PASS
28,5,f16,C2,4,16384,24,03b1a534c5b2c557,1,1,0,-1,00000000,00000000,0,PASS
28,5,f16,C3,4,16384,24,1c23e74803598804,1,1,0,-1,00000000,00000000,0,PASS
28,5,f16,C4,4,16384,24,77f735b69bbdcc77,1,1,0,-1,00000000,00000000,0,PASS
28,5,f16,C0,5,16384,24,680db27b58d90383,1,1,0,-1,00000000,00000000,0,PASS
28,5,f16,C1,5,16384,24,849b32211e8c92aa,1,1,0,-1,00000000,00000000,0,PASS
28,5,f16,C2,5,16384,24,5c63d5b6c8cd0fe7,1,1,0,-1,00000000,00000000,0,PASS
28,5,f16,C3,5,16384,24,a1cd43071585e6f5,1,1,0,-1,00000000,00000000,0,PASS
28,5,f16,C4,5,16384,24,afa0291542a0c337,1,1,0,-1,00000000,00000000,0,PASS
28,5,f16,C0,6,16384,24,4eacaa00b9e50383,1,1,0,-1,00000000,00000000,0,PASS
28,5,f16,C1,6,16384,24,aa9ab88976b3b793,1,1,0,-1,00000000,00000000,0,PASS
28,5,f16,C2,6,16384,24,7492baf760eee0bc,1,1,0,-1,00000000,00000000,0,PASS
28,5,f16,C3,6,16384,24,ac5eb6de0a2b22cf,1,1,0,-1,00000000,00000000,0,PASS
28,5,f16,C4,6,16384,24,f28d61a32b65fc0a,1,1,0,-1,00000000,00000000,0,PASS
28,5,f16,C0,7,16384,24,1d4671b61af10383,1,1,0,-1,00000000,00000000,0,PASS
28,5,f16,C1,7,16384,24,3a7a16ba8fd8d85a,1,1,0,-1,00000000,00000000,0,PASS
28,5,f16,C2,7,16384,24,711aa99ced25a706,1,1,0,-1,00000000,00000000,0,PASS
28,5,f16,C3,7,16384,24,f9d2c6f4b57d281e,1,1,0,-1,00000000,00000000,0,PASS
28,5,f16,C4,7,16384,24,6441aebc43e8962a,1,1,0,-1,00000000,00000000,0,PASS
28,5,f16,C0,8,16384,24,449b099b7bfd0383,1,1,0,-1,00000000,00000000,0,PASS
28,5,f16,C1,8,16384,24,80cdba4d8810a5c3,1,1,0,-1,00000000,00000000,0,PASS
28,5,f16,C2,8,16384,24,af28154ffb9ea876,1,1,0,-1,00000000,00000000,0,PASS
28,5,f16,C3,8,16384,24,b5209accf960ec07,1,1,0,-1,00000000,00000000,0,PASS
28,5,f16,C4,8,16384,24,9e50fb1212e9adde,1,1,0,-1,00000000,00000000,0,PASS
28,6,f16,C0,2,4096,256,61e628f524230383,1,1,0,-1,00000000,00000000,0,PASS
28,6,f16,C1,2,4096,256,f3458625c6b0adb3,1,1,0,-1,00000000,00000000,0,PASS
28,6,f16,C2,2,4096,256,eaa8b46e71e992b4,1,1,0,-1,00000000,00000000,0,PASS
28,6,f16,C3,2,4096,256,b585657eb28df903,1,1,0,-1,00000000,00000000,0,PASS
28,6,f16,C4,2,4096,256,4712e9c2b1324d63,1,1,0,-1,00000000,00000000,0,PASS
28,6,f16,C0,3,4096,256,f361b91bfc660383,1,1,0,-1,00000000,00000000,0,PASS
28,6,f16,C1,3,4096,256,36aaaa69a328e07a,1,1,0,-1,00000000,00000000,0,PASS
28,6,f16,C2,3,4096,256,e36dde151415c0df,1,1,0,-1,00000000,00000000,0,PASS
28,6,f16,C3,3,4096,256,e656f7bf637f4166,1,1,0,-1,00000000,00000000,0,PASS
28,6,f16,C4,3,4096,256,e34480993503b8a3,1,1,0,-1,00000000,00000000,0,PASS
28,6,f16,C0,4,4096,256,0e5df645d4a90383,1,1,0,-1,00000000,00000000,0,PASS
28,6,f16,C1,4,4096,256,cb611474e6bf1763,1,1,0,-1,00000000,00000000,0,PASS
28,6,f16,C2,4,4096,256,a668df01d5618865,1,1,0,-1,00000000,00000000,0,PASS
28,6,f16,C3,4,4096,256,c775d77c3795b61e,1,1,0,-1,00000000,00000000,0,PASS
28,6,f16,C4,4,4096,256,04144d081eb41f66,1,1,0,-1,00000000,00000000,0,PASS
28,6,f16,C0,5,4096,256,649de072acec0383,1,1,0,-1,00000000,00000000,0,PASS
28,6,f16,C1,5,4096,256,7d3627c9d35592aa,1,1,0,-1,00000000,00000000,0,PASS
28,6,f16,C2,5,4096,256,d13581044f3dfab0,1,1,0,-1,00000000,00000000,0,PASS
28,6,f16,C3,5,4096,256,f545fa2f2aa667d2,1,1,0,-1,00000000,00000000,0,PASS
28,6,f16,C4,5,4096,256,9ca02a032bb24fc6,1,1,0,-1,00000000,00000000,0,PASS
28,6,f16,C0,6,4096,256,a7e477a2852f0383,1,1,0,-1,00000000,00000000,0,PASS
28,6,f16,C1,6,4096,256,a8f5fc63ca83b793,1,1,0,-1,00000000,00000000,0,PASS
28,6,f16,C2,6,4096,256,2e2a6a2802a71ed0,1,1,0,-1,00000000,00000000,0,PASS
28,6,f16,C3,6,4096,256,6bfc7df033226c22,1,1,0,-1,00000000,00000000,0,PASS
28,6,f16,C4,6,4096,256,e725a82e9783c012,1,1,0,-1,00000000,00000000,0,PASS
28,6,f16,C0,7,4096,256,89f4bbd55d720383,1,1,0,-1,00000000,00000000,0,PASS
28,6,f16,C1,7,4096,256,8a1e5e5f2f1ad85a,1,1,0,-1,00000000,00000000,0,PASS
28,6,f16,C2,7,4096,256,38cba9f3d15ed87c,1,1,0,-1,00000000,00000000,0,PASS
28,6,f16,C3,7,4096,256,6f8fcb49c4d94109,1,1,0,-1,00000000,00000000,0,PASS
28,6,f16,C4,7,4096,256,a56d33ae4c8c775a,1,1,0,-1,00000000,00000000,0,PASS
28,6,f16,C0,8,4096,256,bc91ad0b35b50383,1,1,0,-1,00000000,00000000,0,PASS
28,6,f16,C1,8,4096,256,b049445697c9a5c3,1,1,0,-1,00000000,00000000,0,PASS
28,6,f16,C2,8,4096,256,7efc99aea35888c7,1,1,0,-1,00000000,00000000,0,PASS
28,6,f16,C3,8,4096,256,d2bc4ccc1777f681,1,1,0,-1,00000000,00000000,0,PASS
28,6,f16,C4,8,4096,256,d8f79ecae2861f1f,1,1,0,-1,00000000,00000000,0,PASS
29,0,f16,C0,2,16384,24,bc91ad0b35b50383,1,1,0,-1,00000000,00000000,0,PASS
29,0,f16,C1,2,16384,24,5dc3d7543112adb3,1,1,0,-1,00000000,00000000,0,PASS
29,0,f16,C2,2,16384,24,2182d4551e4fe2a3,1,1,0,-1,00000000,00000000,0,PASS
29,0,f16,C3,2,16384,24,2dfab4c8a9e1a0bf,1,1,0,-1,00000000,00000000,0,PASS
29,0,f16,C4,2,16384,24,b25fa2af1f4d979f,1,1,0,-1,00000000,00000000,0,PASS
29,0,f16,C0,3,16384,24,8fc0340096c10383,1,1,0,-1,00000000,00000000,0,PASS
29,0,f16,C1,3,16384,24,b7a628de7278e07a,1,1,0,-1,00000000,00000000,0,PASS
29,0,f16,C2,3,16384,24,05a69f75d2d8e36d,1,1,0,-1,00000000,00000000,0,PASS
29,0,f16,C3,3,16384,24,86d8dc46b190f837,1,1,0,-1,00000000,00000000,0,PASS
29,0,f16,C4,3,16384,24,f5166e1daf6a5307,1,1,0,-1,00000000,00000000,0,PASS
29,0,f16,C0,4,16384,24,f8a98b25f7cd0383,1,1,0,-1,00000000,00000000,0,PASS
29,0,f16,C1,4,16384,24,6dd2f6a152781763,1,1,0,-1,00000000,00000000,0,PASS
29,0,f16,C2,4,16384,24,03b1a534c5b2c557,1,1,0,-1,00000000,00000000,0,PASS
29,0,f16,C3,4,16384,24,9b729f031e51bc3e,1,1,0,-1,00000000,00000000,0,PASS
29,0,f16,C4,4,16384,24,77f735b69bbdcc77,1,1,0,-1,00000000,00000000,0,PASS
29,0,f16,C0,5,16384,24,680db27b58d90383,1,1,0,-1,00000000,00000000,0,PASS
29,0,f16,C1,5,16384,24,849b32211e8c92aa,1,1,0,-1,00000000,00000000,0,PASS
29,0,f16,C2,5,16384,24,5c63d5b6c8cd0fe7,1,1,0,-1,00000000,00000000,0,PASS
29,0,f16,C3,5,16384,24,c3857a7484fb9bb8,1,1,0,-1,00000000,00000000,0,PASS
29,0,f16,C4,5,16384,24,afa0291542a0c337,1,1,0,-1,00000000,00000000,0,PASS
29,0,f16,C0,6,16384,24,4eacaa00b9e50383,1,1,0,-1,00000000,00000000,0,PASS
29,0,f16,C1,6,16384,24,aa9ab88976b3b793,1,1,0,-1,00000000,00000000,0,PASS
29,0,f16,C2,6,16384,24,7492baf760eee0bc,1,1,0,-1,00000000,00000000,0,PASS
29,0,f16,C3,6,16384,24,d9634845bdeb525b,1,1,0,-1,00000000,00000000,0,PASS
29,0,f16,C4,6,16384,24,f28d61a32b65fc0a,1,1,0,-1,00000000,00000000,0,PASS
29,0,f16,C0,7,16384,24,1d4671b61af10383,1,1,0,-1,00000000,00000000,0,PASS
29,0,f16,C1,7,16384,24,3a7a16ba8fd8d85a,1,1,0,-1,00000000,00000000,0,PASS
29,0,f16,C2,7,16384,24,711aa99ced25a706,1,1,0,-1,00000000,00000000,0,PASS
29,0,f16,C3,7,16384,24,5a5056ce4db05600,1,1,0,-1,00000000,00000000,0,PASS
29,0,f16,C4,7,16384,24,6441aebc43e8962a,1,1,0,-1,00000000,00000000,0,PASS
29,0,f16,C0,8,16384,24,449b099b7bfd0383,1,1,0,-1,00000000,00000000,0,PASS
29,0,f16,C1,8,16384,24,80cdba4d8810a5c3,1,1,0,-1,00000000,00000000,0,PASS
29,0,f16,C2,8,16384,24,af28154ffb9ea876,1,1,0,-1,00000000,00000000,0,PASS
29,0,f16,C3,8,16384,24,db6704027f5bab96,1,1,0,-1,00000000,00000000,0,PASS
29,0,f16,C4,8,16384,24,9e50fb1212e9adde,1,1,0,-1,00000000,00000000,0,PASS
29,1,q8_0,C0,2,4096,1024,61e628f524230383,1,1,0,-1,00000000,00000000,0,PASS
29,1,q8_0,C1,2,4096,1024,f3458625c6b0adb3,1,1,0,-1,00000000,00000000,0,PASS
29,1,q8_0,C2,2,4096,1024,eaa8b46e71e992b4,1,1,0,-1,00000000,00000000,0,PASS
29,1,q8_0,C3,2,4096,1024,0752d176f61df1f4,1,1,0,-1,00000000,00000000,0,PASS
29,1,q8_0,C4,2,4096,1024,4712e9c2b1324d63,1,1,0,-1,00000000,00000000,0,PASS
29,1,q8_0,C0,3,4096,1024,f361b91bfc660383,1,1,0,-1,00000000,00000000,0,PASS
29,1,q8_0,C1,3,4096,1024,36aaaa69a328e07a,1,1,0,-1,00000000,00000000,0,PASS
29,1,q8_0,C2,3,4096,1024,e36dde151415c0df,1,1,0,-1,00000000,00000000,0,PASS
29,1,q8_0,C3,3,4096,1024,75b23ee914a3a99e,1,1,0,-1,00000000,00000000,0,PASS
29,1,q8_0,C4,3,4096,1024,e34480993503b8a3,1,1,0,-1,00000000,00000000,0,PASS
29,1,q8_0,C0,4,4096,1024,0e5df645d4a90383,1,1,0,-1,00000000,00000000,0,PASS
29,1,q8_0,C1,4,4096,1024,cb611474e6bf1763,1,1,0,-1,00000000,00000000,0,PASS
29,1,q8_0,C2,4,4096,1024,a668df01d5618865,1,1,0,-1,00000000,00000000,0,PASS
29,1,q8_0,C3,4,4096,1024,5e85d0128272fd68,1,1,0,-1,00000000,00000000,0,PASS
29,1,q8_0,C4,4,4096,1024,04144d081eb41f66,1,1,0,-1,00000000,00000000,0,PASS
29,1,q8_0,C0,5,4096,1024,649de072acec0383,1,1,0,-1,00000000,00000000,0,PASS
29,1,q8_0,C1,5,4096,1024,7d3627c9d35592aa,1,1,0,-1,00000000,00000000,0,PASS
29,1,q8_0,C2,5,4096,1024,d13581044f3dfab0,1,1,0,-1,00000000,00000000,0,PASS
29,1,q8_0,C3,5,4096,1024,ab95d5a5582354b7,1,1,0,-1,00000000,00000000,0,PASS
29,1,q8_0,C4,5,4096,1024,9ca02a032bb24fc6,1,1,0,-1,00000000,00000000,0,PASS
29,1,q8_0,C0,6,4096,1024,a7e477a2852f0383,1,1,0,-1,00000000,00000000,0,PASS
29,1,q8_0,C1,6,4096,1024,a8f5fc63ca83b793,1,1,0,-1,00000000,00000000,0,PASS
29,1,q8_0,C2,6,4096,1024,2e2a6a2802a71ed0,1,1,0,-1,00000000,00000000,0,PASS
29,1,q8_0,C3,6,4096,1024,525eff9ea88243f1,1,1,0,-1,00000000,00000000,0,PASS
29,1,q8_0,C4,6,4096,1024,e725a82e9783c012,1,1,0,-1,00000000,00000000,0,PASS
29,1,q8_0,C0,7,4096,1024,89f4bbd55d720383,1,1,0,-1,00000000,00000000,0,PASS
29,1,q8_0,C1,7,4096,1024,8a1e5e5f2f1ad85a,1,1,0,-1,00000000,00000000,0,PASS
29,1,q8_0,C2,7,4096,1024,38cba9f3d15ed87c,1,1,0,-1,00000000,00000000,0,PASS
29,1,q8_0,C3,7,4096,1024,3f12e6321daa5499,1,1,0,-1,00000000,00000000,0,PASS
29,1,q8_0,C4,7,4096,1024,a56d33ae4c8c775a,1,1,0,-1,00000000,00000000,0,PASS
29,1,q8_0,C0,8,4096,1024,bc91ad0b35b50383,1,1,0,-1,00000000,00000000,0,PASS
29,1,q8_0,C1,8,4096,1024,b049445697c9a5c3,1,1,0,-1,00000000,00000000,0,PASS
29,1,q8_0,C2,8,4096,1024,7efc99aea35888c7,1,1,0,-1,00000000,00000000,0,PASS
29,1,q8_0,C3,8,4096,1024,ccedb8098470bef7,1,1,0,-1,00000000,00000000,0,PASS
29,1,q8_0,C4,8,4096,1024,d8f79ecae2861f1f,1,1,0,-1,00000000,00000000,0,PASS
29,2,q8_0,C0,2,4096,512,61e628f524230383,1,1,0,-1,00000000,00000000,0,PASS
29,2,q8_0,C1,2,4096,512,f3458625c6b0adb3,1,1,0,-1,00000000,00000000,0,PASS
29,2,q8_0,C2,2,4096,512,eaa8b46e71e992b4,1,1,0,-1,00000000,00000000,0,PASS
29,2,q8_0,C3,2,4096,512,0857a84a6b65745a,1,1,0,-1,00000000,00000000,0,PASS
29,2,q8_0,C4,2,4096,512,4712e9c2b1324d63,1,1,0,-1,00000000,00000000,0,PASS
29,2,q8_0,C0,3,4096,512,f361b91bfc660383,1,1,0,-1,00000000,00000000,0,PASS
29,2,q8_0,C1,3,4096,512,36aaaa69a328e07a,1,1,0,-1,00000000,00000000,0,PASS
29,2,q8_0,C2,3,4096,512,e36dde151415c0df,1,1,0,-1,00000000,00000000,0,PASS
29,2,q8_0,C3,3,4096,512,582cf7892eb78d5c,1,1,0,-1,00000000,00000000,0,PASS
29,2,q8_0,C4,3,4096,512,e34480993503b8a3,1,1,0,-1,00000000,00000000,0,PASS
29,2,q8_0,C0,4,4096,512,0e5df645d4a90383,1,1,0,-1,00000000,00000000,0,PASS
29,2,q8_0,C1,4,4096,512,cb611474e6bf1763,1,1,0,-1,00000000,00000000,0,PASS
29,2,q8_0,C2,4,4096,512,a668df01d5618865,1,1,0,-1,00000000,00000000,0,PASS
29,2,q8_0,C3,4,4096,512,dc0a3af0f23080a4,1,1,0,-1,00000000,00000000,0,PASS
29,2,q8_0,C4,4,4096,512,04144d081eb41f66,1,1,0,-1,00000000,00000000,0,PASS
29,2,q8_0,C0,5,4096,512,649de072acec0383,1,1,0,-1,00000000,00000000,0,PASS
29,2,q8_0,C1,5,4096,512,7d3627c9d35592aa,1,1,0,-1,00000000,00000000,0,PASS
29,2,q8_0,C2,5,4096,512,d13581044f3dfab0,1,1,0,-1,00000000,00000000,0,PASS
29,2,q8_0,C3,5,4096,512,1dc4dff1726aae2a,1,1,0,-1,00000000,00000000,0,PASS
29,2,q8_0,C4,5,4096,512,9ca02a032bb24fc6,1,1,0,-1,00000000,00000000,0,PASS
29,2,q8_0,C0,6,4096,512,a7e477a2852f0383,1,1,0,-1,00000000,00000000,0,PASS
29,2,q8_0,C1,6,4096,512,a8f5fc63ca83b793,1,1,0,-1,00000000,00000000,0,PASS
29,2,q8_0,C2,6,4096,512,2e2a6a2802a71ed0,1,1,0,-1,00000000,00000000,0,PASS
29,2,q8_0,C3,6,4096,512,e3d2dc7ff1db1056,1,1,0,-1,00000000,00000000,0,PASS
29,2,q8_0,C4,6,4096,512,e725a82e9783c012,1,1,0,-1,00000000,00000000,0,PASS
29,2,q8_0,C0,7,4096,512,89f4bbd55d720383,1,1,0,-1,00000000,00000000,0,PASS
29,2,q8_0,C1,7,4096,512,8a1e5e5f2f1ad85a,1,1,0,-1,00000000,00000000,0,PASS
29,2,q8_0,C2,7,4096,512,38cba9f3d15ed87c,1,1,0,-1,00000000,00000000,0,PASS
29,2,q8_0,C3,7,4096,512,73ae48792e78c5f6,1,1,0,-1,00000000,00000000,0,PASS
29,2,q8_0,C4,7,4096,512,a56d33ae4c8c775a,1,1,0,-1,00000000,00000000,0,PASS
29,2,q8_0,C0,8,4096,512,bc91ad0b35b50383,1,1,0,-1,00000000,00000000,0,PASS
29,2,q8_0,C1,8,4096,512,b049445697c9a5c3,1,1,0,-1,00000000,00000000,0,PASS
29,2,q8_0,C2,8,4096,512,7efc99aea35888c7,1,1,0,-1,00000000,00000000,0,PASS
29,2,q8_0,C3,8,4096,512,27252af29e4a0092,1,1,0,-1,00000000,00000000,0,PASS
29,2,q8_0,C4,8,4096,512,d8f79ecae2861f1f,1,1,0,-1,00000000,00000000,0,PASS
29,3,q8_0,C0,2,1024,32768,66a385207fbe8383,1,1,0,-1,00000000,00000000,0,PASS
29,3,q8_0,C1,2,1024,32768,ea4b97e88c182db3,1,1,0,-1,00000000,00000000,0,PASS
29,3,q8_0,C2,2,1024,32768,70800d37477b9cc9,1,1,0,-1,00000000,00000000,0,PASS
29,3,q8_0,C3,2,1024,32768,9b30740dd4bab7b1,1,1,0,-1,00000000,00000000,0,PASS
29,3,q8_0,C4,2,1024,32768,71e3b48a7ebcb79f,1,1,0,-1,00000000,00000000,0,PASS
29,3,q8_0,C0,3,1024,32768,09b99610cdcf4383,1,1,0,-1,00000000,00000000,0,PASS
29,3,q8_0,C1,3,1024,32768,f303d2023f54e07a,1,1,0,-1,00000000,00000000,0,PASS
29,3,q8_0,C2,3,1024,32768,17b139ff4bb1b56e,1,1,0,-1,00000000,00000000,0,PASS
29,3,q8_0,C3,3,1024,32768,9f432a03bc13a79f,1,1,0,-1,00000000,00000000,0,PASS
29,3,q8_0,C4,3,1024,32768,7684a1bb04066307,1,1,0,-1,00000000,00000000,0,PASS
29,3,q8_0,C0,4,1024,32768,a82845d14be00383,1,1,0,-1,00000000,00000000,0,PASS
29,3,q8_0,C1,4,1024,32768,829e2379d3d0d763,1,1,0,-1,00000000,00000000,0,PASS
29,3,q8_0,C2,4,1024,32768,2c41771fb26e6aa4,1,1,0,-1,00000000,00000000,0,PASS
29,3,q8_0,C3,4,1024,32768,f15ac497fab9b293,1,1,0,-1,00000000,00000000,0,PASS
29,3,q8_0,C4,4,1024,32768,00c364baeed7cc77,1,1,0,-1,00000000,00000000,0,PASS
29,3,q8_0,C0,5,1024,32768,a536a061f9f0c383,1,1,0,-1,00000000,00000000,0,PASS
29,3,q8_0,C1,5,1024,32768,cd5cb4a48887d2aa,1,1,0,-1,00000000,00000000,0,PASS
29,3,q8_0,C2,5,1024,32768,fe68e9da3c4fa0b4,1,1,0,-1,00000000,00000000,0,PASS
29,3,q8_0,C3,5,1024,32768,7ad92afd86de4762,1,1,0,-1,00000000,00000000,0,PASS
29,3,q8_0,C4,5,1024,32768,85d67414a04db337,1,1,0,-1,00000000,00000000,0,PASS
29,3,q8_0,C0,6,1024,32768,e72bb1c2d8018383,1,1,0,-1,00000000,00000000,0,PASS
29,3,q8_0,C1,6,1024,32768,606b07352f77b793,1,1,0,-1,00000000,00000000,0,PASS
29,3,q8_0,C2,6,1024,32768,aac88d06cc8d8c24,1,1,0,-1,00000000,00000000,0,PASS
29,3,q8_0,C3,6,1024,32768,f38d16b039b89b6c,1,1,0,-1,00000000,00000000,0,PASS
29,3,q8_0,C4,6,1024,32768,90a3e3c502279c0a,1,1,0,-1,00000000,00000000,0,PASS
29,3,q8_0,C0,7,1024,32768,d74e85f3e6124383,1,1,0,-1,00000000,00000000,0,PASS
29,3,q8_0,C1,7,1024,32768,0680c4d6b6eb585a,1,1,0,-1,00000000,00000000,0,PASS
29,3,q8_0,C2,7,1024,32768,68aeccecb4841b1a,1,1,0,-1,00000000,00000000,0,PASS
29,3,q8_0,C3,7,1024,32768,ee7403535a91c937,1,1,0,-1,00000000,00000000,0,PASS
29,3,q8_0,C4,7,1024,32768,e3547e032da9e62a,1,1,0,-1,00000000,00000000,0,PASS
29,3,q8_0,C0,8,1024,32768,61e628f524230383,1,1,0,-1,00000000,00000000,0,PASS
29,3,q8_0,C1,8,1024,32768,f5568f1793b7e5c3,1,1,0,-1,00000000,00000000,0,PASS
29,3,q8_0,C2,8,1024,32768,f510f9a7c42e2707,1,1,0,-1,00000000,00000000,0,PASS
29,3,q8_0,C3,8,1024,32768,6f11de38d5ea2e1d,1,1,0,-1,00000000,00000000,0,PASS
29,3,q8_0,C4,8,1024,32768,bb27994fbd6c0dde,1,1,0,-1,00000000,00000000,0,PASS
29,4,q8_0,C0,2,8192,4096,0e5df645d4a90383,1,1,0,-1,00000000,00000000,0,PASS
29,4,q8_0,C1,2,8192,4096,a7596f63ea26adb3,1,1,0,-1,00000000,00000000,0,PASS
29,4,q8_0,C2,2,8192,4096,6024392d967b7573,1,1,0,-1,00000000,00000000,0,PASS
29,4,q8_0,C3,2,8192,4096,063ab5367a1a407f,1,1,0,-1,00000000,00000000,0,PASS
29,4,q8_0,C4,2,8192,4096,756a42230c87de66,1,1,0,-1,00000000,00000000,0,PASS
29,4,q8_0,C0,3,8192,4096,a7e477a2852f0383,1,1,0,-1,00000000,00000000,0,PASS
29,4,q8_0,C1,3,8192,4096,40f463593d98e07a,1,1,0,-1,00000000,00000000,0,PASS
29,4,q8_0,C2,3,8192,4096,6bda8fe4c61d0fba,1,1,0,-1,00000000,00000000,0,PASS
29,4,q8_0,C3,3,8192,4096,97c8721603d6fe95,1,1,0,-1,00000000,00000000,0,PASS
29,4,q8_0,C4,3,8192,4096,7ef18a95c50f9806,1,1,0,-1,00000000,00000000,0,PASS
29,4,q8_0,C0,4,8192,4096,bc91ad0b35b50383,1,1,0,-1,00000000,00000000,0,PASS
29,4,q8_0,C1,4,8192,4096,1e7b80deb5521763,1,1,0,-1,00000000,00000000,0,PASS
29,4,q8_0,C2,4,8192,4096,95646a8ebd044b5d,1,1,0,-1,00000000,00000000,0,PASS
29,4,q8_0,C3,4,8192,4096,39f1c87d998e7ee3,1,1,0,-1,00000000,00000000,0,PASS
29,4,q8_0,C4,4,8192,4096,7b7263e3adedcd6f,1,1,0,-1,00000000,00000000,0,PASS
29,4,q8_0,C0,5,8192,4096,da7d967fe63b0383,1,1,0,-1,00000000,00000000,0,PASS
29,4,q8_0,C1,5,8192,4096,2439109c971292aa,1,1,0,-1,00000000,00000000,0,PASS
29,4,q8_0,C2,5,8192,4096,ac7103964b5c796d,1,1,0,-1,00000000,00000000,0,PASS
29,4,q8_0,C3,5,8192,4096,bd34bc0aedd767fc,1,1,0,-1,00000000,00000000,0,PASS
29,4,q8_0,C4,5,8192,4096,84cd276f9ee09557,1,1,0,-1,00000000,00000000,0,PASS
29,4,q8_0,C0,6,8192,4096,8fc0340096c10383,1,1,0,-1,00000000,00000000,0,PASS
29,4,q8_0,C1,6,8192,4096,6b7fdec3ae93b793,1,1,0,-1,00000000,00000000,0,PASS
29,4,q8_0,C2,6,8192,4096,158880dca80356a5,1,1,0,-1,00000000,00000000,0,PASS
29,4,q8_0,C3,6,8192,4096,232de8f0a83a07ab,1,1,0,-1,00000000,00000000,0,PASS
29,4,q8_0,C4,6,8192,4096,6fb2cac120b4a24e,1,1,0,-1,00000000,00000000,0,PASS
29,4,q8_0,C0,7,8192,4096,6a71858d47470383,1,1,0,-1,00000000,00000000,0,PASS
29,4,q8_0,C1,7,8192,4096,665eaf56fa04d85a,1,1,0,-1,00000000,00000000,0,PASS
29,4,q8_0,C2,7,8192,4096,d0efefe3fcd897e2,1,1,0,-1,00000000,00000000,0,PASS
29,4,q8_0,C3,7,8192,4096,f0707dec8384f465,1,1,0,-1,00000000,00000000,0,PASS
29,4,q8_0,C4,7,8192,4096,90b943a9e7d55d36,1,1,0,-1,00000000,00000000,0,PASS
29,4,q8_0,C0,8,8192,4096,f8a98b25f7cd0383,1,1,0,-1,00000000,00000000,0,PASS
29,4,q8_0,C1,8,8192,4096,c26c1a6b3d36a5c3,1,1,0,-1,00000000,00000000,0,PASS
29,4,q8_0,C2,8,8192,4096,95ac06e3a54b4ef2,1,1,0,-1,00000000,00000000,0,PASS
29,4,q8_0,C3,8,8192,4096,ae12f924e461c91e,1,1,0,-1,00000000,00000000,0,PASS
29,4,q8_0,C4,8,8192,4096,3da45e1f8a9f3b1f,1,1,0,-1,00000000,00000000,0,PASS
29,5,f16,C0,2,16384,24,bc91ad0b35b50383,1,1,0,-1,00000000,00000000,0,PASS
29,5,f16,C1,2,16384,24,5dc3d7543112adb3,1,1,0,-1,00000000,00000000,0,PASS
29,5,f16,C2,2,16384,24,2182d4551e4fe2a3,1,1,0,-1,00000000,00000000,0,PASS
29,5,f16,C3,2,16384,24,b3051d1b72e587be,1,1,0,-1,00000000,00000000,0,PASS
29,5,f16,C4,2,16384,24,b25fa2af1f4d979f,1,1,0,-1,00000000,00000000,0,PASS
29,5,f16,C0,3,16384,24,8fc0340096c10383,1,1,0,-1,00000000,00000000,0,PASS
29,5,f16,C1,3,16384,24,b7a628de7278e07a,1,1,0,-1,00000000,00000000,0,PASS
29,5,f16,C2,3,16384,24,05a69f75d2d8e36d,1,1,0,-1,00000000,00000000,0,PASS
29,5,f16,C3,3,16384,24,ac3f358ddacaabed,1,1,0,-1,00000000,00000000,0,PASS
29,5,f16,C4,3,16384,24,f5166e1daf6a5307,1,1,0,-1,00000000,00000000,0,PASS
29,5,f16,C0,4,16384,24,f8a98b25f7cd0383,1,1,0,-1,00000000,00000000,0,PASS
29,5,f16,C1,4,16384,24,6dd2f6a152781763,1,1,0,-1,00000000,00000000,0,PASS
29,5,f16,C2,4,16384,24,03b1a534c5b2c557,1,1,0,-1,00000000,00000000,0,PASS
29,5,f16,C3,4,16384,24,08628d1db31ed892,1,1,0,-1,00000000,00000000,0,PASS
29,5,f16,C4,4,16384,24,77f735b69bbdcc77,1,1,0,-1,00000000,00000000,0,PASS
29,5,f16,C0,5,16384,24,680db27b58d90383,1,1,0,-1,00000000,00000000,0,PASS
29,5,f16,C1,5,16384,24,849b32211e8c92aa,1,1,0,-1,00000000,00000000,0,PASS
29,5,f16,C2,5,16384,24,5c63d5b6c8cd0fe7,1,1,0,-1,00000000,00000000,0,PASS
29,5,f16,C3,5,16384,24,56f856591d2e2010,1,1,0,-1,00000000,00000000,0,PASS
29,5,f16,C4,5,16384,24,afa0291542a0c337,1,1,0,-1,00000000,00000000,0,PASS
29,5,f16,C0,6,16384,24,4eacaa00b9e50383,1,1,0,-1,00000000,00000000,0,PASS
29,5,f16,C1,6,16384,24,aa9ab88976b3b793,1,1,0,-1,00000000,00000000,0,PASS
29,5,f16,C2,6,16384,24,7492baf760eee0bc,1,1,0,-1,00000000,00000000,0,PASS
29,5,f16,C3,6,16384,24,731dd8f4c7c207d3,1,1,0,-1,00000000,00000000,0,PASS
29,5,f16,C4,6,16384,24,f28d61a32b65fc0a,1,1,0,-1,00000000,00000000,0,PASS
29,5,f16,C0,7,16384,24,1d4671b61af10383,1,1,0,-1,00000000,00000000,0,PASS
29,5,f16,C1,7,16384,24,3a7a16ba8fd8d85a,1,1,0,-1,00000000,00000000,0,PASS
29,5,f16,C2,7,16384,24,711aa99ced25a706,1,1,0,-1,00000000,00000000,0,PASS
29,5,f16,C3,7,16384,24,9368ee4df32e60f3,1,1,0,-1,00000000,00000000,0,PASS
29,5,f16,C4,7,16384,24,6441aebc43e8962a,1,1,0,-1,00000000,00000000,0,PASS
29,5,f16,C0,8,16384,24,449b099b7bfd0383,1,1,0,-1,00000000,00000000,0,PASS
29,5,f16,C1,8,16384,24,80cdba4d8810a5c3,1,1,0,-1,00000000,00000000,0,PASS
29,5,f16,C2,8,16384,24,af28154ffb9ea876,1,1,0,-1,00000000,00000000,0,PASS
29,5,f16,C3,8,16384,24,d4488efe63e164f8,1,1,0,-1,00000000,00000000,0,PASS
29,5,f16,C4,8,16384,24,9e50fb1212e9adde,1,1,0,-1,00000000,00000000,0,PASS
29,6,f16,C0,2,4096,256,61e628f524230383,1,1,0,-1,00000000,00000000,0,PASS
29,6,f16,C1,2,4096,256,f3458625c6b0adb3,1,1,0,-1,00000000,00000000,0,PASS
29,6,f16,C2,2,4096,256,eaa8b46e71e992b4,1,1,0,-1,00000000,00000000,0,PASS
29,6,f16,C3,2,4096,256,0b7c68d16d2b491a,1,1,0,-1,00000000,00000000,0,PASS
29,6,f16,C4,2,4096,256,4712e9c2b1324d63,1,1,0,-1,00000000,00000000,0,PASS
29,6,f16,C0,3,4096,256,f361b91bfc660383,1,1,0,-1,00000000,00000000,0,PASS
29,6,f16,C1,3,4096,256,36aaaa69a328e07a,1,1,0,-1,00000000,00000000,0,PASS
29,6,f16,C2,3,4096,256,e36dde151415c0df,1,1,0,-1,00000000,00000000,0,PASS
29,6,f16,C3,3,4096,256,2d949a6e898f1de8,1,1,0,-1,00000000,00000000,0,PASS
29,6,f16,C4,3,4096,256,e34480993503b8a3,1,1,0,-1,00000000,00000000,0,PASS
29,6,f16,C0,4,4096,256,0e5df645d4a90383,1,1,0,-1,00000000,00000000,0,PASS
29,6,f16,C1,4,4096,256,cb611474e6bf1763,1,1,0,-1,00000000,00000000,0,PASS
29,6,f16,C2,4,4096,256,a668df01d5618865,1,1,0,-1,00000000,00000000,0,PASS
29,6,f16,C3,4,4096,256,d21cd6d4d2788c8b,1,1,0,-1,00000000,00000000,0,PASS
29,6,f16,C4,4,4096,256,04144d081eb41f66,1,1,0,-1,00000000,00000000,0,PASS
29,6,f16,C0,5,4096,256,649de072acec0383,1,1,0,-1,00000000,00000000,0,PASS
29,6,f16,C1,5,4096,256,7d3627c9d35592aa,1,1,0,-1,00000000,00000000,0,PASS
29,6,f16,C2,5,4096,256,d13581044f3dfab0,1,1,0,-1,00000000,00000000,0,PASS
29,6,f16,C3,5,4096,256,e4a0e6a831493319,1,1,0,-1,00000000,00000000,0,PASS
29,6,f16,C4,5,4096,256,9ca02a032bb24fc6,1,1,0,-1,00000000,00000000,0,PASS
29,6,f16,C0,6,4096,256,a7e477a2852f0383,1,1,0,-1,00000000,00000000,0,PASS
29,6,f16,C1,6,4096,256,a8f5fc63ca83b793,1,1,0,-1,00000000,00000000,0,PASS
29,6,f16,C2,6,4096,256,2e2a6a2802a71ed0,1,1,0,-1,00000000,00000000,0,PASS
29,6,f16,C3,6,4096,256,002f10f092f6e73b,1,1,0,-1,00000000,00000000,0,PASS
29,6,f16,C4,6,4096,256,e725a82e9783c012,1,1,0,-1,00000000,00000000,0,PASS
29,6,f16,C0,7,4096,256,89f4bbd55d720383,1,1,0,-1,00000000,00000000,0,PASS
29,6,f16,C1,7,4096,256,8a1e5e5f2f1ad85a,1,1,0,-1,00000000,00000000,0,PASS
29,6,f16,C2,7,4096,256,38cba9f3d15ed87c,1,1,0,-1,00000000,00000000,0,PASS
29,6,f16,C3,7,4096,256,93be2948d3f7c729,1,1,0,-1,00000000,00000000,0,PASS
29,6,f16,C4,7,4096,256,a56d33ae4c8c775a,1,1,0,-1,00000000,00000000,0,PASS
29,6,f16,C0,8,4096,256,bc91ad0b35b50383,1,1,0,-1,00000000,00000000,0,PASS
29,6,f16,C1,8,4096,256,b049445697c9a5c3,1,1,0,-1,00000000,00000000,0,PASS
29,6,f16,C2,8,4096,256,7efc99aea35888c7,1,1,0,-1,00000000,00000000,0,PASS
29,6,f16,C3,8,4096,256,783943d827c2599b,1,1,0,-1,00000000,00000000,0,PASS
29,6,f16,C4,8,4096,256,d8f79ecae2861f1f,1,1,0,-1,00000000,00000000,0,PASS
30,0,f16,C0,2,16384,24,bc91ad0b35b50383,1,1,0,-1,00000000,00000000,0,PASS
30,0,f16,C1,2,16384,24,5dc3d7543112adb3,1,1,0,-1,00000000,00000000,0,PASS
30,0,f16,C2,2,16384,24,2182d4551e4fe2a3,1,1,0,-1,00000000,00000000,0,PASS
30,0,f16,C3,2,16384,24,d054fb1228604ce2,1,1,0,-1,00000000,00000000,0,PASS
30,0,f16,C4,2,16384,24,b25fa2af1f4d979f,1,1,0,-1,00000000,00000000,0,PASS
30,0,f16,C0,3,16384,24,8fc0340096c10383,1,1,0,-1,00000000,00000000,0,PASS
30,0,f16,C1,3,16384,24,b7a628de7278e07a,1,1,0,-1,00000000,00000000,0,PASS
30,0,f16,C2,3,16384,24,05a69f75d2d8e36d,1,1,0,-1,00000000,00000000,0,PASS
30,0,f16,C3,3,16384,24,58f62db7e1091990,1,1,0,-1,00000000,00000000,0,PASS
30,0,f16,C4,3,16384,24,f5166e1daf6a5307,1,1,0,-1,00000000,00000000,0,PASS
30,0,f16,C0,4,16384,24,f8a98b25f7cd0383,1,1,0,-1,00000000,00000000,0,PASS
30,0,f16,C1,4,16384,24,6dd2f6a152781763,1,1,0,-1,00000000,00000000,0,PASS
30,0,f16,C2,4,16384,24,03b1a534c5b2c557,1,1,0,-1,00000000,00000000,0,PASS
30,0,f16,C3,4,16384,24,a2b35b765c2efce7,1,1,0,-1,00000000,00000000,0,PASS
30,0,f16,C4,4,16384,24,77f735b69bbdcc77,1,1,0,-1,00000000,00000000,0,PASS
30,0,f16,C0,5,16384,24,680db27b58d90383,1,1,0,-1,00000000,00000000,0,PASS
30,0,f16,C1,5,16384,24,849b32211e8c92aa,1,1,0,-1,00000000,00000000,0,PASS
30,0,f16,C2,5,16384,24,5c63d5b6c8cd0fe7,1,1,0,-1,00000000,00000000,0,PASS
30,0,f16,C3,5,16384,24,713c50eed90706ef,1,1,0,-1,00000000,00000000,0,PASS
30,0,f16,C4,5,16384,24,afa0291542a0c337,1,1,0,-1,00000000,00000000,0,PASS
30,0,f16,C0,6,16384,24,4eacaa00b9e50383,1,1,0,-1,00000000,00000000,0,PASS
30,0,f16,C1,6,16384,24,aa9ab88976b3b793,1,1,0,-1,00000000,00000000,0,PASS
30,0,f16,C2,6,16384,24,7492baf760eee0bc,1,1,0,-1,00000000,00000000,0,PASS
30,0,f16,C3,6,16384,24,68d8129823c54c2c,1,1,0,-1,00000000,00000000,0,PASS
30,0,f16,C4,6,16384,24,f28d61a32b65fc0a,1,1,0,-1,00000000,00000000,0,PASS
30,0,f16,C0,7,16384,24,1d4671b61af10383,1,1,0,-1,00000000,00000000,0,PASS
30,0,f16,C1,7,16384,24,3a7a16ba8fd8d85a,1,1,0,-1,00000000,00000000,0,PASS
30,0,f16,C2,7,16384,24,711aa99ced25a706,1,1,0,-1,00000000,00000000,0,PASS
30,0,f16,C3,7,16384,24,088589c0dcf16f19,1,1,0,-1,00000000,00000000,0,PASS
30,0,f16,C4,7,16384,24,6441aebc43e8962a,1,1,0,-1,00000000,00000000,0,PASS
30,0,f16,C0,8,16384,24,449b099b7bfd0383,1,1,0,-1,00000000,00000000,0,PASS
30,0,f16,C1,8,16384,24,80cdba4d8810a5c3,1,1,0,-1,00000000,00000000,0,PASS
30,0,f16,C2,8,16384,24,af28154ffb9ea876,1,1,0,-1,00000000,00000000,0,PASS
30,0,f16,C3,8,16384,24,7c9111de2ad3bd73,1,1,0,-1,00000000,00000000,0,PASS
30,0,f16,C4,8,16384,24,9e50fb1212e9adde,1,1,0,-1,00000000,00000000,0,PASS
30,1,q8_0,C0,2,4096,1024,61e628f524230383,1,1,0,-1,00000000,00000000,0,PASS
30,1,q8_0,C1,2,4096,1024,f3458625c6b0adb3,1,1,0,-1,00000000,00000000,0,PASS
30,1,q8_0,C2,2,4096,1024,eaa8b46e71e992b4,1,1,0,-1,00000000,00000000,0,PASS
30,1,q8_0,C3,2,4096,1024,f22a3d116cd50a36,1,1,0,-1,00000000,00000000,0,PASS
30,1,q8_0,C4,2,4096,1024,4712e9c2b1324d63,1,1,0,-1,00000000,00000000,0,PASS
30,1,q8_0,C0,3,4096,1024,f361b91bfc660383,1,1,0,-1,00000000,00000000,0,PASS
30,1,q8_0,C1,3,4096,1024,36aaaa69a328e07a,1,1,0,-1,00000000,00000000,0,PASS
30,1,q8_0,C2,3,4096,1024,e36dde151415c0df,1,1,0,-1,00000000,00000000,0,PASS
30,1,q8_0,C3,3,4096,1024,4f3ce611df3b11cd,1,1,0,-1,00000000,00000000,0,PASS
30,1,q8_0,C4,3,4096,1024,e34480993503b8a3,1,1,0,-1,00000000,00000000,0,PASS
30,1,q8_0,C0,4,4096,1024,0e5df645d4a90383,1,1,0,-1,00000000,00000000,0,PASS
30,1,q8_0,C1,4,4096,1024,cb611474e6bf1763,1,1,0,-1,00000000,00000000,0,PASS
30,1,q8_0,C2,4,4096,1024,a668df01d5618865,1,1,0,-1,00000000,00000000,0,PASS
30,1,q8_0,C3,4,4096,1024,cd6da77321c65599,1,1,0,-1,00000000,00000000,0,PASS
30,1,q8_0,C4,4,4096,1024,04144d081eb41f66,1,1,0,-1,00000000,00000000,0,PASS
30,1,q8_0,C0,5,4096,1024,649de072acec0383,1,1,0,-1,00000000,00000000,0,PASS
30,1,q8_0,C1,5,4096,1024,7d3627c9d35592aa,1,1,0,-1,00000000,00000000,0,PASS
30,1,q8_0,C2,5,4096,1024,d13581044f3dfab0,1,1,0,-1,00000000,00000000,0,PASS
30,1,q8_0,C3,5,4096,1024,cbee69f57838ac6c,1,1,0,-1,00000000,00000000,0,PASS
30,1,q8_0,C4,5,4096,1024,9ca02a032bb24fc6,1,1,0,-1,00000000,00000000,0,PASS
30,1,q8_0,C0,6,4096,1024,a7e477a2852f0383,1,1,0,-1,00000000,00000000,0,PASS
30,1,q8_0,C1,6,4096,1024,a8f5fc63ca83b793,1,1,0,-1,00000000,00000000,0,PASS
30,1,q8_0,C2,6,4096,1024,2e2a6a2802a71ed0,1,1,0,-1,00000000,00000000,0,PASS
30,1,q8_0,C3,6,4096,1024,1cb81abe46f55acc,1,1,0,-1,00000000,00000000,0,PASS
30,1,q8_0,C4,6,4096,1024,e725a82e9783c012,1,1,0,-1,00000000,00000000,0,PASS
30,1,q8_0,C0,7,4096,1024,89f4bbd55d720383,1,1,0,-1,00000000,00000000,0,PASS
30,1,q8_0,C1,7,4096,1024,8a1e5e5f2f1ad85a,1,1,0,-1,00000000,00000000,0,PASS
30,1,q8_0,C2,7,4096,1024,38cba9f3d15ed87c,1,1,0,-1,00000000,00000000,0,PASS
30,1,q8_0,C3,7,4096,1024,d48f73084d991dad,1,1,0,-1,00000000,00000000,0,PASS
30,1,q8_0,C4,7,4096,1024,a56d33ae4c8c775a,1,1,0,-1,00000000,00000000,0,PASS
30,1,q8_0,C0,8,4096,1024,bc91ad0b35b50383,1,1,0,-1,00000000,00000000,0,PASS
30,1,q8_0,C1,8,4096,1024,b049445697c9a5c3,1,1,0,-1,00000000,00000000,0,PASS
30,1,q8_0,C2,8,4096,1024,7efc99aea35888c7,1,1,0,-1,00000000,00000000,0,PASS
30,1,q8_0,C3,8,4096,1024,211c7506038b1da2,1,1,0,-1,00000000,00000000,0,PASS
30,1,q8_0,C4,8,4096,1024,d8f79ecae2861f1f,1,1,0,-1,00000000,00000000,0,PASS
30,2,q8_0,C0,2,4096,512,61e628f524230383,1,1,0,-1,00000000,00000000,0,PASS
30,2,q8_0,C1,2,4096,512,f3458625c6b0adb3,1,1,0,-1,00000000,00000000,0,PASS
30,2,q8_0,C2,2,4096,512,eaa8b46e71e992b4,1,1,0,-1,00000000,00000000,0,PASS
30,2,q8_0,C3,2,4096,512,7c94471af0acf50e,1,1,0,-1,00000000,00000000,0,PASS
30,2,q8_0,C4,2,4096,512,4712e9c2b1324d63,1,1,0,-1,00000000,00000000,0,PASS
30,2,q8_0,C0,3,4096,512,f361b91bfc660383,1,1,0,-1,00000000,00000000,0,PASS
30,2,q8_0,C1,3,4096,512,36aaaa69a328e07a,1,1,0,-1,00000000,00000000,0,PASS
30,2,q8_0,C2,3,4096,512,e36dde151415c0df,1,1,0,-1,00000000,00000000,0,PASS
30,2,q8_0,C3,3,4096,512,121f454ec3d7e4db,1,1,0,-1,00000000,00000000,0,PASS
30,2,q8_0,C4,3,4096,512,e34480993503b8a3,1,1,0,-1,00000000,00000000,0,PASS
30,2,q8_0,C0,4,4096,512,0e5df645d4a90383,1,1,0,-1,00000000,00000000,0,PASS
30,2,q8_0,C1,4,4096,512,cb611474e6bf1763,1,1,0,-1,00000000,00000000,0,PASS
30,2,q8_0,C2,4,4096,512,a668df01d5618865,1,1,0,-1,00000000,00000000,0,PASS
30,2,q8_0,C3,4,4096,512,a2ba82c8b3bd5712,1,1,0,-1,00000000,00000000,0,PASS
30,2,q8_0,C4,4,4096,512,04144d081eb41f66,1,1,0,-1,00000000,00000000,0,PASS
30,2,q8_0,C0,5,4096,512,649de072acec0383,1,1,0,-1,00000000,00000000,0,PASS
30,2,q8_0,C1,5,4096,512,7d3627c9d35592aa,1,1,0,-1,00000000,00000000,0,PASS
30,2,q8_0,C2,5,4096,512,d13581044f3dfab0,1,1,0,-1,00000000,00000000,0,PASS
30,2,q8_0,C3,5,4096,512,fa9f7806d1a91cfb,1,1,0,-1,00000000,00000000,0,PASS
30,2,q8_0,C4,5,4096,512,9ca02a032bb24fc6,1,1,0,-1,00000000,00000000,0,PASS
30,2,q8_0,C0,6,4096,512,a7e477a2852f0383,1,1,0,-1,00000000,00000000,0,PASS
30,2,q8_0,C1,6,4096,512,a8f5fc63ca83b793,1,1,0,-1,00000000,00000000,0,PASS
30,2,q8_0,C2,6,4096,512,2e2a6a2802a71ed0,1,1,0,-1,00000000,00000000,0,PASS
30,2,q8_0,C3,6,4096,512,09363fce7602cb96,1,1,0,-1,00000000,00000000,0,PASS
30,2,q8_0,C4,6,4096,512,e725a82e9783c012,1,1,0,-1,00000000,00000000,0,PASS
30,2,q8_0,C0,7,4096,512,89f4bbd55d720383,1,1,0,-1,00000000,00000000,0,PASS
30,2,q8_0,C1,7,4096,512,8a1e5e5f2f1ad85a,1,1,0,-1,00000000,00000000,0,PASS
30,2,q8_0,C2,7,4096,512,38cba9f3d15ed87c,1,1,0,-1,00000000,00000000,0,PASS
30,2,q8_0,C3,7,4096,512,b74c0bee54f01e4d,1,1,0,-1,00000000,00000000,0,PASS
30,2,q8_0,C4,7,4096,512,a56d33ae4c8c775a,1,1,0,-1,00000000,00000000,0,PASS
30,2,q8_0,C0,8,4096,512,bc91ad0b35b50383,1,1,0,-1,00000000,00000000,0,PASS
30,2,q8_0,C1,8,4096,512,b049445697c9a5c3,1,1,0,-1,00000000,00000000,0,PASS
30,2,q8_0,C2,8,4096,512,7efc99aea35888c7,1,1,0,-1,00000000,00000000,0,PASS
30,2,q8_0,C3,8,4096,512,f835f824f9e56967,1,1,0,-1,00000000,00000000,0,PASS
30,2,q8_0,C4,8,4096,512,d8f79ecae2861f1f,1,1,0,-1,00000000,00000000,0,PASS
30,3,q8_0,C0,2,1024,32768,66a385207fbe8383,1,1,0,-1,00000000,00000000,0,PASS
30,3,q8_0,C1,2,1024,32768,ea4b97e88c182db3,1,1,0,-1,00000000,00000000,0,PASS
30,3,q8_0,C2,2,1024,32768,70800d37477b9cc9,1,1,0,-1,00000000,00000000,0,PASS
30,3,q8_0,C3,2,1024,32768,4bc3cd0dab2c3d31,1,1,0,-1,00000000,00000000,0,PASS
30,3,q8_0,C4,2,1024,32768,71e3b48a7ebcb79f,1,1,0,-1,00000000,00000000,0,PASS
30,3,q8_0,C0,3,1024,32768,09b99610cdcf4383,1,1,0,-1,00000000,00000000,0,PASS
30,3,q8_0,C1,3,1024,32768,f303d2023f54e07a,1,1,0,-1,00000000,00000000,0,PASS
30,3,q8_0,C2,3,1024,32768,17b139ff4bb1b56e,1,1,0,-1,00000000,00000000,0,PASS
30,3,q8_0,C3,3,1024,32768,324c7276a5d755ec,1,1,0,-1,00000000,00000000,0,PASS
30,3,q8_0,C4,3,1024,32768,7684a1bb04066307,1,1,0,-1,00000000,00000000,0,PASS
30,3,q8_0,C0,4,1024,32768,a82845d14be00383,1,1,0,-1,00000000,00000000,0,PASS
30,3,q8_0,C1,4,1024,32768,829e2379d3d0d763,1,1,0,-1,00000000,00000000,0,PASS
30,3,q8_0,C2,4,1024,32768,2c41771fb26e6aa4,1,1,0,-1,00000000,00000000,0,PASS
30,3,q8_0,C3,4,1024,32768,1576067a453841fa,1,1,0,-1,00000000,00000000,0,PASS
30,3,q8_0,C4,4,1024,32768,00c364baeed7cc77,1,1,0,-1,00000000,00000000,0,PASS
30,3,q8_0,C0,5,1024,32768,a536a061f9f0c383,1,1,0,-1,00000000,00000000,0,PASS
30,3,q8_0,C1,5,1024,32768,cd5cb4a48887d2aa,1,1,0,-1,00000000,00000000,0,PASS
30,3,q8_0,C2,5,1024,32768,fe68e9da3c4fa0b4,1,1,0,-1,00000000,00000000,0,PASS
30,3,q8_0,C3,5,1024,32768,e41b34a13591efb0,1,1,0,-1,00000000,00000000,0,PASS
30,3,q8_0,C4,5,1024,32768,85d67414a04db337,1,1,0,-1,00000000,00000000,0,PASS
30,3,q8_0,C0,6,1024,32768,e72bb1c2d8018383,1,1,0,-1,00000000,00000000,0,PASS
30,3,q8_0,C1,6,1024,32768,606b07352f77b793,1,1,0,-1,00000000,00000000,0,PASS
30,3,q8_0,C2,6,1024,32768,aac88d06cc8d8c24,1,1,0,-1,00000000,00000000,0,PASS
30,3,q8_0,C3,6,1024,32768,3adce810f05ca1f3,1,1,0,-1,00000000,00000000,0,PASS
30,3,q8_0,C4,6,1024,32768,90a3e3c502279c0a,1,1,0,-1,00000000,00000000,0,PASS
30,3,q8_0,C0,7,1024,32768,d74e85f3e6124383,1,1,0,-1,00000000,00000000,0,PASS
30,3,q8_0,C1,7,1024,32768,0680c4d6b6eb585a,1,1,0,-1,00000000,00000000,0,PASS
30,3,q8_0,C2,7,1024,32768,68aeccecb4841b1a,1,1,0,-1,00000000,00000000,0,PASS
30,3,q8_0,C3,7,1024,32768,be34a5bf9374cde3,1,1,0,-1,00000000,00000000,0,PASS
30,3,q8_0,C4,7,1024,32768,e3547e032da9e62a,1,1,0,-1,00000000,00000000,0,PASS
30,3,q8_0,C0,8,1024,32768,61e628f524230383,1,1,0,-1,00000000,00000000,0,PASS
30,3,q8_0,C1,8,1024,32768,f5568f1793b7e5c3,1,1,0,-1,00000000,00000000,0,PASS
30,3,q8_0,C2,8,1024,32768,f510f9a7c42e2707,1,1,0,-1,00000000,00000000,0,PASS
30,3,q8_0,C3,8,1024,32768,858311d4ec6e8003,1,1,0,-1,00000000,00000000,0,PASS
30,3,q8_0,C4,8,1024,32768,bb27994fbd6c0dde,1,1,0,-1,00000000,00000000,0,PASS
30,4,q8_0,C0,2,8192,4096,0e5df645d4a90383,1,1,0,-1,00000000,00000000,0,PASS
30,4,q8_0,C1,2,8192,4096,a7596f63ea26adb3,1,1,0,-1,00000000,00000000,0,PASS
30,4,q8_0,C2,2,8192,4096,6024392d967b7573,1,1,0,-1,00000000,00000000,0,PASS
30,4,q8_0,C3,2,8192,4096,767f0a673bce6d44,1,1,0,-1,00000000,00000000,0,PASS
30,4,q8_0,C4,2,8192,4096,756a42230c87de66,1,1,0,-1,00000000,00000000,0,PASS
30,4,q8_0,C0,3,8192,4096,a7e477a2852f0383,1,1,0,-1,00000000,00000000,0,PASS
30,4,q8_0,C1,3,8192,4096,40f463593d98e07a,1,1,0,-1,00000000,00000000,0,PASS
30,4,q8_0,C2,3,8192,4096,6bda8fe4c61d0fba,1,1,0,-1,00000000,00000000,0,PASS
30,4,q8_0,C3,3,8192,4096,fc4c5e78d658d1a5,1,1,0,-1,00000000,00000000,0,PASS
30,4,q8_0,C4,3,8192,4096,7ef18a95c50f9806,1,1,0,-1,00000000,00000000,0,PASS
30,4,q8_0,C0,4,8192,4096,bc91ad0b35b50383,1,1,0,-1,00000000,00000000,0,PASS
30,4,q8_0,C1,4,8192,4096,1e7b80deb5521763,1,1,0,-1,00000000,00000000,0,PASS
30,4,q8_0,C2,4,8192,4096,95646a8ebd044b5d,1,1,0,-1,00000000,00000000,0,PASS
30,4,q8_0,C3,4,8192,4096,9d2380faee468e4b,1,1,0,-1,00000000,00000000,0,PASS
30,4,q8_0,C4,4,8192,4096,7b7263e3adedcd6f,1,1,0,-1,00000000,00000000,0,PASS
30,4,q8_0,C0,5,8192,4096,da7d967fe63b0383,1,1,0,-1,00000000,00000000,0,PASS
30,4,q8_0,C1,5,8192,4096,2439109c971292aa,1,1,0,-1,00000000,00000000,0,PASS
30,4,q8_0,C2,5,8192,4096,ac7103964b5c796d,1,1,0,-1,00000000,00000000,0,PASS
30,4,q8_0,C3,5,8192,4096,ca3fa1dee27928c5,1,1,0,-1,00000000,00000000,0,PASS
30,4,q8_0,C4,5,8192,4096,84cd276f9ee09557,1,1,0,-1,00000000,00000000,0,PASS
30,4,q8_0,C0,6,8192,4096,8fc0340096c10383,1,1,0,-1,00000000,00000000,0,PASS
30,4,q8_0,C1,6,8192,4096,6b7fdec3ae93b793,1,1,0,-1,00000000,00000000,0,PASS
30,4,q8_0,C2,6,8192,4096,158880dca80356a5,1,1,0,-1,00000000,00000000,0,PASS
30,4,q8_0,C3,6,8192,4096,2c709c51ad8f13f0,1,1,0,-1,00000000,00000000,0,PASS
30,4,q8_0,C4,6,8192,4096,6fb2cac120b4a24e,1,1,0,-1,00000000,00000000,0,PASS
30,4,q8_0,C0,7,8192,4096,6a71858d47470383,1,1,0,-1,00000000,00000000,0,PASS
30,4,q8_0,C1,7,8192,4096,665eaf56fa04d85a,1,1,0,-1,00000000,00000000,0,PASS
30,4,q8_0,C2,7,8192,4096,d0efefe3fcd897e2,1,1,0,-1,00000000,00000000,0,PASS
30,4,q8_0,C3,7,8192,4096,e9666c7d16f77bb7,1,1,0,-1,00000000,00000000,0,PASS
30,4,q8_0,C4,7,8192,4096,90b943a9e7d55d36,1,1,0,-1,00000000,00000000,0,PASS
30,4,q8_0,C0,8,8192,4096,f8a98b25f7cd0383,1,1,0,-1,00000000,00000000,0,PASS
30,4,q8_0,C1,8,8192,4096,c26c1a6b3d36a5c3,1,1,0,-1,00000000,00000000,0,PASS
30,4,q8_0,C2,8,8192,4096,95ac06e3a54b4ef2,1,1,0,-1,00000000,00000000,0,PASS
30,4,q8_0,C3,8,8192,4096,6cfe72fa9760fc2c,1,1,0,-1,00000000,00000000,0,PASS
30,4,q8_0,C4,8,8192,4096,3da45e1f8a9f3b1f,1,1,0,-1,00000000,00000000,0,PASS
30,5,f16,C0,2,16384,24,bc91ad0b35b50383,1,1,0,-1,00000000,00000000,0,PASS
30,5,f16,C1,2,16384,24,5dc3d7543112adb3,1,1,0,-1,00000000,00000000,0,PASS
30,5,f16,C2,2,16384,24,2182d4551e4fe2a3,1,1,0,-1,00000000,00000000,0,PASS
30,5,f16,C3,2,16384,24,1abf7fa199138e52,1,1,0,-1,00000000,00000000,0,PASS
30,5,f16,C4,2,16384,24,b25fa2af1f4d979f,1,1,0,-1,00000000,00000000,0,PASS
30,5,f16,C0,3,16384,24,8fc0340096c10383,1,1,0,-1,00000000,00000000,0,PASS
30,5,f16,C1,3,16384,24,b7a628de7278e07a,1,1,0,-1,00000000,00000000,0,PASS
30,5,f16,C2,3,16384,24,05a69f75d2d8e36d,1,1,0,-1,00000000,00000000,0,PASS
30,5,f16,C3,3,16384,24,5cc30cbcb679cbd4,1,1,0,-1,00000000,00000000,0,PASS
30,5,f16,C4,3,16384,24,f5166e1daf6a5307,1,1,0,-1,00000000,00000000,0,PASS
30,5,f16,C0,4,16384,24,f8a98b25f7cd0383,1,1,0,-1,00000000,00000000,0,PASS
30,5,f16,C1,4,16384,24,6dd2f6a152781763,1,1,0,-1,00000000,00000000,0,PASS
30,5,f16,C2,4,16384,24,03b1a534c5b2c557,1,1,0,-1,00000000,00000000,0,PASS
30,5,f16,C3,4,16384,24,eeea6e84e6a0f13c,1,1,0,-1,00000000,00000000,0,PASS
30,5,f16,C4,4,16384,24,77f735b69bbdcc77,1,1,0,-1,00000000,00000000,0,PASS
30,5,f16,C0,5,16384,24,680db27b58d90383,1,1,0,-1,00000000,00000000,0,PASS
30,5,f16,C1,5,16384,24,849b32211e8c92aa,1,1,0,-1,00000000,00000000,0,PASS
30,5,f16,C2,5,16384,24,5c63d5b6c8cd0fe7,1,1,0,-1,00000000,00000000,0,PASS
30,5,f16,C3,5,16384,24,37714f3a6d910676,1,1,0,-1,00000000,00000000,0,PASS
30,5,f16,C4,5,16384,24,afa0291542a0c337,1,1,0,-1,00000000,00000000,0,PASS
30,5,f16,C0,6,16384,24,4eacaa00b9e50383,1,1,0,-1,00000000,00000000,0,PASS
30,5,f16,C1,6,16384,24,aa9ab88976b3b793,1,1,0,-1,00000000,00000000,0,PASS
30,5,f16,C2,6,16384,24,7492baf760eee0bc,1,1,0,-1,00000000,00000000,0,PASS
30,5,f16,C3,6,16384,24,867901057be5895e,1,1,0,-1,00000000,00000000,0,PASS
30,5,f16,C4,6,16384,24,f28d61a32b65fc0a,1,1,0,-1,00000000,00000000,0,PASS
30,5,f16,C0,7,16384,24,1d4671b61af10383,1,1,0,-1,00000000,00000000,0,PASS
30,5,f16,C1,7,16384,24,3a7a16ba8fd8d85a,1,1,0,-1,00000000,00000000,0,PASS
30,5,f16,C2,7,16384,24,711aa99ced25a706,1,1,0,-1,00000000,00000000,0,PASS
30,5,f16,C3,7,16384,24,72b1680b674c5b77,1,1,0,-1,00000000,00000000,0,PASS
30,5,f16,C4,7,16384,24,6441aebc43e8962a,1,1,0,-1,00000000,00000000,0,PASS
30,5,f16,C0,8,16384,24,449b099b7bfd0383,1,1,0,-1,00000000,00000000,0,PASS
30,5,f16,C1,8,16384,24,80cdba4d8810a5c3,1,1,0,-1,00000000,00000000,0,PASS
30,5,f16,C2,8,16384,24,af28154ffb9ea876,1,1,0,-1,00000000,00000000,0,PASS
30,5,f16,C3,8,16384,24,9f5c531422268669,1,1,0,-1,00000000,00000000,0,PASS
30,5,f16,C4,8,16384,24,9e50fb1212e9adde,1,1,0,-1,00000000,00000000,0,PASS
30,6,f16,C0,2,4096,256,61e628f524230383,1,1,0,-1,00000000,00000000,0,PASS
30,6,f16,C1,2,4096,256,f3458625c6b0adb3,1,1,0,-1,00000000,00000000,0,PASS
30,6,f16,C2,2,4096,256,eaa8b46e71e992b4,1,1,0,-1,00000000,00000000,0,PASS
30,6,f16,C3,2,4096,256,f11ff08b6a527680,1,1,0,-1,00000000,00000000,0,PASS
30,6,f16,C4,2,4096,256,4712e9c2b1324d63,1,1,0,-1,00000000,00000000,0,PASS
30,6,f16,C0,3,4096,256,f361b91bfc660383,1,1,0,-1,00000000,00000000,0,PASS
30,6,f16,C1,3,4096,256,36aaaa69a328e07a,1,1,0,-1,00000000,00000000,0,PASS
30,6,f16,C2,3,4096,256,e36dde151415c0df,1,1,0,-1,00000000,00000000,0,PASS
30,6,f16,C3,3,4096,256,9d199acc6f449dda,1,1,0,-1,00000000,00000000,0,PASS
30,6,f16,C4,3,4096,256,e34480993503b8a3,1,1,0,-1,00000000,00000000,0,PASS
30,6,f16,C0,4,4096,256,0e5df645d4a90383,1,1,0,-1,00000000,00000000,0,PASS
30,6,f16,C1,4,4096,256,cb611474e6bf1763,1,1,0,-1,00000000,00000000,0,PASS
30,6,f16,C2,4,4096,256,a668df01d5618865,1,1,0,-1,00000000,00000000,0,PASS
30,6,f16,C3,4,4096,256,777c322918ce460b,1,1,0,-1,00000000,00000000,0,PASS
30,6,f16,C4,4,4096,256,04144d081eb41f66,1,1,0,-1,00000000,00000000,0,PASS
30,6,f16,C0,5,4096,256,649de072acec0383,1,1,0,-1,00000000,00000000,0,PASS
30,6,f16,C1,5,4096,256,7d3627c9d35592aa,1,1,0,-1,00000000,00000000,0,PASS
30,6,f16,C2,5,4096,256,d13581044f3dfab0,1,1,0,-1,00000000,00000000,0,PASS
30,6,f16,C3,5,4096,256,d56eb2a66fe75b09,1,1,0,-1,00000000,00000000,0,PASS
30,6,f16,C4,5,4096,256,9ca02a032bb24fc6,1,1,0,-1,00000000,00000000,0,PASS
30,6,f16,C0,6,4096,256,a7e477a2852f0383,1,1,0,-1,00000000,00000000,0,PASS
30,6,f16,C1,6,4096,256,a8f5fc63ca83b793,1,1,0,-1,00000000,00000000,0,PASS
30,6,f16,C2,6,4096,256,2e2a6a2802a71ed0,1,1,0,-1,00000000,00000000,0,PASS
30,6,f16,C3,6,4096,256,a666f42d79b5d635,1,1,0,-1,00000000,00000000,0,PASS
30,6,f16,C4,6,4096,256,e725a82e9783c012,1,1,0,-1,00000000,00000000,0,PASS
30,6,f16,C0,7,4096,256,89f4bbd55d720383,1,1,0,-1,00000000,00000000,0,PASS
30,6,f16,C1,7,4096,256,8a1e5e5f2f1ad85a,1,1,0,-1,00000000,00000000,0,PASS
30,6,f16,C2,7,4096,256,38cba9f3d15ed87c,1,1,0,-1,00000000,00000000,0,PASS
30,6,f16,C3,7,4096,256,15bec22ed567375d,1,1,0,-1,00000000,00000000,0,PASS
30,6,f16,C4,7,4096,256,a56d33ae4c8c775a,1,1,0,-1,00000000,00000000,0,PASS
30,6,f16,C0,8,4096,256,bc91ad0b35b50383,1,1,0,-1,00000000,00000000,0,PASS
30,6,f16,C1,8,4096,256,b049445697c9a5c3,1,1,0,-1,00000000,00000000,0,PASS
30,6,f16,C2,8,4096,256,7efc99aea35888c7,1,1,0,-1,00000000,00000000,0,PASS
30,6,f16,C3,8,4096,256,6444756c580c9f4c,1,1,0,-1,00000000,00000000,0,PASS
30,6,f16,C4,8,4096,256,d8f79ecae2861f1f,1,1,0,-1,00000000,00000000,0,PASS
31,0,f16,C0,2,16384,24,bc91ad0b35b50383,1,1,0,-1,00000000,00000000,0,PASS
31,0,f16,C1,2,16384,24,5dc3d7543112adb3,1,1,0,-1,00000000,00000000,0,PASS
31,0,f16,C2,2,16384,24,2182d4551e4fe2a3,1,1,0,-1,00000000,00000000,0,PASS
31,0,f16,C3,2,16384,24,926a0815d3259e6a,1,1,0,-1,00000000,00000000,0,PASS
31,0,f16,C4,2,16384,24,b25fa2af1f4d979f,1,1,0,-1,00000000,00000000,0,PASS
31,0,f16,C0,3,16384,24,8fc0340096c10383,1,1,0,-1,00000000,00000000,0,PASS
31,0,f16,C1,3,16384,24,b7a628de7278e07a,1,1,0,-1,00000000,00000000,0,PASS
31,0,f16,C2,3,16384,24,05a69f75d2d8e36d,1,1,0,-1,00000000,00000000,0,PASS
31,0,f16,C3,3,16384,24,cd5c41d119e7e460,1,1,0,-1,00000000,00000000,0,PASS
31,0,f16,C4,3,16384,24,f5166e1daf6a5307,1,1,0,-1,00000000,00000000,0,PASS
31,0,f16,C0,4,16384,24,f8a98b25f7cd0383,1,1,0,-1,00000000,00000000,0,PASS
31,0,f16,C1,4,16384,24,6dd2f6a152781763,1,1,0,-1,00000000,00000000,0,PASS
31,0,f16,C2,4,16384,24,03b1a534c5b2c557,1,1,0,-1,00000000,00000000,0,PASS
31,0,f16,C3,4,16384,24,0fe6cc796379d6cc,1,1,0,-1,00000000,00000000,0,PASS
31,0,f16,C4,4,16384,24,77f735b69bbdcc77,1,1,0,-1,00000000,00000000,0,PASS
31,0,f16,C0,5,16384,24,680db27b58d90383,1,1,0,-1,00000000,00000000,0,PASS
31,0,f16,C1,5,16384,24,849b32211e8c92aa,1,1,0,-1,00000000,00000000,0,PASS
31,0,f16,C2,5,16384,24,5c63d5b6c8cd0fe7,1,1,0,-1,00000000,00000000,0,PASS
31,0,f16,C3,5,16384,24,d618d3552417c351,1,1,0,-1,00000000,00000000,0,PASS
31,0,f16,C4,5,16384,24,afa0291542a0c337,1,1,0,-1,00000000,00000000,0,PASS
31,0,f16,C0,6,16384,24,4eacaa00b9e50383,1,1,0,-1,00000000,00000000,0,PASS
31,0,f16,C1,6,16384,24,aa9ab88976b3b793,1,1,0,-1,00000000,00000000,0,PASS
31,0,f16,C2,6,16384,24,7492baf760eee0bc,1,1,0,-1,00000000,00000000,0,PASS
31,0,f16,C3,6,16384,24,2fd6fc9048f57586,1,1,0,-1,00000000,00000000,0,PASS
31,0,f16,C4,6,16384,24,f28d61a32b65fc0a,1,1,0,-1,00000000,00000000,0,PASS
31,0,f16,C0,7,16384,24,1d4671b61af10383,1,1,0,-1,00000000,00000000,0,PASS
31,0,f16,C1,7,16384,24,3a7a16ba8fd8d85a,1,1,0,-1,00000000,00000000,0,PASS
31,0,f16,C2,7,16384,24,711aa99ced25a706,1,1,0,-1,00000000,00000000,0,PASS
31,0,f16,C3,7,16384,24,e71172e924175f1e,1,1,0,-1,00000000,00000000,0,PASS
31,0,f16,C4,7,16384,24,6441aebc43e8962a,1,1,0,-1,00000000,00000000,0,PASS
31,0,f16,C0,8,16384,24,449b099b7bfd0383,1,1,0,-1,00000000,00000000,0,PASS
31,0,f16,C1,8,16384,24,80cdba4d8810a5c3,1,1,0,-1,00000000,00000000,0,PASS
31,0,f16,C2,8,16384,24,af28154ffb9ea876,1,1,0,-1,00000000,00000000,0,PASS
31,0,f16,C3,8,16384,24,6db2ffddd549491d,1,1,0,-1,00000000,00000000,0,PASS
31,0,f16,C4,8,16384,24,9e50fb1212e9adde,1,1,0,-1,00000000,00000000,0,PASS
31,1,q8_0,C0,2,4096,1024,61e628f524230383,1,1,0,-1,00000000,00000000,0,PASS
31,1,q8_0,C1,2,4096,1024,f3458625c6b0adb3,1,1,0,-1,00000000,00000000,0,PASS
31,1,q8_0,C2,2,4096,1024,eaa8b46e71e992b4,1,1,0,-1,00000000,00000000,0,PASS
31,1,q8_0,C3,2,4096,1024,d68cff7974f2f44a,1,1,0,-1,00000000,00000000,0,PASS
31,1,q8_0,C4,2,4096,1024,4712e9c2b1324d63,1,1,0,-1,00000000,00000000,0,PASS
31,1,q8_0,C0,3,4096,1024,f361b91bfc660383,1,1,0,-1,00000000,00000000,0,PASS
31,1,q8_0,C1,3,4096,1024,36aaaa69a328e07a,1,1,0,-1,00000000,00000000,0,PASS
31,1,q8_0,C2,3,4096,1024,e36dde151415c0df,1,1,0,-1,00000000,00000000,0,PASS
31,1,q8_0,C3,3,4096,1024,77b5f6ee3d2386e8,1,1,0,-1,00000000,00000000,0,PASS
31,1,q8_0,C4,3,4096,1024,e34480993503b8a3,1,1,0,-1,00000000,00000000,0,PASS
31,1,q8_0,C0,4,4096,1024,0e5df645d4a90383,1,1,0,-1,00000000,00000000,0,PASS
31,1,q8_0,C1,4,4096,1024,cb611474e6bf1763,1,1,0,-1,00000000,00000000,0,PASS
31,1,q8_0,C2,4,4096,1024,a668df01d5618865,1,1,0,-1,00000000,00000000,0,PASS
31,1,q8_0,C3,4,4096,1024,82bdfaa5158da240,1,1,0,-1,00000000,00000000,0,PASS
31,1,q8_0,C4,4,4096,1024,04144d081eb41f66,1,1,0,-1,00000000,00000000,0,PASS
31,1,q8_0,C0,5,4096,1024,649de072acec0383,1,1,0,-1,00000000,00000000,0,PASS
31,1,q8_0,C1,5,4096,1024,7d3627c9d35592aa,1,1,0,-1,00000000,00000000,0,PASS
31,1,q8_0,C2,5,4096,1024,d13581044f3dfab0,1,1,0,-1,00000000,00000000,0,PASS
31,1,q8_0,C3,5,4096,1024,7e065183f7d90051,1,1,0,-1,00000000,00000000,0,PASS
31,1,q8_0,C4,5,4096,1024,9ca02a032bb24fc6,1,1,0,-1,00000000,00000000,0,PASS
31,1,q8_0,C0,6,4096,1024,a7e477a2852f0383,1,1,0,-1,00000000,00000000,0,PASS
31,1,q8_0,C1,6,4096,1024,a8f5fc63ca83b793,1,1,0,-1,00000000,00000000,0,PASS
31,1,q8_0,C2,6,4096,1024,2e2a6a2802a71ed0,1,1,0,-1,00000000,00000000,0,PASS
31,1,q8_0,C3,6,4096,1024,5ce2a7712b861df4,1,1,0,-1,00000000,00000000,0,PASS
31,1,q8_0,C4,6,4096,1024,e725a82e9783c012,1,1,0,-1,00000000,00000000,0,PASS
31,1,q8_0,C0,7,4096,1024,89f4bbd55d720383,1,1,0,-1,00000000,00000000,0,PASS
31,1,q8_0,C1,7,4096,1024,8a1e5e5f2f1ad85a,1,1,0,-1,00000000,00000000,0,PASS
31,1,q8_0,C2,7,4096,1024,38cba9f3d15ed87c,1,1,0,-1,00000000,00000000,0,PASS
31,1,q8_0,C3,7,4096,1024,86311951f26691a6,1,1,0,-1,00000000,00000000,0,PASS
31,1,q8_0,C4,7,4096,1024,a56d33ae4c8c775a,1,1,0,-1,00000000,00000000,0,PASS
31,1,q8_0,C0,8,4096,1024,bc91ad0b35b50383,1,1,0,-1,00000000,00000000,0,PASS
31,1,q8_0,C1,8,4096,1024,b049445697c9a5c3,1,1,0,-1,00000000,00000000,0,PASS
31,1,q8_0,C2,8,4096,1024,7efc99aea35888c7,1,1,0,-1,00000000,00000000,0,PASS
31,1,q8_0,C3,8,4096,1024,beb417ff1114ea87,1,1,0,-1,00000000,00000000,0,PASS
31,1,q8_0,C4,8,4096,1024,d8f79ecae2861f1f,1,1,0,-1,00000000,00000000,0,PASS
31,2,q8_0,C0,2,4096,512,61e628f524230383,1,1,0,-1,00000000,00000000,0,PASS
31,2,q8_0,C1,2,4096,512,f3458625c6b0adb3,1,1,0,-1,00000000,00000000,0,PASS
31,2,q8_0,C2,2,4096,512,eaa8b46e71e992b4,1,1,0,-1,00000000,00000000,0,PASS
31,2,q8_0,C3,2,4096,512,97be5ae0471c12d6,1,1,0,-1,00000000,00000000,0,PASS
31,2,q8_0,C4,2,4096,512,4712e9c2b1324d63,1,1,0,-1,00000000,00000000,0,PASS
31,2,q8_0,C0,3,4096,512,f361b91bfc660383,1,1,0,-1,00000000,00000000,0,PASS
31,2,q8_0,C1,3,4096,512,36aaaa69a328e07a,1,1,0,-1,00000000,00000000,0,PASS
31,2,q8_0,C2,3,4096,512,e36dde151415c0df,1,1,0,-1,00000000,00000000,0,PASS
31,2,q8_0,C3,3,4096,512,53b8ed1d19a7ee49,1,1,0,-1,00000000,00000000,0,PASS
31,2,q8_0,C4,3,4096,512,e34480993503b8a3,1,1,0,-1,00000000,00000000,0,PASS
31,2,q8_0,C0,4,4096,512,0e5df645d4a90383,1,1,0,-1,00000000,00000000,0,PASS
31,2,q8_0,C1,4,4096,512,cb611474e6bf1763,1,1,0,-1,00000000,00000000,0,PASS
31,2,q8_0,C2,4,4096,512,a668df01d5618865,1,1,0,-1,00000000,00000000,0,PASS
31,2,q8_0,C3,4,4096,512,c2e3fc091802ea11,1,1,0,-1,00000000,00000000,0,PASS
31,2,q8_0,C4,4,4096,512,04144d081eb41f66,1,1,0,-1,00000000,00000000,0,PASS
31,2,q8_0,C0,5,4096,512,649de072acec0383,1,1,0,-1,00000000,00000000,0,PASS
31,2,q8_0,C1,5,4096,512,7d3627c9d35592aa,1,1,0,-1,00000000,00000000,0,PASS
31,2,q8_0,C2,5,4096,512,d13581044f3dfab0,1,1,0,-1,00000000,00000000,0,PASS
31,2,q8_0,C3,5,4096,512,069be6a129944efa,1,1,0,-1,00000000,00000000,0,PASS
31,2,q8_0,C4,5,4096,512,9ca02a032bb24fc6,1,1,0,-1,00000000,00000000,0,PASS
31,2,q8_0,C0,6,4096,512,a7e477a2852f0383,1,1,0,-1,00000000,00000000,0,PASS
31,2,q8_0,C1,6,4096,512,a8f5fc63ca83b793,1,1,0,-1,00000000,00000000,0,PASS
31,2,q8_0,C2,6,4096,512,2e2a6a2802a71ed0,1,1,0,-1,00000000,00000000,0,PASS
31,2,q8_0,C3,6,4096,512,e4b42a2e4d01e3d8,1,1,0,-1,00000000,00000000,0,PASS
31,2,q8_0,C4,6,4096,512,e725a82e9783c012,1,1,0,-1,00000000,00000000,0,PASS
31,2,q8_0,C0,7,4096,512,89f4bbd55d720383,1,1,0,-1,00000000,00000000,0,PASS
31,2,q8_0,C1,7,4096,512,8a1e5e5f2f1ad85a,1,1,0,-1,00000000,00000000,0,PASS
31,2,q8_0,C2,7,4096,512,38cba9f3d15ed87c,1,1,0,-1,00000000,00000000,0,PASS
31,2,q8_0,C3,7,4096,512,f9ac30f55bf2c8b3,1,1,0,-1,00000000,00000000,0,PASS
31,2,q8_0,C4,7,4096,512,a56d33ae4c8c775a,1,1,0,-1,00000000,00000000,0,PASS
31,2,q8_0,C0,8,4096,512,bc91ad0b35b50383,1,1,0,-1,00000000,00000000,0,PASS
31,2,q8_0,C1,8,4096,512,b049445697c9a5c3,1,1,0,-1,00000000,00000000,0,PASS
31,2,q8_0,C2,8,4096,512,7efc99aea35888c7,1,1,0,-1,00000000,00000000,0,PASS
31,2,q8_0,C3,8,4096,512,6033e139bab7bc67,1,1,0,-1,00000000,00000000,0,PASS
31,2,q8_0,C4,8,4096,512,d8f79ecae2861f1f,1,1,0,-1,00000000,00000000,0,PASS
31,3,q8_0,C0,2,1024,32768,66a385207fbe8383,1,1,0,-1,00000000,00000000,0,PASS
31,3,q8_0,C1,2,1024,32768,ea4b97e88c182db3,1,1,0,-1,00000000,00000000,0,PASS
31,3,q8_0,C2,2,1024,32768,70800d37477b9cc9,1,1,0,-1,00000000,00000000,0,PASS
31,3,q8_0,C3,2,1024,32768,172139c43661dff3,1,1,0,-1,00000000,00000000,0,PASS
31,3,q8_0,C4,2,1024,32768,71e3b48a7ebcb79f,1,1,0,-1,00000000,00000000,0,PASS
31,3,q8_0,C0,3,1024,32768,09b99610cdcf4383,1,1,0,-1,00000000,00000000,0,PASS
31,3,q8_0,C1,3,1024,32768,f303d2023f54e07a,1,1,0,-1,00000000,00000000,0,PASS
31,3,q8_0,C2,3,1024,32768,17b139ff4bb1b56e,1,1,0,-1,00000000,00000000,0,PASS
31,3,q8_0,C3,3,1024,32768,253b0eaff7b6c3c5,1,1,0,-1,00000000,00000000,0,PASS
31,3,q8_0,C4,3,1024,32768,7684a1bb04066307,1,1,0,-1,00000000,00000000,0,PASS
31,3,q8_0,C0,4,1024,32768,a82845d14be00383,1,1,0,-1,00000000,00000000,0,PASS
31,3,q8_0,C1,4,1024,32768,829e2379d3d0d763,1,1,0,-1,00000000,00000000,0,PASS
31,3,q8_0,C2,4,1024,32768,2c41771fb26e6aa4,1,1,0,-1,00000000,00000000,0,PASS
31,3,q8_0,C3,4,1024,32768,c7461dd33e7a5d5e,1,1,0,-1,00000000,00000000,0,PASS
31,3,q8_0,C4,4,1024,32768,00c364baeed7cc77,1,1,0,-1,00000000,00000000,0,PASS
31,3,q8_0,C0,5,1024,32768,a536a061f9f0c383,1,1,0,-1,00000000,00000000,0,PASS
31,3,q8_0,C1,5,1024,32768,cd5cb4a48887d2aa,1,1,0,-1,00000000,00000000,0,PASS
31,3,q8_0,C2,5,1024,32768,fe68e9da3c4fa0b4,1,1,0,-1,00000000,00000000,0,PASS
31,3,q8_0,C3,5,1024,32768,b2eb1f21fe87a96c,1,1,0,-1,00000000,00000000,0,PASS
31,3,q8_0,C4,5,1024,32768,85d67414a04db337,1,1,0,-1,00000000,00000000,0,PASS
31,3,q8_0,C0,6,1024,32768,e72bb1c2d8018383,1,1,0,-1,00000000,00000000,0,PASS
31,3,q8_0,C1,6,1024,32768,606b07352f77b793,1,1,0,-1,00000000,00000000,0,PASS
31,3,q8_0,C2,6,1024,32768,aac88d06cc8d8c24,1,1,0,-1,00000000,00000000,0,PASS
31,3,q8_0,C3,6,1024,32768,67702f4f9aa6234e,1,1,0,-1,00000000,00000000,0,PASS
31,3,q8_0,C4,6,1024,32768,90a3e3c502279c0a,1,1,0,-1,00000000,00000000,0,PASS
31,3,q8_0,C0,7,1024,32768,d74e85f3e6124383,1,1,0,-1,00000000,00000000,0,PASS
31,3,q8_0,C1,7,1024,32768,0680c4d6b6eb585a,1,1,0,-1,00000000,00000000,0,PASS
31,3,q8_0,C2,7,1024,32768,68aeccecb4841b1a,1,1,0,-1,00000000,00000000,0,PASS
31,3,q8_0,C3,7,1024,32768,34df618924d13039,1,1,0,-1,00000000,00000000,0,PASS
31,3,q8_0,C4,7,1024,32768,e3547e032da9e62a,1,1,0,-1,00000000,00000000,0,PASS
31,3,q8_0,C0,8,1024,32768,61e628f524230383,1,1,0,-1,00000000,00000000,0,PASS
31,3,q8_0,C1,8,1024,32768,f5568f1793b7e5c3,1,1,0,-1,00000000,00000000,0,PASS
31,3,q8_0,C2,8,1024,32768,f510f9a7c42e2707,1,1,0,-1,00000000,00000000,0,PASS
31,3,q8_0,C3,8,1024,32768,a3bf39611eb42490,1,1,0,-1,00000000,00000000,0,PASS
31,3,q8_0,C4,8,1024,32768,bb27994fbd6c0dde,1,1,0,-1,00000000,00000000,0,PASS
31,4,q8_0,C0,2,8192,4096,0e5df645d4a90383,1,1,0,-1,00000000,00000000,0,PASS
31,4,q8_0,C1,2,8192,4096,a7596f63ea26adb3,1,1,0,-1,00000000,00000000,0,PASS
31,4,q8_0,C2,2,8192,4096,6024392d967b7573,1,1,0,-1,00000000,00000000,0,PASS
31,4,q8_0,C3,2,8192,4096,cf308c94d6156919,1,1,0,-1,00000000,00000000,0,PASS
31,4,q8_0,C4,2,8192,4096,756a42230c87de66,1,1,0,-1,00000000,00000000,0,PASS
31,4,q8_0,C0,3,8192,4096,a7e477a2852f0383,1,1,0,-1,00000000,00000000,0,PASS
31,4,q8_0,C1,3,8192,4096,40f463593d98e07a,1,1,0,-1,00000000,00000000,0,PASS
31,4,q8_0,C2,3,8192,4096,6bda8fe4c61d0fba,1,1,0,-1,00000000,00000000,0,PASS
31,4,q8_0,C3,3,8192,4096,8e41566814f963b8,1,1,0,-1,00000000,00000000,0,PASS
31,4,q8_0,C4,3,8192,4096,7ef18a95c50f9806,1,1,0,-1,00000000,00000000,0,PASS
31,4,q8_0,C0,4,8192,4096,bc91ad0b35b50383,1,1,0,-1,00000000,00000000,0,PASS
31,4,q8_0,C1,4,8192,4096,1e7b80deb5521763,1,1,0,-1,00000000,00000000,0,PASS
31,4,q8_0,C2,4,8192,4096,95646a8ebd044b5d,1,1,0,-1,00000000,00000000,0,PASS
31,4,q8_0,C3,4,8192,4096,03c2f93acb1bf5a9,1,1,0,-1,00000000,00000000,0,PASS
31,4,q8_0,C4,4,8192,4096,7b7263e3adedcd6f,1,1,0,-1,00000000,00000000,0,PASS
31,4,q8_0,C0,5,8192,4096,da7d967fe63b0383,1,1,0,-1,00000000,00000000,0,PASS
31,4,q8_0,C1,5,8192,4096,2439109c971292aa,1,1,0,-1,00000000,00000000,0,PASS
31,4,q8_0,C2,5,8192,4096,ac7103964b5c796d,1,1,0,-1,00000000,00000000,0,PASS
31,4,q8_0,C3,5,8192,4096,adbf66b5e9b6066a,1,1,0,-1,00000000,00000000,0,PASS
31,4,q8_0,C4,5,8192,4096,84cd276f9ee09557,1,1,0,-1,00000000,00000000,0,PASS
31,4,q8_0,C0,6,8192,4096,8fc0340096c10383,1,1,0,-1,00000000,00000000,0,PASS
31,4,q8_0,C1,6,8192,4096,6b7fdec3ae93b793,1,1,0,-1,00000000,00000000,0,PASS
31,4,q8_0,C2,6,8192,4096,158880dca80356a5,1,1,0,-1,00000000,00000000,0,PASS
31,4,q8_0,C3,6,8192,4096,c273c855326aa92e,1,1,0,-1,00000000,00000000,0,PASS
31,4,q8_0,C4,6,8192,4096,6fb2cac120b4a24e,1,1,0,-1,00000000,00000000,0,PASS
31,4,q8_0,C0,7,8192,4096,6a71858d47470383,1,1,0,-1,00000000,00000000,0,PASS
31,4,q8_0,C1,7,8192,4096,665eaf56fa04d85a,1,1,0,-1,00000000,00000000,0,PASS
31,4,q8_0,C2,7,8192,4096,d0efefe3fcd897e2,1,1,0,-1,00000000,00000000,0,PASS
31,4,q8_0,C3,7,8192,4096,84dd6f52fecea9aa,1,1,0,-1,00000000,00000000,0,PASS
31,4,q8_0,C4,7,8192,4096,90b943a9e7d55d36,1,1,0,-1,00000000,00000000,0,PASS
31,4,q8_0,C0,8,8192,4096,f8a98b25f7cd0383,1,1,0,-1,00000000,00000000,0,PASS
31,4,q8_0,C1,8,8192,4096,c26c1a6b3d36a5c3,1,1,0,-1,00000000,00000000,0,PASS
31,4,q8_0,C2,8,8192,4096,95ac06e3a54b4ef2,1,1,0,-1,00000000,00000000,0,PASS
31,4,q8_0,C3,8,8192,4096,2209a48e629075b7,1,1,0,-1,00000000,00000000,0,PASS
31,4,q8_0,C4,8,8192,4096,3da45e1f8a9f3b1f,1,1,0,-1,00000000,00000000,0,PASS
31,5,f16,C0,2,16384,24,bc91ad0b35b50383,1,1,0,-1,00000000,00000000,0,PASS
31,5,f16,C1,2,16384,24,5dc3d7543112adb3,1,1,0,-1,00000000,00000000,0,PASS
31,5,f16,C2,2,16384,24,2182d4551e4fe2a3,1,1,0,-1,00000000,00000000,0,PASS
31,5,f16,C3,2,16384,24,6824908d1c6642ba,1,1,0,-1,00000000,00000000,0,PASS
31,5,f16,C4,2,16384,24,b25fa2af1f4d979f,1,1,0,-1,00000000,00000000,0,PASS
31,5,f16,C0,3,16384,24,8fc0340096c10383,1,1,0,-1,00000000,00000000,0,PASS
31,5,f16,C1,3,16384,24,b7a628de7278e07a,1,1,0,-1,00000000,00000000,0,PASS
31,5,f16,C2,3,16384,24,05a69f75d2d8e36d,1,1,0,-1,00000000,00000000,0,PASS
31,5,f16,C3,3,16384,24,90f1616c471e5660,1,1,0,-1,00000000,00000000,0,PASS
31,5,f16,C4,3,16384,24,f5166e1daf6a5307,1,1,0,-1,00000000,00000000,0,PASS
31,5,f16,C0,4,16384,24,f8a98b25f7cd0383,1,1,0,-1,00000000,00000000,0,PASS
31,5,f16,C1,4,16384,24,6dd2f6a152781763,1,1,0,-1,00000000,00000000,0,PASS
31,5,f16,C2,4,16384,24,03b1a534c5b2c557,1,1,0,-1,00000000,00000000,0,PASS
31,5,f16,C3,4,16384,24,72826c99d69fe7f6,1,1,0,-1,00000000,00000000,0,PASS
31,5,f16,C4,4,16384,24,77f735b69bbdcc77,1,1,0,-1,00000000,00000000,0,PASS
31,5,f16,C0,5,16384,24,680db27b58d90383,1,1,0,-1,00000000,00000000,0,PASS
31,5,f16,C1,5,16384,24,849b32211e8c92aa,1,1,0,-1,00000000,00000000,0,PASS
31,5,f16,C2,5,16384,24,5c63d5b6c8cd0fe7,1,1,0,-1,00000000,00000000,0,PASS
31,5,f16,C3,5,16384,24,d63b196af01730a7,1,1,0,-1,00000000,00000000,0,PASS
31,5,f16,C4,5,16384,24,afa0291542a0c337,1,1,0,-1,00000000,00000000,0,PASS
31,5,f16,C0,6,16384,24,4eacaa00b9e50383,1,1,0,-1,00000000,00000000,0,PASS
31,5,f16,C1,6,16384,24,aa9ab88976b3b793,1,1,0,-1,00000000,00000000,0,PASS
31,5,f16,C2,6,16384,24,7492baf760eee0bc,1,1,0,-1,00000000,00000000,0,PASS
31,5,f16,C3,6,16384,24,1e1b2111653675f9,1,1,0,-1,00000000,00000000,0,PASS
31,5,f16,C4,6,16384,24,f28d61a32b65fc0a,1,1,0,-1,00000000,00000000,0,PASS
31,5,f16,C0,7,16384,24,1d4671b61af10383,1,1,0,-1,00000000,00000000,0,PASS
31,5,f16,C1,7,16384,24,3a7a16ba8fd8d85a,1,1,0,-1,00000000,00000000,0,PASS
31,5,f16,C2,7,16384,24,711aa99ced25a706,1,1,0,-1,00000000,00000000,0,PASS
31,5,f16,C3,7,16384,24,7b6412e127ab6514,1,1,0,-1,00000000,00000000,0,PASS
31,5,f16,C4,7,16384,24,6441aebc43e8962a,1,1,0,-1,00000000,00000000,0,PASS
31,5,f16,C0,8,16384,24,449b099b7bfd0383,1,1,0,-1,00000000,00000000,0,PASS
31,5,f16,C1,8,16384,24,80cdba4d8810a5c3,1,1,0,-1,00000000,00000000,0,PASS
31,5,f16,C2,8,16384,24,af28154ffb9ea876,1,1,0,-1,00000000,00000000,0,PASS
31,5,f16,C3,8,16384,24,96027e479f5d8a26,1,1,0,-1,00000000,00000000,0,PASS
31,5,f16,C4,8,16384,24,9e50fb1212e9adde,1,1,0,-1,00000000,00000000,0,PASS
31,6,f16,C0,2,4096,256,61e628f524230383,1,1,0,-1,00000000,00000000,0,PASS
31,6,f16,C1,2,4096,256,f3458625c6b0adb3,1,1,0,-1,00000000,00000000,0,PASS
31,6,f16,C2,2,4096,256,eaa8b46e71e992b4,1,1,0,-1,00000000,00000000,0,PASS
31,6,f16,C3,2,4096,256,971ea41bd359c1fc,1,1,0,-1,00000000,00000000,0,PASS
31,6,f16,C4,2,4096,256,4712e9c2b1324d63,1,1,0,-1,00000000,00000000,0,PASS
31,6,f16,C0,3,4096,256,f361b91bfc660383,1,1,0,-1,00000000,00000000,0,PASS
31,6,f16,C1,3,4096,256,36aaaa69a328e07a,1,1,0,-1,00000000,00000000,0,PASS
31,6,f16,C2,3,4096,256,e36dde151415c0df,1,1,0,-1,00000000,00000000,0,PASS
31,6,f16,C3,3,4096,256,9f5134283409a472,1,1,0,-1,00000000,00000000,0,PASS
31,6,f16,C4,3,4096,256,e34480993503b8a3,1,1,0,-1,00000000,00000000,0,PASS
31,6,f16,C0,4,4096,256,0e5df645d4a90383,1,1,0,-1,00000000,00000000,0,PASS
31,6,f16,C1,4,4096,256,cb611474e6bf1763,1,1,0,-1,00000000,00000000,0,PASS
31,6,f16,C2,4,4096,256,a668df01d5618865,1,1,0,-1,00000000,00000000,0,PASS
31,6,f16,C3,4,4096,256,8467b839b92a64b9,1,1,0,-1,00000000,00000000,0,PASS
31,6,f16,C4,4,4096,256,04144d081eb41f66,1,1,0,-1,00000000,00000000,0,PASS
31,6,f16,C0,5,4096,256,649de072acec0383,1,1,0,-1,00000000,00000000,0,PASS
31,6,f16,C1,5,4096,256,7d3627c9d35592aa,1,1,0,-1,00000000,00000000,0,PASS
31,6,f16,C2,5,4096,256,d13581044f3dfab0,1,1,0,-1,00000000,00000000,0,PASS
31,6,f16,C3,5,4096,256,838f40226212a478,1,1,0,-1,00000000,00000000,0,PASS
31,6,f16,C4,5,4096,256,9ca02a032bb24fc6,1,1,0,-1,00000000,00000000,0,PASS
31,6,f16,C0,6,4096,256,a7e477a2852f0383,1,1,0,-1,00000000,00000000,0,PASS
31,6,f16,C1,6,4096,256,a8f5fc63ca83b793,1,1,0,-1,00000000,00000000,0,PASS
31,6,f16,C2,6,4096,256,2e2a6a2802a71ed0,1,1,0,-1,00000000,00000000,0,PASS
31,6,f16,C3,6,4096,256,27131209a3cb83b4,1,1,0,-1,00000000,00000000,0,PASS
31,6,f16,C4,6,4096,256,e725a82e9783c012,1,1,0,-1,00000000,00000000,0,PASS
31,6,f16,C0,7,4096,256,89f4bbd55d720383,1,1,0,-1,00000000,00000000,0,PASS
31,6,f16,C1,7,4096,256,8a1e5e5f2f1ad85a,1,1,0,-1,00000000,00000000,0,PASS
31,6,f16,C2,7,4096,256,38cba9f3d15ed87c,1,1,0,-1,00000000,00000000,0,PASS
31,6,f16,C3,7,4096,256,249892f41010fee2,1,1,0,-1,00000000,00000000,0,PASS
31,6,f16,C4,7,4096,256,a56d33ae4c8c775a,1,1,0,-1,00000000,00000000,0,PASS
31,6,f16,C0,8,4096,256,bc91ad0b35b50383,1,1,0,-1,00000000,00000000,0,PASS
31,6,f16,C1,8,4096,256,b049445697c9a5c3,1,1,0,-1,00000000,00000000,0,PASS
31,6,f16,C2,8,4096,256,7efc99aea35888c7,1,1,0,-1,00000000,00000000,0,PASS
31,6,f16,C3,8,4096,256,e39552a478412545,1,1,0,-1,00000000,00000000,0,PASS
31,6,f16,C4,8,4096,256,d8f79ecae2861f1f,1,1,0,-1,00000000,00000000,0,PASS
32,0,f16,C0,2,16384,24,bc91ad0b35b50383,1,1,0,-1,00000000,00000000,0,PASS
32,0,f16,C1,2,16384,24,5dc3d7543112adb3,1,1,0,-1,00000000,00000000,0,PASS
32,0,f16,C2,2,16384,24,2182d4551e4fe2a3,1,1,0,-1,00000000,00000000,0,PASS
32,0,f16,C3,2,16384,24,3fe249c8b38b27a8,1,1,0,-1,00000000,00000000,0,PASS
32,0,f16,C4,2,16384,24,b25fa2af1f4d979f,1,1,0,-1,00000000,00000000,0,PASS
32,0,f16,C0,3,16384,24,8fc0340096c10383,1,1,0,-1,00000000,00000000,0,PASS
32,0,f16,C1,3,16384,24,b7a628de7278e07a,1,1,0,-1,00000000,00000000,0,PASS
32,0,f16,C2,3,16384,24,05a69f75d2d8e36d,1,1,0,-1,00000000,00000000,0,PASS
32,0,f16,C3,3,16384,24,6c381bc20799151d,1,1,0,-1,00000000,00000000,0,PASS
32,0,f16,C4,3,16384,24,f5166e1daf6a5307,1,1,0,-1,00000000,00000000,0,PASS
32,0,f16,C0,4,16384,24,f8a98b25f7cd0383,1,1,0,-1,00000000,00000000,0,PASS
32,0,f16,C1,4,16384,24,6dd2f6a152781763,1,1,0,-1,00000000,00000000,0,PASS
32,0,f16,C2,4,16384,24,03b1a534c5b2c557,1,1,0,-1,00000000,00000000,0,PASS
32,0,f16,C3,4,16384,24,2742a5e485d026e6,1,1,0,-1,00000000,00000000,0,PASS
32,0,f16,C4,4,16384,24,77f735b69bbdcc77,1,1,0,-1,00000000,00000000,0,PASS
32,0,f16,C0,5,16384,24,680db27b58d90383,1,1,0,-1,00000000,00000000,0,PASS
32,0,f16,C1,5,16384,24,849b32211e8c92aa,1,1,0,-1,00000000,00000000,0,PASS
32,0,f16,C2,5,16384,24,5c63d5b6c8cd0fe7,1,1,0,-1,00000000,00000000,0,PASS
32,0,f16,C3,5,16384,24,29dcf50f130f3675,1,1,0,-1,00000000,00000000,0,PASS
32,0,f16,C4,5,16384,24,afa0291542a0c337,1,1,0,-1,00000000,00000000,0,PASS
32,0,f16,C0,6,16384,24,4eacaa00b9e50383,1,1,0,-1,00000000,00000000,0,PASS
32,0,f16,C1,6,16384,24,aa9ab88976b3b793,1,1,0,-1,00000000,00000000,0,PASS
32,0,f16,C2,6,16384,24,7492baf760eee0bc,1,1,0,-1,00000000,00000000,0,PASS
32,0,f16,C3,6,16384,24,23e01ec18fd2931e,1,1,0,-1,00000000,00000000,0,PASS
32,0,f16,C4,6,16384,24,f28d61a32b65fc0a,1,1,0,-1,00000000,00000000,0,PASS
32,0,f16,C0,7,16384,24,1d4671b61af10383,1,1,0,-1,00000000,00000000,0,PASS
32,0,f16,C1,7,16384,24,3a7a16ba8fd8d85a,1,1,0,-1,00000000,00000000,0,PASS
32,0,f16,C2,7,16384,24,711aa99ced25a706,1,1,0,-1,00000000,00000000,0,PASS
32,0,f16,C3,7,16384,24,3bc8376188457691,1,1,0,-1,00000000,00000000,0,PASS
32,0,f16,C4,7,16384,24,6441aebc43e8962a,1,1,0,-1,00000000,00000000,0,PASS
32,0,f16,C0,8,16384,24,449b099b7bfd0383,1,1,0,-1,00000000,00000000,0,PASS
32,0,f16,C1,8,16384,24,80cdba4d8810a5c3,1,1,0,-1,00000000,00000000,0,PASS
32,0,f16,C2,8,16384,24,af28154ffb9ea876,1,1,0,-1,00000000,00000000,0,PASS
32,0,f16,C3,8,16384,24,50afddc58ce1cd9d,1,1,0,-1,00000000,00000000,0,PASS
32,0,f16,C4,8,16384,24,9e50fb1212e9adde,1,1,0,-1,00000000,00000000,0,PASS
32,1,q8_0,C0,2,4096,1024,61e628f524230383,1,1,0,-1,00000000,00000000,0,PASS
32,1,q8_0,C1,2,4096,1024,f3458625c6b0adb3,1,1,0,-1,00000000,00000000,0,PASS
32,1,q8_0,C2,2,4096,1024,eaa8b46e71e992b4,1,1,0,-1,00000000,00000000,0,PASS
32,1,q8_0,C3,2,4096,1024,cf8ad01bc0da2bd0,1,1,0,-1,00000000,00000000,0,PASS
32,1,q8_0,C4,2,4096,1024,4712e9c2b1324d63,1,1,0,-1,00000000,00000000,0,PASS
32,1,q8_0,C0,3,4096,1024,f361b91bfc660383,1,1,0,-1,00000000,00000000,0,PASS
32,1,q8_0,C1,3,4096,1024,36aaaa69a328e07a,1,1,0,-1,00000000,00000000,0,PASS
32,1,q8_0,C2,3,4096,1024,e36dde151415c0df,1,1,0,-1,00000000,00000000,0,PASS
32,1,q8_0,C3,3,4096,1024,7a880a333d4c6341,1,1,0,-1,00000000,00000000,0,PASS
32,1,q8_0,C4,3,4096,1024,e34480993503b8a3,1,1,0,-1,00000000,00000000,0,PASS
32,1,q8_0,C0,4,4096,1024,0e5df645d4a90383,1,1,0,-1,00000000,00000000,0,PASS
32,1,q8_0,C1,4,4096,1024,cb611474e6bf1763,1,1,0,-1,00000000,00000000,0,PASS
32,1,q8_0,C2,4,4096,1024,a668df01d5618865,1,1,0,-1,00000000,00000000,0,PASS
32,1,q8_0,C3,4,4096,1024,abff3e8765e85d13,1,1,0,-1,00000000,00000000,0,PASS
32,1,q8_0,C4,4,4096,1024,04144d081eb41f66,1,1,0,-1,00000000,00000000,0,PASS
32,1,q8_0,C0,5,4096,1024,649de072acec0383,1,1,0,-1,00000000,00000000,0,PASS
32,1,q8_0,C1,5,4096,1024,7d3627c9d35592aa,1,1,0,-1,00000000,00000000,0,PASS
32,1,q8_0,C2,5,4096,1024,d13581044f3dfab0,1,1,0,-1,00000000,00000000,0,PASS
32,1,q8_0,C3,5,4096,1024,aa8a4a5bcbf2c52c,1,1,0,-1,00000000,00000000,0,PASS
32,1,q8_0,C4,5,4096,1024,9ca02a032bb24fc6,1,1,0,-1,00000000,00000000,0,PASS
32,1,q8_0,C0,6,4096,1024,a7e477a2852f0383,1,1,0,-1,00000000,00000000,0,PASS
32,1,q8_0,C1,6,4096,1024,a8f5fc63ca83b793,1,1,0,-1,00000000,00000000,0,PASS
32,1,q8_0,C2,6,4096,1024,2e2a6a2802a71ed0,1,1,0,-1,00000000,00000000,0,PASS
32,1,q8_0,C3,6,4096,1024,646d8c7a170e72bb,1,1,0,-1,00000000,00000000,0,PASS
32,1,q8_0,C4,6,4096,1024,e725a82e9783c012,1,1,0,-1,00000000,00000000,0,PASS
32,1,q8_0,C0,7,4096,1024,89f4bbd55d720383,1,1,0,-1,00000000,00000000,0,PASS
32,1,q8_0,C1,7,4096,1024,8a1e5e5f2f1ad85a,1,1,0,-1,00000000,00000000,0,PASS
32,1,q8_0,C2,7,4096,1024,38cba9f3d15ed87c,1,1,0,-1,00000000,00000000,0,PASS
32,1,q8_0,C3,7,4096,1024,3de94089aae34829,1,1,0,-1,00000000,00000000,0,PASS
32,1,q8_0,C4,7,4096,1024,a56d33ae4c8c775a,1,1,0,-1,00000000,00000000,0,PASS
32,1,q8_0,C0,8,4096,1024,bc91ad0b35b50383,1,1,0,-1,00000000,00000000,0,PASS
32,1,q8_0,C1,8,4096,1024,b049445697c9a5c3,1,1,0,-1,00000000,00000000,0,PASS
32,1,q8_0,C2,8,4096,1024,7efc99aea35888c7,1,1,0,-1,00000000,00000000,0,PASS
32,1,q8_0,C3,8,4096,1024,332f014c065b91a1,1,1,0,-1,00000000,00000000,0,PASS
32,1,q8_0,C4,8,4096,1024,d8f79ecae2861f1f,1,1,0,-1,00000000,00000000,0,PASS
32,2,q8_0,C0,2,4096,512,61e628f524230383,1,1,0,-1,00000000,00000000,0,PASS
32,2,q8_0,C1,2,4096,512,f3458625c6b0adb3,1,1,0,-1,00000000,00000000,0,PASS
32,2,q8_0,C2,2,4096,512,eaa8b46e71e992b4,1,1,0,-1,00000000,00000000,0,PASS
32,2,q8_0,C3,2,4096,512,01857487ba169085,1,1,0,-1,00000000,00000000,0,PASS
32,2,q8_0,C4,2,4096,512,4712e9c2b1324d63,1,1,0,-1,00000000,00000000,0,PASS
32,2,q8_0,C0,3,4096,512,f361b91bfc660383,1,1,0,-1,00000000,00000000,0,PASS
32,2,q8_0,C1,3,4096,512,36aaaa69a328e07a,1,1,0,-1,00000000,00000000,0,PASS
32,2,q8_0,C2,3,4096,512,e36dde151415c0df,1,1,0,-1,00000000,00000000,0,PASS
32,2,q8_0,C3,3,4096,512,4e7574ab03128ca6,1,1,0,-1,00000000,00000000,0,PASS
32,2,q8_0,C4,3,4096,512,e34480993503b8a3,1,1,0,-1,00000000,00000000,0,PASS
32,2,q8_0,C0,4,4096,512,0e5df645d4a90383,1,1,0,-1,00000000,00000000,0,PASS
32,2,q8_0,C1,4,4096,512,cb611474e6bf1763,1,1,0,-1,00000000,00000000,0,PASS
32,2,q8_0,C2,4,4096,512,a668df01d5618865,1,1,0,-1,00000000,00000000,0,PASS
32,2,q8_0,C3,4,4096,512,0e484b47ce982e6e,1,1,0,-1,00000000,00000000,0,PASS
32,2,q8_0,C4,4,4096,512,04144d081eb41f66,1,1,0,-1,00000000,00000000,0,PASS
32,2,q8_0,C0,5,4096,512,649de072acec0383,1,1,0,-1,00000000,00000000,0,PASS
32,2,q8_0,C1,5,4096,512,7d3627c9d35592aa,1,1,0,-1,00000000,00000000,0,PASS
32,2,q8_0,C2,5,4096,512,d13581044f3dfab0,1,1,0,-1,00000000,00000000,0,PASS
32,2,q8_0,C3,5,4096,512,891d53785d11d440,1,1,0,-1,00000000,00000000,0,PASS
32,2,q8_0,C4,5,4096,512,9ca02a032bb24fc6,1,1,0,-1,00000000,00000000,0,PASS
32,2,q8_0,C0,6,4096,512,a7e477a2852f0383,1,1,0,-1,00000000,00000000,0,PASS
32,2,q8_0,C1,6,4096,512,a8f5fc63ca83b793,1,1,0,-1,00000000,00000000,0,PASS
32,2,q8_0,C2,6,4096,512,2e2a6a2802a71ed0,1,1,0,-1,00000000,00000000,0,PASS
32,2,q8_0,C3,6,4096,512,215fd27d81eee51a,1,1,0,-1,00000000,00000000,0,PASS
32,2,q8_0,C4,6,4096,512,e725a82e9783c012,1,1,0,-1,00000000,00000000,0,PASS
32,2,q8_0,C0,7,4096,512,89f4bbd55d720383,1,1,0,-1,00000000,00000000,0,PASS
32,2,q8_0,C1,7,4096,512,8a1e5e5f2f1ad85a,1,1,0,-1,00000000,00000000,0,PASS
32,2,q8_0,C2,7,4096,512,38cba9f3d15ed87c,1,1,0,-1,00000000,00000000,0,PASS
32,2,q8_0,C3,7,4096,512,67dd2d0b695ae930,1,1,0,-1,00000000,00000000,0,PASS
32,2,q8_0,C4,7,4096,512,a56d33ae4c8c775a,1,1,0,-1,00000000,00000000,0,PASS
32,2,q8_0,C0,8,4096,512,bc91ad0b35b50383,1,1,0,-1,00000000,00000000,0,PASS
32,2,q8_0,C1,8,4096,512,b049445697c9a5c3,1,1,0,-1,00000000,00000000,0,PASS
32,2,q8_0,C2,8,4096,512,7efc99aea35888c7,1,1,0,-1,00000000,00000000,0,PASS
32,2,q8_0,C3,8,4096,512,37631796027bc843,1,1,0,-1,00000000,00000000,0,PASS
32,2,q8_0,C4,8,4096,512,d8f79ecae2861f1f,1,1,0,-1,00000000,00000000,0,PASS
32,3,q8_0,C0,2,1024,32768,66a385207fbe8383,1,1,0,-1,00000000,00000000,0,PASS
32,3,q8_0,C1,2,1024,32768,ea4b97e88c182db3,1,1,0,-1,00000000,00000000,0,PASS
32,3,q8_0,C2,2,1024,32768,70800d37477b9cc9,1,1,0,-1,00000000,00000000,0,PASS
32,3,q8_0,C3,2,1024,32768,d91d998a0a7e1d90,1,1,0,-1,00000000,00000000,0,PASS
32,3,q8_0,C4,2,1024,32768,71e3b48a7ebcb79f,1,1,0,-1,00000000,00000000,0,PASS
32,3,q8_0,C0,3,1024,32768,09b99610cdcf4383,1,1,0,-1,00000000,00000000,0,PASS
32,3,q8_0,C1,3,1024,32768,f303d2023f54e07a,1,1,0,-1,00000000,00000000,0,PASS
32,3,q8_0,C2,3,1024,32768,17b139ff4bb1b56e,1,1,0,-1,00000000,00000000,0,PASS
32,3,q8_0,C3,3,1024,32768,867c9b2a207c309c,1,1,0,-1,00000000,00000000,0,PASS
32,3,q8_0,C4,3,1024,32768,7684a1bb04066307,1,1,0,-1,00000000,00000000,0,PASS
32,3,q8_0,C0,4,1024,32768,a82845d14be00383,1,1,0,-1,00000000,00000000,0,PASS
32,3,q8_0,C1,4,1024,32768,829e2379d3d0d763,1,1,0,-1,00000000,00000000,0,PASS
32,3,q8_0,C2,4,1024,32768,2c41771fb26e6aa4,1,1,0,-1,00000000,00000000,0,PASS
32,3,q8_0,C3,4,1024,32768,39c5e20c48366436,1,1,0,-1,00000000,00000000,0,PASS
32,3,q8_0,C4,4,1024,32768,00c364baeed7cc77,1,1,0,-1,00000000,00000000,0,PASS
32,3,q8_0,C0,5,1024,32768,a536a061f9f0c383,1,1,0,-1,00000000,00000000,0,PASS
32,3,q8_0,C1,5,1024,32768,cd5cb4a48887d2aa,1,1,0,-1,00000000,00000000,0,PASS
32,3,q8_0,C2,5,1024,32768,fe68e9da3c4fa0b4,1,1,0,-1,00000000,00000000,0,PASS
32,3,q8_0,C3,5,1024,32768,4fefebc8b2c91eb7,1,1,0,-1,00000000,00000000,0,PASS
32,3,q8_0,C4,5,1024,32768,85d67414a04db337,1,1,0,-1,00000000,00000000,0,PASS
32,3,q8_0,C0,6,1024,32768,e72bb1c2d8018383,1,1,0,-1,00000000,00000000,0,PASS
32,3,q8_0,C1,6,1024,32768,606b07352f77b793,1,1,0,-1,00000000,00000000,0,PASS
32,3,q8_0,C2,6,1024,32768,aac88d06cc8d8c24,1,1,0,-1,00000000,00000000,0,PASS
32,3,q8_0,C3,6,1024,32768,6020769c13ac9b0c,1,1,0,-1,00000000,00000000,0,PASS
32,3,q8_0,C4,6,1024,32768,90a3e3c502279c0a,1,1,0,-1,00000000,00000000,0,PASS
32,3,q8_0,C0,7,1024,32768,d74e85f3e6124383,1,1,0,-1,00000000,00000000,0,PASS
32,3,q8_0,C1,7,1024,32768,0680c4d6b6eb585a,1,1,0,-1,00000000,00000000,0,PASS
32,3,q8_0,C2,7,1024,32768,68aeccecb4841b1a,1,1,0,-1,00000000,00000000,0,PASS
32,3,q8_0,C3,7,1024,32768,b69db53410f19817,1,1,0,-1,00000000,00000000,0,PASS
32,3,q8_0,C4,7,1024,32768,e3547e032da9e62a,1,1,0,-1,00000000,00000000,0,PASS
32,3,q8_0,C0,8,1024,32768,61e628f524230383,1,1,0,-1,00000000,00000000,0,PASS
32,3,q8_0,C1,8,1024,32768,f5568f1793b7e5c3,1,1,0,-1,00000000,00000000,0,PASS
32,3,q8_0,C2,8,1024,32768,f510f9a7c42e2707,1,1,0,-1,00000000,00000000,0,PASS
32,3,q8_0,C3,8,1024,32768,c7176c40f1a38724,1,1,0,-1,00000000,00000000,0,PASS
32,3,q8_0,C4,8,1024,32768,bb27994fbd6c0dde,1,1,0,-1,00000000,00000000,0,PASS
32,4,q8_0,C0,2,8192,4096,0e5df645d4a90383,1,1,0,-1,00000000,00000000,0,PASS
32,4,q8_0,C1,2,8192,4096,a7596f63ea26adb3,1,1,0,-1,00000000,00000000,0,PASS
32,4,q8_0,C2,2,8192,4096,6024392d967b7573,1,1,0,-1,00000000,00000000,0,PASS
32,4,q8_0,C3,2,8192,4096,6a13b2d66a56dc49,1,1,0,-1,00000000,00000000,0,PASS
32,4,q8_0,C4,2,8192,4096,756a42230c87de66,1,1,0,-1,00000000,00000000,0,PASS
32,4,q8_0,C0,3,8192,4096,a7e477a2852f0383,1,1,0,-1,00000000,00000000,0,PASS
32,4,q8_0,C1,3,8192,4096,40f463593d98e07a,1,1,0,-1,00000000,00000000,0,PASS
32,4,q8_0,C2,3,8192,4096,6bda8fe4c61d0fba,1,1,0,-1,00000000,00000000,0,PASS
32,4,q8_0,C3,3,8192,4096,21c658351fd829f5,1,1,0,-1,00000000,00000000,0,PASS
32,4,q8_0,C4,3,8192,4096,7ef18a95c50f9806,1,1,0,-1,00000000,00000000,0,PASS
32,4,q8_0,C0,4,8192,4096,bc91ad0b35b50383,1,1,0,-1,00000000,00000000,0,PASS
32,4,q8_0,C1,4,8192,4096,1e7b80deb5521763,1,1,0,-1,00000000,00000000,0,PASS
32,4,q8_0,C2,4,8192,4096,95646a8ebd044b5d,1,1,0,-1,00000000,00000000,0,PASS
32,4,q8_0,C3,4,8192,4096,abb5853dbbf1c26e,1,1,0,-1,00000000,00000000,0,PASS
32,4,q8_0,C4,4,8192,4096,7b7263e3adedcd6f,1,1,0,-1,00000000,00000000,0,PASS
32,4,q8_0,C0,5,8192,4096,da7d967fe63b0383,1,1,0,-1,00000000,00000000,0,PASS
32,4,q8_0,C1,5,8192,4096,2439109c971292aa,1,1,0,-1,00000000,00000000,0,PASS
32,4,q8_0,C2,5,8192,4096,ac7103964b5c796d,1,1,0,-1,00000000,00000000,0,PASS
32,4,q8_0,C3,5,8192,4096,ce883b7827d33e35,1,1,0,-1,00000000,00000000,0,PASS
32,4,q8_0,C4,5,8192,4096,84cd276f9ee09557,1,1,0,-1,00000000,00000000,0,PASS
32,4,q8_0,C0,6,8192,4096,8fc0340096c10383,1,1,0,-1,00000000,00000000,0,PASS
32,4,q8_0,C1,6,8192,4096,6b7fdec3ae93b793,1,1,0,-1,00000000,00000000,0,PASS
32,4,q8_0,C2,6,8192,4096,158880dca80356a5,1,1,0,-1,00000000,00000000,0,PASS
32,4,q8_0,C3,6,8192,4096,1b1ee6ec898b2736,1,1,0,-1,00000000,00000000,0,PASS
32,4,q8_0,C4,6,8192,4096,6fb2cac120b4a24e,1,1,0,-1,00000000,00000000,0,PASS
32,4,q8_0,C0,7,8192,4096,6a71858d47470383,1,1,0,-1,00000000,00000000,0,PASS
32,4,q8_0,C1,7,8192,4096,665eaf56fa04d85a,1,1,0,-1,00000000,00000000,0,PASS
32,4,q8_0,C2,7,8192,4096,d0efefe3fcd897e2,1,1,0,-1,00000000,00000000,0,PASS
32,4,q8_0,C3,7,8192,4096,87d16db0ecbc2d3a,1,1,0,-1,00000000,00000000,0,PASS
32,4,q8_0,C4,7,8192,4096,90b943a9e7d55d36,1,1,0,-1,00000000,00000000,0,PASS
32,4,q8_0,C0,8,8192,4096,f8a98b25f7cd0383,1,1,0,-1,00000000,00000000,0,PASS
32,4,q8_0,C1,8,8192,4096,c26c1a6b3d36a5c3,1,1,0,-1,00000000,00000000,0,PASS
32,4,q8_0,C2,8,8192,4096,95ac06e3a54b4ef2,1,1,0,-1,00000000,00000000,0,PASS
32,4,q8_0,C3,8,8192,4096,a982346d30ff1d00,1,1,0,-1,00000000,00000000,0,PASS
32,4,q8_0,C4,8,8192,4096,3da45e1f8a9f3b1f,1,1,0,-1,00000000,00000000,0,PASS
32,5,f16,C0,2,16384,24,bc91ad0b35b50383,1,1,0,-1,00000000,00000000,0,PASS
32,5,f16,C1,2,16384,24,5dc3d7543112adb3,1,1,0,-1,00000000,00000000,0,PASS
32,5,f16,C2,2,16384,24,2182d4551e4fe2a3,1,1,0,-1,00000000,00000000,0,PASS
32,5,f16,C3,2,16384,24,28d044444d692cce,1,1,0,-1,00000000,00000000,0,PASS
32,5,f16,C4,2,16384,24,b25fa2af1f4d979f,1,1,0,-1,00000000,00000000,0,PASS
32,5,f16,C0,3,16384,24,8fc0340096c10383,1,1,0,-1,00000000,00000000,0,PASS
32,5,f16,C1,3,16384,24,b7a628de7278e07a,1,1,0,-1,00000000,00000000,0,PASS
32,5,f16,C2,3,16384,24,05a69f75d2d8e36d,1,1,0,-1,00000000,00000000,0,PASS
32,5,f16,C3,3,16384,24,cb7452ab4c4e09eb,1,1,0,-1,00000000,00000000,0,PASS
32,5,f16,C4,3,16384,24,f5166e1daf6a5307,1,1,0,-1,00000000,00000000,0,PASS
32,5,f16,C0,4,16384,24,f8a98b25f7cd0383,1,1,0,-1,00000000,00000000,0,PASS
32,5,f16,C1,4,16384,24,6dd2f6a152781763,1,1,0,-1,00000000,00000000,0,PASS
32,5,f16,C2,4,16384,24,03b1a534c5b2c557,1,1,0,-1,00000000,00000000,0,PASS
32,5,f16,C3,4,16384,24,49b6a01401506b77,1,1,0,-1,00000000,00000000,0,PASS
32,5,f16,C4,4,16384,24,77f735b69bbdcc77,1,1,0,-1,00000000,00000000,0,PASS
32,5,f16,C0,5,16384,24,680db27b58d90383,1,1,0,-1,00000000,00000000,0,PASS
32,5,f16,C1,5,16384,24,849b32211e8c92aa,1,1,0,-1,00000000,00000000,0,PASS
32,5,f16,C2,5,16384,24,5c63d5b6c8cd0fe7,1,1,0,-1,00000000,00000000,0,PASS
32,5,f16,C3,5,16384,24,ed732a21e8278e51,1,1,0,-1,00000000,00000000,0,PASS
32,5,f16,C4,5,16384,24,afa0291542a0c337,1,1,0,-1,00000000,00000000,0,PASS
32,5,f16,C0,6,16384,24,4eacaa00b9e50383,1,1,0,-1,00000000,00000000,0,PASS
32,5,f16,C1,6,16384,24,aa9ab88976b3b793,1,1,0,-1,00000000,00000000,0,PASS
32,5,f16,C2,6,16384,24,7492baf760eee0bc,1,1,0,-1,00000000,00000000,0,PASS
32,5,f16,C3,6,16384,24,27392f9e058b7550,1,1,0,-1,00000000,00000000,0,PASS
32,5,f16,C4,6,16384,24,f28d61a32b65fc0a,1,1,0,-1,00000000,00000000,0,PASS
32,5,f16,C0,7,16384,24,1d4671b61af10383,1,1,0,-1,00000000,00000000,0,PASS
32,5,f16,C1,7,16384,24,3a7a16ba8fd8d85a,1,1,0,-1,00000000,00000000,0,PASS
32,5,f16,C2,7,16384,24,711aa99ced25a706,1,1,0,-1,00000000,00000000,0,PASS
32,5,f16,C3,7,16384,24,bd3b59146498fe09,1,1,0,-1,00000000,00000000,0,PASS
32,5,f16,C4,7,16384,24,6441aebc43e8962a,1,1,0,-1,00000000,00000000,0,PASS
32,5,f16,C0,8,16384,24,449b099b7bfd0383,1,1,0,-1,00000000,00000000,0,PASS
32,5,f16,C1,8,16384,24,80cdba4d8810a5c3,1,1,0,-1,00000000,00000000,0,PASS
32,5,f16,C2,8,16384,24,af28154ffb9ea876,1,1,0,-1,00000000,00000000,0,PASS
32,5,f16,C3,8,16384,24,ac58cdc76692a869,1,1,0,-1,00000000,00000000,0,PASS
32,5,f16,C4,8,16384,24,9e50fb1212e9adde,1,1,0,-1,00000000,00000000,0,PASS
32,6,f16,C0,2,4096,256,61e628f524230383,1,1,0,-1,00000000,00000000,0,PASS
32,6,f16,C1,2,4096,256,f3458625c6b0adb3,1,1,0,-1,00000000,00000000,0,PASS
32,6,f16,C2,2,4096,256,eaa8b46e71e992b4,1,1,0,-1,00000000,00000000,0,PASS
32,6,f16,C3,2,4096,256,d651e5ef00515281,1,1,0,-1,00000000,00000000,0,PASS
32,6,f16,C4,2,4096,256,4712e9c2b1324d63,1,1,0,-1,00000000,00000000,0,PASS
32,6,f16,C0,3,4096,256,f361b91bfc660383,1,1,0,-1,00000000,00000000,0,PASS
32,6,f16,C1,3,4096,256,36aaaa69a328e07a,1,1,0,-1,00000000,00000000,0,PASS
32,6,f16,C2,3,4096,256,e36dde151415c0df,1,1,0,-1,00000000,00000000,0,PASS
32,6,f16,C3,3,4096,256,13dfc5f302766026,1,1,0,-1,00000000,00000000,0,PASS
32,6,f16,C4,3,4096,256,e34480993503b8a3,1,1,0,-1,00000000,00000000,0,PASS
32,6,f16,C0,4,4096,256,0e5df645d4a90383,1,1,0,-1,00000000,00000000,0,PASS
32,6,f16,C1,4,4096,256,cb611474e6bf1763,1,1,0,-1,00000000,00000000,0,PASS
32,6,f16,C2,4,4096,256,a668df01d5618865,1,1,0,-1,00000000,00000000,0,PASS
32,6,f16,C3,4,4096,256,a40cdf27557f4dd5,1,1,0,-1,00000000,00000000,0,PASS
32,6,f16,C4,4,4096,256,04144d081eb41f66,1,1,0,-1,00000000,00000000,0,PASS
32,6,f16,C0,5,4096,256,649de072acec0383,1,1,0,-1,00000000,00000000,0,PASS
32,6,f16,C1,5,4096,256,7d3627c9d35592aa,1,1,0,-1,00000000,00000000,0,PASS
32,6,f16,C2,5,4096,256,d13581044f3dfab0,1,1,0,-1,00000000,00000000,0,PASS
32,6,f16,C3,5,4096,256,ef4a8359944b7bf2,1,1,0,-1,00000000,00000000,0,PASS
32,6,f16,C4,5,4096,256,9ca02a032bb24fc6,1,1,0,-1,00000000,00000000,0,PASS
32,6,f16,C0,6,4096,256,a7e477a2852f0383,1,1,0,-1,00000000,00000000,0,PASS
32,6,f16,C1,6,4096,256,a8f5fc63ca83b793,1,1,0,-1,00000000,00000000,0,PASS
32,6,f16,C2,6,4096,256,2e2a6a2802a71ed0,1,1,0,-1,00000000,00000000,0,PASS
32,6,f16,C3,6,4096,256,9dbde7d52678ab76,1,1,0,-1,00000000,00000000,0,PASS
32,6,f16,C4,6,4096,256,e725a82e9783c012,1,1,0,-1,00000000,00000000,0,PASS
32,6,f16,C0,7,4096,256,89f4bbd55d720383,1,1,0,-1,00000000,00000000,0,PASS
32,6,f16,C1,7,4096,256,8a1e5e5f2f1ad85a,1,1,0,-1,00000000,00000000,0,PASS
32,6,f16,C2,7,4096,256,38cba9f3d15ed87c,1,1,0,-1,00000000,00000000,0,PASS
32,6,f16,C3,7,4096,256,e2819a9fbe87a997,1,1,0,-1,00000000,00000000,0,PASS
32,6,f16,C4,7,4096,256,a56d33ae4c8c775a,1,1,0,-1,00000000,00000000,0,PASS
32,6,f16,C0,8,4096,256,bc91ad0b35b50383,1,1,0,-1,00000000,00000000,0,PASS
32,6,f16,C1,8,4096,256,b049445697c9a5c3,1,1,0,-1,00000000,00000000,0,PASS
32,6,f16,C2,8,4096,256,7efc99aea35888c7,1,1,0,-1,00000000,00000000,0,PASS
32,6,f16,C3,8,4096,256,6fa6111ea1fac8e8,1,1,0,-1,00000000,00000000,0,PASS
32,6,f16,C4,8,4096,256,d8f79ecae2861f1f,1,1,0,-1,00000000,00000000,0,PASS
33,0,f16,C0,2,16384,24,bc91ad0b35b50383,1,1,0,-1,00000000,00000000,0,PASS
33,0,f16,C1,2,16384,24,5dc3d7543112adb3,1,1,0,-1,00000000,00000000,0,PASS
33,0,f16,C2,2,16384,24,2182d4551e4fe2a3,1,1,0,-1,00000000,00000000,0,PASS
33,0,f16,C3,2,16384,24,3f7c5d11de2cc70b,1,1,0,-1,00000000,00000000,0,PASS
33,0,f16,C4,2,16384,24,b25fa2af1f4d979f,1,1,0,-1,00000000,00000000,0,PASS
33,0,f16,C0,3,16384,24,8fc0340096c10383,1,1,0,-1,00000000,00000000,0,PASS
33,0,f16,C1,3,16384,24,b7a628de7278e07a,1,1,0,-1,00000000,00000000,0,PASS
33,0,f16,C2,3,16384,24,05a69f75d2d8e36d,1,1,0,-1,00000000,00000000,0,PASS
33,0,f16,C3,3,16384,24,006ce4020f557f7b,1,1,0,-1,00000000,00000000,0,PASS
33,0,f16,C4,3,16384,24,f5166e1daf6a5307,1,1,0,-1,00000000,00000000,0,PASS
33,0,f16,C0,4,16384,24,f8a98b25f7cd0383,1,1,0,-1,00000000,00000000,0,PASS
33,0,f16,C1,4,16384,24,6dd2f6a152781763,1,1,0,-1,00000000,00000000,0,PASS
33,0,f16,C2,4,16384,24,03b1a534c5b2c557,1,1,0,-1,00000000,00000000,0,PASS
33,0,f16,C3,4,16384,24,25da0a74d7b759e1,1,1,0,-1,00000000,00000000,0,PASS
33,0,f16,C4,4,16384,24,77f735b69bbdcc77,1,1,0,-1,00000000,00000000,0,PASS
33,0,f16,C0,5,16384,24,680db27b58d90383,1,1,0,-1,00000000,00000000,0,PASS
33,0,f16,C1,5,16384,24,849b32211e8c92aa,1,1,0,-1,00000000,00000000,0,PASS
33,0,f16,C2,5,16384,24,5c63d5b6c8cd0fe7,1,1,0,-1,00000000,00000000,0,PASS
33,0,f16,C3,5,16384,24,255382e181c4bd0e,1,1,0,-1,00000000,00000000,0,PASS
33,0,f16,C4,5,16384,24,afa0291542a0c337,1,1,0,-1,00000000,00000000,0,PASS
33,0,f16,C0,6,16384,24,4eacaa00b9e50383,1,1,0,-1,00000000,00000000,0,PASS
33,0,f16,C1,6,16384,24,aa9ab88976b3b793,1,1,0,-1,00000000,00000000,0,PASS
33,0,f16,C2,6,16384,24,7492baf760eee0bc,1,1,0,-1,00000000,00000000,0,PASS
33,0,f16,C3,6,16384,24,c49cee6d4b8a40a0,1,1,0,-1,00000000,00000000,0,PASS
33,0,f16,C4,6,16384,24,f28d61a32b65fc0a,1,1,0,-1,00000000,00000000,0,PASS
33,0,f16,C0,7,16384,24,1d4671b61af10383,1,1,0,-1,00000000,00000000,0,PASS
33,0,f16,C1,7,16384,24,3a7a16ba8fd8d85a,1,1,0,-1,00000000,00000000,0,PASS
33,0,f16,C2,7,16384,24,711aa99ced25a706,1,1,0,-1,00000000,00000000,0,PASS
33,0,f16,C3,7,16384,24,cb7201aab8765592,1,1,0,-1,00000000,00000000,0,PASS
33,0,f16,C4,7,16384,24,6441aebc43e8962a,1,1,0,-1,00000000,00000000,0,PASS
33,0,f16,C0,8,16384,24,449b099b7bfd0383,1,1,0,-1,00000000,00000000,0,PASS
33,0,f16,C1,8,16384,24,80cdba4d8810a5c3,1,1,0,-1,00000000,00000000,0,PASS
33,0,f16,C2,8,16384,24,af28154ffb9ea876,1,1,0,-1,00000000,00000000,0,PASS
33,0,f16,C3,8,16384,24,b01bae5fc74750ee,1,1,0,-1,00000000,00000000,0,PASS
33,0,f16,C4,8,16384,24,9e50fb1212e9adde,1,1,0,-1,00000000,00000000,0,PASS
33,1,q8_0,C0,2,4096,1024,61e628f524230383,1,1,0,-1,00000000,00000000,0,PASS
33,1,q8_0,C1,2,4096,1024,f3458625c6b0adb3,1,1,0,-1,00000000,00000000,0,PASS
33,1,q8_0,C2,2,4096,1024,eaa8b46e71e992b4,1,1,0,-1,00000000,00000000,0,PASS
33,1,q8_0,C3,2,4096,1024,7d1f4ebb1459a00e,1,1,0,-1,00000000,00000000,0,PASS
33,1,q8_0,C4,2,4096,1024,4712e9c2b1324d63,1,1,0,-1,00000000,00000000,0,PASS
33,1,q8_0,C0,3,4096,1024,f361b91bfc660383,1,1,0,-1,00000000,00000000,0,PASS
33,1,q8_0,C1,3,4096,1024,36aaaa69a328e07a,1,1,0,-1,00000000,00000000,0,PASS
33,1,q8_0,C2,3,4096,1024,e36dde151415c0df,1,1,0,-1,00000000,00000000,0,PASS
33,1,q8_0,C3,3,4096,1024,94db869152a87ac8,1,1,0,-1,00000000,00000000,0,PASS
33,1,q8_0,C4,3,4096,1024,e34480993503b8a3,1,1,0,-1,00000000,00000000,0,PASS
33,1,q8_0,C0,4,4096,1024,0e5df645d4a90383,1,1,0,-1,00000000,00000000,0,PASS
33,1,q8_0,C1,4,4096,1024,cb611474e6bf1763,1,1,0,-1,00000000,00000000,0,PASS
33,1,q8_0,C2,4,4096,1024,a668df01d5618865,1,1,0,-1,00000000,00000000,0,PASS
33,1,q8_0,C3,4,4096,1024,f7a88b4958300ec0,1,1,0,-1,00000000,00000000,0,PASS
33,1,q8_0,C4,4,4096,1024,04144d081eb41f66,1,1,0,-1,00000000,00000000,0,PASS
33,1,q8_0,C0,5,4096,1024,649de072acec0383,1,1,0,-1,00000000,00000000,0,PASS
33,1,q8_0,C1,5,4096,1024,7d3627c9d35592aa,1,1,0,-1,00000000,00000000,0,PASS
33,1,q8_0,C2,5,4096,1024,d13581044f3dfab0,1,1,0,-1,00000000,00000000,0,PASS
33,1,q8_0,C3,5,4096,1024,2308b311ce1741dc,1,1,0,-1,00000000,00000000,0,PASS
33,1,q8_0,C4,5,4096,1024,9ca02a032bb24fc6,1,1,0,-1,00000000,00000000,0,PASS
33,1,q8_0,C0,6,4096,1024,a7e477a2852f0383,1,1,0,-1,00000000,00000000,0,PASS
33,1,q8_0,C1,6,4096,1024,a8f5fc63ca83b793,1,1,0,-1,00000000,00000000,0,PASS
33,1,q8_0,C2,6,4096,1024,2e2a6a2802a71ed0,1,1,0,-1,00000000,00000000,0,PASS
33,1,q8_0,C3,6,4096,1024,9ce9c9598b2e55b2,1,1,0,-1,00000000,00000000,0,PASS
33,1,q8_0,C4,6,4096,1024,e725a82e9783c012,1,1,0,-1,00000000,00000000,0,PASS
33,1,q8_0,C0,7,4096,1024,89f4bbd55d720383,1,1,0,-1,00000000,00000000,0,PASS
33,1,q8_0,C1,7,4096,1024,8a1e5e5f2f1ad85a,1,1,0,-1,00000000,00000000,0,PASS
33,1,q8_0,C2,7,4096,1024,38cba9f3d15ed87c,1,1,0,-1,00000000,00000000,0,PASS
33,1,q8_0,C3,7,4096,1024,d50f465186dfb3ea,1,1,0,-1,00000000,00000000,0,PASS
33,1,q8_0,C4,7,4096,1024,a56d33ae4c8c775a,1,1,0,-1,00000000,00000000,0,PASS
33,1,q8_0,C0,8,4096,1024,bc91ad0b35b50383,1,1,0,-1,00000000,00000000,0,PASS
33,1,q8_0,C1,8,4096,1024,b049445697c9a5c3,1,1,0,-1,00000000,00000000,0,PASS
33,1,q8_0,C2,8,4096,1024,7efc99aea35888c7,1,1,0,-1,00000000,00000000,0,PASS
33,1,q8_0,C3,8,4096,1024,524b9f65072548d4,1,1,0,-1,00000000,00000000,0,PASS
33,1,q8_0,C4,8,4096,1024,d8f79ecae2861f1f,1,1,0,-1,00000000,00000000,0,PASS
33,2,q8_0,C0,2,4096,512,61e628f524230383,1,1,0,-1,00000000,00000000,0,PASS
33,2,q8_0,C1,2,4096,512,f3458625c6b0adb3,1,1,0,-1,00000000,00000000,0,PASS
33,2,q8_0,C2,2,4096,512,eaa8b46e71e992b4,1,1,0,-1,00000000,00000000,0,PASS
33,2,q8_0,C3,2,4096,512,ad2fa276e4420e68,1,1,0,-1,00000000,00000000,0,PASS
33,2,q8_0,C4,2,4096,512,4712e9c2b1324d63,1,1,0,-1,00000000,00000000,0,PASS
33,2,q8_0,C0,3,4096,512,f361b91bfc660383,1,1,0,-1,00000000,00000000,0,PASS
33,2,q8_0,C1,3,4096,512,36aaaa69a328e07a,1,1,0,-1,00000000,00000000,0,PASS
33,2,q8_0,C2,3,4096,512,e36dde151415c0df,1,1,0,-1,00000000,00000000,0,PASS
33,2,q8_0,C3,3,4096,512,8423b6a3dcea6f6d,1,1,0,-1,00000000,00000000,0,PASS
33,2,q8_0,C4,3,4096,512,e34480993503b8a3,1,1,0,-1,00000000,00000000,0,PASS
33,2,q8_0,C0,4,4096,512,0e5df645d4a90383,1,1,0,-1,00000000,00000000,0,PASS
33,2,q8_0,C1,4,4096,512,cb611474e6bf1763,1,1,0,-1,00000000,00000000,0,PASS
33,2,q8_0,C2,4,4096,512,a668df01d5618865,1,1,0,-1,00000000,00000000,0,PASS
33,2,q8_0,C3,4,4096,512,fc094a976e3b19d6,1,1,0,-1,00000000,00000000,0,PASS
33,2,q8_0,C4,4,4096,512,04144d081eb41f66,1,1,0,-1,00000000,00000000,0,PASS
33,2,q8_0,C0,5,4096,512,649de072acec0383,1,1,0,-1,00000000,00000000,0,PASS
33,2,q8_0,C1,5,4096,512,7d3627c9d35592aa,1,1,0,-1,00000000,00000000,0,PASS
33,2,q8_0,C2,5,4096,512,d13581044f3dfab0,1,1,0,-1,00000000,00000000,0,PASS
33,2,q8_0,C3,5,4096,512,a685dffd5766dd9a,1,1,0,-1,00000000,00000000,0,PASS
33,2,q8_0,C4,5,4096,512,9ca02a032bb24fc6,1,1,0,-1,00000000,00000000,0,PASS
33,2,q8_0,C0,6,4096,512,a7e477a2852f0383,1,1,0,-1,00000000,00000000,0,PASS
33,2,q8_0,C1,6,4096,512,a8f5fc63ca83b793,1,1,0,-1,00000000,00000000,0,PASS
33,2,q8_0,C2,6,4096,512,2e2a6a2802a71ed0,1,1,0,-1,00000000,00000000,0,PASS
33,2,q8_0,C3,6,4096,512,26a3721ff6acc779,1,1,0,-1,00000000,00000000,0,PASS
33,2,q8_0,C4,6,4096,512,e725a82e9783c012,1,1,0,-1,00000000,00000000,0,PASS
33,2,q8_0,C0,7,4096,512,89f4bbd55d720383,1,1,0,-1,00000000,00000000,0,PASS
33,2,q8_0,C1,7,4096,512,8a1e5e5f2f1ad85a,1,1,0,-1,00000000,00000000,0,PASS
33,2,q8_0,C2,7,4096,512,38cba9f3d15ed87c,1,1,0,-1,00000000,00000000,0,PASS
33,2,q8_0,C3,7,4096,512,6606577642be144c,1,1,0,-1,00000000,00000000,0,PASS
33,2,q8_0,C4,7,4096,512,a56d33ae4c8c775a,1,1,0,-1,00000000,00000000,0,PASS
33,2,q8_0,C0,8,4096,512,bc91ad0b35b50383,1,1,0,-1,00000000,00000000,0,PASS
33,2,q8_0,C1,8,4096,512,b049445697c9a5c3,1,1,0,-1,00000000,00000000,0,PASS
33,2,q8_0,C2,8,4096,512,7efc99aea35888c7,1,1,0,-1,00000000,00000000,0,PASS
33,2,q8_0,C3,8,4096,512,e7a66bce451667b3,1,1,0,-1,00000000,00000000,0,PASS
33,2,q8_0,C4,8,4096,512,d8f79ecae2861f1f,1,1,0,-1,00000000,00000000,0,PASS
33,3,q8_0,C0,2,1024,32768,66a385207fbe8383,1,1,0,-1,00000000,00000000,0,PASS
33,3,q8_0,C1,2,1024,32768,ea4b97e88c182db3,1,1,0,-1,00000000,00000000,0,PASS
33,3,q8_0,C2,2,1024,32768,70800d37477b9cc9,1,1,0,-1,00000000,00000000,0,PASS
33,3,q8_0,C3,2,1024,32768,41347414691d6a54,1,1,0,-1,00000000,00000000,0,PASS
33,3,q8_0,C4,2,1024,32768,71e3b48a7ebcb79f,1,1,0,-1,00000000,00000000,0,PASS
33,3,q8_0,C0,3,1024,32768,09b99610cdcf4383,1,1,0,-1,00000000,00000000,0,PASS
33,3,q8_0,C1,3,1024,32768,f303d2023f54e07a,1,1,0,-1,00000000,00000000,0,PASS
33,3,q8_0,C2,3,1024,32768,17b139ff4bb1b56e,1,1,0,-1,00000000,00000000,0,PASS
33,3,q8_0,C3,3,1024,32768,4088fe26f34e07c9,1,1,0,-1,00000000,00000000,0,PASS
33,3,q8_0,C4,3,1024,32768,7684a1bb04066307,1,1,0,-1,00000000,00000000,0,PASS
33,3,q8_0,C0,4,1024,32768,a82845d14be00383,1,1,0,-1,00000000,00000000,0,PASS
33,3,q8_0,C1,4,1024,32768,829e2379d3d0d763,1,1,0,-1,00000000,00000000,0,PASS
33,3,q8_0,C2,4,1024,32768,2c41771fb26e6aa4,1,1,0,-1,00000000,00000000,0,PASS
33,3,q8_0,C3,4,1024,32768,f5ae9312cce97419,1,1,0,-1,00000000,00000000,0,PASS
33,3,q8_0,C4,4,1024,32768,00c364baeed7cc77,1,1,0,-1,00000000,00000000,0,PASS
33,3,q8_0,C0,5,1024,32768,a536a061f9f0c383,1,1,0,-1,00000000,00000000,0,PASS
33,3,q8_0,C1,5,1024,32768,cd5cb4a48887d2aa,1,1,0,-1,00000000,00000000,0,PASS
33,3,q8_0,C2,5,1024,32768,fe68e9da3c4fa0b4,1,1,0,-1,00000000,00000000,0,PASS
33,3,q8_0,C3,5,1024,32768,e03bb5fd08db5b0a,1,1,0,-1,00000000,00000000,0,PASS
33,3,q8_0,C4,5,1024,32768,85d67414a04db337,1,1,0,-1,00000000,00000000,0,PASS
33,3,q8_0,C0,6,1024,32768,e72bb1c2d8018383,1,1,0,-1,00000000,00000000,0,PASS
33,3,q8_0,C1,6,1024,32768,606b07352f77b793,1,1,0,-1,00000000,00000000,0,PASS
33,3,q8_0,C2,6,1024,32768,aac88d06cc8d8c24,1,1,0,-1,00000000,00000000,0,PASS
33,3,q8_0,C3,6,1024,32768,f91fe71b57e5c625,1,1,0,-1,00000000,00000000,0,PASS
33,3,q8_0,C4,6,1024,32768,90a3e3c502279c0a,1,1,0,-1,00000000,00000000,0,PASS
33,3,q8_0,C0,7,1024,32768,d74e85f3e6124383,1,1,0,-1,00000000,00000000,0,PASS
33,3,q8_0,C1,7,1024,32768,0680c4d6b6eb585a,1,1,0,-1,00000000,00000000,0,PASS
33,3,q8_0,C2,7,1024,32768,68aeccecb4841b1a,1,1,0,-1,00000000,00000000,0,PASS
33,3,q8_0,C3,7,1024,32768,d7ba0645efc9a0c2,1,1,0,-1,00000000,00000000,0,PASS
33,3,q8_0,C4,7,1024,32768,e3547e032da9e62a,1,1,0,-1,00000000,00000000,0,PASS
33,3,q8_0,C0,8,1024,32768,61e628f524230383,1,1,0,-1,00000000,00000000,0,PASS
33,3,q8_0,C1,8,1024,32768,f5568f1793b7e5c3,1,1,0,-1,00000000,00000000,0,PASS
33,3,q8_0,C2,8,1024,32768,f510f9a7c42e2707,1,1,0,-1,00000000,00000000,0,PASS
33,3,q8_0,C3,8,1024,32768,5ed3cecc264f628e,1,1,0,-1,00000000,00000000,0,PASS
33,3,q8_0,C4,8,1024,32768,bb27994fbd6c0dde,1,1,0,-1,00000000,00000000,0,PASS
33,4,q8_0,C0,2,8192,4096,0e5df645d4a90383,1,1,0,-1,00000000,00000000,0,PASS
33,4,q8_0,C1,2,8192,4096,a7596f63ea26adb3,1,1,0,-1,00000000,00000000,0,PASS
33,4,q8_0,C2,2,8192,4096,6024392d967b7573,1,1,0,-1,00000000,00000000,0,PASS
33,4,q8_0,C3,2,8192,4096,2b5204bbe5052a4b,1,1,0,-1,00000000,00000000,0,PASS
33,4,q8_0,C4,2,8192,4096,756a42230c87de66,1,1,0,-1,00000000,00000000,0,PASS
33,4,q8_0,C0,3,8192,4096,a7e477a2852f0383,1,1,0,-1,00000000,00000000,0,PASS
33,4,q8_0,C1,3,8192,4096,40f463593d98e07a,1,1,0,-1,00000000,00000000,0,PASS
33,4,q8_0,C2,3,8192,4096,6bda8fe4c61d0fba,1,1,0,-1,00000000,00000000,0,PASS
33,4,q8_0,C3,3,8192,4096,99d13745e5875f05,1,1,0,-1,00000000,00000000,0,PASS
33,4,q8_0,C4,3,8192,4096,7ef18a95c50f9806,1,1,0,-1,00000000,00000000,0,PASS
33,4,q8_0,C0,4,8192,4096,bc91ad0b35b50383,1,1,0,-1,00000000,00000000,0,PASS
33,4,q8_0,C1,4,8192,4096,1e7b80deb5521763,1,1,0,-1,00000000,00000000,0,PASS
33,4,q8_0,C2,4,8192,4096,95646a8ebd044b5d,1,1,0,-1,00000000,00000000,0,PASS
33,4,q8_0,C3,4,8192,4096,925a3dc74880b89c,1,1,0,-1,00000000,00000000,0,PASS
33,4,q8_0,C4,4,8192,4096,7b7263e3adedcd6f,1,1,0,-1,00000000,00000000,0,PASS
33,4,q8_0,C0,5,8192,4096,da7d967fe63b0383,1,1,0,-1,00000000,00000000,0,PASS
33,4,q8_0,C1,5,8192,4096,2439109c971292aa,1,1,0,-1,00000000,00000000,0,PASS
33,4,q8_0,C2,5,8192,4096,ac7103964b5c796d,1,1,0,-1,00000000,00000000,0,PASS
33,4,q8_0,C3,5,8192,4096,fa8548a3410e3fa3,1,1,0,-1,00000000,00000000,0,PASS
33,4,q8_0,C4,5,8192,4096,84cd276f9ee09557,1,1,0,-1,00000000,00000000,0,PASS
33,4,q8_0,C0,6,8192,4096,8fc0340096c10383,1,1,0,-1,00000000,00000000,0,PASS
33,4,q8_0,C1,6,8192,4096,6b7fdec3ae93b793,1,1,0,-1,00000000,00000000,0,PASS
33,4,q8_0,C2,6,8192,4096,158880dca80356a5,1,1,0,-1,00000000,00000000,0,PASS
33,4,q8_0,C3,6,8192,4096,ac4f1e48241febbc,1,1,0,-1,00000000,00000000,0,PASS
33,4,q8_0,C4,6,8192,4096,6fb2cac120b4a24e,1,1,0,-1,00000000,00000000,0,PASS
33,4,q8_0,C0,7,8192,4096,6a71858d47470383,1,1,0,-1,00000000,00000000,0,PASS
33,4,q8_0,C1,7,8192,4096,665eaf56fa04d85a,1,1,0,-1,00000000,00000000,0,PASS
33,4,q8_0,C2,7,8192,4096,d0efefe3fcd897e2,1,1,0,-1,00000000,00000000,0,PASS
33,4,q8_0,C3,7,8192,4096,c23dc378f5292f38,1,1,0,-1,00000000,00000000,0,PASS
33,4,q8_0,C4,7,8192,4096,90b943a9e7d55d36,1,1,0,-1,00000000,00000000,0,PASS
33,4,q8_0,C0,8,8192,4096,f8a98b25f7cd0383,1,1,0,-1,00000000,00000000,0,PASS
33,4,q8_0,C1,8,8192,4096,c26c1a6b3d36a5c3,1,1,0,-1,00000000,00000000,0,PASS
33,4,q8_0,C2,8,8192,4096,95ac06e3a54b4ef2,1,1,0,-1,00000000,00000000,0,PASS
33,4,q8_0,C3,8,8192,4096,975fd0b375d754c4,1,1,0,-1,00000000,00000000,0,PASS
33,4,q8_0,C4,8,8192,4096,3da45e1f8a9f3b1f,1,1,0,-1,00000000,00000000,0,PASS
33,5,f16,C0,2,16384,24,bc91ad0b35b50383,1,1,0,-1,00000000,00000000,0,PASS
33,5,f16,C1,2,16384,24,5dc3d7543112adb3,1,1,0,-1,00000000,00000000,0,PASS
33,5,f16,C2,2,16384,24,2182d4551e4fe2a3,1,1,0,-1,00000000,00000000,0,PASS
33,5,f16,C3,2,16384,24,71082926dc1470a3,1,1,0,-1,00000000,00000000,0,PASS
33,5,f16,C4,2,16384,24,b25fa2af1f4d979f,1,1,0,-1,00000000,00000000,0,PASS
33,5,f16,C0,3,16384,24,8fc0340096c10383,1,1,0,-1,00000000,00000000,0,PASS
33,5,f16,C1,3,16384,24,b7a628de7278e07a,1,1,0,-1,00000000,00000000,0,PASS
33,5,f16,C2,3,16384,24,05a69f75d2d8e36d,1,1,0,-1,00000000,00000000,0,PASS
33,5,f16,C3,3,16384,24,c4d4327f4d9b37ab,1,1,0,-1,00000000,00000000,0,PASS
33,5,f16,C4,3,16384,24,f5166e1daf6a5307,1,1,0,-1,00000000,00000000,0,PASS
33,5,f16,C0,4,16384,24,f8a98b25f7cd0383,1,1,0,-1,00000000,00000000,0,PASS
33,5,f16,C1,4,16384,24,6dd2f6a152781763,1,1,0,-1,00000000,00000000,0,PASS
33,5,f16,C2,4,16384,24,03b1a534c5b2c557,1,1,0,-1,00000000,00000000,0,PASS
33,5,f16,C3,4,16384,24,774834ef357b433b,1,1,0,-1,00000000,00000000,0,PASS
33,5,f16,C4,4,16384,24,77f735b69bbdcc77,1,1,0,-1,00000000,00000000,0,PASS
33,5,f16,C0,5,16384,24,680db27b58d90383,1,1,0,-1,00000000,00000000,0,PASS
33,5,f16,C1,5,16384,24,849b32211e8c92aa,1,1,0,-1,00000000,00000000,0,PASS
33,5,f16,C2,5,16384,24,5c63d5b6c8cd0fe7,1,1,0,-1,00000000,00000000,0,PASS
33,5,f16,C3,5,16384,24,45d0691d1f0c1fac,1,1,0,-1,00000000,00000000,0,PASS
33,5,f16,C4,5,16384,24,afa0291542a0c337,1,1,0,-1,00000000,00000000,0,PASS
33,5,f16,C0,6,16384,24,4eacaa00b9e50383,1,1,0,-1,00000000,00000000,0,PASS
33,5,f16,C1,6,16384,24,aa9ab88976b3b793,1,1,0,-1,00000000,00000000,0,PASS
33,5,f16,C2,6,16384,24,7492baf760eee0bc,1,1,0,-1,00000000,00000000,0,PASS
33,5,f16,C3,6,16384,24,d441e1472b0a8905,1,1,0,-1,00000000,00000000,0,PASS
33,5,f16,C4,6,16384,24,f28d61a32b65fc0a,1,1,0,-1,00000000,00000000,0,PASS
33,5,f16,C0,7,16384,24,1d4671b61af10383,1,1,0,-1,00000000,00000000,0,PASS
33,5,f16,C1,7,16384,24,3a7a16ba8fd8d85a,1,1,0,-1,00000000,00000000,0,PASS
33,5,f16,C2,7,16384,24,711aa99ced25a706,1,1,0,-1,00000000,00000000,0,PASS
33,5,f16,C3,7,16384,24,2a5507d475bf8f35,1,1,0,-1,00000000,00000000,0,PASS
33,5,f16,C4,7,16384,24,6441aebc43e8962a,1,1,0,-1,00000000,00000000,0,PASS
33,5,f16,C0,8,16384,24,449b099b7bfd0383,1,1,0,-1,00000000,00000000,0,PASS
33,5,f16,C1,8,16384,24,80cdba4d8810a5c3,1,1,0,-1,00000000,00000000,0,PASS
33,5,f16,C2,8,16384,24,af28154ffb9ea876,1,1,0,-1,00000000,00000000,0,PASS
33,5,f16,C3,8,16384,24,f5bac155a991b5fc,1,1,0,-1,00000000,00000000,0,PASS
33,5,f16,C4,8,16384,24,9e50fb1212e9adde,1,1,0,-1,00000000,00000000,0,PASS
33,6,f16,C0,2,4096,256,61e628f524230383,1,1,0,-1,00000000,00000000,0,PASS
33,6,f16,C1,2,4096,256,f3458625c6b0adb3,1,1,0,-1,00000000,00000000,0,PASS
33,6,f16,C2,2,4096,256,eaa8b46e71e992b4,1,1,0,-1,00000000,00000000,0,PASS
33,6,f16,C3,2,4096,256,baa833390d5d80cf,1,1,0,-1,00000000,00000000,0,PASS
33,6,f16,C4,2,4096,256,4712e9c2b1324d63,1,1,0,-1,00000000,00000000,0,PASS
33,6,f16,C0,3,4096,256,f361b91bfc660383,1,1,0,-1,00000000,00000000,0,PASS
33,6,f16,C1,3,4096,256,36aaaa69a328e07a,1,1,0,-1,00000000,00000000,0,PASS
33,6,f16,C2,3,4096,256,e36dde151415c0df,1,1,0,-1,00000000,00000000,0,PASS
33,6,f16,C3,3,4096,256,0f52ffd9e5e72315,1,1,0,-1,00000000,00000000,0,PASS
33,6,f16,C4,3,4096,256,e34480993503b8a3,1,1,0,-1,00000000,00000000,0,PASS
33,6,f16,C0,4,4096,256,0e5df645d4a90383,1,1,0,-1,00000000,00000000,0,PASS
33,6,f16,C1,4,4096,256,cb611474e6bf1763,1,1,0,-1,00000000,00000000,0,PASS
33,6,f16,C2,4,4096,256,a668df01d5618865,1,1,0,-1,00000000,00000000,0,PASS
33,6,f16,C3,4,4096,256,3d68f9b14d9b055a,1,1,0,-1,00000000,00000000,0,PASS
33,6,f16,C4,4,4096,256,04144d081eb41f66,1,1,0,-1,00000000,00000000,0,PASS
33,6,f16,C0,5,4096,256,649de072acec0383,1,1,0,-1,00000000,00000000,0,PASS
33,6,f16,C1,5,4096,256,7d3627c9d35592aa,1,1,0,-1,00000000,00000000,0,PASS
33,6,f16,C2,5,4096,256,d13581044f3dfab0,1,1,0,-1,00000000,00000000,0,PASS
33,6,f16,C3,5,4096,256,ceb4fb905f5d67bd,1,1,0,-1,00000000,00000000,0,PASS
33,6,f16,C4,5,4096,256,9ca02a032bb24fc6,1,1,0,-1,00000000,00000000,0,PASS
33,6,f16,C0,6,4096,256,a7e477a2852f0383,1,1,0,-1,00000000,00000000,0,PASS
33,6,f16,C1,6,4096,256,a8f5fc63ca83b793,1,1,0,-1,00000000,00000000,0,PASS
33,6,f16,C2,6,4096,256,2e2a6a2802a71ed0,1,1,0,-1,00000000,00000000,0,PASS
33,6,f16,C3,6,4096,256,94470b82f0c6902c,1,1,0,-1,00000000,00000000,0,PASS
33,6,f16,C4,6,4096,256,e725a82e9783c012,1,1,0,-1,00000000,00000000,0,PASS
33,6,f16,C0,7,4096,256,89f4bbd55d720383,1,1,0,-1,00000000,00000000,0,PASS
33,6,f16,C1,7,4096,256,8a1e5e5f2f1ad85a,1,1,0,-1,00000000,00000000,0,PASS
33,6,f16,C2,7,4096,256,38cba9f3d15ed87c,1,1,0,-1,00000000,00000000,0,PASS
33,6,f16,C3,7,4096,256,17d503fab9ede3a1,1,1,0,-1,00000000,00000000,0,PASS
33,6,f16,C4,7,4096,256,a56d33ae4c8c775a,1,1,0,-1,00000000,00000000,0,PASS
33,6,f16,C0,8,4096,256,bc91ad0b35b50383,1,1,0,-1,00000000,00000000,0,PASS
33,6,f16,C1,8,4096,256,b049445697c9a5c3,1,1,0,-1,00000000,00000000,0,PASS
33,6,f16,C2,8,4096,256,7efc99aea35888c7,1,1,0,-1,00000000,00000000,0,PASS
33,6,f16,C3,8,4096,256,759f6bbc1a0535a0,1,1,0,-1,00000000,00000000,0,PASS
33,6,f16,C4,8,4096,256,d8f79ecae2861f1f,1,1,0,-1,00000000,00000000,0,PASS
34,0,f16,C0,2,16384,24,bc91ad0b35b50383,1,1,0,-1,00000000,00000000,0,PASS
34,0,f16,C1,2,16384,24,5dc3d7543112adb3,1,1,0,-1,00000000,00000000,0,PASS
34,0,f16,C2,2,16384,24,2182d4551e4fe2a3,1,1,0,-1,00000000,00000000,0,PASS
34,0,f16,C3,2,16384,24,afe622c144765e3d,1,1,0,-1,00000000,00000000,0,PASS
34,0,f16,C4,2,16384,24,b25fa2af1f4d979f,1,1,0,-1,00000000,00000000,0,PASS
34,0,f16,C0,3,16384,24,8fc0340096c10383,1,1,0,-1,00000000,00000000,0,PASS
34,0,f16,C1,3,16384,24,b7a628de7278e07a,1,1,0,-1,00000000,00000000,0,PASS
34,0,f16,C2,3,16384,24,05a69f75d2d8e36d,1,1,0,-1,00000000,00000000,0,PASS
34,0,f16,C3,3,16384,24,549c4827c94bd6bb,1,1,0,-1,00000000,00000000,0,PASS
34,0,f16,C4,3,16384,24,f5166e1daf6a5307,1,1,0,-1,00000000,00000000,0,PASS
34,0,f16,C0,4,16384,24,f8a98b25f7cd0383,1,1,0,-1,00000000,00000000,0,PASS
34,0,f16,C1,4,16384,24,6dd2f6a152781763,1,1,0,-1,00000000,00000000,0,PASS
34,0,f16,C2,4,16384,24,03b1a534c5b2c557,1,1,0,-1,00000000,00000000,0,PASS
34,0,f16,C3,4,16384,24,9d0707fa11a40e14,1,1,0,-1,00000000,00000000,0,PASS
34,0,f16,C4,4,16384,24,77f735b69bbdcc77,1,1,0,-1,00000000,00000000,0,PASS
34,0,f16,C0,5,16384,24,680db27b58d90383,1,1,0,-1,00000000,00000000,0,PASS
34,0,f16,C1,5,16384,24,849b32211e8c92aa,1,1,0,-1,00000000,00000000,0,PASS
34,0,f16,C2,5,16384,24,5c63d5b6c8cd0fe7,1,1,0,-1,00000000,00000000,0,PASS
34,0,f16,C3,5,16384,24,da9dea8f7455c85c,1,1,0,-1,00000000,00000000,0,PASS
34,0,f16,C4,5,16384,24,afa0291542a0c337,1,1,0,-1,00000000,00000000,0,PASS
34,0,f16,C0,6,16384,24,4eacaa00b9e50383,1,1,0,-1,00000000,00000000,0,PASS
34,0,f16,C1,6,16384,24,aa9ab88976b3b793,1,1,0,-1,00000000,00000000,0,PASS
34,0,f16,C2,6,16384,24,7492baf760eee0bc,1,1,0,-1,00000000,00000000,0,PASS
34,0,f16,C3,6,16384,24,6801bcd6df40cde2,1,1,0,-1,00000000,00000000,0,PASS
34,0,f16,C4,6,16384,24,f28d61a32b65fc0a,1,1,0,-1,00000000,00000000,0,PASS
34,0,f16,C0,7,16384,24,1d4671b61af10383,1,1,0,-1,00000000,00000000,0,PASS
34,0,f16,C1,7,16384,24,3a7a16ba8fd8d85a,1,1,0,-1,00000000,00000000,0,PASS
34,0,f16,C2,7,16384,24,711aa99ced25a706,1,1,0,-1,00000000,00000000,0,PASS
34,0,f16,C3,7,16384,24,efc199886335359c,1,1,0,-1,00000000,00000000,0,PASS
34,0,f16,C4,7,16384,24,6441aebc43e8962a,1,1,0,-1,00000000,00000000,0,PASS
34,0,f16,C0,8,16384,24,449b099b7bfd0383,1,1,0,-1,00000000,00000000,0,PASS
34,0,f16,C1,8,16384,24,80cdba4d8810a5c3,1,1,0,-1,00000000,00000000,0,PASS
34,0,f16,C2,8,16384,24,af28154ffb9ea876,1,1,0,-1,00000000,00000000,0,PASS
34,0,f16,C3,8,16384,24,b74f3921c382017d,1,1,0,-1,00000000,00000000,0,PASS
34,0,f16,C4,8,16384,24,9e50fb1212e9adde,1,1,0,-1,00000000,00000000,0,PASS
34,1,q8_0,C0,2,4096,1024,61e628f524230383,1,1,0,-1,00000000,00000000,0,PASS
34,1,q8_0,C1,2,4096,1024,f3458625c6b0adb3,1,1,0,-1,00000000,00000000,0,PASS
34,1,q8_0,C2,2,4096,1024,eaa8b46e71e992b4,1,1,0,-1,00000000,00000000,0,PASS
34,1,q8_0,C3,2,4096,1024,1fdd6b0bc6c6d047,1,1,0,-1,00000000,00000000,0,PASS
34,1,q8_0,C4,2,4096,1024,4712e9c2b1324d63,1,1,0,-1,00000000,00000000,0,PASS
34,1,q8_0,C0,3,4096,1024,f361b91bfc660383,1,1,0,-1,00000000,00000000,0,PASS
34,1,q8_0,C1,3,4096,1024,36aaaa69a328e07a,1,1,0,-1,00000000,00000000,0,PASS
34,1,q8_0,C2,3,4096,1024,e36dde151415c0df,1,1,0,-1,00000000,00000000,0,PASS
34,1,q8_0,C3,3,4096,1024,492791911b0ee572,1,1,0,-1,00000000,00000000,0,PASS
34,1,q8_0,C4,3,4096,1024,e34480993503b8a3,1,1,0,-1,00000000,00000000,0,PASS
34,1,q8_0,C0,4,4096,1024,0e5df645d4a90383,1,1,0,-1,00000000,00000000,0,PASS
34,1,q8_0,C1,4,4096,1024,cb611474e6bf1763,1,1,0,-1,00000000,00000000,0,PASS
34,1,q8_0,C2,4,4096,1024,a668df01d5618865,1,1,0,-1,00000000,00000000,0,PASS
34,1,q8_0,C3,4,4096,1024,e4abbc4920209a81,1,1,0,-1,00000000,00000000,0,PASS
34,1,q8_0,C4,4,4096,1024,04144d081eb41f66,1,1,0,-1,00000000,00000000,0,PASS
34,1,q8_0,C0,5,4096,1024,649de072acec0383,1,1,0,-1,00000000,00000000,0,PASS
34,1,q8_0,C1,5,4096,1024,7d3627c9d35592aa,1,1,0,-1,00000000,00000000,0,PASS
34,1,q8_0,C2,5,4096,1024,d13581044f3dfab0,1,1,0,-1,00000000,00000000,0,PASS
34,1,q8_0,C3,5,4096,1024,f93902bbd6524bd8,1,1,0,-1,00000000,00000000,0,PASS
34,1,q8_0,C4,5,4096,1024,9ca02a032bb24fc6,1,1,0,-1,00000000,00000000,0,PASS
34,1,q8_0,C0,6,4096,1024,a7e477a2852f0383,1,1,0,-1,00000000,00000000,0,PASS
34,1,q8_0,C1,6,4096,1024,a8f5fc63ca83b793,1,1,0,-1,00000000,00000000,0,PASS
34,1,q8_0,C2,6,4096,1024,2e2a6a2802a71ed0,1,1,0,-1,00000000,00000000,0,PASS
34,1,q8_0,C3,6,4096,1024,5215f1aaab3994cb,1,1,0,-1,00000000,00000000,0,PASS
34,1,q8_0,C4,6,4096,1024,e725a82e9783c012,1,1,0,-1,00000000,00000000,0,PASS
34,1,q8_0,C0,7,4096,1024,89f4bbd55d720383,1,1,0,-1,00000000,00000000,0,PASS
34,1,q8_0,C1,7,4096,1024,8a1e5e5f2f1ad85a,1,1,0,-1,00000000,00000000,0,PASS
34,1,q8_0,C2,7,4096,1024,38cba9f3d15ed87c,1,1,0,-1,00000000,00000000,0,PASS
34,1,q8_0,C3,7,4096,1024,1e58cb7cf53f0ed6,1,1,0,-1,00000000,00000000,0,PASS
34,1,q8_0,C4,7,4096,1024,a56d33ae4c8c775a,1,1,0,-1,00000000,00000000,0,PASS
34,1,q8_0,C0,8,4096,1024,bc91ad0b35b50383,1,1,0,-1,00000000,00000000,0,PASS
34,1,q8_0,C1,8,4096,1024,b049445697c9a5c3,1,1,0,-1,00000000,00000000,0,PASS
34,1,q8_0,C2,8,4096,1024,7efc99aea35888c7,1,1,0,-1,00000000,00000000,0,PASS
34,1,q8_0,C3,8,4096,1024,082ec89f6da2b687,1,1,0,-1,00000000,00000000,0,PASS
34,1,q8_0,C4,8,4096,1024,d8f79ecae2861f1f,1,1,0,-1,00000000,00000000,0,PASS
34,2,q8_0,C0,2,4096,512,61e628f524230383,1,1,0,-1,00000000,00000000,0,PASS
34,2,q8_0,C1,2,4096,512,f3458625c6b0adb3,1,1,0,-1,00000000,00000000,0,PASS
34,2,q8_0,C2,2,4096,512,eaa8b46e71e992b4,1,1,0,-1,00000000,00000000,0,PASS
34,2,q8_0,C3,2,4096,512,c533ae1227e05ecb,1,1,0,-1,00000000,00000000,0,PASS
34,2,q8_0,C4,2,4096,512,4712e9c2b1324d63,1,1,0,-1,00000000,00000000,0,PASS
34,2,q8_0,C0,3,4096,512,f361b91bfc660383,1,1,0,-1,00000000,00000000,0,PASS
34,2,q8_0,C1,3,4096,512,36aaaa69a328e07a,1,1,0,-1,00000000,00000000,0,PASS
34,2,q8_0,C2,3,4096,512,e36dde151415c0df,1,1,0,-1,00000000,00000000,0,PASS
34,2,q8_0,C3,3,4096,512,f196c9f7be9de4dc,1,1,0,-1,00000000,00000000,0,PASS
34,2,q8_0,C4,3,4096,512,e34480993503b8a3,1,1,0,-1,00000000,00000000,0,PASS
34,2,q8_0,C0,4,4096,512,0e5df645d4a90383,1,1,0,-1,00000000,00000000,0,PASS
34,2,q8_0,C1,4,4096,512,cb611474e6bf1763,1,1,0,-1,00000000,00000000,0,PASS
34,2,q8_0,C2,4,4096,512,a668df01d5618865,1,1,0,-1,00000000,00000000,0,PASS
34,2,q8_0,C3,4,4096,512,ed11ed00dae7543d,1,1,0,-1,00000000,00000000,0,PASS
34,2,q8_0,C4,4,4096,512,04144d081eb41f66,1,1,0,-1,00000000,00000000,0,PASS
34,2,q8_0,C0,5,4096,512,649de072acec0383,1,1,0,-1,00000000,00000000,0,PASS
34,2,q8_0,C1,5,4096,512,7d3627c9d35592aa,1,1,0,-1,00000000,00000000,0,PASS
34,2,q8_0,C2,5,4096,512,d13581044f3dfab0,1,1,0,-1,00000000,00000000,0,PASS
34,2,q8_0,C3,5,4096,512,84fb22ecca2b53f3,1,1,0,-1,00000000,00000000,0,PASS
34,2,q8_0,C4,5,4096,512,9ca02a032bb24fc6,1,1,0,-1,00000000,00000000,0,PASS
34,2,q8_0,C0,6,4096,512,a7e477a2852f0383,1,1,0,-1,00000000,00000000,0,PASS
34,2,q8_0,C1,6,4096,512,a8f5fc63ca83b793,1,1,0,-1,00000000,00000000,0,PASS
34,2,q8_0,C2,6,4096,512,2e2a6a2802a71ed0,1,1,0,-1,00000000,00000000,0,PASS
34,2,q8_0,C3,6,4096,512,69c7da6a036497b1,1,1,0,-1,00000000,00000000,0,PASS
34,2,q8_0,C4,6,4096,512,e725a82e9783c012,1,1,0,-1,00000000,00000000,0,PASS
34,2,q8_0,C0,7,4096,512,89f4bbd55d720383,1,1,0,-1,00000000,00000000,0,PASS
34,2,q8_0,C1,7,4096,512,8a1e5e5f2f1ad85a,1,1,0,-1,00000000,00000000,0,PASS
34,2,q8_0,C2,7,4096,512,38cba9f3d15ed87c,1,1,0,-1,00000000,00000000,0,PASS
34,2,q8_0,C3,7,4096,512,e5003769da73ec96,1,1,0,-1,00000000,00000000,0,PASS
34,2,q8_0,C4,7,4096,512,a56d33ae4c8c775a,1,1,0,-1,00000000,00000000,0,PASS
34,2,q8_0,C0,8,4096,512,bc91ad0b35b50383,1,1,0,-1,00000000,00000000,0,PASS
34,2,q8_0,C1,8,4096,512,b049445697c9a5c3,1,1,0,-1,00000000,00000000,0,PASS
34,2,q8_0,C2,8,4096,512,7efc99aea35888c7,1,1,0,-1,00000000,00000000,0,PASS
34,2,q8_0,C3,8,4096,512,1ea8ea10498002c8,1,1,0,-1,00000000,00000000,0,PASS
34,2,q8_0,C4,8,4096,512,d8f79ecae2861f1f,1,1,0,-1,00000000,00000000,0,PASS
34,3,q8_0,C0,2,1024,32768,66a385207fbe8383,1,1,0,-1,00000000,00000000,0,PASS
34,3,q8_0,C1,2,1024,32768,ea4b97e88c182db3,1,1,0,-1,00000000,00000000,0,PASS
34,3,q8_0,C2,2,1024,32768,70800d37477b9cc9,1,1,0,-1,00000000,00000000,0,PASS
34,3,q8_0,C3,2,1024,32768,e6550cc0880a4d8c,1,1,0,-1,00000000,00000000,0,PASS
34,3,q8_0,C4,2,1024,32768,71e3b48a7ebcb79f,1,1,0,-1,00000000,00000000,0,PASS
34,3,q8_0,C0,3,1024,32768,09b99610cdcf4383,1,1,0,-1,00000000,00000000,0,PASS
34,3,q8_0,C1,3,1024,32768,f303d2023f54e07a,1,1,0,-1,00000000,00000000,0,PASS
34,3,q8_0,C2,3,1024,32768,17b139ff4bb1b56e,1,1,0,-1,00000000,00000000,0,PASS
34,3,q8_0,C3,3,1024,32768,4f442fe020d5e54b,1,1,0,-1,00000000,00000000,0,PASS
34,3,q8_0,C4,3,1024,32768,7684a1bb04066307,1,1,0,-1,00000000,00000000,0,PASS
34,3,q8_0,C0,4,1024,32768,a82845d14be00383,1,1,0,-1,00000000,00000000,0,PASS
34,3,q8_0,C1,4,1024,32768,829e2379d3d0d763,1,1,0,-1,00000000,00000000,0,PASS
34,3,q8_0,C2,4,1024,32768,2c41771fb26e6aa4,1,1,0,-1,00000000,00000000,0,PASS
34,3,q8_0,C3,4,1024,32768,c6d3e1c20cbbb05b,1,1,0,-1,00000000,00000000,0,PASS
34,3,q8_0,C4,4,1024,32768,00c364baeed7cc77,1,1,0,-1,00000000,00000000,0,PASS
34,3,q8_0,C0,5,1024,32768,a536a061f9f0c383,1,1,0,-1,00000000,00000000,0,PASS
34,3,q8_0,C1,5,1024,32768,cd5cb4a48887d2aa,1,1,0,-1,00000000,00000000,0,PASS
34,3,q8_0,C2,5,1024,32768,fe68e9da3c4fa0b4,1,1,0,-1,00000000,00000000,0,PASS
34,3,q8_0,C3,5,1024,32768,a6f802c6b4da7462,1,1,0,-1,00000000,00000000,0,PASS
34,3,q8_0,C4,5,1024,32768,85d67414a04db337,1,1,0,-1,00000000,00000000,0,PASS
34,3,q8_0,C0,6,1024,32768,e72bb1c2d8018383,1,1,0,-1,00000000,00000000,0,PASS
34,3,q8_0,C1,6,1024,32768,606b07352f77b793,1,1,0,-1,00000000,00000000,0,PASS
34,3,q8_0,C2,6,1024,32768,aac88d06cc8d8c24,1,1,0,-1,00000000,00000000,0,PASS
34,3,q8_0,C3,6,1024,32768,4cf24f79ead9ade6,1,1,0,-1,00000000,00000000,0,PASS
34,3,q8_0,C4,6,1024,32768,90a3e3c502279c0a,1,1,0,-1,00000000,00000000,0,PASS
34,3,q8_0,C0,7,1024,32768,d74e85f3e6124383,1,1,0,-1,00000000,00000000,0,PASS
34,3,q8_0,C1,7,1024,32768,0680c4d6b6eb585a,1,1,0,-1,00000000,00000000,0,PASS
34,3,q8_0,C2,7,1024,32768,68aeccecb4841b1a,1,1,0,-1,00000000,00000000,0,PASS
34,3,q8_0,C3,7,1024,32768,09a488e4e495a386,1,1,0,-1,00000000,00000000,0,PASS
34,3,q8_0,C4,7,1024,32768,e3547e032da9e62a,1,1,0,-1,00000000,00000000,0,PASS
34,3,q8_0,C0,8,1024,32768,61e628f524230383,1,1,0,-1,00000000,00000000,0,PASS
34,3,q8_0,C1,8,1024,32768,f5568f1793b7e5c3,1,1,0,-1,00000000,00000000,0,PASS
34,3,q8_0,C2,8,1024,32768,f510f9a7c42e2707,1,1,0,-1,00000000,00000000,0,PASS
34,3,q8_0,C3,8,1024,32768,700d3a6bcb0edb48,1,1,0,-1,00000000,00000000,0,PASS
34,3,q8_0,C4,8,1024,32768,bb27994fbd6c0dde,1,1,0,-1,00000000,00000000,0,PASS
34,4,q8_0,C0,2,8192,4096,0e5df645d4a90383,1,1,0,-1,00000000,00000000,0,PASS
34,4,q8_0,C1,2,8192,4096,a7596f63ea26adb3,1,1,0,-1,00000000,00000000,0,PASS
34,4,q8_0,C2,2,8192,4096,6024392d967b7573,1,1,0,-1,00000000,00000000,0,PASS
34,4,q8_0,C3,2,8192,4096,ffd22191ddc5c57c,1,1,0,-1,00000000,00000000,0,PASS
34,4,q8_0,C4,2,8192,4096,756a42230c87de66,1,1,0,-1,00000000,00000000,0,PASS
34,4,q8_0,C0,3,8192,4096,a7e477a2852f0383,1,1,0,-1,00000000,00000000,0,PASS
34,4,q8_0,C1,3,8192,4096,40f463593d98e07a,1,1,0,-1,00000000,00000000,0,PASS
34,4,q8_0,C2,3,8192,4096,6bda8fe4c61d0fba,1,1,0,-1,00000000,00000000,0,PASS
34,4,q8_0,C3,3,8192,4096,6b7b4f44b712002a,1,1,0,-1,00000000,00000000,0,PASS
34,4,q8_0,C4,3,8192,4096,7ef18a95c50f9806,1,1,0,-1,00000000,00000000,0,PASS
34,4,q8_0,C0,4,8192,4096,bc91ad0b35b50383,1,1,0,-1,00000000,00000000,0,PASS
34,4,q8_0,C1,4,8192,4096,1e7b80deb5521763,1,1,0,-1,00000000,00000000,0,PASS
34,4,q8_0,C2,4,8192,4096,95646a8ebd044b5d,1,1,0,-1,00000000,00000000,0,PASS
34,4,q8_0,C3,4,8192,4096,93d7c5e65e949552,1,1,0,-1,00000000,00000000,0,PASS
34,4,q8_0,C4,4,8192,4096,7b7263e3adedcd6f,1,1,0,-1,00000000,00000000,0,PASS
34,4,q8_0,C0,5,8192,4096,da7d967fe63b0383,1,1,0,-1,00000000,00000000,0,PASS
34,4,q8_0,C1,5,8192,4096,2439109c971292aa,1,1,0,-1,00000000,00000000,0,PASS
34,4,q8_0,C2,5,8192,4096,ac7103964b5c796d,1,1,0,-1,00000000,00000000,0,PASS
34,4,q8_0,C3,5,8192,4096,57a656931bb8dc28,1,1,0,-1,00000000,00000000,0,PASS
34,4,q8_0,C4,5,8192,4096,84cd276f9ee09557,1,1,0,-1,00000000,00000000,0,PASS
34,4,q8_0,C0,6,8192,4096,8fc0340096c10383,1,1,0,-1,00000000,00000000,0,PASS
34,4,q8_0,C1,6,8192,4096,6b7fdec3ae93b793,1,1,0,-1,00000000,00000000,0,PASS
34,4,q8_0,C2,6,8192,4096,158880dca80356a5,1,1,0,-1,00000000,00000000,0,PASS
34,4,q8_0,C3,6,8192,4096,c930a35188166c31,1,1,0,-1,00000000,00000000,0,PASS
34,4,q8_0,C4,6,8192,4096,6fb2cac120b4a24e,1,1,0,-1,00000000,00000000,0,PASS
34,4,q8_0,C0,7,8192,4096,6a71858d47470383,1,1,0,-1,00000000,00000000,0,PASS
34,4,q8_0,C1,7,8192,4096,665eaf56fa04d85a,1,1,0,-1,00000000,00000000,0,PASS
34,4,q8_0,C2,7,8192,4096,d0efefe3fcd897e2,1,1,0,-1,00000000,00000000,0,PASS
34,4,q8_0,C3,7,8192,4096,66a399933d8683ae,1,1,0,-1,00000000,00000000,0,PASS
34,4,q8_0,C4,7,8192,4096,90b943a9e7d55d36,1,1,0,-1,00000000,00000000,0,PASS
34,4,q8_0,C0,8,8192,4096,f8a98b25f7cd0383,1,1,0,-1,00000000,00000000,0,PASS
34,4,q8_0,C1,8,8192,4096,c26c1a6b3d36a5c3,1,1,0,-1,00000000,00000000,0,PASS
34,4,q8_0,C2,8,8192,4096,95ac06e3a54b4ef2,1,1,0,-1,00000000,00000000,0,PASS
34,4,q8_0,C3,8,8192,4096,5cd7c75cdbdacfd9,1,1,0,-1,00000000,00000000,0,PASS
34,4,q8_0,C4,8,8192,4096,3da45e1f8a9f3b1f,1,1,0,-1,00000000,00000000,0,PASS
34,5,f16,C0,2,16384,24,bc91ad0b35b50383,1,1,0,-1,00000000,00000000,0,PASS
34,5,f16,C1,2,16384,24,5dc3d7543112adb3,1,1,0,-1,00000000,00000000,0,PASS
34,5,f16,C2,2,16384,24,2182d4551e4fe2a3,1,1,0,-1,00000000,00000000,0,PASS
34,5,f16,C3,2,16384,24,d3ea5571a24074af,1,1,0,-1,00000000,00000000,0,PASS
34,5,f16,C4,2,16384,24,b25fa2af1f4d979f,1,1,0,-1,00000000,00000000,0,PASS
34,5,f16,C0,3,16384,24,8fc0340096c10383,1,1,0,-1,00000000,00000000,0,PASS
34,5,f16,C1,3,16384,24,b7a628de7278e07a,1,1,0,-1,00000000,00000000,0,PASS
34,5,f16,C2,3,16384,24,05a69f75d2d8e36d,1,1,0,-1,00000000,00000000,0,PASS
34,5,f16,C3,3,16384,24,9d0ee707f0986643,1,1,0,-1,00000000,00000000,0,PASS
34,5,f16,C4,3,16384,24,f5166e1daf6a5307,1,1,0,-1,00000000,00000000,0,PASS
34,5,f16,C0,4,16384,24,f8a98b25f7cd0383,1,1,0,-1,00000000,00000000,0,PASS
34,5,f16,C1,4,16384,24,6dd2f6a152781763,1,1,0,-1,00000000,00000000,0,PASS
34,5,f16,C2,4,16384,24,03b1a534c5b2c557,1,1,0,-1,00000000,00000000,0,PASS
34,5,f16,C3,4,16384,24,8d73124b13a5cafa,1,1,0,-1,00000000,00000000,0,PASS
34,5,f16,C4,4,16384,24,77f735b69bbdcc77,1,1,0,-1,00000000,00000000,0,PASS
34,5,f16,C0,5,16384,24,680db27b58d90383,1,1,0,-1,00000000,00000000,0,PASS
34,5,f16,C1,5,16384,24,849b32211e8c92aa,1,1,0,-1,00000000,00000000,0,PASS
34,5,f16,C2,5,16384,24,5c63d5b6c8cd0fe7,1,1,0,-1,00000000,00000000,0,PASS
34,5,f16,C3,5,16384,24,cf88b63b2268ee9f,1,1,0,-1,00000000,00000000,0,PASS
34,5,f16,C4,5,16384,24,afa0291542a0c337,1,1,0,-1,00000000,00000000,0,PASS
34,5,f16,C0,6,16384,24,4eacaa00b9e50383,1,1,0,-1,00000000,00000000,0,PASS
34,5,f16,C1,6,16384,24,aa9ab88976b3b793,1,1,0,-1,00000000,00000000,0,PASS
34,5,f16,C2,6,16384,24,7492baf760eee0bc,1,1,0,-1,00000000,00000000,0,PASS
34,5,f16,C3,6,16384,24,b5cb097539fe86c5,1,1,0,-1,00000000,00000000,0,PASS
34,5,f16,C4,6,16384,24,f28d61a32b65fc0a,1,1,0,-1,00000000,00000000,0,PASS
34,5,f16,C0,7,16384,24,1d4671b61af10383,1,1,0,-1,00000000,00000000,0,PASS
34,5,f16,C1,7,16384,24,3a7a16ba8fd8d85a,1,1,0,-1,00000000,00000000,0,PASS
34,5,f16,C2,7,16384,24,711aa99ced25a706,1,1,0,-1,00000000,00000000,0,PASS
34,5,f16,C3,7,16384,24,6261f88e5b21aa7b,1,1,0,-1,00000000,00000000,0,PASS
34,5,f16,C4,7,16384,24,6441aebc43e8962a,1,1,0,-1,00000000,00000000,0,PASS
34,5,f16,C0,8,16384,24,449b099b7bfd0383,1,1,0,-1,00000000,00000000,0,PASS
34,5,f16,C1,8,16384,24,80cdba4d8810a5c3,1,1,0,-1,00000000,00000000,0,PASS
34,5,f16,C2,8,16384,24,af28154ffb9ea876,1,1,0,-1,00000000,00000000,0,PASS
34,5,f16,C3,8,16384,24,18e5a5954cbf7aeb,1,1,0,-1,00000000,00000000,0,PASS
34,5,f16,C4,8,16384,24,9e50fb1212e9adde,1,1,0,-1,00000000,00000000,0,PASS
34,6,f16,C0,2,4096,256,61e628f524230383,1,1,0,-1,00000000,00000000,0,PASS
34,6,f16,C1,2,4096,256,f3458625c6b0adb3,1,1,0,-1,00000000,00000000,0,PASS
34,6,f16,C2,2,4096,256,eaa8b46e71e992b4,1,1,0,-1,00000000,00000000,0,PASS
34,6,f16,C3,2,4096,256,2a5aede80e75577d,1,1,0,-1,00000000,00000000,0,PASS
34,6,f16,C4,2,4096,256,4712e9c2b1324d63,1,1,0,-1,00000000,00000000,0,PASS
34,6,f16,C0,3,4096,256,f361b91bfc660383,1,1,0,-1,00000000,00000000,0,PASS
34,6,f16,C1,3,4096,256,36aaaa69a328e07a,1,1,0,-1,00000000,00000000,0,PASS
34,6,f16,C2,3,4096,256,e36dde151415c0df,1,1,0,-1,00000000,00000000,0,PASS
34,6,f16,C3,3,4096,256,ab597a39e9d2fe11,1,1,0,-1,00000000,00000000,0,PASS
34,6,f16,C4,3,4096,256,e34480993503b8a3,1,1,0,-1,00000000,00000000,0,PASS
34,6,f16,C0,4,4096,256,0e5df645d4a90383,1,1,0,-1,00000000,00000000,0,PASS
34,6,f16,C1,4,4096,256,cb611474e6bf1763,1,1,0,-1,00000000,00000000,0,PASS
34,6,f16,C2,4,4096,256,a668df01d5618865,1,1,0,-1,00000000,00000000,0,PASS
34,6,f16,C3,4,4096,256,e9302ae52b6ea5ab,1,1,0,-1,00000000,00000000,0,PASS
34,6,f16,C4,4,4096,256,04144d081eb41f66,1,1,0,-1,00000000,00000000,0,PASS
34,6,f16,C0,5,4096,256,649de072acec0383,1,1,0,-1,00000000,00000000,0,PASS
34,6,f16,C1,5,4096,256,7d3627c9d35592aa,1,1,0,-1,00000000,00000000,0,PASS
34,6,f16,C2,5,4096,256,d13581044f3dfab0,1,1,0,-1,00000000,00000000,0,PASS
34,6,f16,C3,5,4096,256,9c372e77d2dde743,1,1,0,-1,00000000,00000000,0,PASS
34,6,f16,C4,5,4096,256,9ca02a032bb24fc6,1,1,0,-1,00000000,00000000,0,PASS
34,6,f16,C0,6,4096,256,a7e477a2852f0383,1,1,0,-1,00000000,00000000,0,PASS
34,6,f16,C1,6,4096,256,a8f5fc63ca83b793,1,1,0,-1,00000000,00000000,0,PASS
34,6,f16,C2,6,4096,256,2e2a6a2802a71ed0,1,1,0,-1,00000000,00000000,0,PASS
34,6,f16,C3,6,4096,256,21d947c07c0bd09c,1,1,0,-1,00000000,00000000,0,PASS
34,6,f16,C4,6,4096,256,e725a82e9783c012,1,1,0,-1,00000000,00000000,0,PASS
34,6,f16,C0,7,4096,256,89f4bbd55d720383,1,1,0,-1,00000000,00000000,0,PASS
34,6,f16,C1,7,4096,256,8a1e5e5f2f1ad85a,1,1,0,-1,00000000,00000000,0,PASS
34,6,f16,C2,7,4096,256,38cba9f3d15ed87c,1,1,0,-1,00000000,00000000,0,PASS
34,6,f16,C3,7,4096,256,47cb975dfbe192e4,1,1,0,-1,00000000,00000000,0,PASS
34,6,f16,C4,7,4096,256,a56d33ae4c8c775a,1,1,0,-1,00000000,00000000,0,PASS
34,6,f16,C0,8,4096,256,bc91ad0b35b50383,1,1,0,-1,00000000,00000000,0,PASS
34,6,f16,C1,8,4096,256,b049445697c9a5c3,1,1,0,-1,00000000,00000000,0,PASS
34,6,f16,C2,8,4096,256,7efc99aea35888c7,1,1,0,-1,00000000,00000000,0,PASS
34,6,f16,C3,8,4096,256,c33609dd1694b65f,1,1,0,-1,00000000,00000000,0,PASS
34,6,f16,C4,8,4096,256,d8f79ecae2861f1f,1,1,0,-1,00000000,00000000,0,PASS
35,0,f16,C0,2,16384,24,bc91ad0b35b50383,1,1,0,-1,00000000,00000000,0,PASS
35,0,f16,C1,2,16384,24,5dc3d7543112adb3,1,1,0,-1,00000000,00000000,0,PASS
35,0,f16,C2,2,16384,24,2182d4551e4fe2a3,1,1,0,-1,00000000,00000000,0,PASS
35,0,f16,C3,2,16384,24,81ed419731eba41e,1,1,0,-1,00000000,00000000,0,PASS
35,0,f16,C4,2,16384,24,b25fa2af1f4d979f,1,1,0,-1,00000000,00000000,0,PASS
35,0,f16,C0,3,16384,24,8fc0340096c10383,1,1,0,-1,00000000,00000000,0,PASS
35,0,f16,C1,3,16384,24,b7a628de7278e07a,1,1,0,-1,00000000,00000000,0,PASS
35,0,f16,C2,3,16384,24,05a69f75d2d8e36d,1,1,0,-1,00000000,00000000,0,PASS
35,0,f16,C3,3,16384,24,f2f9584454f15a18,1,1,0,-1,00000000,00000000,0,PASS
35,0,f16,C4,3,16384,24,f5166e1daf6a5307,1,1,0,-1,00000000,00000000,0,PASS
35,0,f16,C0,4,16384,24,f8a98b25f7cd0383,1,1,0,-1,00000000,00000000,0,PASS
35,0,f16,C1,4,16384,24,6dd2f6a152781763,1,1,0,-1,00000000,00000000,0,PASS
35,0,f16,C2,4,16384,24,03b1a534c5b2c557,1,1,0,-1,00000000,00000000,0,PASS
35,0,f16,C3,4,16384,24,df5d81f1472b1a06,1,1,0,-1,00000000,00000000,0,PASS
35,0,f16,C4,4,16384,24,77f735b69bbdcc77,1,1,0,-1,00000000,00000000,0,PASS
35,0,f16,C0,5,16384,24,680db27b58d90383,1,1,0,-1,00000000,00000000,0,PASS
35,0,f16,C1,5,16384,24,849b32211e8c92aa,1,1,0,-1,00000000,00000000,0,PASS
35,0,f16,C2,5,16384,24,5c63d5b6c8cd0fe7,1,1,0,-1,00000000,00000000,0,PASS
35,0,f16,C3,5,16384,24,7321196bac9da18e,1,1,0,-1,00000000,00000000,0,PASS
35,0,f16,C4,5,16384,24,afa0291542a0c337,1,1,0,-1,00000000,00000000,0,PASS
35,0,f16,C0,6,16384,24,4eacaa00b9e50383,1,1,0,-1,00000000,00000000,0,PASS
35,0,f16,C1,6,16384,24,aa9ab88976b3b793,1,1,0,-1,00000000,00000000,0,PASS
35,0,f16,C2,6,16384,24,7492baf760eee0bc,1,1,0,-1,00000000,00000000,0,PASS
35,0,f16,C3,6,16384,24,51ed274b3994630a,1,1,0,-1,00000000,00000000,0,PASS
35,0,f16,C4,6,16384,24,f28d61a32b65fc0a,1,1,0,-1,00000000,00000000,0,PASS
35,0,f16,C0,7,16384,24,1d4671b61af10383,1,1,0,-1,00000000,00000000,0,PASS
35,0,f16,C1,7,16384,24,3a7a16ba8fd8d85a,1,1,0,-1,00000000,00000000,0,PASS
35,0,f16,C2,7,16384,24,711aa99ced25a706,1,1,0,-1,00000000,00000000,0,PASS
35,0,f16,C3,7,16384,24,c37de7315ab76ab6,1,1,0,-1,00000000,00000000,0,PASS
35,0,f16,C4,7,16384,24,6441aebc43e8962a,1,1,0,-1,00000000,00000000,0,PASS
35,0,f16,C0,8,16384,24,449b099b7bfd0383,1,1,0,-1,00000000,00000000,0,PASS
35,0,f16,C1,8,16384,24,80cdba4d8810a5c3,1,1,0,-1,00000000,00000000,0,PASS
35,0,f16,C2,8,16384,24,af28154ffb9ea876,1,1,0,-1,00000000,00000000,0,PASS
35,0,f16,C3,8,16384,24,c5be6fd882069bba,1,1,0,-1,00000000,00000000,0,PASS
35,0,f16,C4,8,16384,24,9e50fb1212e9adde,1,1,0,-1,00000000,00000000,0,PASS
35,1,q8_0,C0,2,4096,1024,61e628f524230383,1,1,0,-1,00000000,00000000,0,PASS
35,1,q8_0,C1,2,4096,1024,f3458625c6b0adb3,1,1,0,-1,00000000,00000000,0,PASS
35,1,q8_0,C2,2,4096,1024,eaa8b46e71e992b4,1,1,0,-1,00000000,00000000,0,PASS
35,1,q8_0,C3,2,4096,1024,016569fa21cb4b0d,1,1,0,-1,00000000,00000000,0,PASS
35,1,q8_0,C4,2,4096,1024,4712e9c2b1324d63,1,1,0,-1,00000000,00000000,0,PASS
35,1,q8_0,C0,3,4096,1024,f361b91bfc660383,1,1,0,-1,00000000,00000000,0,PASS
35,1,q8_0,C1,3,4096,1024,36aaaa69a328e07a,1,1,0,-1,00000000,00000000,0,PASS
35,1,q8_0,C2,3,4096,1024,e36dde151415c0df,1,1,0,-1,00000000,00000000,0,PASS
35,1,q8_0,C3,3,4096,1024,9ef97f82375bf833,1,1,0,-1,00000000,00000000,0,PASS
35,1,q8_0,C4,3,4096,1024,e34480993503b8a3,1,1,0,-1,00000000,00000000,0,PASS
35,1,q8_0,C0,4,4096,1024,0e5df645d4a90383,1,1,0,-1,00000000,00000000,0,PASS
35,1,q8_0,C1,4,4096,1024,cb611474e6bf1763,1,1,0,-1,00000000,00000000,0,PASS
35,1,q8_0,C2,4,4096,1024,a668df01d5618865,1,1,0,-1,00000000,00000000,0,PASS
35,1,q8_0,C3,4,4096,1024,67d0a4d8ae4eae83,1,1,0,-1,00000000,00000000,0,PASS
35,1,q8_0,C4,4,4096,1024,04144d081eb41f66,1,1,0,-1,00000000,00000000,0,PASS
35,1,q8_0,C0,5,4096,1024,649de072acec0383,1,1,0,-1,00000000,00000000,0,PASS
35,1,q8_0,C1,5,4096,1024,7d3627c9d35592aa,1,1,0,-1,00000000,00000000,0,PASS
35,1,q8_0,C2,5,4096,1024,d13581044f3dfab0,1,1,0,-1,00000000,00000000,0,PASS
35,1,q8_0,C3,5,4096,1024,44a1503e70381eaf,1,1,0,-1,00000000,00000000,0,PASS
35,1,q8_0,C4,5,4096,1024,9ca02a032bb24fc6,1,1,0,-1,00000000,00000000,0,PASS
35,1,q8_0,C0,6,4096,1024,a7e477a2852f0383,1,1,0,-1,00000000,00000000,0,PASS
35,1,q8_0,C1,6,4096,1024,a8f5fc63ca83b793,1,1,0,-1,00000000,00000000,0,PASS
35,1,q8_0,C2,6,4096,1024,2e2a6a2802a71ed0,1,1,0,-1,00000000,00000000,0,PASS
35,1,q8_0,C3,6,4096,1024,f6032b0cc965df09,1,1,0,-1,00000000,00000000,0,PASS
35,1,q8_0,C4,6,4096,1024,e725a82e9783c012,1,1,0,-1,00000000,00000000,0,PASS
35,1,q8_0,C0,7,4096,1024,89f4bbd55d720383,1,1,0,-1,00000000,00000000,0,PASS
35,1,q8_0,C1,7,4096,1024,8a1e5e5f2f1ad85a,1,1,0,-1,00000000,00000000,0,PASS
35,1,q8_0,C2,7,4096,1024,38cba9f3d15ed87c,1,1,0,-1,00000000,00000000,0,PASS
35,1,q8_0,C3,7,4096,1024,dcdba7c887754c54,1,1,0,-1,00000000,00000000,0,PASS
35,1,q8_0,C4,7,4096,1024,a56d33ae4c8c775a,1,1,0,-1,00000000,00000000,0,PASS
35,1,q8_0,C0,8,4096,1024,bc91ad0b35b50383,1,1,0,-1,00000000,00000000,0,PASS
35,1,q8_0,C1,8,4096,1024,b049445697c9a5c3,1,1,0,-1,00000000,00000000,0,PASS
35,1,q8_0,C2,8,4096,1024,7efc99aea35888c7,1,1,0,-1,00000000,00000000,0,PASS
35,1,q8_0,C3,8,4096,1024,0f998b03f7fd2eab,1,1,0,-1,00000000,00000000,0,PASS
35,1,q8_0,C4,8,4096,1024,d8f79ecae2861f1f,1,1,0,-1,00000000,00000000,0,PASS
35,2,q8_0,C0,2,4096,512,61e628f524230383,1,1,0,-1,00000000,00000000,0,PASS
35,2,q8_0,C1,2,4096,512,f3458625c6b0adb3,1,1,0,-1,00000000,00000000,0,PASS
35,2,q8_0,C2,2,4096,512,eaa8b46e71e992b4,1,1,0,-1,00000000,00000000,0,PASS
35,2,q8_0,C3,2,4096,512,509ab21fa50138fb,1,1,0,-1,00000000,00000000,0,PASS
35,2,q8_0,C4,2,4096,512,4712e9c2b1324d63,1,1,0,-1,00000000,00000000,0,PASS
35,2,q8_0,C0,3,4096,512,f361b91bfc660383,1,1,0,-1,00000000,00000000,0,PASS
35,2,q8_0,C1,3,4096,512,36aaaa69a328e07a,1,1,0,-1,00000000,00000000,0,PASS
35,2,q8_0,C2,3,4096,512,e36dde151415c0df,1,1,0,-1,00000000,00000000,0,PASS
35,2,q8_0,C3,3,4096,512,c28fcb8b3dc2e984,1,1,0,-1,00000000,00000000,0,PASS
35,2,q8_0,C4,3,4096,512,e34480993503b8a3,1,1,0,-1,00000000,00000000,0,PASS
35,2,q8_0,C0,4,4096,512,0e5df645d4a90383,1,1,0,-1,00000000,00000000,0,PASS
35,2,q8_0,C1,4,4096,512,cb611474e6bf1763,1,1,0,-1,00000000,00000000,0,PASS
35,2,q8_0,C2,4,4096,512,a668df01d5618865,1,1,0,-1,00000000,00000000,0,PASS
35,2,q8_0,C3,4,4096,512,ee08ff938b545823,1,1,0,-1,00000000,00000000,0,PASS
35,2,q8_0,C4,4,4096,512,04144d081eb41f66,1,1,0,-1,00000000,00000000,0,PASS
35,2,q8_0,C0,5,4096,512,649de072acec0383,1,1,0,-1,00000000,00000000,0,PASS
35,2,q8_0,C1,5,4096,512,7d3627c9d35592aa,1,1,0,-1,00000000,00000000,0,PASS
35,2,q8_0,C2,5,4096,512,d13581044f3dfab0,1,1,0,-1,00000000,00000000,0,PASS
35,2,q8_0,C3,5,4096,512,53b84112edae07af,1,1,0,-1,00000000,00000000,0,PASS
35,2,q8_0,C4,5,4096,512,9ca02a032bb24fc6,1,1,0,-1,00000000,00000000,0,PASS
35,2,q8_0,C0,6,4096,512,a7e477a2852f0383,1,1,0,-1,00000000,00000000,0,PASS
35,2,q8_0,C1,6,4096,512,a8f5fc63ca83b793,1,1,0,-1,00000000,00000000,0,PASS
35,2,q8_0,C2,6,4096,512,2e2a6a2802a71ed0,1,1,0,-1,00000000,00000000,0,PASS
35,2,q8_0,C3,6,4096,512,55842bf7d80028d5,1,1,0,-1,00000000,00000000,0,PASS
35,2,q8_0,C4,6,4096,512,e725a82e9783c012,1,1,0,-1,00000000,00000000,0,PASS
35,2,q8_0,C0,7,4096,512,89f4bbd55d720383,1,1,0,-1,00000000,00000000,0,PASS
35,2,q8_0,C1,7,4096,512,8a1e5e5f2f1ad85a,1,1,0,-1,00000000,00000000,0,PASS
35,2,q8_0,C2,7,4096,512,38cba9f3d15ed87c,1,1,0,-1,00000000,00000000,0,PASS
35,2,q8_0,C3,7,4096,512,6d18b0371d20bc70,1,1,0,-1,00000000,00000000,0,PASS
35,2,q8_0,C4,7,4096,512,a56d33ae4c8c775a,1,1,0,-1,00000000,00000000,0,PASS
35,2,q8_0,C0,8,4096,512,bc91ad0b35b50383,1,1,0,-1,00000000,00000000,0,PASS
35,2,q8_0,C1,8,4096,512,b049445697c9a5c3,1,1,0,-1,00000000,00000000,0,PASS
35,2,q8_0,C2,8,4096,512,7efc99aea35888c7,1,1,0,-1,00000000,00000000,0,PASS
35,2,q8_0,C3,8,4096,512,1b478b9b75eb2a4c,1,1,0,-1,00000000,00000000,0,PASS
35,2,q8_0,C4,8,4096,512,d8f79ecae2861f1f,1,1,0,-1,00000000,00000000,0,PASS
35,3,q8_0,C0,2,1024,32768,66a385207fbe8383,1,1,0,-1,00000000,00000000,0,PASS
35,3,q8_0,C1,2,1024,32768,ea4b97e88c182db3,1,1,0,-1,00000000,00000000,0,PASS
35,3,q8_0,C2,2,1024,32768,70800d37477b9cc9,1,1,0,-1,00000000,00000000,0,PASS
35,3,q8_0,C3,2,1024,32768,dfc80067f9ca2166,1,1,0,-1,00000000,00000000,0,PASS
35,3,q8_0,C4,2,1024,32768,71e3b48a7ebcb79f,1,1,0,-1,00000000,00000000,0,PASS
35,3,q8_0,C0,3,1024,32768,09b99610cdcf4383,1,1,0,-1,00000000,00000000,0,PASS
35,3,q8_0,C1,3,1024,32768,f303d2023f54e07a,1,1,0,-1,00000000,00000000,0,PASS
35,3,q8_0,C2,3,1024,32768,17b139ff4bb1b56e,1,1,0,-1,00000000,00000000,0,PASS
35,3,q8_0,C3,3,1024,32768,be9aae7c06820370,1,1,0,-1,00000000,00000000,0,PASS
35,3,q8_0,C4,3,1024,32768,7684a1bb04066307,1,1,0,-1,00000000,00000000,0,PASS
35,3,q8_0,C0,4,1024,32768,a82845d14be00383,1,1,0,-1,00000000,00000000,0,PASS
35,3,q8_0,C1,4,1024,32768,829e2379d3d0d763,1,1,0,-1,00000000,00000000,0,PASS
35,3,q8_0,C2,4,1024,32768,2c41771fb26e6aa4,1,1,0,-1,00000000,00000000,0,PASS
35,3,q8_0,C3,4,1024,32768,081e7de1bed4cfbe,1,1,0,-1,00000000,00000000,0,PASS
35,3,q8_0,C4,4,1024,32768,00c364baeed7cc77,1,1,0,-1,00000000,00000000,0,PASS
35,3,q8_0,C0,5,1024,32768,a536a061f9f0c383,1,1,0,-1,00000000,00000000,0,PASS
35,3,q8_0,C1,5,1024,32768,cd5cb4a48887d2aa,1,1,0,-1,00000000,00000000,0,PASS
35,3,q8_0,C2,5,1024,32768,fe68e9da3c4fa0b4,1,1,0,-1,00000000,00000000,0,PASS
35,3,q8_0,C3,5,1024,32768,2aa429c01eb37c3b,1,1,0,-1,00000000,00000000,0,PASS
35,3,q8_0,C4,5,1024,32768,85d67414a04db337,1,1,0,-1,00000000,00000000,0,PASS
35,3,q8_0,C0,6,1024,32768,e72bb1c2d8018383,1,1,0,-1,00000000,00000000,0,PASS
35,3,q8_0,C1,6,1024,32768,606b07352f77b793,1,1,0,-1,00000000,00000000,0,PASS
35,3,q8_0,C2,6,1024,32768,aac88d06cc8d8c24,1,1,0,-1,00000000,00000000,0,PASS
35,3,q8_0,C3,6,1024,32768,4501fc9c1ba953b9,1,1,0,-1,00000000,00000000,0,PASS
35,3,q8_0,C4,6,1024,32768,90a3e3c502279c0a,1,1,0,-1,00000000,00000000,0,PASS
35,3,q8_0,C0,7,1024,32768,d74e85f3e6124383,1,1,0,-1,00000000,00000000,0,PASS
35,3,q8_0,C1,7,1024,32768,0680c4d6b6eb585a,1,1,0,-1,00000000,00000000,0,PASS
35,3,q8_0,C2,7,1024,32768,68aeccecb4841b1a,1,1,0,-1,00000000,00000000,0,PASS
35,3,q8_0,C3,7,1024,32768,4c4d83c4940fb44f,1,1,0,-1,00000000,00000000,0,PASS
35,3,q8_0,C4,7,1024,32768,e3547e032da9e62a,1,1,0,-1,00000000,00000000,0,PASS
35,3,q8_0,C0,8,1024,32768,61e628f524230383,1,1,0,-1,00000000,00000000,0,PASS
35,3,q8_0,C1,8,1024,32768,f5568f1793b7e5c3,1,1,0,-1,00000000,00000000,0,PASS
35,3,q8_0,C2,8,1024,32768,f510f9a7c42e2707,1,1,0,-1,00000000,00000000,0,PASS
35,3,q8_0,C3,8,1024,32768,6b2e6eff7a6ebdfd,1,1,0,-1,00000000,00000000,0,PASS
35,3,q8_0,C4,8,1024,32768,bb27994fbd6c0dde,1,1,0,-1,00000000,00000000,0,PASS
35,4,q8_0,C0,2,8192,4096,0e5df645d4a90383,1,1,0,-1,00000000,00000000,0,PASS
35,4,q8_0,C1,2,8192,4096,a7596f63ea26adb3,1,1,0,-1,00000000,00000000,0,PASS
35,4,q8_0,C2,2,8192,4096,6024392d967b7573,1,1,0,-1,00000000,00000000,0,PASS
35,4,q8_0,C3,2,8192,4096,4c3cd09d392505fc,1,1,0,-1,00000000,00000000,0,PASS
35,4,q8_0,C4,2,8192,4096,756a42230c87de66,1,1,0,-1,00000000,00000000,0,PASS
35,4,q8_0,C0,3,8192,4096,a7e477a2852f0383,1,1,0,-1,00000000,00000000,0,PASS
35,4,q8_0,C1,3,8192,4096,40f463593d98e07a,1,1,0,-1,00000000,00000000,0,PASS
35,4,q8_0,C2,3,8192,4096,6bda8fe4c61d0fba,1,1,0,-1,00000000,00000000,0,PASS
35,4,q8_0,C3,3,8192,4096,8c651da529962a3f,1,1,0,-1,00000000,00000000,0,PASS
35,4,q8_0,C4,3,8192,4096,7ef18a95c50f9806,1,1,0,-1,00000000,00000000,0,PASS
35,4,q8_0,C0,4,8192,4096,bc91ad0b35b50383,1,1,0,-1,00000000,00000000,0,PASS
35,4,q8_0,C1,4,8192,4096,1e7b80deb5521763,1,1,0,-1,00000000,00000000,0,PASS
35,4,q8_0,C2,4,8192,4096,95646a8ebd044b5d,1,1,0,-1,00000000,00000000,0,PASS
35,4,q8_0,C3,4,8192,4096,591a3d587bd73167,1,1,0,-1,00000000,00000000,0,PASS
35,4,q8_0,C4,4,8192,4096,7b7263e3adedcd6f,1,1,0,-1,00000000,00000000,0,PASS
35,4,q8_0,C0,5,8192,4096,da7d967fe63b0383,1,1,0,-1,00000000,00000000,0,PASS
35,4,q8_0,C1,5,8192,4096,2439109c971292aa,1,1,0,-1,00000000,00000000,0,PASS
35,4,q8_0,C2,5,8192,4096,ac7103964b5c796d,1,1,0,-1,00000000,00000000,0,PASS
35,4,q8_0,C3,5,8192,4096,3f3d0c39f10b8f24,1,1,0,-1,00000000,00000000,0,PASS
35,4,q8_0,C4,5,8192,4096,84cd276f9ee09557,1,1,0,-1,00000000,00000000,0,PASS
35,4,q8_0,C0,6,8192,4096,8fc0340096c10383,1,1,0,-1,00000000,00000000,0,PASS
35,4,q8_0,C1,6,8192,4096,6b7fdec3ae93b793,1,1,0,-1,00000000,00000000,0,PASS
35,4,q8_0,C2,6,8192,4096,158880dca80356a5,1,1,0,-1,00000000,00000000,0,PASS
35,4,q8_0,C3,6,8192,4096,8a5e64bbcaeef4d8,1,1,0,-1,00000000,00000000,0,PASS
35,4,q8_0,C4,6,8192,4096,6fb2cac120b4a24e,1,1,0,-1,00000000,00000000,0,PASS
35,4,q8_0,C0,7,8192,4096,6a71858d47470383,1,1,0,-1,00000000,00000000,0,PASS
35,4,q8_0,C1,7,8192,4096,665eaf56fa04d85a,1,1,0,-1,00000000,00000000,0,PASS
35,4,q8_0,C2,7,8192,4096,d0efefe3fcd897e2,1,1,0,-1,00000000,00000000,0,PASS
35,4,q8_0,C3,7,8192,4096,e89a613626646d26,1,1,0,-1,00000000,00000000,0,PASS
35,4,q8_0,C4,7,8192,4096,90b943a9e7d55d36,1,1,0,-1,00000000,00000000,0,PASS
35,4,q8_0,C0,8,8192,4096,f8a98b25f7cd0383,1,1,0,-1,00000000,00000000,0,PASS
35,4,q8_0,C1,8,8192,4096,c26c1a6b3d36a5c3,1,1,0,-1,00000000,00000000,0,PASS
35,4,q8_0,C2,8,8192,4096,95ac06e3a54b4ef2,1,1,0,-1,00000000,00000000,0,PASS
35,4,q8_0,C3,8,8192,4096,5b0f33f05c16337d,1,1,0,-1,00000000,00000000,0,PASS
35,4,q8_0,C4,8,8192,4096,3da45e1f8a9f3b1f,1,1,0,-1,00000000,00000000,0,PASS
35,5,f16,C0,2,16384,24,bc91ad0b35b50383,1,1,0,-1,00000000,00000000,0,PASS
35,5,f16,C1,2,16384,24,5dc3d7543112adb3,1,1,0,-1,00000000,00000000,0,PASS
35,5,f16,C2,2,16384,24,2182d4551e4fe2a3,1,1,0,-1,00000000,00000000,0,PASS
35,5,f16,C3,2,16384,24,87656e0ad7cb9c8c,1,1,0,-1,00000000,00000000,0,PASS
35,5,f16,C4,2,16384,24,b25fa2af1f4d979f,1,1,0,-1,00000000,00000000,0,PASS
35,5,f16,C0,3,16384,24,8fc0340096c10383,1,1,0,-1,00000000,00000000,0,PASS
35,5,f16,C1,3,16384,24,b7a628de7278e07a,1,1,0,-1,00000000,00000000,0,PASS
35,5,f16,C2,3,16384,24,05a69f75d2d8e36d,1,1,0,-1,00000000,00000000,0,PASS
35,5,f16,C3,3,16384,24,27b5550e86a422ca,1,1,0,-1,00000000,00000000,0,PASS
35,5,f16,C4,3,16384,24,f5166e1daf6a5307,1,1,0,-1,00000000,00000000,0,PASS
35,5,f16,C0,4,16384,24,f8a98b25f7cd0383,1,1,0,-1,00000000,00000000,0,PASS
35,5,f16,C1,4,16384,24,6dd2f6a152781763,1,1,0,-1,00000000,00000000,0,PASS
35,5,f16,C2,4,16384,24,03b1a534c5b2c557,1,1,0,-1,00000000,00000000,0,PASS
35,5,f16,C3,4,16384,24,5053384cad755e5d,1,1,0,-1,00000000,00000000,0,PASS
35,5,f16,C4,4,16384,24,77f735b69bbdcc77,1,1,0,-1,00000000,00000000,0,PASS
35,5,f16,C0,5,16384,24,680db27b58d90383,1,1,0,-1,00000000,00000000,0,PASS
35,5,f16,C1,5,16384,24,849b32211e8c92aa,1,1,0,-1,00000000,00000000,0,PASS
35,5,f16,C2,5,16384,24,5c63d5b6c8cd0fe7,1,1,0,-1,00000000,00000000,0,PASS
35,5,f16,C3,5,16384,24,2908f36ae7f740e9,1,1,0,-1,00000000,00000000,0,PASS
35,5,f16,C4,5,16384,24,afa0291542a0c337,1,1,0,-1,00000000,00000000,0,PASS
35,5,f16,C0,6,16384,24,4eacaa00b9e50383,1,1,0,-1,00000000,00000000,0,PASS
35,5,f16,C1,6,16384,24,aa9ab88976b3b793,1,1,0,-1,00000000,00000000,0,PASS
35,5,f16,C2,6,16384,24,7492baf760eee0bc,1,1,0,-1,00000000,00000000,0,PASS
35,5,f16,C3,6,16384,24,096c284c8dc655d2,1,1,0,-1,00000000,00000000,0,PASS
35,5,f16,C4,6,16384,24,f28d61a32b65fc0a,1,1,0,-1,00000000,00000000,0,PASS
35,5,f16,C0,7,16384,24,1d4671b61af10383,1,1,0,-1,00000000,00000000,0,PASS
35,5,f16,C1,7,16384,24,3a7a16ba8fd8d85a,1,1,0,-1,00000000,00000000,0,PASS
35,5,f16,C2,7,16384,24,711aa99ced25a706,1,1,0,-1,00000000,00000000,0,PASS
35,5,f16,C3,7,16384,24,07ff9d030d4b673b,1,1,0,-1,00000000,00000000,0,PASS
35,5,f16,C4,7,16384,24,6441aebc43e8962a,1,1,0,-1,00000000,00000000,0,PASS
35,5,f16,C0,8,16384,24,449b099b7bfd0383,1,1,0,-1,00000000,00000000,0,PASS
35,5,f16,C1,8,16384,24,80cdba4d8810a5c3,1,1,0,-1,00000000,00000000,0,PASS
35,5,f16,C2,8,16384,24,af28154ffb9ea876,1,1,0,-1,00000000,00000000,0,PASS
35,5,f16,C3,8,16384,24,1b8ff2504c9301df,1,1,0,-1,00000000,00000000,0,PASS
35,5,f16,C4,8,16384,24,9e50fb1212e9adde,1,1,0,-1,00000000,00000000,0,PASS
35,6,f16,C0,2,4096,256,61e628f524230383,1,1,0,-1,00000000,00000000,0,PASS
35,6,f16,C1,2,4096,256,f3458625c6b0adb3,1,1,0,-1,00000000,00000000,0,PASS
35,6,f16,C2,2,4096,256,eaa8b46e71e992b4,1,1,0,-1,00000000,00000000,0,PASS
35,6,f16,C3,2,4096,256,30b9de1f623887f5,1,1,0,-1,00000000,00000000,0,PASS
35,6,f16,C4,2,4096,256,4712e9c2b1324d63,1,1,0,-1,00000000,00000000,0,PASS
35,6,f16,C0,3,4096,256,f361b91bfc660383,1,1,0,-1,00000000,00000000,0,PASS
35,6,f16,C1,3,4096,256,36aaaa69a328e07a,1,1,0,-1,00000000,00000000,0,PASS
35,6,f16,C2,3,4096,256,e36dde151415c0df,1,1,0,-1,00000000,00000000,0,PASS
35,6,f16,C3,3,4096,256,8821e785e2718c8a,1,1,0,-1,00000000,00000000,0,PASS
35,6,f16,C4,3,4096,256,e34480993503b8a3,1,1,0,-1,00000000,00000000,0,PASS
35,6,f16,C0,4,4096,256,0e5df645d4a90383,1,1,0,-1,00000000,00000000,0,PASS
35,6,f16,C1,4,4096,256,cb611474e6bf1763,1,1,0,-1,00000000,00000000,0,PASS
35,6,f16,C2,4,4096,256,a668df01d5618865,1,1,0,-1,00000000,00000000,0,PASS
35,6,f16,C3,4,4096,256,40cb5ecc1d3f9102,1,1,0,-1,00000000,00000000,0,PASS
35,6,f16,C4,4,4096,256,04144d081eb41f66,1,1,0,-1,00000000,00000000,0,PASS
35,6,f16,C0,5,4096,256,649de072acec0383,1,1,0,-1,00000000,00000000,0,PASS
35,6,f16,C1,5,4096,256,7d3627c9d35592aa,1,1,0,-1,00000000,00000000,0,PASS
35,6,f16,C2,5,4096,256,d13581044f3dfab0,1,1,0,-1,00000000,00000000,0,PASS
35,6,f16,C3,5,4096,256,b649feacbd6c4e8a,1,1,0,-1,00000000,00000000,0,PASS
35,6,f16,C4,5,4096,256,9ca02a032bb24fc6,1,1,0,-1,00000000,00000000,0,PASS
35,6,f16,C0,6,4096,256,a7e477a2852f0383,1,1,0,-1,00000000,00000000,0,PASS
35,6,f16,C1,6,4096,256,a8f5fc63ca83b793,1,1,0,-1,00000000,00000000,0,PASS
35,6,f16,C2,6,4096,256,2e2a6a2802a71ed0,1,1,0,-1,00000000,00000000,0,PASS
35,6,f16,C3,6,4096,256,e8c49aa757042de5,1,1,0,-1,00000000,00000000,0,PASS
35,6,f16,C4,6,4096,256,e725a82e9783c012,1,1,0,-1,00000000,00000000,0,PASS
35,6,f16,C0,7,4096,256,89f4bbd55d720383,1,1,0,-1,00000000,00000000,0,PASS
35,6,f16,C1,7,4096,256,8a1e5e5f2f1ad85a,1,1,0,-1,00000000,00000000,0,PASS
35,6,f16,C2,7,4096,256,38cba9f3d15ed87c,1,1,0,-1,00000000,00000000,0,PASS
35,6,f16,C3,7,4096,256,789da22feb6ec252,1,1,0,-1,00000000,00000000,0,PASS
35,6,f16,C4,7,4096,256,a56d33ae4c8c775a,1,1,0,-1,00000000,00000000,0,PASS
35,6,f16,C0,8,4096,256,bc91ad0b35b50383,1,1,0,-1,00000000,00000000,0,PASS
35,6,f16,C1,8,4096,256,b049445697c9a5c3,1,1,0,-1,00000000,00000000,0,PASS
35,6,f16,C2,8,4096,256,7efc99aea35888c7,1,1,0,-1,00000000,00000000,0,PASS
35,6,f16,C3,8,4096,256,5ea7d4d2b859375c,1,1,0,-1,00000000,00000000,0,PASS
35,6,f16,C4,8,4096,256,d8f79ecae2861f1f,1,1,0,-1,00000000,00000000,0,PASS
36,0,f16,C0,2,16384,24,bc91ad0b35b50383,1,1,0,-1,00000000,00000000,0,PASS
36,0,f16,C1,2,16384,24,5dc3d7543112adb3,1,1,0,-1,00000000,00000000,0,PASS
36,0,f16,C2,2,16384,24,2182d4551e4fe2a3,1,1,0,-1,00000000,00000000,0,PASS
36,0,f16,C3,2,16384,24,d1ce2b1325aa01fb,1,1,0,-1,00000000,00000000,0,PASS
36,0,f16,C4,2,16384,24,b25fa2af1f4d979f,1,1,0,-1,00000000,00000000,0,PASS
36,0,f16,C0,3,16384,24,8fc0340096c10383,1,1,0,-1,00000000,00000000,0,PASS
36,0,f16,C1,3,16384,24,b7a628de7278e07a,1,1,0,-1,00000000,00000000,0,PASS
36,0,f16,C2,3,16384,24,05a69f75d2d8e36d,1,1,0,-1,00000000,00000000,0,PASS
36,0,f16,C3,3,16384,24,4b9d9bd1619b109d,1,1,0,-1,00000000,00000000,0,PASS
36,0,f16,C4,3,16384,24,f5166e1daf6a5307,1,1,0,-1,00000000,00000000,0,PASS
36,0,f16,C0,4,16384,24,f8a98b25f7cd0383,1,1,0,-1,00000000,00000000,0,PASS
36,0,f16,C1,4,16384,24,6dd2f6a152781763,1,1,0,-1,00000000,00000000,0,PASS
36,0,f16,C2,4,16384,24,03b1a534c5b2c557,1,1,0,-1,00000000,00000000,0,PASS
36,0,f16,C3,4,16384,24,211ddfb8ade6f60b,1,1,0,-1,00000000,00000000,0,PASS
36,0,f16,C4,4,16384,24,77f735b69bbdcc77,1,1,0,-1,00000000,00000000,0,PASS
36,0,f16,C0,5,16384,24,680db27b58d90383,1,1,0,-1,00000000,00000000,0,PASS
36,0,f16,C1,5,16384,24,849b32211e8c92aa,1,1,0,-1,00000000,00000000,0,PASS
36,0,f16,C2,5,16384,24,5c63d5b6c8cd0fe7,1,1,0,-1,00000000,00000000,0,PASS
36,0,f16,C3,5,16384,24,f4c42167228a77f0,1,1,0,-1,00000000,00000000,0,PASS
36,0,f16,C4,5,16384,24,afa0291542a0c337,1,1,0,-1,00000000,00000000,0,PASS
36,0,f16,C0,6,16384,24,4eacaa00b9e50383,1,1,0,-1,00000000,00000000,0,PASS
36,0,f16,C1,6,16384,24,aa9ab88976b3b793,1,1,0,-1,00000000,00000000,0,PASS
36,0,f16,C2,6,16384,24,7492baf760eee0bc,1,1,0,-1,00000000,00000000,0,PASS
36,0,f16,C3,6,16384,24,c9224669e02d65e8,1,1,0,-1,00000000,00000000,0,PASS
36,0,f16,C4,6,16384,24,f28d61a32b65fc0a,1,1,0,-1,00000000,00000000,0,PASS
36,0,f16,C0,7,16384,24,1d4671b61af10383,1,1,0,-1,00000000,00000000,0,PASS
36,0,f16,C1,7,16384,24,3a7a16ba8fd8d85a,1,1,0,-1,00000000,00000000,0,PASS
36,0,f16,C2,7,16384,24,711aa99ced25a706,1,1,0,-1,00000000,00000000,0,PASS
36,0,f16,C3,7,16384,24,40fbb85487aef7e5,1,1,0,-1,00000000,00000000,0,PASS
36,0,f16,C4,7,16384,24,6441aebc43e8962a,1,1,0,-1,00000000,00000000,0,PASS
36,0,f16,C0,8,16384,24,449b099b7bfd0383,1,1,0,-1,00000000,00000000,0,PASS
36,0,f16,C1,8,16384,24,80cdba4d8810a5c3,1,1,0,-1,00000000,00000000,0,PASS
36,0,f16,C2,8,16384,24,af28154ffb9ea876,1,1,0,-1,00000000,00000000,0,PASS
36,0,f16,C3,8,16384,24,90ac29c3ac88f1fa,1,1,0,-1,00000000,00000000,0,PASS
36,0,f16,C4,8,16384,24,9e50fb1212e9adde,1,1,0,-1,00000000,00000000,0,PASS
36,1,q8_0,C0,2,4096,1024,61e628f524230383,1,1,0,-1,00000000,00000000,0,PASS
36,1,q8_0,C1,2,4096,1024,f3458625c6b0adb3,1,1,0,-1,00000000,00000000,0,PASS
36,1,q8_0,C2,2,4096,1024,eaa8b46e71e992b4,1,1,0,-1,00000000,00000000,0,PASS
36,1,q8_0,C3,2,4096,1024,353c67486babaf45,1,1,0,-1,00000000,00000000,0,PASS
36,1,q8_0,C4,2,4096,1024,4712e9c2b1324d63,1,1,0,-1,00000000,00000000,0,PASS
36,1,q8_0,C0,3,4096,1024,f361b91bfc660383,1,1,0,-1,00000000,00000000,0,PASS
36,1,q8_0,C1,3,4096,1024,36aaaa69a328e07a,1,1,0,-1,00000000,00000000,0,PASS
36,1,q8_0,C2,3,4096,1024,e36dde151415c0df,1,1,0,-1,00000000,00000000,0,PASS
36,1,q8_0,C3,3,4096,1024,c4b056861524d304,1,1,0,-1,00000000,00000000,0,PASS
36,1,q8_0,C4,3,4096,1024,e34480993503b8a3,1,1,0,-1,00000000,00000000,0,PASS
36,1,q8_0,C0,4,4096,1024,0e5df645d4a90383,1,1,0,-1,00000000,00000000,0,PASS
36,1,q8_0,C1,4,4096,1024,cb611474e6bf1763,1,1,0,-1,00000000,00000000,0,PASS
36,1,q8_0,C2,4,4096,1024,a668df01d5618865,1,1,0,-1,00000000,00000000,0,PASS
36,1,q8_0,C3,4,4096,1024,570c6243dd067c94,1,1,0,-1,00000000,00000000,0,PASS
36,1,q8_0,C4,4,4096,1024,04144d081eb41f66,1,1,0,-1,00000000,00000000,0,PASS
36,1,q8_0,C0,5,4096,1024,649de072acec0383,1,1,0,-1,00000000,00000000,0,PASS
36,1,q8_0,C1,5,4096,1024,7d3627c9d35592aa,1,1,0,-1,00000000,00000000,0,PASS
36,1,q8_0,C2,5,4096,1024,d13581044f3dfab0,1,1,0,-1,00000000,00000000,0,PASS
36,1,q8_0,C3,5,4096,1024,d453fc54d6a7bb09,1,1,0,-1,00000000,00000000,0,PASS
36,1,q8_0,C4,5,4096,1024,9ca02a032bb24fc6,1,1,0,-1,00000000,00000000,0,PASS
36,1,q8_0,C0,6,4096,1024,a7e477a2852f0383,1,1,0,-1,00000000,00000000,0,PASS
36,1,q8_0,C1,6,4096,1024,a8f5fc63ca83b793,1,1,0,-1,00000000,00000000,0,PASS
36,1,q8_0,C2,6,4096,1024,2e2a6a2802a71ed0,1,1,0,-1,00000000,00000000,0,PASS
36,1,q8_0,C3,6,4096,1024,10ff48c5f4f7e884,1,1,0,-1,00000000,00000000,0,PASS
36,1,q8_0,C4,6,4096,1024,e725a82e9783c012,1,1,0,-1,00000000,00000000,0,PASS
36,1,q8_0,C0,7,4096,1024,89f4bbd55d720383,1,1,0,-1,00000000,00000000,0,PASS
36,1,q8_0,C1,7,4096,1024,8a1e5e5f2f1ad85a,1,1,0,-1,00000000,00000000,0,PASS
36,1,q8_0,C2,7,4096,1024,38cba9f3d15ed87c,1,1,0,-1,00000000,00000000,0,PASS
36,1,q8_0,C3,7,4096,1024,cd7ca08164106287,1,1,0,-1,00000000,00000000,0,PASS
36,1,q8_0,C4,7,4096,1024,a56d33ae4c8c775a,1,1,0,-1,00000000,00000000,0,PASS
36,1,q8_0,C0,8,4096,1024,bc91ad0b35b50383,1,1,0,-1,00000000,00000000,0,PASS
36,1,q8_0,C1,8,4096,1024,b049445697c9a5c3,1,1,0,-1,00000000,00000000,0,PASS
36,1,q8_0,C2,8,4096,1024,7efc99aea35888c7,1,1,0,-1,00000000,00000000,0,PASS
36,1,q8_0,C3,8,4096,1024,5892aa72315febf0,1,1,0,-1,00000000,00000000,0,PASS
36,1,q8_0,C4,8,4096,1024,d8f79ecae2861f1f,1,1,0,-1,00000000,00000000,0,PASS
36,2,q8_0,C0,2,4096,512,61e628f524230383,1,1,0,-1,00000000,00000000,0,PASS
36,2,q8_0,C1,2,4096,512,f3458625c6b0adb3,1,1,0,-1,00000000,00000000,0,PASS
36,2,q8_0,C2,2,4096,512,eaa8b46e71e992b4,1,1,0,-1,00000000,00000000,0,PASS
36,2,q8_0,C3,2,4096,512,ca5cf4506d56e439,1,1,0,-1,00000000,00000000,0,PASS
36,2,q8_0,C4,2,4096,512,4712e9c2b1324d63,1,1,0,-1,00000000,00000000,0,PASS
36,2,q8_0,C0,3,4096,512,f361b91bfc660383,1,1,0,-1,00000000,00000000,0,PASS
36,2,q8_0,C1,3,4096,512,36aaaa69a328e07a,1,1,0,-1,00000000,00000000,0,PASS
36,2,q8_0,C2,3,4096,512,e36dde151415c0df,1,1,0,-1,00000000,00000000,0,PASS
36,2,q8_0,C3,3,4096,512,e0580aa6c29326af,1,1,0,-1,00000000,00000000,0,PASS
36,2,q8_0,C4,3,4096,512,e34480993503b8a3,1,1,0,-1,00000000,00000000,0,PASS
36,2,q8_0,C0,4,4096,512,0e5df645d4a90383,1,1,0,-1,00000000,00000000,0,PASS
36,2,q8_0,C1,4,4096,512,cb611474e6bf1763,1,1,0,-1,00000000,00000000,0,PASS
36,2,q8_0,C2,4,4096,512,a668df01d5618865,1,1,0,-1,00000000,00000000,0,PASS
36,2,q8_0,C3,4,4096,512,700ed5dbcfce862c,1,1,0,-1,00000000,00000000,0,PASS
36,2,q8_0,C4,4,4096,512,04144d081eb41f66,1,1,0,-1,00000000,00000000,0,PASS
36,2,q8_0,C0,5,4096,512,649de072acec0383,1,1,0,-1,00000000,00000000,0,PASS
36,2,q8_0,C1,5,4096,512,7d3627c9d35592aa,1,1,0,-1,00000000,00000000,0,PASS
36,2,q8_0,C2,5,4096,512,d13581044f3dfab0,1,1,0,-1,00000000,00000000,0,PASS
36,2,q8_0,C3,5,4096,512,97e77c51eb6756ea,1,1,0,-1,00000000,00000000,0,PASS
36,2,q8_0,C4,5,4096,512,9ca02a032bb24fc6,1,1,0,-1,00000000,00000000,0,PASS
36,2,q8_0,C0,6,4096,512,a7e477a2852f0383,1,1,0,-1,00000000,00000000,0,PASS
36,2,q8_0,C1,6,4096,512,a8f5fc63ca83b793,1,1,0,-1,00000000,00000000,0,PASS
36,2,q8_0,C2,6,4096,512,2e2a6a2802a71ed0,1,1,0,-1,00000000,00000000,0,PASS
36,2,q8_0,C3,6,4096,512,ba46bff4d5e8efb5,1,1,0,-1,00000000,00000000,0,PASS
36,2,q8_0,C4,6,4096,512,e725a82e9783c012,1,1,0,-1,00000000,00000000,0,PASS
36,2,q8_0,C0,7,4096,512,89f4bbd55d720383,1,1,0,-1,00000000,00000000,0,PASS
36,2,q8_0,C1,7,4096,512,8a1e5e5f2f1ad85a,1,1,0,-1,00000000,00000000,0,PASS
36,2,q8_0,C2,7,4096,512,38cba9f3d15ed87c,1,1,0,-1,00000000,00000000,0,PASS
36,2,q8_0,C3,7,4096,512,974cea8a6a68616d,1,1,0,-1,00000000,00000000,0,PASS
36,2,q8_0,C4,7,4096,512,a56d33ae4c8c775a,1,1,0,-1,00000000,00000000,0,PASS
36,2,q8_0,C0,8,4096,512,bc91ad0b35b50383,1,1,0,-1,00000000,00000000,0,PASS
36,2,q8_0,C1,8,4096,512,b049445697c9a5c3,1,1,0,-1,00000000,00000000,0,PASS
36,2,q8_0,C2,8,4096,512,7efc99aea35888c7,1,1,0,-1,00000000,00000000,0,PASS
36,2,q8_0,C3,8,4096,512,6c1447f93dc76323,1,1,0,-1,00000000,00000000,0,PASS
36,2,q8_0,C4,8,4096,512,d8f79ecae2861f1f,1,1,0,-1,00000000,00000000,0,PASS
36,3,q8_0,C0,2,1024,32768,66a385207fbe8383,1,1,0,-1,00000000,00000000,0,PASS
36,3,q8_0,C1,2,1024,32768,ea4b97e88c182db3,1,1,0,-1,00000000,00000000,0,PASS
36,3,q8_0,C2,2,1024,32768,70800d37477b9cc9,1,1,0,-1,00000000,00000000,0,PASS
36,3,q8_0,C3,2,1024,32768,ec43da1215cabb1c,1,1,0,-1,00000000,00000000,0,PASS
36,3,q8_0,C4,2,1024,32768,71e3b48a7ebcb79f,1,1,0,-1,00000000,00000000,0,PASS
36,3,q8_0,C0,3,1024,32768,09b99610cdcf4383,1,1,0,-1,00000000,00000000,0,PASS
36,3,q8_0,C1,3,1024,32768,f303d2023f54e07a,1,1,0,-1,00000000,00000000,0,PASS
36,3,q8_0,C2,3,1024,32768,17b139ff4bb1b56e,1,1,0,-1,00000000,00000000,0,PASS
36,3,q8_0,C3,3,1024,32768,2c5f6ba4c9f75742,1,1,0,-1,00000000,00000000,0,PASS
36,3,q8_0,C4,3,1024,32768,7684a1bb04066307,1,1,0,-1,00000000,00000000,0,PASS
36,3,q8_0,C0,4,1024,32768,a82845d14be00383,1,1,0,-1,00000000,00000000,0,PASS
36,3,q8_0,C1,4,1024,32768,829e2379d3d0d763,1,1,0,-1,00000000,00000000,0,PASS
36,3,q8_0,C2,4,1024,32768,2c41771fb26e6aa4,1,1,0,-1,00000000,00000000,0,PASS
36,3,q8_0,C3,4,1024,32768,ebe8a13b4aad7861,1,1,0,-1,00000000,00000000,0,PASS
36,3,q8_0,C4,4,1024,32768,00c364baeed7cc77,1,1,0,-1,00000000,00000000,0,PASS
36,3,q8_0,C0,5,1024,32768,a536a061f9f0c383,1,1,0,-1,00000000,00000000,0,PASS
36,3,q8_0,C1,5,1024,32768,cd5cb4a48887d2aa,1,1,0,-1,00000000,00000000,0,PASS
36,3,q8_0,C2,5,1024,32768,fe68e9da3c4fa0b4,1,1,0,-1,00000000,00000000,0,PASS
36,3,q8_0,C3,5,1024,32768,ed81e5829acce25a,1,1,0,-1,00000000,00000000,0,PASS
36,3,q8_0,C4,5,1024,32768,85d67414a04db337,1,1,0,-1,00000000,00000000,0,PASS
36,3,q8_0,C0,6,1024,32768,e72bb1c2d8018383,1,1,0,-1,00000000,00000000,0,PASS
36,3,q8_0,C1,6,1024,32768,606b07352f77b793,1,1,0,-1,00000000,00000000,0,PASS
36,3,q8_0,C2,6,1024,32768,aac88d06cc8d8c24,1,1,0,-1,00000000,00000000,0,PASS
36,3,q8_0,C3,6,1024,32768,baec5e268f522e05,1,1,0,-1,00000000,00000000,0,PASS
36,3,q8_0,C4,6,1024,32768,90a3e3c502279c0a,1,1,0,-1,00000000,00000000,0,PASS
36,3,q8_0,C0,7,1024,32768,d74e85f3e6124383,1,1,0,-1,00000000,00000000,0,PASS
36,3,q8_0,C1,7,1024,32768,0680c4d6b6eb585a,1,1,0,-1,00000000,00000000,0,PASS
36,3,q8_0,C2,7,1024,32768,68aeccecb4841b1a,1,1,0,-1,00000000,00000000,0,PASS
36,3,q8_0,C3,7,1024,32768,06e8112dd2f2974a,1,1,0,-1,00000000,00000000,0,PASS
36,3,q8_0,C4,7,1024,32768,e3547e032da9e62a,1,1,0,-1,00000000,00000000,0,PASS
36,3,q8_0,C0,8,1024,32768,61e628f524230383,1,1,0,-1,00000000,00000000,0,PASS
36,3,q8_0,C1,8,1024,32768,f5568f1793b7e5c3,1,1,0,-1,00000000,00000000,0,PASS
36,3,q8_0,C2,8,1024,32768,f510f9a7c42e2707,1,1,0,-1,00000000,00000000,0,PASS
36,3,q8_0,C3,8,1024,32768,2a53ccfeae6e92d2,1,1,0,-1,00000000,00000000,0,PASS
36,3,q8_0,C4,8,1024,32768,bb27994fbd6c0dde,1,1,0,-1,00000000,00000000,0,PASS
36,4,q8_0,C0,2,8192,4096,0e5df645d4a90383,1,1,0,-1,00000000,00000000,0,PASS
36,4,q8_0,C1,2,8192,4096,a7596f63ea26adb3,1,1,0,-1,00000000,00000000,0,PASS
36,4,q8_0,C2,2,8192,4096,6024392d967b7573,1,1,0,-1,00000000,00000000,0,PASS
36,4,q8_0,C3,2,8192,4096,870c661ad5b0c8cf,1,1,0,-1,00000000,00000000,0,PASS
36,4,q8_0,C4,2,8192,4096,756a42230c87de66,1,1,0,-1,00000000,00000000,0,PASS
36,4,q8_0,C0,3,8192,4096,a7e477a2852f0383,1,1,0,-1,00000000,00000000,0,PASS
36,4,q8_0,C1,3,8192,4096,40f463593d98e07a,1,1,0,-1,00000000,00000000,0,PASS
36,4,q8_0,C2,3,8192,4096,6bda8fe4c61d0fba,1,1,0,-1,00000000,00000000,0,PASS
36,4,q8_0,C3,3,8192,4096,f6f74362352d0a5d,1,1,0,-1,00000000,00000000,0,PASS
36,4,q8_0,C4,3,8192,4096,7ef18a95c50f9806,1,1,0,-1,00000000,00000000,0,PASS
36,4,q8_0,C0,4,8192,4096,bc91ad0b35b50383,1,1,0,-1,00000000,00000000,0,PASS
36,4,q8_0,C1,4,8192,4096,1e7b80deb5521763,1,1,0,-1,00000000,00000000,0,PASS
36,4,q8_0,C2,4,8192,4096,95646a8ebd044b5d,1,1,0,-1,00000000,00000000,0,PASS
36,4,q8_0,C3,4,8192,4096,ed8cc57b2d707440,1,1,0,-1,00000000,00000000,0,PASS
36,4,q8_0,C4,4,8192,4096,7b7263e3adedcd6f,1,1,0,-1,00000000,00000000,0,PASS
36,4,q8_0,C0,5,8192,4096,da7d967fe63b0383,1,1,0,-1,00000000,00000000,0,PASS
36,4,q8_0,C1,5,8192,4096,2439109c971292aa,1,1,0,-1,00000000,00000000,0,PASS
36,4,q8_0,C2,5,8192,4096,ac7103964b5c796d,1,1,0,-1,00000000,00000000,0,PASS
36,4,q8_0,C3,5,8192,4096,06a95023188e9e9d,1,1,0,-1,00000000,00000000,0,PASS
36,4,q8_0,C4,5,8192,4096,84cd276f9ee09557,1,1,0,-1,00000000,00000000,0,PASS
36,4,q8_0,C0,6,8192,4096,8fc0340096c10383,1,1,0,-1,00000000,00000000,0,PASS
36,4,q8_0,C1,6,8192,4096,6b7fdec3ae93b793,1,1,0,-1,00000000,00000000,0,PASS
36,4,q8_0,C2,6,8192,4096,158880dca80356a5,1,1,0,-1,00000000,00000000,0,PASS
36,4,q8_0,C3,6,8192,4096,87d0ddae95908a66,1,1,0,-1,00000000,00000000,0,PASS
36,4,q8_0,C4,6,8192,4096,6fb2cac120b4a24e,1,1,0,-1,00000000,00000000,0,PASS
36,4,q8_0,C0,7,8192,4096,6a71858d47470383,1,1,0,-1,00000000,00000000,0,PASS
36,4,q8_0,C1,7,8192,4096,665eaf56fa04d85a,1,1,0,-1,00000000,00000000,0,PASS
36,4,q8_0,C2,7,8192,4096,d0efefe3fcd897e2,1,1,0,-1,00000000,00000000,0,PASS
36,4,q8_0,C3,7,8192,4096,b30f90d67bd7ecf9,1,1,0,-1,00000000,00000000,0,PASS
36,4,q8_0,C4,7,8192,4096,90b943a9e7d55d36,1,1,0,-1,00000000,00000000,0,PASS
36,4,q8_0,C0,8,8192,4096,f8a98b25f7cd0383,1,1,0,-1,00000000,00000000,0,PASS
36,4,q8_0,C1,8,8192,4096,c26c1a6b3d36a5c3,1,1,0,-1,00000000,00000000,0,PASS
36,4,q8_0,C2,8,8192,4096,95ac06e3a54b4ef2,1,1,0,-1,00000000,00000000,0,PASS
36,4,q8_0,C3,8,8192,4096,09e208823a68de89,1,1,0,-1,00000000,00000000,0,PASS
36,4,q8_0,C4,8,8192,4096,3da45e1f8a9f3b1f,1,1,0,-1,00000000,00000000,0,PASS
36,5,f16,C0,2,16384,24,bc91ad0b35b50383,1,1,0,-1,00000000,00000000,0,PASS
36,5,f16,C1,2,16384,24,5dc3d7543112adb3,1,1,0,-1,00000000,00000000,0,PASS
36,5,f16,C2,2,16384,24,2182d4551e4fe2a3,1,1,0,-1,00000000,00000000,0,PASS
36,5,f16,C3,2,16384,24,1ea4f8b78334274a,1,1,0,-1,00000000,00000000,0,PASS
36,5,f16,C4,2,16384,24,b25fa2af1f4d979f,1,1,0,-1,00000000,00000000,0,PASS
36,5,f16,C0,3,16384,24,8fc0340096c10383,1,1,0,-1,00000000,00000000,0,PASS
36,5,f16,C1,3,16384,24,b7a628de7278e07a,1,1,0,-1,00000000,00000000,0,PASS
36,5,f16,C2,3,16384,24,05a69f75d2d8e36d,1,1,0,-1,00000000,00000000,0,PASS
36,5,f16,C3,3,16384,24,67b82b7e3d8e2426,1,1,0,-1,00000000,00000000,0,PASS
36,5,f16,C4,3,16384,24,f5166e1daf6a5307,1,1,0,-1,00000000,00000000,0,PASS
36,5,f16,C0,4,16384,24,f8a98b25f7cd0383,1,1,0,-1,00000000,00000000,0,PASS
36,5,f16,C1,4,16384,24,6dd2f6a152781763,1,1,0,-1,00000000,00000000,0,PASS
36,5,f16,C2,4,16384,24,03b1a534c5b2c557,1,1,0,-1,00000000,00000000,0,PASS
36,5,f16,C3,4,16384,24,2cefcf3d6b0fd5ae,1,1,0,-1,00000000,00000000,0,PASS
36,5,f16,C4,4,16384,24,77f735b69bbdcc77,1,1,0,-1,00000000,00000000,0,PASS
36,5,f16,C0,5,16384,24,680db27b58d90383,1,1,0,-1,00000000,00000000,0,PASS
36,5,f16,C1,5,16384,24,849b32211e8c92aa,1,1,0,-1,00000000,00000000,0,PASS
36,5,f16,C2,5,16384,24,5c63d5b6c8cd0fe7,1,1,0,-1,00000000,00000000,0,PASS
36,5,f16,C3,5,16384,24,6f84fd79e4fa840f,1,1,0,-1,00000000,00000000,0,PASS
36,5,f16,C4,5,16384,24,afa0291542a0c337,1,1,0,-1,00000000,00000000,0,PASS
36,5,f16,C0,6,16384,24,4eacaa00b9e50383,1,1,0,-1,00000000,00000000,0,PASS
36,5,f16,C1,6,16384,24,aa9ab88976b3b793,1,1,0,-1,00000000,00000000,0,PASS
36,5,f16,C2,6,16384,24,7492baf760eee0bc,1,1,0,-1,00000000,00000000,0,PASS
36,5,f16,C3,6,16384,24,a803cd269ef8a79c,1,1,0,-1,00000000,00000000,0,PASS
36,5,f16,C4,6,16384,24,f28d61a32b65fc0a,1,1,0,-1,00000000,00000000,0,PASS
36,5,f16,C0,7,16384,24,1d4671b61af10383,1,1,0,-1,00000000,00000000,0,PASS
36,5,f16,C1,7,16384,24,3a7a16ba8fd8d85a,1,1,0,-1,00000000,00000000,0,PASS
36,5,f16,C2,7,16384,24,711aa99ced25a706,1,1,0,-1,00000000,00000000,0,PASS
36,5,f16,C3,7,16384,24,02b54a4461eaf7ad,1,1,0,-1,00000000,00000000,0,PASS
36,5,f16,C4,7,16384,24,6441aebc43e8962a,1,1,0,-1,00000000,00000000,0,PASS
36,5,f16,C0,8,16384,24,449b099b7bfd0383,1,1,0,-1,00000000,00000000,0,PASS
36,5,f16,C1,8,16384,24,80cdba4d8810a5c3,1,1,0,-1,00000000,00000000,0,PASS
36,5,f16,C2,8,16384,24,af28154ffb9ea876,1,1,0,-1,00000000,00000000,0,PASS
36,5,f16,C3,8,16384,24,3e3ea28623c57021,1,1,0,-1,00000000,00000000,0,PASS
36,5,f16,C4,8,16384,24,9e50fb1212e9adde,1,1,0,-1,00000000,00000000,0,PASS
36,6,f16,C0,2,4096,256,61e628f524230383,1,1,0,-1,00000000,00000000,0,PASS
36,6,f16,C1,2,4096,256,f3458625c6b0adb3,1,1,0,-1,00000000,00000000,0,PASS
36,6,f16,C2,2,4096,256,eaa8b46e71e992b4,1,1,0,-1,00000000,00000000,0,PASS
36,6,f16,C3,2,4096,256,b66aa0c137dc44e1,1,1,0,-1,00000000,00000000,0,PASS
36,6,f16,C4,2,4096,256,4712e9c2b1324d63,1,1,0,-1,00000000,00000000,0,PASS
36,6,f16,C0,3,4096,256,f361b91bfc660383,1,1,0,-1,00000000,00000000,0,PASS
36,6,f16,C1,3,4096,256,36aaaa69a328e07a,1,1,0,-1,00000000,00000000,0,PASS
36,6,f16,C2,3,4096,256,e36dde151415c0df,1,1,0,-1,00000000,00000000,0,PASS
36,6,f16,C3,3,4096,256,6b7efa94ef8f914f,1,1,0,-1,00000000,00000000,0,PASS
36,6,f16,C4,3,4096,256,e34480993503b8a3,1,1,0,-1,00000000,00000000,0,PASS
36,6,f16,C0,4,4096,256,0e5df645d4a90383,1,1,0,-1,00000000,00000000,0,PASS
36,6,f16,C1,4,4096,256,cb611474e6bf1763,1,1,0,-1,00000000,00000000,0,PASS
36,6,f16,C2,4,4096,256,a668df01d5618865,1,1,0,-1,00000000,00000000,0,PASS
36,6,f16,C3,4,4096,256,ab914bdb86e0df47,1,1,0,-1,00000000,00000000,0,PASS
36,6,f16,C4,4,4096,256,04144d081eb41f66,1,1,0,-1,00000000,00000000,0,PASS
36,6,f16,C0,5,4096,256,649de072acec0383,1,1,0,-1,00000000,00000000,0,PASS
36,6,f16,C1,5,4096,256,7d3627c9d35592aa,1,1,0,-1,00000000,00000000,0,PASS
36,6,f16,C2,5,4096,256,d13581044f3dfab0,1,1,0,-1,00000000,00000000,0,PASS
36,6,f16,C3,5,4096,256,23e79eb238eec21f,1,1,0,-1,00000000,00000000,0,PASS
36,6,f16,C4,5,4096,256,9ca02a032bb24fc6,1,1,0,-1,00000000,00000000,0,PASS
36,6,f16,C0,6,4096,256,a7e477a2852f0383,1,1,0,-1,00000000,00000000,0,PASS
36,6,f16,C1,6,4096,256,a8f5fc63ca83b793,1,1,0,-1,00000000,00000000,0,PASS
36,6,f16,C2,6,4096,256,2e2a6a2802a71ed0,1,1,0,-1,00000000,00000000,0,PASS
36,6,f16,C3,6,4096,256,038ee8cd85b64dd6,1,1,0,-1,00000000,00000000,0,PASS
36,6,f16,C4,6,4096,256,e725a82e9783c012,1,1,0,-1,00000000,00000000,0,PASS
36,6,f16,C0,7,4096,256,89f4bbd55d720383,1,1,0,-1,00000000,00000000,0,PASS
36,6,f16,C1,7,4096,256,8a1e5e5f2f1ad85a,1,1,0,-1,00000000,00000000,0,PASS
36,6,f16,C2,7,4096,256,38cba9f3d15ed87c,1,1,0,-1,00000000,00000000,0,PASS
36,6,f16,C3,7,4096,256,c863a2d5366ac1ed,1,1,0,-1,00000000,00000000,0,PASS
36,6,f16,C4,7,4096,256,a56d33ae4c8c775a,1,1,0,-1,00000000,00000000,0,PASS
36,6,f16,C0,8,4096,256,bc91ad0b35b50383,1,1,0,-1,00000000,00000000,0,PASS
36,6,f16,C1,8,4096,256,b049445697c9a5c3,1,1,0,-1,00000000,00000000,0,PASS
36,6,f16,C2,8,4096,256,7efc99aea35888c7,1,1,0,-1,00000000,00000000,0,PASS
36,6,f16,C3,8,4096,256,263d5a2f862f9fa0,1,1,0,-1,00000000,00000000,0,PASS
36,6,f16,C4,8,4096,256,d8f79ecae2861f1f,1,1,0,-1,00000000,00000000,0,PASS
37,0,f16,C0,2,16384,24,bc91ad0b35b50383,1,1,0,-1,00000000,00000000,0,PASS
37,0,f16,C1,2,16384,24,5dc3d7543112adb3,1,1,0,-1,00000000,00000000,0,PASS
37,0,f16,C2,2,16384,24,2182d4551e4fe2a3,1,1,0,-1,00000000,00000000,0,PASS
37,0,f16,C3,2,16384,24,3aa41f09270f47f2,1,1,0,-1,00000000,00000000,0,PASS
37,0,f16,C4,2,16384,24,b25fa2af1f4d979f,1,1,0,-1,00000000,00000000,0,PASS
37,0,f16,C0,3,16384,24,8fc0340096c10383,1,1,0,-1,00000000,00000000,0,PASS
37,0,f16,C1,3,16384,24,b7a628de7278e07a,1,1,0,-1,00000000,00000000,0,PASS
37,0,f16,C2,3,16384,24,05a69f75d2d8e36d,1,1,0,-1,00000000,00000000,0,PASS
37,0,f16,C3,3,16384,24,d6fb66d1cd375aa2,1,1,0,-1,00000000,00000000,0,PASS
37,0,f16,C4,3,16384,24,f5166e1daf6a5307,1,1,0,-1,00000000,00000000,0,PASS
37,0,f16,C0,4,16384,24,f8a98b25f7cd0383,1,1,0,-1,00000000,00000000,0,PASS
37,0,f16,C1,4,16384,24,6dd2f6a152781763,1,1,0,-1,00000000,00000000,0,PASS
37,0,f16,C2,4,16384,24,03b1a534c5b2c557,1,1,0,-1,00000000,00000000,0,PASS
37,0,f16,C3,4,16384,24,1f5a43125aa90a76,1,1,0,-1,00000000,00000000,0,PASS
37,0,f16,C4,4,16384,24,77f735b69bbdcc77,1,1,0,-1,00000000,00000000,0,PASS
37,0,f16,C0,5,16384,24,680db27b58d90383,1,1,0,-1,00000000,00000000,0,PASS
37,0,f16,C1,5,16384,24,849b32211e8c92aa,1,1,0,-1,00000000,00000000,0,PASS
37,0,f16,C2,5,16384,24,5c63d5b6c8cd0fe7,1,1,0,-1,00000000,00000000,0,PASS
37,0,f16,C3,5,16384,24,ae21263980ca060c,1,1,0,-1,00000000,00000000,0,PASS
37,0,f16,C4,5,16384,24,afa0291542a0c337,1,1,0,-1,00000000,00000000,0,PASS
37,0,f16,C0,6,16384,24,4eacaa00b9e50383,1,1,0,-1,00000000,00000000,0,PASS
37,0,f16,C1,6,16384,24,aa9ab88976b3b793,1,1,0,-1,00000000,00000000,0,PASS
37,0,f16,C2,6,16384,24,7492baf760eee0bc,1,1,0,-1,00000000,00000000,0,PASS
37,0,f16,C3,6,16384,24,9c87ebdc32e4aa00,1,1,0,-1,00000000,00000000,0,PASS
37,0,f16,C4,6,16384,24,f28d61a32b65fc0a,1,1,0,-1,00000000,00000000,0,PASS
37,0,f16,C0,7,16384,24,1d4671b61af10383,1,1,0,-1,00000000,00000000,0,PASS
37,0,f16,C1,7,16384,24,3a7a16ba8fd8d85a,1,1,0,-1,00000000,00000000,0,PASS
37,0,f16,C2,7,16384,24,711aa99ced25a706,1,1,0,-1,00000000,00000000,0,PASS
37,0,f16,C3,7,16384,24,165f1c632ea404f5,1,1,0,-1,00000000,00000000,0,PASS
37,0,f16,C4,7,16384,24,6441aebc43e8962a,1,1,0,-1,00000000,00000000,0,PASS
37,0,f16,C0,8,16384,24,449b099b7bfd0383,1,1,0,-1,00000000,00000000,0,PASS
37,0,f16,C1,8,16384,24,80cdba4d8810a5c3,1,1,0,-1,00000000,00000000,0,PASS
37,0,f16,C2,8,16384,24,af28154ffb9ea876,1,1,0,-1,00000000,00000000,0,PASS
37,0,f16,C3,8,16384,24,cd512cbdc4daf8e8,1,1,0,-1,00000000,00000000,0,PASS
37,0,f16,C4,8,16384,24,9e50fb1212e9adde,1,1,0,-1,00000000,00000000,0,PASS
37,1,q8_0,C0,2,4096,1024,61e628f524230383,1,1,0,-1,00000000,00000000,0,PASS
37,1,q8_0,C1,2,4096,1024,f3458625c6b0adb3,1,1,0,-1,00000000,00000000,0,PASS
37,1,q8_0,C2,2,4096,1024,eaa8b46e71e992b4,1,1,0,-1,00000000,00000000,0,PASS
37,1,q8_0,C3,2,4096,1024,f13e730b80931008,1,1,0,-1,00000000,00000000,0,PASS
37,1,q8_0,C4,2,4096,1024,4712e9c2b1324d63,1,1,0,-1,00000000,00000000,0,PASS
37,1,q8_0,C0,3,4096,1024,f361b91bfc660383,1,1,0,-1,00000000,00000000,0,PASS
37,1,q8_0,C1,3,4096,1024,36aaaa69a328e07a,1,1,0,-1,00000000,00000000,0,PASS
37,1,q8_0,C2,3,4096,1024,e36dde151415c0df,1,1,0,-1,00000000,00000000,0,PASS
37,1,q8_0,C3,3,4096,1024,43c24b96d7d710ff,1,1,0,-1,00000000,00000000,0,PASS
37,1,q8_0,C4,3,4096,1024,e34480993503b8a3,1,1,0,-1,00000000,00000000,0,PASS
37,1,q8_0,C0,4,4096,1024,0e5df645d4a90383,1,1,0,-1,00000000,00000000,0,PASS
37,1,q8_0,C1,4,4096,1024,cb611474e6bf1763,1,1,0,-1,00000000,00000000,0,PASS
37,1,q8_0,C2,4,4096,1024,a668df01d5618865,1,1,0,-1,00000000,00000000,0,PASS
37,1,q8_0,C3,4,4096,1024,f89cada6d8043795,1,1,0,-1,00000000,00000000,0,PASS
37,1,q8_0,C4,4,4096,1024,04144d081eb41f66,1,1,0,-1,00000000,00000000,0,PASS
37,1,q8_0,C0,5,4096,1024,649de072acec0383,1,1,0,-1,00000000,00000000,0,PASS
37,1,q8_0,C1,5,4096,1024,7d3627c9d35592aa,1,1,0,-1,00000000,00000000,0,PASS
37,1,q8_0,C2,5,4096,1024,d13581044f3dfab0,1,1,0,-1,00000000,00000000,0,PASS
37,1,q8_0,C3,5,4096,1024,19e7582e039afa57,1,1,0,-1,00000000,00000000,0,PASS
37,1,q8_0,C4,5,4096,1024,9ca02a032bb24fc6,1,1,0,-1,00000000,00000000,0,PASS
37,1,q8_0,C0,6,4096,1024,a7e477a2852f0383,1,1,0,-1,00000000,00000000,0,PASS
37,1,q8_0,C1,6,4096,1024,a8f5fc63ca83b793,1,1,0,-1,00000000,00000000,0,PASS
37,1,q8_0,C2,6,4096,1024,2e2a6a2802a71ed0,1,1,0,-1,00000000,00000000,0,PASS
37,1,q8_0,C3,6,4096,1024,09f50050c9feea92,1,1,0,-1,00000000,00000000,0,PASS
37,1,q8_0,C4,6,4096,1024,e725a82e9783c012,1,1,0,-1,00000000,00000000,0,PASS
37,1,q8_0,C0,7,4096,1024,89f4bbd55d720383,1,1,0,-1,00000000,00000000,0,PASS
37,1,q8_0,C1,7,4096,1024,8a1e5e5f2f1ad85a,1,1,0,-1,00000000,00000000,0,PASS
37,1,q8_0,C2,7,4096,1024,38cba9f3d15ed87c,1,1,0,-1,00000000,00000000,0,PASS
37,1,q8_0,C3,7,4096,1024,1956caba5839440f,1,1,0,-1,00000000,00000000,0,PASS
37,1,q8_0,C4,7,4096,1024,a56d33ae4c8c775a,1,1,0,-1,00000000,00000000,0,PASS
37,1,q8_0,C0,8,4096,1024,bc91ad0b35b50383,1,1,0,-1,00000000,00000000,0,PASS
37,1,q8_0,C1,8,4096,1024,b049445697c9a5c3,1,1,0,-1,00000000,00000000,0,PASS
37,1,q8_0,C2,8,4096,1024,7efc99aea35888c7,1,1,0,-1,00000000,00000000,0,PASS
37,1,q8_0,C3,8,4096,1024,efd63d182a2ab12a,1,1,0,-1,00000000,00000000,0,PASS
37,1,q8_0,C4,8,4096,1024,d8f79ecae2861f1f,1,1,0,-1,00000000,00000000,0,PASS
37,2,q8_0,C0,2,4096,512,61e628f524230383,1,1,0,-1,00000000,00000000,0,PASS
37,2,q8_0,C1,2,4096,512,f3458625c6b0adb3,1,1,0,-1,00000000,00000000,0,PASS
37,2,q8_0,C2,2,4096,512,eaa8b46e71e992b4,1,1,0,-1,00000000,00000000,0,PASS
37,2,q8_0,C3,2,4096,512,9933744f4ddb993f,1,1,0,-1,00000000,00000000,0,PASS
37,2,q8_0,C4,2,4096,512,4712e9c2b1324d63,1,1,0,-1,00000000,00000000,0,PASS
37,2,q8_0,C0,3,4096,512,f361b91bfc660383,1,1,0,-1,00000000,00000000,0,PASS
37,2,q8_0,C1,3,4096,512,36aaaa69a328e07a,1,1,0,-1,00000000,00000000,0,PASS
37,2,q8_0,C2,3,4096,512,e36dde151415c0df,1,1,0,-1,00000000,00000000,0,PASS
37,2,q8_0,C3,3,4096,512,5a7fbca0dc327cf1,1,1,0,-1,00000000,00000000,0,PASS
37,2,q8_0,C4,3,4096,512,e34480993503b8a3,1,1,0,-1,00000000,00000000,0,PASS
37,2,q8_0,C0,4,4096,512,0e5df645d4a90383,1,1,0,-1,00000000,00000000,0,PASS
37,2,q8_0,C1,4,4096,512,cb611474e6bf1763,1,1,0,-1,00000000,00000000,0,PASS
37,2,q8_0,C2,4,4096,512,a668df01d5618865,1,1,0,-1,00000000,00000000,0,PASS
37,2,q8_0,C3,4,4096,512,534998c39b0d2629,1,1,0,-1,00000000,00000000,0,PASS
37,2,q8_0,C4,4,4096,512,04144d081eb41f66,1,1,0,-1,00000000,00000000,0,PASS
37,2,q8_0,C0,5,4096,512,649de072acec0383,1,1,0,-1,00000000,00000000,0,PASS
37,2,q8_0,C1,5,4096,512,7d3627c9d35592aa,1,1,0,-1,00000000,00000000,0,PASS
37,2,q8_0,C2,5,4096,512,d13581044f3dfab0,1,1,0,-1,00000000,00000000,0,PASS
37,2,q8_0,C3,5,4096,512,c1487359664d9be8,1,1,0,-1,00000000,00000000,0,PASS
37,2,q8_0,C4,5,4096,512,9ca02a032bb24fc6,1,1,0,-1,00000000,00000000,0,PASS
37,2,q8_0,C0,6,4096,512,a7e477a2852f0383,1,1,0,-1,00000000,00000000,0,PASS
37,2,q8_0,C1,6,4096,512,a8f5fc63ca83b793,1,1,0,-1,00000000,00000000,0,PASS
37,2,q8_0,C2,6,4096,512,2e2a6a2802a71ed0,1,1,0,-1,00000000,00000000,0,PASS
37,2,q8_0,C3,6,4096,512,04410a51f43af4a0,1,1,0,-1,00000000,00000000,0,PASS
37,2,q8_0,C4,6,4096,512,e725a82e9783c012,1,1,0,-1,00000000,00000000,0,PASS
37,2,q8_0,C0,7,4096,512,89f4bbd55d720383,1,1,0,-1,00000000,00000000,0,PASS
37,2,q8_0,C1,7,4096,512,8a1e5e5f2f1ad85a,1,1,0,-1,00000000,00000000,0,PASS
37,2,q8_0,C2,7,4096,512,38cba9f3d15ed87c,1,1,0,-1,00000000,00000000,0,PASS
37,2,q8_0,C3,7,4096,512,516ceff9d2e174a9,1,1,0,-1,00000000,00000000,0,PASS
37,2,q8_0,C4,7,4096,512,a56d33ae4c8c775a,1,1,0,-1,00000000,00000000,0,PASS
37,2,q8_0,C0,8,4096,512,bc91ad0b35b50383,1,1,0,-1,00000000,00000000,0,PASS
37,2,q8_0,C1,8,4096,512,b049445697c9a5c3,1,1,0,-1,00000000,00000000,0,PASS
37,2,q8_0,C2,8,4096,512,7efc99aea35888c7,1,1,0,-1,00000000,00000000,0,PASS
37,2,q8_0,C3,8,4096,512,bf613ed8e84edab1,1,1,0,-1,00000000,00000000,0,PASS
37,2,q8_0,C4,8,4096,512,d8f79ecae2861f1f,1,1,0,-1,00000000,00000000,0,PASS
37,3,q8_0,C0,2,1024,32768,66a385207fbe8383,1,1,0,-1,00000000,00000000,0,PASS
37,3,q8_0,C1,2,1024,32768,ea4b97e88c182db3,1,1,0,-1,00000000,00000000,0,PASS
37,3,q8_0,C2,2,1024,32768,70800d37477b9cc9,1,1,0,-1,00000000,00000000,0,PASS
37,3,q8_0,C3,2,1024,32768,8d1f56f90f9a701d,1,1,0,-1,00000000,00000000,0,PASS
37,3,q8_0,C4,2,1024,32768,71e3b48a7ebcb79f,1,1,0,-1,00000000,00000000,0,PASS
37,3,q8_0,C0,3,1024,32768,09b99610cdcf4383,1,1,0,-1,00000000,00000000,0,PASS
37,3,q8_0,C1,3,1024,32768,f303d2023f54e07a,1,1,0,-1,00000000,00000000,0,PASS
37,3,q8_0,C2,3,1024,32768,17b139ff4bb1b56e,1,1,0,-1,00000000,00000000,0,PASS
37,3,q8_0,C3,3,1024,32768,8536b4d4aa17f821,1,1,0,-1,00000000,00000000,0,PASS
37,3,q8_0,C4,3,1024,32768,7684a1bb04066307,1,1,0,-1,00000000,00000000,0,PASS
37,3,q8_0,C0,4,1024,32768,a82845d14be00383,1,1,0,-1,00000000,00000000,0,PASS
37,3,q8_0,C1,4,1024,32768,829e2379d3d0d763,1,1,0,-1,00000000,00000000,0,PASS
37,3,q8_0,C2,4,1024,32768,2c41771fb26e6aa4,1,1,0,-1,00000000,00000000,0,PASS
37,3,q8_0,C3,4,1024,32768,cde8abac3bd4d1ec,1,1,0,-1,00000000,00000000,0,PASS
37,3,q8_0,C4,4,1024,32768,00c364baeed7cc77,1,1,0,-1,00000000,00000000,0,PASS
37,3,q8_0,C0,5,1024,32768,a536a061f9f0c383,1,1,0,-1,00000000,00000000,0,PASS
37,3,q8_0,C1,5,1024,32768,cd5cb4a48887d2aa,1,1,0,-1,00000000,00000000,0,PASS
37,3,q8_0,C2,5,1024,32768,fe68e9da3c4fa0b4,1,1,0,-1,00000000,00000000,0,PASS
37,3,q8_0,C3,5,1024,32768,490f5714a55b5477,1,1,0,-1,00000000,00000000,0,PASS
37,3,q8_0,C4,5,1024,32768,85d67414a04db337,1,1,0,-1,00000000,00000000,0,PASS
37,3,q8_0,C0,6,1024,32768,e72bb1c2d8018383,1,1,0,-1,00000000,00000000,0,PASS
37,3,q8_0,C1,6,1024,32768,606b07352f77b793,1,1,0,-1,00000000,00000000,0,PASS
37,3,q8_0,C2,6,1024,32768,aac88d06cc8d8c24,1,1,0,-1,00000000,00000000,0,PASS
37,3,q8_0,C3,6,1024,32768,346b7420fa518dcb,1,1,0,-1,00000000,00000000,0,PASS
37,3,q8_0,C4,6,1024,32768,90a3e3c502279c0a,1,1,0,-1,00000000,00000000,0,PASS
37,3,q8_0,C0,7,1024,32768,d74e85f3e6124383,1,1,0,-1,00000000,00000000,0,PASS
37,3,q8_0,C1,7,1024,32768,0680c4d6b6eb585a,1,1,0,-1,00000000,00000000,0,PASS
37,3,q8_0,C2,7,1024,32768,68aeccecb4841b1a,1,1,0,-1,00000000,00000000,0,PASS
37,3,q8_0,C3,7,1024,32768,9c7a73f25a551067,1,1,0,-1,00000000,00000000,0,PASS
37,3,q8_0,C4,7,1024,32768,e3547e032da9e62a,1,1,0,-1,00000000,00000000,0,PASS
37,3,q8_0,C0,8,1024,32768,61e628f524230383,1,1,0,-1,00000000,00000000,0,PASS
37,3,q8_0,C1,8,1024,32768,f5568f1793b7e5c3,1,1,0,-1,00000000,00000000,0,PASS
37,3,q8_0,C2,8,1024,32768,f510f9a7c42e2707,1,1,0,-1,00000000,00000000,0,PASS
37,3,q8_0,C3,8,1024,32768,6e3237309d982790,1,1,0,-1,00000000,00000000,0,PASS
37,3,q8_0,C4,8,1024,32768,bb27994fbd6c0dde,1,1,0,-1,00000000,00000000,0,PASS
37,4,q8_0,C0,2,8192,4096,0e5df645d4a90383,1,1,0,-1,00000000,00000000,0,PASS
37,4,q8_0,C1,2,8192,4096,a7596f63ea26adb3,1,1,0,-1,00000000,00000000,0,PASS
37,4,q8_0,C2,2,8192,4096,6024392d967b7573,1,1,0,-1,00000000,00000000,0,PASS
37,4,q8_0,C3,2,8192,4096,bb8d122f9f001467,1,1,0,-1,00000000,00000000,0,PASS
37,4,q8_0,C4,2,8192,4096,756a42230c87de66,1,1,0,-1,00000000,00000000,0,PASS
37,4,q8_0,C0,3,8192,4096,a7e477a2852f0383,1,1,0,-1,00000000,00000000,0,PASS
37,4,q8_0,C1,3,8192,4096,40f463593d98e07a,1,1,0,-1,00000000,00000000,0,PASS
37,4,q8_0,C2,3,8192,4096,6bda8fe4c61d0fba,1,1,0,-1,00000000,00000000,0,PASS
37,4,q8_0,C3,3,8192,4096,06ccd38e75c5ea80,1,1,0,-1,00000000,00000000,0,PASS
37,4,q8_0,C4,3,8192,4096,7ef18a95c50f9806,1,1,0,-1,00000000,00000000,0,PASS
37,4,q8_0,C0,4,8192,4096,bc91ad0b35b50383,1,1,0,-1,00000000,00000000,0,PASS
37,4,q8_0,C1,4,8192,4096,1e7b80deb5521763,1,1,0,-1,00000000,00000000,0,PASS
37,4,q8_0,C2,4,8192,4096,95646a8ebd044b5d,1,1,0,-1,00000000,00000000,0,PASS
37,4,q8_0,C3,4,8192,4096,0ede923a1e28b6c6,1,1,0,-1,00000000,00000000,0,PASS
37,4,q8_0,C4,4,8192,4096,7b7263e3adedcd6f,1,1,0,-1,00000000,00000000,0,PASS
37,4,q8_0,C0,5,8192,4096,da7d967fe63b0383,1,1,0,-1,00000000,00000000,0,PASS
37,4,q8_0,C1,5,8192,4096,2439109c971292aa,1,1,0,-1,00000000,00000000,0,PASS
37,4,q8_0,C2,5,8192,4096,ac7103964b5c796d,1,1,0,-1,00000000,00000000,0,PASS
37,4,q8_0,C3,5,8192,4096,be52c2f158f57399,1,1,0,-1,00000000,00000000,0,PASS
37,4,q8_0,C4,5,8192,4096,84cd276f9ee09557,1,1,0,-1,00000000,00000000,0,PASS
37,4,q8_0,C0,6,8192,4096,8fc0340096c10383,1,1,0,-1,00000000,00000000,0,PASS
37,4,q8_0,C1,6,8192,4096,6b7fdec3ae93b793,1,1,0,-1,00000000,00000000,0,PASS
37,4,q8_0,C2,6,8192,4096,158880dca80356a5,1,1,0,-1,00000000,00000000,0,PASS
37,4,q8_0,C3,6,8192,4096,16c5cec19a821194,1,1,0,-1,00000000,00000000,0,PASS
37,4,q8_0,C4,6,8192,4096,6fb2cac120b4a24e,1,1,0,-1,00000000,00000000,0,PASS
37,4,q8_0,C0,7,8192,4096,6a71858d47470383,1,1,0,-1,00000000,00000000,0,PASS
37,4,q8_0,C1,7,8192,4096,665eaf56fa04d85a,1,1,0,-1,00000000,00000000,0,PASS
37,4,q8_0,C2,7,8192,4096,d0efefe3fcd897e2,1,1,0,-1,00000000,00000000,0,PASS
37,4,q8_0,C3,7,8192,4096,72bff6455decaa6c,1,1,0,-1,00000000,00000000,0,PASS
37,4,q8_0,C4,7,8192,4096,90b943a9e7d55d36,1,1,0,-1,00000000,00000000,0,PASS
37,4,q8_0,C0,8,8192,4096,f8a98b25f7cd0383,1,1,0,-1,00000000,00000000,0,PASS
37,4,q8_0,C1,8,8192,4096,c26c1a6b3d36a5c3,1,1,0,-1,00000000,00000000,0,PASS
37,4,q8_0,C2,8,8192,4096,95ac06e3a54b4ef2,1,1,0,-1,00000000,00000000,0,PASS
37,4,q8_0,C3,8,8192,4096,54c3816c29e1f0fe,1,1,0,-1,00000000,00000000,0,PASS
37,4,q8_0,C4,8,8192,4096,3da45e1f8a9f3b1f,1,1,0,-1,00000000,00000000,0,PASS
37,5,f16,C0,2,16384,24,bc91ad0b35b50383,1,1,0,-1,00000000,00000000,0,PASS
37,5,f16,C1,2,16384,24,5dc3d7543112adb3,1,1,0,-1,00000000,00000000,0,PASS
37,5,f16,C2,2,16384,24,2182d4551e4fe2a3,1,1,0,-1,00000000,00000000,0,PASS
37,5,f16,C3,2,16384,24,559fe478907ffa53,1,1,0,-1,00000000,00000000,0,PASS
37,5,f16,C4,2,16384,24,b25fa2af1f4d979f,1,1,0,-1,00000000,00000000,0,PASS
37,5,f16,C0,3,16384,24,8fc0340096c10383,1,1,0,-1,00000000,00000000,0,PASS
37,5,f16,C1,3,16384,24,b7a628de7278e07a,1,1,0,-1,00000000,00000000,0,PASS
37,5,f16,C2,3,16384,24,05a69f75d2d8e36d,1,1,0,-1,00000000,00000000,0,PASS
37,5,f16,C3,3,16384,24,543cc2cb8dd2661e,1,1,0,-1,00000000,00000000,0,PASS
37,5,f16,C4,3,16384,24,f5166e1daf6a5307,1,1,0,-1,00000000,00000000,0,PASS
37,5,f16,C0,4,16384,24,f8a98b25f7cd0383,1,1,0,-1,00000000,00000000,0,PASS
37,5,f16,C1,4,16384,24,6dd2f6a152781763,1,1,0,-1,00000000,00000000,0,PASS
37,5,f16,C2,4,16384,24,03b1a534c5b2c557,1,1,0,-1,00000000,00000000,0,PASS
37,5,f16,C3,4,16384,24,5d1503604c434999,1,1,0,-1,00000000,00000000,0,PASS
37,5,f16,C4,4,16384,24,77f735b69bbdcc77,1,1,0,-1,00000000,00000000,0,PASS
37,5,f16,C0,5,16384,24,680db27b58d90383,1,1,0,-1,00000000,00000000,0,PASS
37,5,f16,C1,5,16384,24,849b32211e8c92aa,1,1,0,-1,00000000,00000000,0,PASS
37,5,f16,C2,5,16384,24,5c63d5b6c8cd0fe7,1,1,0,-1,00000000,00000000,0,PASS
37,5,f16,C3,5,16384,24,3541a928488d1b72,1,1,0,-1,00000000,00000000,0,PASS
37,5,f16,C4,5,16384,24,afa0291542a0c337,1,1,0,-1,00000000,00000000,0,PASS
37,5,f16,C0,6,16384,24,4eacaa00b9e50383,1,1,0,-1,00000000,00000000,0,PASS
37,5,f16,C1,6,16384,24,aa9ab88976b3b793,1,1,0,-1,00000000,00000000,0,PASS
37,5,f16,C2,6,16384,24,7492baf760eee0bc,1,1,0,-1,00000000,00000000,0,PASS
37,5,f16,C3,6,16384,24,5362aa020a8ee7d9,1,1,0,-1,00000000,00000000,0,PASS
37,5,f16,C4,6,16384,24,f28d61a32b65fc0a,1,1,0,-1,00000000,00000000,0,PASS
37,5,f16,C0,7,16384,24,1d4671b61af10383,1,1,0,-1,00000000,00000000,0,PASS
37,5,f16,C1,7,16384,24,3a7a16ba8fd8d85a,1,1,0,-1,00000000,00000000,0,PASS
37,5,f16,C2,7,16384,24,711aa99ced25a706,1,1,0,-1,00000000,00000000,0,PASS
37,5,f16,C3,7,16384,24,988cda75448c5433,1,1,0,-1,00000000,00000000,0,PASS
37,5,f16,C4,7,16384,24,6441aebc43e8962a,1,1,0,-1,00000000,00000000,0,PASS
37,5,f16,C0,8,16384,24,449b099b7bfd0383,1,1,0,-1,00000000,00000000,0,PASS
37,5,f16,C1,8,16384,24,80cdba4d8810a5c3,1,1,0,-1,00000000,00000000,0,PASS
37,5,f16,C2,8,16384,24,af28154ffb9ea876,1,1,0,-1,00000000,00000000,0,PASS
37,5,f16,C3,8,16384,24,e43a44e70899e878,1,1,0,-1,00000000,00000000,0,PASS
37,5,f16,C4,8,16384,24,9e50fb1212e9adde,1,1,0,-1,00000000,00000000,0,PASS
37,6,f16,C0,2,4096,256,61e628f524230383,1,1,0,-1,00000000,00000000,0,PASS
37,6,f16,C1,2,4096,256,f3458625c6b0adb3,1,1,0,-1,00000000,00000000,0,PASS
37,6,f16,C2,2,4096,256,eaa8b46e71e992b4,1,1,0,-1,00000000,00000000,0,PASS
37,6,f16,C3,2,4096,256,96ffac990d6cdcad,1,1,0,-1,00000000,00000000,0,PASS
37,6,f16,C4,2,4096,256,4712e9c2b1324d63,1,1,0,-1,00000000,00000000,0,PASS
37,6,f16,C0,3,4096,256,f361b91bfc660383,1,1,0,-1,00000000,00000000,0,PASS
37,6,f16,C1,3,4096,256,36aaaa69a328e07a,1,1,0,-1,00000000,00000000,0,PASS
37,6,f16,C2,3,4096,256,e36dde151415c0df,1,1,0,-1,00000000,00000000,0,PASS
37,6,f16,C3,3,4096,256,05ac7108fb956ec3,1,1,0,-1,00000000,00000000,0,PASS
37,6,f16,C4,3,4096,256,e34480993503b8a3,1,1,0,-1,00000000,00000000,0,PASS
37,6,f16,C0,4,4096,256,0e5df645d4a90383,1,1,0,-1,00000000,00000000,0,PASS
37,6,f16,C1,4,4096,256,cb611474e6bf1763,1,1,0,-1,00000000,00000000,0,PASS
37,6,f16,C2,4,4096,256,a668df01d5618865,1,1,0,-1,00000000,00000000,0,PASS
37,6,f16,C3,4,4096,256,cb280abd96111cb0,1,1,0,-1,00000000,00000000,0,PASS
37,6,f16,C4,4,4096,256,04144d081eb41f66,1,1,0,-1,00000000,00000000,0,PASS
37,6,f16,C0,5,4096,256,649de072acec0383,1,1,0,-1,00000000,00000000,0,PASS
37,6,f16,C1,5,4096,256,7d3627c9d35592aa,1,1,0,-1,00000000,00000000,0,PASS
37,6,f16,C2,5,4096,256,d13581044f3dfab0,1,1,0,-1,00000000,00000000,0,PASS
37,6,f16,C3,5,4096,256,7160a5aef6574c8b,1,1,0,-1,00000000,00000000,0,PASS
37,6,f16,C4,5,4096,256,9ca02a032bb24fc6,1,1,0,-1,00000000,00000000,0,PASS
37,6,f16,C0,6,4096,256,a7e477a2852f0383,1,1,0,-1,00000000,00000000,0,PASS
37,6,f16,C1,6,4096,256,a8f5fc63ca83b793,1,1,0,-1,00000000,00000000,0,PASS
37,6,f16,C2,6,4096,256,2e2a6a2802a71ed0,1,1,0,-1,00000000,00000000,0,PASS
37,6,f16,C3,6,4096,256,4fdb7919aa7821ca,1,1,0,-1,00000000,00000000,0,PASS
37,6,f16,C4,6,4096,256,e725a82e9783c012,1,1,0,-1,00000000,00000000,0,PASS
37,6,f16,C0,7,4096,256,89f4bbd55d720383,1,1,0,-1,00000000,00000000,0,PASS
37,6,f16,C1,7,4096,256,8a1e5e5f2f1ad85a,1,1,0,-1,00000000,00000000,0,PASS
37,6,f16,C2,7,4096,256,38cba9f3d15ed87c,1,1,0,-1,00000000,00000000,0,PASS
37,6,f16,C3,7,4096,256,e103c29fe2b00b47,1,1,0,-1,00000000,00000000,0,PASS
37,6,f16,C4,7,4096,256,a56d33ae4c8c775a,1,1,0,-1,00000000,00000000,0,PASS
37,6,f16,C0,8,4096,256,bc91ad0b35b50383,1,1,0,-1,00000000,00000000,0,PASS
37,6,f16,C1,8,4096,256,b049445697c9a5c3,1,1,0,-1,00000000,00000000,0,PASS
37,6,f16,C2,8,4096,256,7efc99aea35888c7,1,1,0,-1,00000000,00000000,0,PASS
37,6,f16,C3,8,4096,256,cce7bc32b5033332,1,1,0,-1,00000000,00000000,0,PASS
37,6,f16,C4,8,4096,256,d8f79ecae2861f1f,1,1,0,-1,00000000,00000000,0,PASS
38,0,f16,C0,2,16384,24,bc91ad0b35b50383,1,1,0,-1,00000000,00000000,0,PASS
38,0,f16,C1,2,16384,24,5dc3d7543112adb3,1,1,0,-1,00000000,00000000,0,PASS
38,0,f16,C2,2,16384,24,2182d4551e4fe2a3,1,1,0,-1,00000000,00000000,0,PASS
38,0,f16,C3,2,16384,24,acc98f9fcadf8929,1,1,0,-1,00000000,00000000,0,PASS
38,0,f16,C4,2,16384,24,b25fa2af1f4d979f,1,1,0,-1,00000000,00000000,0,PASS
38,0,f16,C0,3,16384,24,8fc0340096c10383,1,1,0,-1,00000000,00000000,0,PASS
38,0,f16,C1,3,16384,24,b7a628de7278e07a,1,1,0,-1,00000000,00000000,0,PASS
38,0,f16,C2,3,16384,24,05a69f75d2d8e36d,1,1,0,-1,00000000,00000000,0,PASS
38,0,f16,C3,3,16384,24,036e44f9bfecb6a4,1,1,0,-1,00000000,00000000,0,PASS
38,0,f16,C4,3,16384,24,f5166e1daf6a5307,1,1,0,-1,00000000,00000000,0,PASS
38,0,f16,C0,4,16384,24,f8a98b25f7cd0383,1,1,0,-1,00000000,00000000,0,PASS
38,0,f16,C1,4,16384,24,6dd2f6a152781763,1,1,0,-1,00000000,00000000,0,PASS
38,0,f16,C2,4,16384,24,03b1a534c5b2c557,1,1,0,-1,00000000,00000000,0,PASS
38,0,f16,C3,4,16384,24,533168d0ddd09d71,1,1,0,-1,00000000,00000000,0,PASS
38,0,f16,C4,4,16384,24,77f735b69bbdcc77,1,1,0,-1,00000000,00000000,0,PASS
38,0,f16,C0,5,16384,24,680db27b58d90383,1,1,0,-1,00000000,00000000,0,PASS
38,0,f16,C1,5,16384,24,849b32211e8c92aa,1,1,0,-1,00000000,00000000,0,PASS
38,0,f16,C2,5,16384,24,5c63d5b6c8cd0fe7,1,1,0,-1,00000000,00000000,0,PASS
38,0,f16,C3,5,16384,24,596d41db45304223,1,1,0,-1,00000000,00000000,0,PASS
38,0,f16,C4,5,16384,24,afa0291542a0c337,1,1,0,-1,00000000,00000000,0,PASS
38,0,f16,C0,6,16384,24,4eacaa00b9e50383,1,1,0,-1,00000000,00000000,0,PASS
38,0,f16,C1,6,16384,24,aa9ab88976b3b793,1,1,0,-1,00000000,00000000,0,PASS
38,0,f16,C2,6,16384,24,7492baf760eee0bc,1,1,0,-1,00000000,00000000,0,PASS
38,0,f16,C3,6,16384,24,f9295f70040c9433,1,1,0,-1,00000000,00000000,0,PASS
38,0,f16,C4,6,16384,24,f28d61a32b65fc0a,1,1,0,-1,00000000,00000000,0,PASS
38,0,f16,C0,7,16384,24,1d4671b61af10383,1,1,0,-1,00000000,00000000,0,PASS
38,0,f16,C1,7,16384,24,3a7a16ba8fd8d85a,1,1,0,-1,00000000,00000000,0,PASS
38,0,f16,C2,7,16384,24,711aa99ced25a706,1,1,0,-1,00000000,00000000,0,PASS
38,0,f16,C3,7,16384,24,244183d65e21ab35,1,1,0,-1,00000000,00000000,0,PASS
38,0,f16,C4,7,16384,24,6441aebc43e8962a,1,1,0,-1,00000000,00000000,0,PASS
38,0,f16,C0,8,16384,24,449b099b7bfd0383,1,1,0,-1,00000000,00000000,0,PASS
38,0,f16,C1,8,16384,24,80cdba4d8810a5c3,1,1,0,-1,00000000,00000000,0,PASS
38,0,f16,C2,8,16384,24,af28154ffb9ea876,1,1,0,-1,00000000,00000000,0,PASS
38,0,f16,C3,8,16384,24,04afeab1aa4c69b6,1,1,0,-1,00000000,00000000,0,PASS
38,0,f16,C4,8,16384,24,9e50fb1212e9adde,1,1,0,-1,00000000,00000000,0,PASS
38,1,q8_0,C0,2,4096,1024,61e628f524230383,1,1,0,-1,00000000,00000000,0,PASS
38,1,q8_0,C1,2,4096,1024,f3458625c6b0adb3,1,1,0,-1,00000000,00000000,0,PASS
38,1,q8_0,C2,2,4096,1024,eaa8b46e71e992b4,1,1,0,-1,00000000,00000000,0,PASS
38,1,q8_0,C3,2,4096,1024,1220e27dba4cfe64,1,1,0,-1,00000000,00000000,0,PASS
38,1,q8_0,C4,2,4096,1024,4712e9c2b1324d63,1,1,0,-1,00000000,00000000,0,PASS
38,1,q8_0,C0,3,4096,1024,f361b91bfc660383,1,1,0,-1,00000000,00000000,0,PASS
38,1,q8_0,C1,3,4096,1024,36aaaa69a328e07a,1,1,0,-1,00000000,00000000,0,PASS
38,1,q8_0,C2,3,4096,1024,e36dde151415c0df,1,1,0,-1,00000000,00000000,0,PASS
38,1,q8_0,C3,3,4096,1024,321f7298cf244512,1,1,0,-1,00000000,00000000,0,PASS
38,1,q8_0,C4,3,4096,1024,e34480993503b8a3,1,1,0,-1,00000000,00000000,0,PASS
38,1,q8_0,C0,4,4096,1024,0e5df645d4a90383,1,1,0,-1,00000000,00000000,0,PASS
38,1,q8_0,C1,4,4096,1024,cb611474e6bf1763,1,1,0,-1,00000000,00000000,0,PASS
38,1,q8_0,C2,4,4096,1024,a668df01d5618865,1,1,0,-1,00000000,00000000,0,PASS
38,1,q8_0,C3,4,4096,1024,af85f498e1bd163e,1,1,0,-1,00000000,00000000,0,PASS
38,1,q8_0,C4,4,4096,1024,04144d081eb41f66,1,1,0,-1,00000000,00000000,0,PASS
38,1,q8_0,C0,5,4096,1024,649de072acec0383,1,1,0,-1,00000000,00000000,0,PASS
38,1,q8_0,C1,5,4096,1024,7d3627c9d35592aa,1,1,0,-1,00000000,00000000,0,PASS
38,1,q8_0,C2,5,4096,1024,d13581044f3dfab0,1,1,0,-1,00000000,00000000,0,PASS
38,1,q8_0,C3,5,4096,1024,b1c80c180269930f,1,1,0,-1,00000000,00000000,0,PASS
38,1,q8_0,C4,5,4096,1024,9ca02a032bb24fc6,1,1,0,-1,00000000,00000000,0,PASS
38,1,q8_0,C0,6,4096,1024,a7e477a2852f0383,1,1,0,-1,00000000,00000000,0,PASS
38,1,q8_0,C1,6,4096,1024,a8f5fc63ca83b793,1,1,0,-1,00000000,00000000,0,PASS
38,1,q8_0,C2,6,4096,1024,2e2a6a2802a71ed0,1,1,0,-1,00000000,00000000,0,PASS
38,1,q8_0,C3,6,4096,1024,0b33ad3cdc589d5d,1,1,0,-1,00000000,00000000,0,PASS
38,1,q8_0,C4,6,4096,1024,e725a82e9783c012,1,1,0,-1,00000000,00000000,0,PASS
38,1,q8_0,C0,7,4096,1024,89f4bbd55d720383,1,1,0,-1,00000000,00000000,0,PASS
38,1,q8_0,C1,7,4096,1024,8a1e5e5f2f1ad85a,1,1,0,-1,00000000,00000000,0,PASS
38,1,q8_0,C2,7,4096,1024,38cba9f3d15ed87c,1,1,0,-1,00000000,00000000,0,PASS
38,1,q8_0,C3,7,4096,1024,ffb5e0544b8f1ced,1,1,0,-1,00000000,00000000,0,PASS
38,1,q8_0,C4,7,4096,1024,a56d33ae4c8c775a,1,1,0,-1,00000000,00000000,0,PASS
38,1,q8_0,C0,8,4096,1024,bc91ad0b35b50383,1,1,0,-1,00000000,00000000,0,PASS
38,1,q8_0,C1,8,4096,1024,b049445697c9a5c3,1,1,0,-1,00000000,00000000,0,PASS
38,1,q8_0,C2,8,4096,1024,7efc99aea35888c7,1,1,0,-1,00000000,00000000,0,PASS
38,1,q8_0,C3,8,4096,1024,a39db720ef71da60,1,1,0,-1,00000000,00000000,0,PASS
38,1,q8_0,C4,8,4096,1024,d8f79ecae2861f1f,1,1,0,-1,00000000,00000000,0,PASS
38,2,q8_0,C0,2,4096,512,61e628f524230383,1,1,0,-1,00000000,00000000,0,PASS
38,2,q8_0,C1,2,4096,512,f3458625c6b0adb3,1,1,0,-1,00000000,00000000,0,PASS
38,2,q8_0,C2,2,4096,512,eaa8b46e71e992b4,1,1,0,-1,00000000,00000000,0,PASS
38,2,q8_0,C3,2,4096,512,541bc9f9dd9b0437,1,1,0,-1,00000000,00000000,0,PASS
38,2,q8_0,C4,2,4096,512,4712e9c2b1324d63,1,1,0,-1,00000000,00000000,0,PASS
38,2,q8_0,C0,3,4096,512,f361b91bfc660383,1,1,0,-1,00000000,00000000,0,PASS
38,2,q8_0,C1,3,4096,512,36aaaa69a328e07a,1,1,0,-1,00000000,00000000,0,PASS
38,2,q8_0,C2,3,4096,512,e36dde151415c0df,1,1,0,-1,00000000,00000000,0,PASS
38,2,q8_0,C3,3,4096,512,68c7a35e0bd53d63,1,1,0,-1,00000000,00000000,0,PASS
38,2,q8_0,C4,3,4096,512,e34480993503b8a3,1,1,0,-1,00000000,00000000,0,PASS
38,2,q8_0,C0,4,4096,512,0e5df645d4a90383,1,1,0,-1,00000000,00000000,0,PASS
38,2,q8_0,C1,4,4096,512,cb611474e6bf1763,1,1,0,-1,00000000,00000000,0,PASS
38,2,q8_0,C2,4,4096,512,a668df01d5618865,1,1,0,-1,00000000,00000000,0,PASS
38,2,q8_0,C3,4,4096,512,ef9d553a4d1e5046,1,1,0,-1,00000000,00000000,0,PASS
38,2,q8_0,C4,4,4096,512,04144d081eb41f66,1,1,0,-1,00000000,00000000,0,PASS
38,2,q8_0,C0,5,4096,512,649de072acec0383,1,1,0,-1,00000000,00000000,0,PASS
38,2,q8_0,C1,5,4096,512,7d3627c9d35592aa,1,1,0,-1,00000000,00000000,0,PASS
38,2,q8_0,C2,5,4096,512,d13581044f3dfab0,1,1,0,-1,00000000,00000000,0,PASS
38,2,q8_0,C3,5,4096,512,51d36d4cd62ff55f,1,1,0,-1,00000000,00000000,0,PASS
38,2,q8_0,C4,5,4096,512,9ca02a032bb24fc6,1,1,0,-1,00000000,00000000,0,PASS
38,2,q8_0,C0,6,4096,512,a7e477a2852f0383,1,1,0,-1,00000000,00000000,0,PASS
38,2,q8_0,C1,6,4096,512,a8f5fc63ca83b793,1,1,0,-1,00000000,00000000,0,PASS
38,2,q8_0,C2,6,4096,512,2e2a6a2802a71ed0,1,1,0,-1,00000000,00000000,0,PASS
38,2,q8_0,C3,6,4096,512,d8de127616d3ceba,1,1,0,-1,00000000,00000000,0,PASS
38,2,q8_0,C4,6,4096,512,e725a82e9783c012,1,1,0,-1,00000000,00000000,0,PASS
38,2,q8_0,C0,7,4096,512,89f4bbd55d720383,1,1,0,-1,00000000,00000000,0,PASS
38,2,q8_0,C1,7,4096,512,8a1e5e5f2f1ad85a,1,1,0,-1,00000000,00000000,0,PASS
38,2,q8_0,C2,7,4096,512,38cba9f3d15ed87c,1,1,0,-1,00000000,00000000,0,PASS
38,2,q8_0,C3,7,4096,512,18c1d64541a53921,1,1,0,-1,00000000,00000000,0,PASS
38,2,q8_0,C4,7,4096,512,a56d33ae4c8c775a,1,1,0,-1,00000000,00000000,0,PASS
38,2,q8_0,C0,8,4096,512,bc91ad0b35b50383,1,1,0,-1,00000000,00000000,0,PASS
38,2,q8_0,C1,8,4096,512,b049445697c9a5c3,1,1,0,-1,00000000,00000000,0,PASS
38,2,q8_0,C2,8,4096,512,7efc99aea35888c7,1,1,0,-1,00000000,00000000,0,PASS
38,2,q8_0,C3,8,4096,512,d0acf62fcc0ed543,1,1,0,-1,00000000,00000000,0,PASS
38,2,q8_0,C4,8,4096,512,d8f79ecae2861f1f,1,1,0,-1,00000000,00000000,0,PASS
38,3,q8_0,C0,2,1024,32768,66a385207fbe8383,1,1,0,-1,00000000,00000000,0,PASS
38,3,q8_0,C1,2,1024,32768,ea4b97e88c182db3,1,1,0,-1,00000000,00000000,0,PASS
38,3,q8_0,C2,2,1024,32768,70800d37477b9cc9,1,1,0,-1,00000000,00000000,0,PASS
38,3,q8_0,C3,2,1024,32768,880c35cc362efaf6,1,1,0,-1,00000000,00000000,0,PASS
38,3,q8_0,C4,2,1024,32768,71e3b48a7ebcb79f,1,1,0,-1,00000000,00000000,0,PASS
38,3,q8_0,C0,3,1024,32768,09b99610cdcf4383,1,1,0,-1,00000000,00000000,0,PASS
38,3,q8_0,C1,3,1024,32768,f303d2023f54e07a,1,1,0,-1,00000000,00000000,0,PASS
38,3,q8_0,C2,3,1024,32768,17b139ff4bb1b56e,1,1,0,-1,00000000,00000000,0,PASS
38,3,q8_0,C3,3,1024,32768,f9aeff6ab767955d,1,1,0,-1,00000000,00000000,0,PASS
38,3,q8_0,C4,3,1024,32768,7684a1bb04066307,1,1,0,-1,00000000,00000000,0,PASS
38,3,q8_0,C0,4,1024,32768,a82845d14be00383,1,1,0,-1,00000000,00000000,0,PASS
38,3,q8_0,C1,4,1024,32768,829e2379d3d0d763,1,1,0,-1,00000000,00000000,0,PASS
38,3,q8_0,C2,4,1024,32768,2c41771fb26e6aa4,1,1,0,-1,00000000,00000000,0,PASS
38,3,q8_0,C3,4,1024,32768,7ed60d05ec8166ce,1,1,0,-1,00000000,00000000,0,PASS
38,3,q8_0,C4,4,1024,32768,00c364baeed7cc77,1,1,0,-1,00000000,00000000,0,PASS
38,3,q8_0,C0,5,1024,32768,a536a061f9f0c383,1,1,0,-1,00000000,00000000,0,PASS
38,3,q8_0,C1,5,1024,32768,cd5cb4a48887d2aa,1,1,0,-1,00000000,00000000,0,PASS
38,3,q8_0,C2,5,1024,32768,fe68e9da3c4fa0b4,1,1,0,-1,00000000,00000000,0,PASS
38,3,q8_0,C3,5,1024,32768,2f8d03dce0d696b3,1,1,0,-1,00000000,00000000,0,PASS
38,3,q8_0,C4,5,1024,32768,85d67414a04db337,1,1,0,-1,00000000,00000000,0,PASS
38,3,q8_0,C0,6,1024,32768,e72bb1c2d8018383,1,1,0,-1,00000000,00000000,0,PASS
38,3,q8_0,C1,6,1024,32768,606b07352f77b793,1,1,0,-1,00000000,00000000,0,PASS
38,3,q8_0,C2,6,1024,32768,aac88d06cc8d8c24,1,1,0,-1,00000000,00000000,0,PASS
38,3,q8_0,C3,6,1024,32768,378e5e89617e4852,1,1,0,-1,00000000,00000000,0,PASS
38,3,q8_0,C4,6,1024,32768,90a3e3c502279c0a,1,1,0,-1,00000000,00000000,0,PASS
38,3,q8_0,C0,7,1024,32768,d74e85f3e6124383,1,1,0,-1,00000000,00000000,0,PASS
38,3,q8_0,C1,7,1024,32768,0680c4d6b6eb585a,1,1,0,-1,00000000,00000000,0,PASS
38,3,q8_0,C2,7,1024,32768,68aeccecb4841b1a,1,1,0,-1,00000000,00000000,0,PASS
38,3,q8_0,C3,7,1024,32768,694d2b82afcfa40d,1,1,0,-1,00000000,00000000,0,PASS
38,3,q8_0,C4,7,1024,32768,e3547e032da9e62a,1,1,0,-1,00000000,00000000,0,PASS
38,3,q8_0,C0,8,1024,32768,61e628f524230383,1,1,0,-1,00000000,00000000,0,PASS
38,3,q8_0,C1,8,1024,32768,f5568f1793b7e5c3,1,1,0,-1,00000000,00000000,0,PASS
38,3,q8_0,C2,8,1024,32768,f510f9a7c42e2707,1,1,0,-1,00000000,00000000,0,PASS
38,3,q8_0,C3,8,1024,32768,1a25c267d3b11b2c,1,1,0,-1,00000000,00000000,0,PASS
38,3,q8_0,C4,8,1024,32768,bb27994fbd6c0dde,1,1,0,-1,00000000,00000000,0,PASS
38,4,q8_0,C0,2,8192,4096,0e5df645d4a90383,1,1,0,-1,00000000,00000000,0,PASS
38,4,q8_0,C1,2,8192,4096,a7596f63ea26adb3,1,1,0,-1,00000000,00000000,0,PASS
38,4,q8_0,C2,2,8192,4096,6024392d967b7573,1,1,0,-1,00000000,00000000,0,PASS
38,4,q8_0,C3,2,8192,4096,b1b2da2fabece43c,1,1,0,-1,00000000,00000000,0,PASS
38,4,q8_0,C4,2,8192,4096,756a42230c87de66,1,1,0,-1,00000000,00000000,0,PASS
38,4,q8_0,C0,3,8192,4096,a7e477a2852f0383,1,1,0,-1,00000000,00000000,0,PASS
38,4,q8_0,C1,3,8192,4096,40f463593d98e07a,1,1,0,-1,00000000,00000000,0,PASS
38,4,q8_0,C2,3,8192,4096,6bda8fe4c61d0fba,1,1,0,-1,00000000,00000000,0,PASS
38,4,q8_0,C3,3,8192,4096,17180ce8c87cf446,1,1,0,-1,00000000,00000000,0,PASS
38,4,q8_0,C4,3,8192,4096,7ef18a95c50f9806,1,1,0,-1,00000000,00000000,0,PASS
38,4,q8_0,C0,4,8192,4096,bc91ad0b35b50383,1,1,0,-1,00000000,00000000,0,PASS
38,4,q8_0,C1,4,8192,4096,1e7b80deb5521763,1,1,0,-1,00000000,00000000,0,PASS
38,4,q8_0,C2,4,8192,4096,95646a8ebd044b5d,1,1,0,-1,00000000,00000000,0,PASS
38,4,q8_0,C3,4,8192,4096,63a19c0edb7a164d,1,1,0,-1,00000000,00000000,0,PASS
38,4,q8_0,C4,4,8192,4096,7b7263e3adedcd6f,1,1,0,-1,00000000,00000000,0,PASS
38,4,q8_0,C0,5,8192,4096,da7d967fe63b0383,1,1,0,-1,00000000,00000000,0,PASS
38,4,q8_0,C1,5,8192,4096,2439109c971292aa,1,1,0,-1,00000000,00000000,0,PASS
38,4,q8_0,C2,5,8192,4096,ac7103964b5c796d,1,1,0,-1,00000000,00000000,0,PASS
38,4,q8_0,C3,5,8192,4096,5bbcb766a1d0f468,1,1,0,-1,00000000,00000000,0,PASS
38,4,q8_0,C4,5,8192,4096,84cd276f9ee09557,1,1,0,-1,00000000,00000000,0,PASS
38,4,q8_0,C0,6,8192,4096,8fc0340096c10383,1,1,0,-1,00000000,00000000,0,PASS
38,4,q8_0,C1,6,8192,4096,6b7fdec3ae93b793,1,1,0,-1,00000000,00000000,0,PASS
38,4,q8_0,C2,6,8192,4096,158880dca80356a5,1,1,0,-1,00000000,00000000,0,PASS
38,4,q8_0,C3,6,8192,4096,f00b5621291187c2,1,1,0,-1,00000000,00000000,0,PASS
38,4,q8_0,C4,6,8192,4096,6fb2cac120b4a24e,1,1,0,-1,00000000,00000000,0,PASS
38,4,q8_0,C0,7,8192,4096,6a71858d47470383,1,1,0,-1,00000000,00000000,0,PASS
38,4,q8_0,C1,7,8192,4096,665eaf56fa04d85a,1,1,0,-1,00000000,00000000,0,PASS
38,4,q8_0,C2,7,8192,4096,d0efefe3fcd897e2,1,1,0,-1,00000000,00000000,0,PASS
38,4,q8_0,C3,7,8192,4096,a856a6f1171319bb,1,1,0,-1,00000000,00000000,0,PASS
38,4,q8_0,C4,7,8192,4096,90b943a9e7d55d36,1,1,0,-1,00000000,00000000,0,PASS
38,4,q8_0,C0,8,8192,4096,f8a98b25f7cd0383,1,1,0,-1,00000000,00000000,0,PASS
38,4,q8_0,C1,8,8192,4096,c26c1a6b3d36a5c3,1,1,0,-1,00000000,00000000,0,PASS
38,4,q8_0,C2,8,8192,4096,95ac06e3a54b4ef2,1,1,0,-1,00000000,00000000,0,PASS
38,4,q8_0,C3,8,8192,4096,2822f03dba08196c,1,1,0,-1,00000000,00000000,0,PASS
38,4,q8_0,C4,8,8192,4096,3da45e1f8a9f3b1f,1,1,0,-1,00000000,00000000,0,PASS
38,5,f16,C0,2,16384,24,bc91ad0b35b50383,1,1,0,-1,00000000,00000000,0,PASS
38,5,f16,C1,2,16384,24,5dc3d7543112adb3,1,1,0,-1,00000000,00000000,0,PASS
38,5,f16,C2,2,16384,24,2182d4551e4fe2a3,1,1,0,-1,00000000,00000000,0,PASS
38,5,f16,C3,2,16384,24,a2a23e27f4be0819,1,1,0,-1,00000000,00000000,0,PASS
38,5,f16,C4,2,16384,24,b25fa2af1f4d979f,1,1,0,-1,00000000,00000000,0,PASS
38,5,f16,C0,3,16384,24,8fc0340096c10383,1,1,0,-1,00000000,00000000,0,PASS
38,5,f16,C1,3,16384,24,b7a628de7278e07a,1,1,0,-1,00000000,00000000,0,PASS
38,5,f16,C2,3,16384,24,05a69f75d2d8e36d,1,1,0,-1,00000000,00000000,0,PASS
38,5,f16,C3,3,16384,24,4f1d3ab98cc2f62f,1,1,0,-1,00000000,00000000,0,PASS
38,5,f16,C4,3,16384,24,f5166e1daf6a5307,1,1,0,-1,00000000,00000000,0,PASS
38,5,f16,C0,4,16384,24,f8a98b25f7cd0383,1,1,0,-1,00000000,00000000,0,PASS
38,5,f16,C1,4,16384,24,6dd2f6a152781763,1,1,0,-1,00000000,00000000,0,PASS
38,5,f16,C2,4,16384,24,03b1a534c5b2c557,1,1,0,-1,00000000,00000000,0,PASS
38,5,f16,C3,4,16384,24,48e3393951854a98,1,1,0,-1,00000000,00000000,0,PASS
38,5,f16,C4,4,16384,24,77f735b69bbdcc77,1,1,0,-1,00000000,00000000,0,PASS
38,5,f16,C0,5,16384,24,680db27b58d90383,1,1,0,-1,00000000,00000000,0,PASS
38,5,f16,C1,5,16384,24,849b32211e8c92aa,1,1,0,-1,00000000,00000000,0,PASS
38,5,f16,C2,5,16384,24,5c63d5b6c8cd0fe7,1,1,0,-1,00000000,00000000,0,PASS
38,5,f16,C3,5,16384,24,e51bc631582640d3,1,1,0,-1,00000000,00000000,0,PASS
38,5,f16,C4,5,16384,24,afa0291542a0c337,1,1,0,-1,00000000,00000000,0,PASS
38,5,f16,C0,6,16384,24,4eacaa00b9e50383,1,1,0,-1,00000000,00000000,0,PASS
38,5,f16,C1,6,16384,24,aa9ab88976b3b793,1,1,0,-1,00000000,00000000,0,PASS
38,5,f16,C2,6,16384,24,7492baf760eee0bc,1,1,0,-1,00000000,00000000,0,PASS
38,5,f16,C3,6,16384,24,b66f7c71b028f3ff,1,1,0,-1,00000000,00000000,0,PASS
38,5,f16,C4,6,16384,24,f28d61a32b65fc0a,1,1,0,-1,00000000,00000000,0,PASS
38,5,f16,C0,7,16384,24,1d4671b61af10383,1,1,0,-1,00000000,00000000,0,PASS
38,5,f16,C1,7,16384,24,3a7a16ba8fd8d85a,1,1,0,-1,00000000,00000000,0,PASS
38,5,f16,C2,7,16384,24,711aa99ced25a706,1,1,0,-1,00000000,00000000,0,PASS
38,5,f16,C3,7,16384,24,4e604fb18e73d821,1,1,0,-1,00000000,00000000,0,PASS
38,5,f16,C4,7,16384,24,6441aebc43e8962a,1,1,0,-1,00000000,00000000,0,PASS
38,5,f16,C0,8,16384,24,449b099b7bfd0383,1,1,0,-1,00000000,00000000,0,PASS
38,5,f16,C1,8,16384,24,80cdba4d8810a5c3,1,1,0,-1,00000000,00000000,0,PASS
38,5,f16,C2,8,16384,24,af28154ffb9ea876,1,1,0,-1,00000000,00000000,0,PASS
38,5,f16,C3,8,16384,24,5aa8747fcb577c1a,1,1,0,-1,00000000,00000000,0,PASS
38,5,f16,C4,8,16384,24,9e50fb1212e9adde,1,1,0,-1,00000000,00000000,0,PASS
38,6,f16,C0,2,4096,256,61e628f524230383,1,1,0,-1,00000000,00000000,0,PASS
38,6,f16,C1,2,4096,256,f3458625c6b0adb3,1,1,0,-1,00000000,00000000,0,PASS
38,6,f16,C2,2,4096,256,eaa8b46e71e992b4,1,1,0,-1,00000000,00000000,0,PASS
38,6,f16,C3,2,4096,256,5edcd25e4e0b28f6,1,1,0,-1,00000000,00000000,0,PASS
38,6,f16,C4,2,4096,256,4712e9c2b1324d63,1,1,0,-1,00000000,00000000,0,PASS
38,6,f16,C0,3,4096,256,f361b91bfc660383,1,1,0,-1,00000000,00000000,0,PASS
38,6,f16,C1,3,4096,256,36aaaa69a328e07a,1,1,0,-1,00000000,00000000,0,PASS
38,6,f16,C2,3,4096,256,e36dde151415c0df,1,1,0,-1,00000000,00000000,0,PASS
38,6,f16,C3,3,4096,256,b32679ea057a1fde,1,1,0,-1,00000000,00000000,0,PASS
38,6,f16,C4,3,4096,256,e34480993503b8a3,1,1,0,-1,00000000,00000000,0,PASS
38,6,f16,C0,4,4096,256,0e5df645d4a90383,1,1,0,-1,00000000,00000000,0,PASS
38,6,f16,C1,4,4096,256,cb611474e6bf1763,1,1,0,-1,00000000,00000000,0,PASS
38,6,f16,C2,4,4096,256,a668df01d5618865,1,1,0,-1,00000000,00000000,0,PASS
38,6,f16,C3,4,4096,256,5ca382db799e98e6,1,1,0,-1,00000000,00000000,0,PASS
38,6,f16,C4,4,4096,256,04144d081eb41f66,1,1,0,-1,00000000,00000000,0,PASS
38,6,f16,C0,5,4096,256,649de072acec0383,1,1,0,-1,00000000,00000000,0,PASS
38,6,f16,C1,5,4096,256,7d3627c9d35592aa,1,1,0,-1,00000000,00000000,0,PASS
38,6,f16,C2,5,4096,256,d13581044f3dfab0,1,1,0,-1,00000000,00000000,0,PASS
38,6,f16,C3,5,4096,256,d49402ea23af8a2e,1,1,0,-1,00000000,00000000,0,PASS
38,6,f16,C4,5,4096,256,9ca02a032bb24fc6,1,1,0,-1,00000000,00000000,0,PASS
38,6,f16,C0,6,4096,256,a7e477a2852f0383,1,1,0,-1,00000000,00000000,0,PASS
38,6,f16,C1,6,4096,256,a8f5fc63ca83b793,1,1,0,-1,00000000,00000000,0,PASS
38,6,f16,C2,6,4096,256,2e2a6a2802a71ed0,1,1,0,-1,00000000,00000000,0,PASS
38,6,f16,C3,6,4096,256,1428545521d74cba,1,1,0,-1,00000000,00000000,0,PASS
38,6,f16,C4,6,4096,256,e725a82e9783c012,1,1,0,-1,00000000,00000000,0,PASS
38,6,f16,C0,7,4096,256,89f4bbd55d720383,1,1,0,-1,00000000,00000000,0,PASS
38,6,f16,C1,7,4096,256,8a1e5e5f2f1ad85a,1,1,0,-1,00000000,00000000,0,PASS
38,6,f16,C2,7,4096,256,38cba9f3d15ed87c,1,1,0,-1,00000000,00000000,0,PASS
38,6,f16,C3,7,4096,256,bef3ea6bd54901ce,1,1,0,-1,00000000,00000000,0,PASS
38,6,f16,C4,7,4096,256,a56d33ae4c8c775a,1,1,0,-1,00000000,00000000,0,PASS
38,6,f16,C0,8,4096,256,bc91ad0b35b50383,1,1,0,-1,00000000,00000000,0,PASS
38,6,f16,C1,8,4096,256,b049445697c9a5c3,1,1,0,-1,00000000,00000000,0,PASS
38,6,f16,C2,8,4096,256,7efc99aea35888c7,1,1,0,-1,00000000,00000000,0,PASS
38,6,f16,C3,8,4096,256,b411b88d979eeb8c,1,1,0,-1,00000000,00000000,0,PASS
38,6,f16,C4,8,4096,256,d8f79ecae2861f1f,1,1,0,-1,00000000,00000000,0,PASS
39,0,f16,C0,2,16384,24,bc91ad0b35b50383,1,1,0,-1,00000000,00000000,0,PASS
39,0,f16,C1,2,16384,24,5dc3d7543112adb3,1,1,0,-1,00000000,00000000,0,PASS
39,0,f16,C2,2,16384,24,2182d4551e4fe2a3,1,1,0,-1,00000000,00000000,0,PASS
39,0,f16,C3,2,16384,24,45a2a4fdf0aa3eb5,1,1,0,-1,00000000,00000000,0,PASS
39,0,f16,C4,2,16384,24,b25fa2af1f4d979f,1,1,0,-1,00000000,00000000,0,PASS
39,0,f16,C0,3,16384,24,8fc0340096c10383,1,1,0,-1,00000000,00000000,0,PASS
39,0,f16,C1,3,16384,24,b7a628de7278e07a,1,1,0,-1,00000000,00000000,0,PASS
39,0,f16,C2,3,16384,24,05a69f75d2d8e36d,1,1,0,-1,00000000,00000000,0,PASS
39,0,f16,C3,3,16384,24,ff470f1f471e5729,1,1,0,-1,00000000,00000000,0,PASS
39,0,f16,C4,3,16384,24,f5166e1daf6a5307,1,1,0,-1,00000000,00000000,0,PASS
39,0,f16,C0,4,16384,24,f8a98b25f7cd0383,1,1,0,-1,00000000,00000000,0,PASS
39,0,f16,C1,4,16384,24,6dd2f6a152781763,1,1,0,-1,00000000,00000000,0,PASS
39,0,f16,C2,4,16384,24,03b1a534c5b2c557,1,1,0,-1,00000000,00000000,0,PASS
39,0,f16,C3,4,16384,24,2aee605063610d7e,1,1,0,-1,00000000,00000000,0,PASS
39,0,f16,C4,4,16384,24,77f735b69bbdcc77,1,1,0,-1,00000000,00000000,0,PASS
39,0,f16,C0,5,16384,24,680db27b58d90383,1,1,0,-1,00000000,00000000,0,PASS
39,0,f16,C1,5,16384,24,849b32211e8c92aa,1,1,0,-1,00000000,00000000,0,PASS
39,0,f16,C2,5,16384,24,5c63d5b6c8cd0fe7,1,1,0,-1,00000000,00000000,0,PASS
39,0,f16,C3,5,16384,24,efd90f35bd771e16,1,1,0,-1,00000000,00000000,0,PASS
39,0,f16,C4,5,16384,24,afa0291542a0c337,1,1,0,-1,00000000,00000000,0,PASS
39,0,f16,C0,6,16384,24,4eacaa00b9e50383,1,1,0,-1,00000000,00000000,0,PASS
39,0,f16,C1,6,16384,24,aa9ab88976b3b793,1,1,0,-1,00000000,00000000,0,PASS
39,0,f16,C2,6,16384,24,7492baf760eee0bc,1,1,0,-1,00000000,00000000,0,PASS
39,0,f16,C3,6,16384,24,cf2c85d7ed4d3ba8,1,1,0,-1,00000000,00000000,0,PASS
39,0,f16,C4,6,16384,24,f28d61a32b65fc0a,1,1,0,-1,00000000,00000000,0,PASS
39,0,f16,C0,7,16384,24,1d4671b61af10383,1,1,0,-1,00000000,00000000,0,PASS
39,0,f16,C1,7,16384,24,3a7a16ba8fd8d85a,1,1,0,-1,00000000,00000000,0,PASS
39,0,f16,C2,7,16384,24,711aa99ced25a706,1,1,0,-1,00000000,00000000,0,PASS
39,0,f16,C3,7,16384,24,56b187a5a1c6af47,1,1,0,-1,00000000,00000000,0,PASS
39,0,f16,C4,7,16384,24,6441aebc43e8962a,1,1,0,-1,00000000,00000000,0,PASS
39,0,f16,C0,8,16384,24,449b099b7bfd0383,1,1,0,-1,00000000,00000000,0,PASS
39,0,f16,C1,8,16384,24,80cdba4d8810a5c3,1,1,0,-1,00000000,00000000,0,PASS
39,0,f16,C2,8,16384,24,af28154ffb9ea876,1,1,0,-1,00000000,00000000,0,PASS
39,0,f16,C3,8,16384,24,5aedf9f8fcc23a45,1,1,0,-1,00000000,00000000,0,PASS
39,0,f16,C4,8,16384,24,9e50fb1212e9adde,1,1,0,-1,00000000,00000000,0,PASS
39,1,q8_0,C0,2,4096,1024,61e628f524230383,1,1,0,-1,00000000,00000000,0,PASS
39,1,q8_0,C1,2,4096,1024,f3458625c6b0adb3,1,1,0,-1,00000000,00000000,0,PASS
39,1,q8_0,C2,2,4096,1024,eaa8b46e71e992b4,1,1,0,-1,00000000,00000000,0,PASS
39,1,q8_0,C3,2,4096,1024,c844a7042f9de078,1,1,0,-1,00000000,00000000,0,PASS
39,1,q8_0,C4,2,4096,1024,4712e9c2b1324d63,1,1,0,-1,00000000,00000000,0,PASS
39,1,q8_0,C0,3,4096,1024,f361b91bfc660383,1,1,0,-1,00000000,00000000,0,PASS
39,1,q8_0,C1,3,4096,1024,36aaaa69a328e07a,1,1,0,-1,00000000,00000000,0,PASS
39,1,q8_0,C2,3,4096,1024,e36dde151415c0df,1,1,0,-1,00000000,00000000,0,PASS
39,1,q8_0,C3,3,4096,1024,3a5c0d8bccfe260e,1,1,0,-1,00000000,00000000,0,PASS
39,1,q8_0,C4,3,4096,1024,e34480993503b8a3,1,1,0,-1,00000000,00000000,0,PASS
39,1,q8_0,C0,4,4096,1024,0e5df645d4a90383,1,1,0,-1,00000000,00000000,0,PASS
39,1,q8_0,C1,4,4096,1024,cb611474e6bf1763,1,1,0,-1,00000000,00000000,0,PASS
39,1,q8_0,C2,4,4096,1024,a668df01d5618865,1,1,0,-1,00000000,00000000,0,PASS
39,1,q8_0,C3,4,4096,1024,9e05936f33f4513f,1,1,0,-1,00000000,00000000,0,PASS
39,1,q8_0,C4,4,4096,1024,04144d081eb41f66,1,1,0,-1,00000000,00000000,0,PASS
39,1,q8_0,C0,5,4096,1024,649de072acec0383,1,1,0,-1,00000000,00000000,0,PASS
39,1,q8_0,C1,5,4096,1024,7d3627c9d35592aa,1,1,0,-1,00000000,00000000,0,PASS
39,1,q8_0,C2,5,4096,1024,d13581044f3dfab0,1,1,0,-1,00000000,00000000,0,PASS
39,1,q8_0,C3,5,4096,1024,00086ad1d610ee3c,1,1,0,-1,00000000,00000000,0,PASS
39,1,q8_0,C4,5,4096,1024,9ca02a032bb24fc6,1,1,0,-1,00000000,00000000,0,PASS
39,1,q8_0,C0,6,4096,1024,a7e477a2852f0383,1,1,0,-1,00000000,00000000,0,PASS
39,1,q8_0,C1,6,4096,1024,a8f5fc63ca83b793,1,1,0,-1,00000000,00000000,0,PASS
39,1,q8_0,C2,6,4096,1024,2e2a6a2802a71ed0,1,1,0,-1,00000000,00000000,0,PASS
39,1,q8_0,C3,6,4096,1024,7306ea39512cc06d,1,1,0,-1,00000000,00000000,0,PASS
39,1,q8_0,C4,6,4096,1024,e725a82e9783c012,1,1,0,-1,00000000,00000000,0,PASS
39,1,q8_0,C0,7,4096,1024,89f4bbd55d720383,1,1,0,-1,00000000,00000000,0,PASS
39,1,q8_0,C1,7,4096,1024,8a1e5e5f2f1ad85a,1,1,0,-1,00000000,00000000,0,PASS
39,1,q8_0,C2,7,4096,1024,38cba9f3d15ed87c,1,1,0,-1,00000000,00000000,0,PASS
39,1,q8_0,C3,7,4096,1024,80bf11847da9a57a,1,1,0,-1,00000000,00000000,0,PASS
39,1,q8_0,C4,7,4096,1024,a56d33ae4c8c775a,1,1,0,-1,00000000,00000000,0,PASS
39,1,q8_0,C0,8,4096,1024,bc91ad0b35b50383,1,1,0,-1,00000000,00000000,0,PASS
39,1,q8_0,C1,8,4096,1024,b049445697c9a5c3,1,1,0,-1,00000000,00000000,0,PASS
39,1,q8_0,C2,8,4096,1024,7efc99aea35888c7,1,1,0,-1,00000000,00000000,0,PASS
39,1,q8_0,C3,8,4096,1024,6c19c2a4c6e6e816,1,1,0,-1,00000000,00000000,0,PASS
39,1,q8_0,C4,8,4096,1024,d8f79ecae2861f1f,1,1,0,-1,00000000,00000000,0,PASS
39,2,q8_0,C0,2,4096,512,61e628f524230383,1,1,0,-1,00000000,00000000,0,PASS
39,2,q8_0,C1,2,4096,512,f3458625c6b0adb3,1,1,0,-1,00000000,00000000,0,PASS
39,2,q8_0,C2,2,4096,512,eaa8b46e71e992b4,1,1,0,-1,00000000,00000000,0,PASS
39,2,q8_0,C3,2,4096,512,1cef8a46e4515c20,1,1,0,-1,00000000,00000000,0,PASS
39,2,q8_0,C4,2,4096,512,4712e9c2b1324d63,1,1,0,-1,00000000,00000000,0,PASS
39,2,q8_0,C0,3,4096,512,f361b91bfc660383,1,1,0,-1,00000000,00000000,0,PASS
39,2,q8_0,C1,3,4096,512,36aaaa69a328e07a,1,1,0,-1,00000000,00000000,0,PASS
39,2,q8_0,C2,3,4096,512,e36dde151415c0df,1,1,0,-1,00000000,00000000,0,PASS
39,2,q8_0,C3,3,4096,512,5bed007d0f623fc7,1,1,0,-1,00000000,00000000,0,PASS
39,2,q8_0,C4,3,4096,512,e34480993503b8a3,1,1,0,-1,00000000,00000000,0,PASS
39,2,q8_0,C0,4,4096,512,0e5df645d4a90383,1,1,0,-1,00000000,00000000,0,PASS
39,2,q8_0,C1,4,4096,512,cb611474e6bf1763,1,1,0,-1,00000000,00000000,0,PASS
39,2,q8_0,C2,4,4096,512,a668df01d5618865,1,1,0,-1,00000000,00000000,0,PASS
39,2,q8_0,C3,4,4096,512,b630b54d81685e3b,1,1,0,-1,00000000,00000000,0,PASS
39,2,q8_0,C4,4,4096,512,04144d081eb41f66,1,1,0,-1,00000000,00000000,0,PASS
39,2,q8_0,C0,5,4096,512,649de072acec0383,1,1,0,-1,00000000,00000000,0,PASS
39,2,q8_0,C1,5,4096,512,7d3627c9d35592aa,1,1,0,-1,00000000,00000000,0,PASS
39,2,q8_0,C2,5,4096,512,d13581044f3dfab0,1,1,0,-1,00000000,00000000,0,PASS
39,2,q8_0,C3,5,4096,512,cb28107c185342f0,1,1,0,-1,00000000,00000000,0,PASS
39,2,q8_0,C4,5,4096,512,9ca02a032bb24fc6,1,1,0,-1,00000000,00000000,0,PASS
39,2,q8_0,C0,6,4096,512,a7e477a2852f0383,1,1,0,-1,00000000,00000000,0,PASS
39,2,q8_0,C1,6,4096,512,a8f5fc63ca83b793,1,1,0,-1,00000000,00000000,0,PASS
39,2,q8_0,C2,6,4096,512,2e2a6a2802a71ed0,1,1,0,-1,00000000,00000000,0,PASS
39,2,q8_0,C3,6,4096,512,8aff0e0c08d6b765,1,1,0,-1,00000000,00000000,0,PASS
39,2,q8_0,C4,6,4096,512,e725a82e9783c012,1,1,0,-1,00000000,00000000,0,PASS
39,2,q8_0,C0,7,4096,512,89f4bbd55d720383,1,1,0,-1,00000000,00000000,0,PASS
39,2,q8_0,C1,7,4096,512,8a1e5e5f2f1ad85a,1,1,0,-1,00000000,00000000,0,PASS
39,2,q8_0,C2,7,4096,512,38cba9f3d15ed87c,1,1,0,-1,00000000,00000000,0,PASS
39,2,q8_0,C3,7,4096,512,923625d60dd0af4b,1,1,0,-1,00000000,00000000,0,PASS
39,2,q8_0,C4,7,4096,512,a56d33ae4c8c775a,1,1,0,-1,00000000,00000000,0,PASS
39,2,q8_0,C0,8,4096,512,bc91ad0b35b50383,1,1,0,-1,00000000,00000000,0,PASS
39,2,q8_0,C1,8,4096,512,b049445697c9a5c3,1,1,0,-1,00000000,00000000,0,PASS
39,2,q8_0,C2,8,4096,512,7efc99aea35888c7,1,1,0,-1,00000000,00000000,0,PASS
39,2,q8_0,C3,8,4096,512,4b94112aea2dcc63,1,1,0,-1,00000000,00000000,0,PASS
39,2,q8_0,C4,8,4096,512,d8f79ecae2861f1f,1,1,0,-1,00000000,00000000,0,PASS
39,3,q8_0,C0,2,1024,32768,66a385207fbe8383,1,1,0,-1,00000000,00000000,0,PASS
39,3,q8_0,C1,2,1024,32768,ea4b97e88c182db3,1,1,0,-1,00000000,00000000,0,PASS
39,3,q8_0,C2,2,1024,32768,70800d37477b9cc9,1,1,0,-1,00000000,00000000,0,PASS
39,3,q8_0,C3,2,1024,32768,93b181b02cb75d07,1,1,0,-1,00000000,00000000,0,PASS
39,3,q8_0,C4,2,1024,32768,71e3b48a7ebcb79f,1,1,0,-1,00000000,00000000,0,PASS
39,3,q8_0,C0,3,1024,32768,09b99610cdcf4383,1,1,0,-1,00000000,00000000,0,PASS
39,3,q8_0,C1,3,1024,32768,f303d2023f54e07a,1,1,0,-1,00000000,00000000,0,PASS
39,3,q8_0,C2,3,1024,32768,17b139ff4bb1b56e,1,1,0,-1,00000000,00000000,0,PASS
39,3,q8_0,C3,3,1024,32768,8acf170c669d785d,1,1,0,-1,00000000,00000000,0,PASS
39,3,q8_0,C4,3,1024,32768,7684a1bb04066307,1,1,0,-1,00000000,00000000,0,PASS
39,3,q8_0,C0,4,1024,32768,a82845d14be00383,1,1,0,-1,00000000,00000000,0,PASS
39,3,q8_0,C1,4,1024,32768,829e2379d3d0d763,1,1,0,-1,00000000,00000000,0,PASS
39,3,q8_0,C2,4,1024,32768,2c41771fb26e6aa4,1,1,0,-1,00000000,00000000,0,PASS
39,3,q8_0,C3,4,1024,32768,97f0dc37b7f4cbc5,1,1,0,-1,00000000,00000000,0,PASS
39,3,q8_0,C4,4,1024,32768,00c364baeed7cc77,1,1,0,-1,00000000,00000000,0,PASS
39,3,q8_0,C0,5,1024,32768,a536a061f9f0c383,1,1,0,-1,00000000,00000000,0,PASS
39,3,q8_0,C1,5,1024,32768,cd5cb4a48887d2aa,1,1,0,-1,00000000,00000000,0,PASS
39,3,q8_0,C2,5,1024,32768,fe68e9da3c4fa0b4,1,1,0,-1,00000000,00000000,0,PASS
39,3,q8_0,C3,5,1024,32768,f7bb7e2d2a4680db,1,1,0,-1,00000000,00000000,0,PASS
39,3,q8_0,C4,5,1024,32768,85d67414a04db337,1,1,0,-1,00000000,00000000,0,PASS
39,3,q8_0,C0,6,1024,32768,e72bb1c2d8018383,1,1,0,-1,00000000,00000000,0,PASS
39,3,q8_0,C1,6,1024,32768,606b07352f77b793,1,1,0,-1,00000000,00000000,0,PASS
39,3,q8_0,C2,6,1024,32768,aac88d06cc8d8c24,1,1,0,-1,00000000,00000000,0,PASS
39,3,q8_0,C3,6,1024,32768,bc8f87b4c22e2606,1,1,0,-1,00000000,00000000,0,PASS
39,3,q8_0,C4,6,1024,32768,90a3e3c502279c0a,1,1,0,-1,00000000,00000000,0,PASS
39,3,q8_0,C0,7,1024,32768,d74e85f3e6124383,1,1,0,-1,00000000,00000000,0,PASS
39,3,q8_0,C1,7,1024,32768,0680c4d6b6eb585a,1,1,0,-1,00000000,00000000,0,PASS
39,3,q8_0,C2,7,1024,32768,68aeccecb4841b1a,1,1,0,-1,00000000,00000000,0,PASS
39,3,q8_0,C3,7,1024,32768,3932e46f88cc1af1,1,1,0,-1,00000000,00000000,0,PASS
39,3,q8_0,C4,7,1024,32768,e3547e032da9e62a,1,1,0,-1,00000000,00000000,0,PASS
39,3,q8_0,C0,8,1024,32768,61e628f524230383,1,1,0,-1,00000000,00000000,0,PASS
39,3,q8_0,C1,8,1024,32768,f5568f1793b7e5c3,1,1,0,-1,00000000,00000000,0,PASS
39,3,q8_0,C2,8,1024,32768,f510f9a7c42e2707,1,1,0,-1,00000000,00000000,0,PASS
39,3,q8_0,C3,8,1024,32768,667b48e3eb0d2327,1,1,0,-1,00000000,00000000,0,PASS
39,3,q8_0,C4,8,1024,32768,bb27994fbd6c0dde,1,1,0,-1,00000000,00000000,0,PASS
39,4,q8_0,C0,2,8192,4096,0e5df645d4a90383,1,1,0,-1,00000000,00000000,0,PASS
39,4,q8_0,C1,2,8192,4096,a7596f63ea26adb3,1,1,0,-1,00000000,00000000,0,PASS
39,4,q8_0,C2,2,8192,4096,6024392d967b7573,1,1,0,-1,00000000,00000000,0,PASS
39,4,q8_0,C3,2,8192,4096,78c5f0a9e960c11a,1,1,0,-1,00000000,00000000,0,PASS
39,4,q8_0,C4,2,8192,4096,756a42230c87de66,1,1,0,-1,00000000,00000000,0,PASS
39,4,q8_0,C0,3,8192,4096,a7e477a2852f0383,1,1,0,-1,00000000,00000000,0,PASS
39,4,q8_0,C1,3,8192,4096,40f463593d98e07a,1,1,0,-1,00000000,00000000,0,PASS
39,4,q8_0,C2,3,8192,4096,6bda8fe4c61d0fba,1,1,0,-1,00000000,00000000,0,PASS
39,4,q8_0,C3,3,8192,4096,a859865ebd3d3995,1,1,0,-1,00000000,00000000,0,PASS
39,4,q8_0,C4,3,8192,4096,7ef18a95c50f9806,1,1,0,-1,00000000,00000000,0,PASS
39,4,q8_0,C0,4,8192,4096,bc91ad0b35b50383,1,1,0,-1,00000000,00000000,0,PASS
39,4,q8_0,C1,4,8192,4096,1e7b80deb5521763,1,1,0,-1,00000000,00000000,0,PASS
39,4,q8_0,C2,4,8192,4096,95646a8ebd044b5d,1,1,0,-1,00000000,00000000,0,PASS
39,4,q8_0,C3,4,8192,4096,6bf25c66d7d10802,1,1,0,-1,00000000,00000000,0,PASS
39,4,q8_0,C4,4,8192,4096,7b7263e3adedcd6f,1,1,0,-1,00000000,00000000,0,PASS
39,4,q8_0,C0,5,8192,4096,da7d967fe63b0383,1,1,0,-1,00000000,00000000,0,PASS
39,4,q8_0,C1,5,8192,4096,2439109c971292aa,1,1,0,-1,00000000,00000000,0,PASS
39,4,q8_0,C2,5,8192,4096,ac7103964b5c796d,1,1,0,-1,00000000,00000000,0,PASS
39,4,q8_0,C3,5,8192,4096,ad4a6b8c51d77aad,1,1,0,-1,00000000,00000000,0,PASS
39,4,q8_0,C4,5,8192,4096,84cd276f9ee09557,1,1,0,-1,00000000,00000000,0,PASS
39,4,q8_0,C0,6,8192,4096,8fc0340096c10383,1,1,0,-1,00000000,00000000,0,PASS
39,4,q8_0,C1,6,8192,4096,6b7fdec3ae93b793,1,1,0,-1,00000000,00000000,0,PASS
39,4,q8_0,C2,6,8192,4096,158880dca80356a5,1,1,0,-1,00000000,00000000,0,PASS
39,4,q8_0,C3,6,8192,4096,8267cf40d961b8e1,1,1,0,-1,00000000,00000000,0,PASS
39,4,q8_0,C4,6,8192,4096,6fb2cac120b4a24e,1,1,0,-1,00000000,00000000,0,PASS
39,4,q8_0,C0,7,8192,4096,6a71858d47470383,1,1,0,-1,00000000,00000000,0,PASS
39,4,q8_0,C1,7,8192,4096,665eaf56fa04d85a,1,1,0,-1,00000000,00000000,0,PASS
39,4,q8_0,C2,7,8192,4096,d0efefe3fcd897e2,1,1,0,-1,00000000,00000000,0,PASS
39,4,q8_0,C3,7,8192,4096,30cde76441b3c678,1,1,0,-1,00000000,00000000,0,PASS
39,4,q8_0,C4,7,8192,4096,90b943a9e7d55d36,1,1,0,-1,00000000,00000000,0,PASS
39,4,q8_0,C0,8,8192,4096,f8a98b25f7cd0383,1,1,0,-1,00000000,00000000,0,PASS
39,4,q8_0,C1,8,8192,4096,c26c1a6b3d36a5c3,1,1,0,-1,00000000,00000000,0,PASS
39,4,q8_0,C2,8,8192,4096,95ac06e3a54b4ef2,1,1,0,-1,00000000,00000000,0,PASS
39,4,q8_0,C3,8,8192,4096,209880255d18bccd,1,1,0,-1,00000000,00000000,0,PASS
39,4,q8_0,C4,8,8192,4096,3da45e1f8a9f3b1f,1,1,0,-1,00000000,00000000,0,PASS
39,5,f16,C0,2,16384,24,bc91ad0b35b50383,1,1,0,-1,00000000,00000000,0,PASS
39,5,f16,C1,2,16384,24,5dc3d7543112adb3,1,1,0,-1,00000000,00000000,0,PASS
39,5,f16,C2,2,16384,24,2182d4551e4fe2a3,1,1,0,-1,00000000,00000000,0,PASS
39,5,f16,C3,2,16384,24,50f5473322f3c8c7,1,1,0,-1,00000000,00000000,0,PASS
39,5,f16,C4,2,16384,24,b25fa2af1f4d979f,1,1,0,-1,00000000,00000000,0,PASS
39,5,f16,C0,3,16384,24,8fc0340096c10383,1,1,0,-1,00000000,00000000,0,PASS
39,5,f16,C1,3,16384,24,b7a628de7278e07a,1,1,0,-1,00000000,00000000,0,PASS
39,5,f16,C2,3,16384,24,05a69f75d2d8e36d,1,1,0,-1,00000000,00000000,0,PASS
39,5,f16,C3,3,16384,24,fbd21a480c721936,1,1,0,-1,00000000,00000000,0,PASS
39,5,f16,C4,3,16384,24,f5166e1daf6a5307,1,1,0,-1,00000000,00000000,0,PASS
39,5,f16,C0,4,16384,24,f8a98b25f7cd0383,1,1,0,-1,00000000,00000000,0,PASS
39,5,f16,C1,4,16384,24,6dd2f6a152781763,1,1,0,-1,00000000,00000000,0,PASS
39,5,f16,C2,4,16384,24,03b1a534c5b2c557,1,1,0,-1,00000000,00000000,0,PASS
39,5,f16,C3,4,16384,24,b00e8a5e33828cd7,1,1,0,-1,00000000,00000000,0,PASS
39,5,f16,C4,4,16384,24,77f735b69bbdcc77,1,1,0,-1,00000000,00000000,0,PASS
39,5,f16,C0,5,16384,24,680db27b58d90383,1,1,0,-1,00000000,00000000,0,PASS
39,5,f16,C1,5,16384,24,849b32211e8c92aa,1,1,0,-1,00000000,00000000,0,PASS
39,5,f16,C2,5,16384,24,5c63d5b6c8cd0fe7,1,1,0,-1,00000000,00000000,0,PASS
39,5,f16,C3,5,16384,24,ad236a8cb706b941,1,1,0,-1,00000000,00000000,0,PASS
39,5,f16,C4,5,16384,24,afa0291542a0c337,1,1,0,-1,00000000,00000000,0,PASS
39,5,f16,C0,6,16384,24,4eacaa00b9e50383,1,1,0,-1,00000000,00000000,0,PASS
39,5,f16,C1,6,16384,24,aa9ab88976b3b793,1,1,0,-1,00000000,00000000,0,PASS
39,5,f16,C2,6,16384,24,7492baf760eee0bc,1,1,0,-1,00000000,00000000,0,PASS
39,5,f16,C3,6,16384,24,507085893a302968,1,1,0,-1,00000000,00000000,0,PASS
39,5,f16,C4,6,16384,24,f28d61a32b65fc0a,1,1,0,-1,00000000,00000000,0,PASS
39,5,f16,C0,7,16384,24,1d4671b61af10383,1,1,0,-1,00000000,00000000,0,PASS
39,5,f16,C1,7,16384,24,3a7a16ba8fd8d85a,1,1,0,-1,00000000,00000000,0,PASS
39,5,f16,C2,7,16384,24,711aa99ced25a706,1,1,0,-1,00000000,00000000,0,PASS
39,5,f16,C3,7,16384,24,ab385b2c398b5270,1,1,0,-1,00000000,00000000,0,PASS
39,5,f16,C4,7,16384,24,6441aebc43e8962a,1,1,0,-1,00000000,00000000,0,PASS
39,5,f16,C0,8,16384,24,449b099b7bfd0383,1,1,0,-1,00000000,00000000,0,PASS
39,5,f16,C1,8,16384,24,80cdba4d8810a5c3,1,1,0,-1,00000000,00000000,0,PASS
39,5,f16,C2,8,16384,24,af28154ffb9ea876,1,1,0,-1,00000000,00000000,0,PASS
39,5,f16,C3,8,16384,24,eeebc9f51a8d5412,1,1,0,-1,00000000,00000000,0,PASS
39,5,f16,C4,8,16384,24,9e50fb1212e9adde,1,1,0,-1,00000000,00000000,0,PASS
39,6,f16,C0,2,4096,256,61e628f524230383,1,1,0,-1,00000000,00000000,0,PASS
39,6,f16,C1,2,4096,256,f3458625c6b0adb3,1,1,0,-1,00000000,00000000,0,PASS
39,6,f16,C2,2,4096,256,eaa8b46e71e992b4,1,1,0,-1,00000000,00000000,0,PASS
39,6,f16,C3,2,4096,256,f795d73f911c4d6c,1,1,0,-1,00000000,00000000,0,PASS
39,6,f16,C4,2,4096,256,4712e9c2b1324d63,1,1,0,-1,00000000,00000000,0,PASS
39,6,f16,C0,3,4096,256,f361b91bfc660383,1,1,0,-1,00000000,00000000,0,PASS
39,6,f16,C1,3,4096,256,36aaaa69a328e07a,1,1,0,-1,00000000,00000000,0,PASS
39,6,f16,C2,3,4096,256,e36dde151415c0df,1,1,0,-1,00000000,00000000,0,PASS
39,6,f16,C3,3,4096,256,dcea74b308f43262,1,1,0,-1,00000000,00000000,0,PASS
39,6,f16,C4,3,4096,256,e34480993503b8a3,1,1,0,-1,00000000,00000000,0,PASS
39,6,f16,C0,4,4096,256,0e5df645d4a90383,1,1,0,-1,00000000,00000000,0,PASS
39,6,f16,C1,4,4096,256,cb611474e6bf1763,1,1,0,-1,00000000,00000000,0,PASS
39,6,f16,C2,4,4096,256,a668df01d5618865,1,1,0,-1,00000000,00000000,0,PASS
39,6,f16,C3,4,4096,256,4d3fc3801db642d0,1,1,0,-1,00000000,00000000,0,PASS
39,6,f16,C4,4,4096,256,04144d081eb41f66,1,1,0,-1,00000000,00000000,0,PASS
39,6,f16,C0,5,4096,256,649de072acec0383,1,1,0,-1,00000000,00000000,0,PASS
39,6,f16,C1,5,4096,256,7d3627c9d35592aa,1,1,0,-1,00000000,00000000,0,PASS
39,6,f16,C2,5,4096,256,d13581044f3dfab0,1,1,0,-1,00000000,00000000,0,PASS
39,6,f16,C3,5,4096,256,11ff91922592b2d8,1,1,0,-1,00000000,00000000,0,PASS
39,6,f16,C4,5,4096,256,9ca02a032bb24fc6,1,1,0,-1,00000000,00000000,0,PASS
39,6,f16,C0,6,4096,256,a7e477a2852f0383,1,1,0,-1,00000000,00000000,0,PASS
39,6,f16,C1,6,4096,256,a8f5fc63ca83b793,1,1,0,-1,00000000,00000000,0,PASS
39,6,f16,C2,6,4096,256,2e2a6a2802a71ed0,1,1,0,-1,00000000,00000000,0,PASS
39,6,f16,C3,6,4096,256,507cd02dfee2dc25,1,1,0,-1,00000000,00000000,0,PASS
39,6,f16,C4,6,4096,256,e725a82e9783c012,1,1,0,-1,00000000,00000000,0,PASS
39,6,f16,C0,7,4096,256,89f4bbd55d720383,1,1,0,-1,00000000,00000000,0,PASS
39,6,f16,C1,7,4096,256,8a1e5e5f2f1ad85a,1,1,0,-1,00000000,00000000,0,PASS
39,6,f16,C2,7,4096,256,38cba9f3d15ed87c,1,1,0,-1,00000000,00000000,0,PASS
39,6,f16,C3,7,4096,256,2745021d4f8223b0,1,1,0,-1,00000000,00000000,0,PASS
39,6,f16,C4,7,4096,256,a56d33ae4c8c775a,1,1,0,-1,00000000,00000000,0,PASS
39,6,f16,C0,8,4096,256,bc91ad0b35b50383,1,1,0,-1,00000000,00000000,0,PASS
39,6,f16,C1,8,4096,256,b049445697c9a5c3,1,1,0,-1,00000000,00000000,0,PASS
39,6,f16,C2,8,4096,256,7efc99aea35888c7,1,1,0,-1,00000000,00000000,0,PASS
39,6,f16,C3,8,4096,256,f90b6b7020256b54,1,1,0,-1,00000000,00000000,0,PASS
39,6,f16,C4,8,4096,256,d8f79ecae2861f1f,1,1,0,-1,00000000,00000000,0,PASS
40,0,f16,C0,2,16384,24,bc91ad0b35b50383,1,1,0,-1,00000000,00000000,0,PASS
40,0,f16,C1,2,16384,24,5dc3d7543112adb3,1,1,0,-1,00000000,00000000,0,PASS
40,0,f16,C2,2,16384,24,2182d4551e4fe2a3,1,1,0,-1,00000000,00000000,0,PASS
40,0,f16,C3,2,16384,24,7a66759b835be352,1,1,0,-1,00000000,00000000,0,PASS
40,0,f16,C4,2,16384,24,b25fa2af1f4d979f,1,1,0,-1,00000000,00000000,0,PASS
40,0,f16,C0,3,16384,24,8fc0340096c10383,1,1,0,-1,00000000,00000000,0,PASS
40,0,f16,C1,3,16384,24,b7a628de7278e07a,1,1,0,-1,00000000,00000000,0,PASS
40,0,f16,C2,3,16384,24,05a69f75d2d8e36d,1,1,0,-1,00000000,00000000,0,PASS
40,0,f16,C3,3,16384,24,e916ab1da8a96ee1,1,1,0,-1,00000000,00000000,0,PASS
40,0,f16,C4,3,16384,24,f5166e1daf6a5307,1,1,0,-1,00000000,00000000,0,PASS
40,0,f16,C0,4,16384,24,f8a98b25f7cd0383,1,1,0,-1,00000000,00000000,0,PASS
40,0,f16,C1,4,16384,24,6dd2f6a152781763,1,1,0,-1,00000000,00000000,0,PASS
40,0,f16,C2,4,16384,24,03b1a534c5b2c557,1,1,0,-1,00000000,00000000,0,PASS
40,0,f16,C3,4,16384,24,88408a66337804c8,1,1,0,-1,00000000,00000000,0,PASS
40,0,f16,C4,4,16384,24,77f735b69bbdcc77,1,1,0,-1,00000000,00000000,0,PASS
40,0,f16,C0,5,16384,24,680db27b58d90383,1,1,0,-1,00000000,00000000,0,PASS
40,0,f16,C1,5,16384,24,849b32211e8c92aa,1,1,0,-1,00000000,00000000,0,PASS
40,0,f16,C2,5,16384,24,5c63d5b6c8cd0fe7,1,1,0,-1,00000000,00000000,0,PASS
40,0,f16,C3,5,16384,24,a4b8a6e14f7f4537,1,1,0,-1,00000000,00000000,0,PASS
40,0,f16,C4,5,16384,24,afa0291542a0c337,1,1,0,-1,00000000,00000000,0,PASS
40,0,f16,C0,6,16384,24,4eacaa00b9e50383,1,1,0,-1,00000000,00000000,0,PASS
40,0,f16,C1,6,16384,24,aa9ab88976b3b793,1,1,0,-1,00000000,00000000,0,PASS
40,0,f16,C2,6,16384,24,7492baf760eee0bc,1,1,0,-1,00000000,00000000,0,PASS
40,0,f16,C3,6,16384,24,9b19c3416a526635,1,1,0,-1,00000000,00000000,0,PASS
40,0,f16,C4,6,16384,24,f28d61a32b65fc0a,1,1,0,-1,00000000,00000000,0,PASS
40,0,f16,C0,7,16384,24,1d4671b61af10383,1,1,0,-1,00000000,00000000,0,PASS
40,0,f16,C1,7,16384,24,3a7a16ba8fd8d85a,1,1,0,-1,00000000,00000000,0,PASS
40,0,f16,C2,7,16384,24,711aa99ced25a706,1,1,0,-1,00000000,00000000,0,PASS
40,0,f16,C3,7,16384,24,1355717eba3066a6,1,1,0,-1,00000000,00000000,0,PASS
40,0,f16,C4,7,16384,24,6441aebc43e8962a,1,1,0,-1,00000000,00000000,0,PASS
40,0,f16,C0,8,16384,24,449b099b7bfd0383,1,1,0,-1,00000000,00000000,0,PASS
40,0,f16,C1,8,16384,24,80cdba4d8810a5c3,1,1,0,-1,00000000,00000000,0,PASS
40,0,f16,C2,8,16384,24,af28154ffb9ea876,1,1,0,-1,00000000,00000000,0,PASS
40,0,f16,C3,8,16384,24,07f9688f18f8bb2f,1,1,0,-1,00000000,00000000,0,PASS
40,0,f16,C4,8,16384,24,9e50fb1212e9adde,1,1,0,-1,00000000,00000000,0,PASS
40,1,q8_0,C0,2,4096,1024,61e628f524230383,1,1,0,-1,00000000,00000000,0,PASS
40,1,q8_0,C1,2,4096,1024,f3458625c6b0adb3,1,1,0,-1,00000000,00000000,0,PASS
40,1,q8_0,C2,2,4096,1024,eaa8b46e71e992b4,1,1,0,-1,00000000,00000000,0,PASS
40,1,q8_0,C3,2,4096,1024,0a04785414b64a08,1,1,0,-1,00000000,00000000,0,PASS
40,1,q8_0,C4,2,4096,1024,4712e9c2b1324d63,1,1,0,-1,00000000,00000000,0,PASS
40,1,q8_0,C0,3,4096,1024,f361b91bfc660383,1,1,0,-1,00000000,00000000,0,PASS
40,1,q8_0,C1,3,4096,1024,36aaaa69a328e07a,1,1,0,-1,00000000,00000000,0,PASS
40,1,q8_0,C2,3,4096,1024,e36dde151415c0df,1,1,0,-1,00000000,00000000,0,PASS
40,1,q8_0,C3,3,4096,1024,76fc7fc448d6ea77,1,1,0,-1,00000000,00000000,0,PASS
40,1,q8_0,C4,3,4096,1024,e34480993503b8a3,1,1,0,-1,00000000,00000000,0,PASS
40,1,q8_0,C0,4,4096,1024,0e5df645d4a90383,1,1,0,-1,00000000,00000000,0,PASS
40,1,q8_0,C1,4,4096,1024,cb611474e6bf1763,1,1,0,-1,00000000,00000000,0,PASS
40,1,q8_0,C2,4,4096,1024,a668df01d5618865,1,1,0,-1,00000000,00000000,0,PASS
40,1,q8_0,C3,4,4096,1024,cdba3ecf1ca7045e,1,1,0,-1,00000000,00000000,0,PASS
40,1,q8_0,C4,4,4096,1024,04144d081eb41f66,1,1,0,-1,00000000,00000000,0,PASS
40,1,q8_0,C0,5,4096,1024,649de072acec0383,1,1,0,-1,00000000,00000000,0,PASS
40,1,q8_0,C1,5,4096,1024,7d3627c9d35592aa,1,1,0,-1,00000000,00000000,0,PASS
40,1,q8_0,C2,5,4096,1024,d13581044f3dfab0,1,1,0,-1,00000000,00000000,0,PASS
40,1,q8_0,C3,5,4096,1024,1a24d888d22465ba,1,1,0,-1,00000000,00000000,0,PASS
40,1,q8_0,C4,5,4096,1024,9ca02a032bb24fc6,1,1,0,-1,00000000,00000000,0,PASS
40,1,q8_0,C0,6,4096,1024,a7e477a2852f0383,1,1,0,-1,00000000,00000000,0,PASS
40,1,q8_0,C1,6,4096,1024,a8f5fc63ca83b793,1,1,0,-1,00000000,00000000,0,PASS
40,1,q8_0,C2,6,4096,1024,2e2a6a2802a71ed0,1,1,0,-1,00000000,00000000,0,PASS
40,1,q8_0,C3,6,4096,1024,5594aece4d56242c,1,1,0,-1,00000000,00000000,0,PASS
40,1,q8_0,C4,6,4096,1024,e725a82e9783c012,1,1,0,-1,00000000,00000000,0,PASS
40,1,q8_0,C0,7,4096,1024,89f4bbd55d720383,1,1,0,-1,00000000,00000000,0,PASS
40,1,q8_0,C1,7,4096,1024,8a1e5e5f2f1ad85a,1,1,0,-1,00000000,00000000,0,PASS
40,1,q8_0,C2,7,4096,1024,38cba9f3d15ed87c,1,1,0,-1,00000000,00000000,0,PASS
40,1,q8_0,C3,7,4096,1024,54112e40fb6b7b84,1,1,0,-1,00000000,00000000,0,PASS
40,1,q8_0,C4,7,4096,1024,a56d33ae4c8c775a,1,1,0,-1,00000000,00000000,0,PASS
40,1,q8_0,C0,8,4096,1024,bc91ad0b35b50383,1,1,0,-1,00000000,00000000,0,PASS
40,1,q8_0,C1,8,4096,1024,b049445697c9a5c3,1,1,0,-1,00000000,00000000,0,PASS
40,1,q8_0,C2,8,4096,1024,7efc99aea35888c7,1,1,0,-1,00000000,00000000,0,PASS
40,1,q8_0,C3,8,4096,1024,dc0c870a1036376b,1,1,0,-1,00000000,00000000,0,PASS
40,1,q8_0,C4,8,4096,1024,d8f79ecae2861f1f,1,1,0,-1,00000000,00000000,0,PASS
40,2,q8_0,C0,2,4096,512,61e628f524230383,1,1,0,-1,00000000,00000000,0,PASS
40,2,q8_0,C1,2,4096,512,f3458625c6b0adb3,1,1,0,-1,00000000,00000000,0,PASS
40,2,q8_0,C2,2,4096,512,eaa8b46e71e992b4,1,1,0,-1,00000000,00000000,0,PASS
40,2,q8_0,C3,2,4096,512,b40c2ca08eaf5c30,1,1,0,-1,00000000,00000000,0,PASS
40,2,q8_0,C4,2,4096,512,4712e9c2b1324d63,1,1,0,-1,00000000,00000000,0,PASS
40,2,q8_0,C0,3,4096,512,f361b91bfc660383,1,1,0,-1,00000000,00000000,0,PASS
40,2,q8_0,C1,3,4096,512,36aaaa69a328e07a,1,1,0,-1,00000000,00000000,0,PASS
40,2,q8_0,C2,3,4096,512,e36dde151415c0df,1,1,0,-1,00000000,00000000,0,PASS
40,2,q8_0,C3,3,4096,512,132d0d9ca96401d2,1,1,0,-1,00000000,00000000,0,PASS
40,2,q8_0,C4,3,4096,512,e34480993503b8a3,1,1,0,-1,00000000,00000000,0,PASS
40,2,q8_0,C0,4,4096,512,0e5df645d4a90383,1,1,0,-1,00000000,00000000,0,PASS
40,2,q8_0,C1,4,4096,512,cb611474e6bf1763,1,1,0,-1,00000000,00000000,0,PASS
40,2,q8_0,C2,4,4096,512,a668df01d5618865,1,1,0,-1,00000000,00000000,0,PASS
40,2,q8_0,C3,4,4096,512,99d3d31776c83af9,1,1,0,-1,00000000,00000000,0,PASS
40,2,q8_0,C4,4,4096,512,04144d081eb41f66,1,1,0,-1,00000000,00000000,0,PASS
40,2,q8_0,C0,5,4096,512,649de072acec0383,1,1,0,-1,00000000,00000000,0,PASS
40,2,q8_0,C1,5,4096,512,7d3627c9d35592aa,1,1,0,-1,00000000,00000000,0,PASS
40,2,q8_0,C2,5,4096,512,d13581044f3dfab0,1,1,0,-1,00000000,00000000,0,PASS
40,2,q8_0,C3,5,4096,512,1a859accd42033ea,1,1,0,-1,00000000,00000000,0,PASS
40,2,q8_0,C4,5,4096,512,9ca02a032bb24fc6,1,1,0,-1,00000000,00000000,0,PASS
40,2,q8_0,C0,6,4096,512,a7e477a2852f0383,1,1,0,-1,00000000,00000000,0,PASS
40,2,q8_0,C1,6,4096,512,a8f5fc63ca83b793,1,1,0,-1,00000000,00000000,0,PASS
40,2,q8_0,C2,6,4096,512,2e2a6a2802a71ed0,1,1,0,-1,00000000,00000000,0,PASS
40,2,q8_0,C3,6,4096,512,346f8a5f8af3c4b6,1,1,0,-1,00000000,00000000,0,PASS
40,2,q8_0,C4,6,4096,512,e725a82e9783c012,1,1,0,-1,00000000,00000000,0,PASS
40,2,q8_0,C0,7,4096,512,89f4bbd55d720383,1,1,0,-1,00000000,00000000,0,PASS
40,2,q8_0,C1,7,4096,512,8a1e5e5f2f1ad85a,1,1,0,-1,00000000,00000000,0,PASS
40,2,q8_0,C2,7,4096,512,38cba9f3d15ed87c,1,1,0,-1,00000000,00000000,0,PASS
40,2,q8_0,C3,7,4096,512,d1e6d0cf98583fc7,1,1,0,-1,00000000,00000000,0,PASS
40,2,q8_0,C4,7,4096,512,a56d33ae4c8c775a,1,1,0,-1,00000000,00000000,0,PASS
40,2,q8_0,C0,8,4096,512,bc91ad0b35b50383,1,1,0,-1,00000000,00000000,0,PASS
40,2,q8_0,C1,8,4096,512,b049445697c9a5c3,1,1,0,-1,00000000,00000000,0,PASS
40,2,q8_0,C2,8,4096,512,7efc99aea35888c7,1,1,0,-1,00000000,00000000,0,PASS
40,2,q8_0,C3,8,4096,512,d9d460014d2964e1,1,1,0,-1,00000000,00000000,0,PASS
40,2,q8_0,C4,8,4096,512,d8f79ecae2861f1f,1,1,0,-1,00000000,00000000,0,PASS
40,3,q8_0,C0,2,1024,32768,66a385207fbe8383,1,1,0,-1,00000000,00000000,0,PASS
40,3,q8_0,C1,2,1024,32768,ea4b97e88c182db3,1,1,0,-1,00000000,00000000,0,PASS
40,3,q8_0,C2,2,1024,32768,70800d37477b9cc9,1,1,0,-1,00000000,00000000,0,PASS
40,3,q8_0,C3,2,1024,32768,1c49222e75da0668,1,1,0,-1,00000000,00000000,0,PASS
40,3,q8_0,C4,2,1024,32768,71e3b48a7ebcb79f,1,1,0,-1,00000000,00000000,0,PASS
40,3,q8_0,C0,3,1024,32768,09b99610cdcf4383,1,1,0,-1,00000000,00000000,0,PASS
40,3,q8_0,C1,3,1024,32768,f303d2023f54e07a,1,1,0,-1,00000000,00000000,0,PASS
40,3,q8_0,C2,3,1024,32768,17b139ff4bb1b56e,1,1,0,-1,00000000,00000000,0,PASS
40,3,q8_0,C3,3,1024,32768,315672d7bec917ff,1,1,0,-1,00000000,00000000,0,PASS
40,3,q8_0,C4,3,1024,32768,7684a1bb04066307,1,1,0,-1,00000000,00000000,0,PASS
40,3,q8_0,C0,4,1024,32768,a82845d14be00383,1,1,0,-1,00000000,00000000,0,PASS
40,3,q8_0,C1,4,1024,32768,829e2379d3d0d763,1,1,0,-1,00000000,00000000,0,PASS
40,3,q8_0,C2,4,1024,32768,2c41771fb26e6aa4,1,1,0,-1,00000000,00000000,0,PASS
40,3,q8_0,C3,4,1024,32768,0cb838d6b3a88b12,1,1,0,-1,00000000,00000000,0,PASS
40,3,q8_0,C4,4,1024,32768,00c364baeed7cc77,1,1,0,-1,00000000,00000000,0,PASS
40,3,q8_0,C0,5,1024,32768,a536a061f9f0c383,1,1,0,-1,00000000,00000000,0,PASS
40,3,q8_0,C1,5,1024,32768,cd5cb4a48887d2aa,1,1,0,-1,00000000,00000000,0,PASS
40,3,q8_0,C2,5,1024,32768,fe68e9da3c4fa0b4,1,1,0,-1,00000000,00000000,0,PASS
40,3,q8_0,C3,5,1024,32768,cdd4d5d736596493,1,1,0,-1,00000000,00000000,0,PASS
40,3,q8_0,C4,5,1024,32768,85d67414a04db337,1,1,0,-1,00000000,00000000,0,PASS
40,3,q8_0,C0,6,1024,32768,e72bb1c2d8018383,1,1,0,-1,00000000,00000000,0,PASS
40,3,q8_0,C1,6,1024,32768,606b07352f77b793,1,1,0,-1,00000000,00000000,0,PASS
40,3,q8_0,C2,6,1024,32768,aac88d06cc8d8c24,1,1,0,-1,00000000,00000000,0,PASS
40,3,q8_0,C3,6,1024,32768,9391cd4b8829b3bc,1,1,0,-1,00000000,00000000,0,PASS
40,3,q8_0,C4,6,1024,32768,90a3e3c502279c0a,1,1,0,-1,00000000,00000000,0,PASS
40,3,q8_0,C0,7,1024,32768,d74e85f3e6124383,1,1,0,-1,00000000,00000000,0,PASS
40,3,q8_0,C1,7,1024,32768,0680c4d6b6eb585a,1,1,0,-1,00000000,00000000,0,PASS
40,3,q8_0,C2,7,1024,32768,68aeccecb4841b1a,1,1,0,-1,00000000,00000000,0,PASS
40,3,q8_0,C3,7,1024,32768,8d5e99f6ffdf04e2,1,1,0,-1,00000000,00000000,0,PASS
40,3,q8_0,C4,7,1024,32768,e3547e032da9e62a,1,1,0,-1,00000000,00000000,0,PASS
40,3,q8_0,C0,8,1024,32768,61e628f524230383,1,1,0,-1,00000000,00000000,0,PASS
40,3,q8_0,C1,8,1024,32768,f5568f1793b7e5c3,1,1,0,-1,00000000,00000000,0,PASS
40,3,q8_0,C2,8,1024,32768,f510f9a7c42e2707,1,1,0,-1,00000000,00000000,0,PASS
40,3,q8_0,C3,8,1024,32768,920c785af1a55743,1,1,0,-1,00000000,00000000,0,PASS
40,3,q8_0,C4,8,1024,32768,bb27994fbd6c0dde,1,1,0,-1,00000000,00000000,0,PASS
40,4,q8_0,C0,2,8192,4096,0e5df645d4a90383,1,1,0,-1,00000000,00000000,0,PASS
40,4,q8_0,C1,2,8192,4096,a7596f63ea26adb3,1,1,0,-1,00000000,00000000,0,PASS
40,4,q8_0,C2,2,8192,4096,6024392d967b7573,1,1,0,-1,00000000,00000000,0,PASS
40,4,q8_0,C3,2,8192,4096,d7f0a5f6644b933f,1,1,0,-1,00000000,00000000,0,PASS
40,4,q8_0,C4,2,8192,4096,756a42230c87de66,1,1,0,-1,00000000,00000000,0,PASS
40,4,q8_0,C0,3,8192,4096,a7e477a2852f0383,1,1,0,-1,00000000,00000000,0,PASS
40,4,q8_0,C1,3,8192,4096,40f463593d98e07a,1,1,0,-1,00000000,00000000,0,PASS
40,4,q8_0,C2,3,8192,4096,6bda8fe4c61d0fba,1,1,0,-1,00000000,00000000,0,PASS
40,4,q8_0,C3,3,8192,4096,407922f7ce4b3423,1,1,0,-1,00000000,00000000,0,PASS
40,4,q8_0,C4,3,8192,4096,7ef18a95c50f9806,1,1,0,-1,00000000,00000000,0,PASS
40,4,q8_0,C0,4,8192,4096,bc91ad0b35b50383,1,1,0,-1,00000000,00000000,0,PASS
40,4,q8_0,C1,4,8192,4096,1e7b80deb5521763,1,1,0,-1,00000000,00000000,0,PASS
40,4,q8_0,C2,4,8192,4096,95646a8ebd044b5d,1,1,0,-1,00000000,00000000,0,PASS
40,4,q8_0,C3,4,8192,4096,c8e4ddacf2b060ac,1,1,0,-1,00000000,00000000,0,PASS
40,4,q8_0,C4,4,8192,4096,7b7263e3adedcd6f,1,1,0,-1,00000000,00000000,0,PASS
40,4,q8_0,C0,5,8192,4096,da7d967fe63b0383,1,1,0,-1,00000000,00000000,0,PASS
40,4,q8_0,C1,5,8192,4096,2439109c971292aa,1,1,0,-1,00000000,00000000,0,PASS
40,4,q8_0,C2,5,8192,4096,ac7103964b5c796d,1,1,0,-1,00000000,00000000,0,PASS
40,4,q8_0,C3,5,8192,4096,2f5c2c875d9c5f07,1,1,0,-1,00000000,00000000,0,PASS
40,4,q8_0,C4,5,8192,4096,84cd276f9ee09557,1,1,0,-1,00000000,00000000,0,PASS
40,4,q8_0,C0,6,8192,4096,8fc0340096c10383,1,1,0,-1,00000000,00000000,0,PASS
40,4,q8_0,C1,6,8192,4096,6b7fdec3ae93b793,1,1,0,-1,00000000,00000000,0,PASS
40,4,q8_0,C2,6,8192,4096,158880dca80356a5,1,1,0,-1,00000000,00000000,0,PASS
40,4,q8_0,C3,6,8192,4096,918417e2400d4e8c,1,1,0,-1,00000000,00000000,0,PASS
40,4,q8_0,C4,6,8192,4096,6fb2cac120b4a24e,1,1,0,-1,00000000,00000000,0,PASS
40,4,q8_0,C0,7,8192,4096,6a71858d47470383,1,1,0,-1,00000000,00000000,0,PASS
40,4,q8_0,C1,7,8192,4096,665eaf56fa04d85a,1,1,0,-1,00000000,00000000,0,PASS
40,4,q8_0,C2,7,8192,4096,d0efefe3fcd897e2,1,1,0,-1,00000000,00000000,0,PASS
40,4,q8_0,C3,7,8192,4096,ff0618614f196ac9,1,1,0,-1,00000000,00000000,0,PASS
40,4,q8_0,C4,7,8192,4096,90b943a9e7d55d36,1,1,0,-1,00000000,00000000,0,PASS
40,4,q8_0,C0,8,8192,4096,f8a98b25f7cd0383,1,1,0,-1,00000000,00000000,0,PASS
40,4,q8_0,C1,8,8192,4096,c26c1a6b3d36a5c3,1,1,0,-1,00000000,00000000,0,PASS
40,4,q8_0,C2,8,8192,4096,95ac06e3a54b4ef2,1,1,0,-1,00000000,00000000,0,PASS
40,4,q8_0,C3,8,8192,4096,33528ef6af3453f8,1,1,0,-1,00000000,00000000,0,PASS
40,4,q8_0,C4,8,8192,4096,3da45e1f8a9f3b1f,1,1,0,-1,00000000,00000000,0,PASS
40,5,f16,C0,2,16384,24,bc91ad0b35b50383,1,1,0,-1,00000000,00000000,0,PASS
40,5,f16,C1,2,16384,24,5dc3d7543112adb3,1,1,0,-1,00000000,00000000,0,PASS
40,5,f16,C2,2,16384,24,2182d4551e4fe2a3,1,1,0,-1,00000000,00000000,0,PASS
40,5,f16,C3,2,16384,24,f9075ad8cc5f1884,1,1,0,-1,00000000,00000000,0,PASS
40,5,f16,C4,2,16384,24,b25fa2af1f4d979f,1,1,0,-1,00000000,00000000,0,PASS
40,5,f16,C0,3,16384,24,8fc0340096c10383,1,1,0,-1,00000000,00000000,0,PASS
40,5,f16,C1,3,16384,24,b7a628de7278e07a,1,1,0,-1,00000000,00000000,0,PASS
40,5,f16,C2,3,16384,24,05a69f75d2d8e36d,1,1,0,-1,00000000,00000000,0,PASS
40,5,f16,C3,3,16384,24,c3988944c14cf3f0,1,1,0,-1,00000000,00000000,0,PASS
40,5,f16,C4,3,16384,24,f5166e1daf6a5307,1,1,0,-1,00000000,00000000,0,PASS
40,5,f16,C0,4,16384,24,f8a98b25f7cd0383,1,1,0,-1,00000000,00000000,0,PASS
40,5,f16,C1,4,16384,24,6dd2f6a152781763,1,1,0,-1,00000000,00000000,0,PASS
40,5,f16,C2,4,16384,24,03b1a534c5b2c557,1,1,0,-1,00000000,00000000,0,PASS
40,5,f16,C3,4,16384,24,7b421b6a055aa8b5,1,1,0,-1,00000000,00000000,0,PASS
40,5,f16,C4,4,16384,24,77f735b69bbdcc77,1,1,0,-1,00000000,00000000,0,PASS
40,5,f16,C0,5,16384,24,680db27b58d90383,1,1,0,-1,00000000,00000000,0,PASS
40,5,f16,C1,5,16384,24,849b32211e8c92aa,1,1,0,-1,00000000,00000000,0,PASS
40,5,f16,C2,5,16384,24,5c63d5b6c8cd0fe7,1,1,0,-1,00000000,00000000,0,PASS
40,5,f16,C3,5,16384,24,6fb976d94e4b17b7,1,1,0,-1,00000000,00000000,0,PASS
40,5,f16,C4,5,16384,24,afa0291542a0c337,1,1,0,-1,00000000,00000000,0,PASS
40,5,f16,C0,6,16384,24,4eacaa00b9e50383,1,1,0,-1,00000000,00000000,0,PASS
40,5,f16,C1,6,16384,24,aa9ab88976b3b793,1,1,0,-1,00000000,00000000,0,PASS
40,5,f16,C2,6,16384,24,7492baf760eee0bc,1,1,0,-1,00000000,00000000,0,PASS
40,5,f16,C3,6,16384,24,1ba73d10616b26bb,1,1,0,-1,00000000,00000000,0,PASS
40,5,f16,C4,6,16384,24,f28d61a32b65fc0a,1,1,0,-1,00000000,00000000,0,PASS
40,5,f16,C0,7,16384,24,1d4671b61af10383,1,1,0,-1,00000000,00000000,0,PASS
40,5,f16,C1,7,16384,24,3a7a16ba8fd8d85a,1,1,0,-1,00000000,00000000,0,PASS
40,5,f16,C2,7,16384,24,711aa99ced25a706,1,1,0,-1,00000000,00000000,0,PASS
40,5,f16,C3,7,16384,24,b5eeb01fd8797bea,1,1,0,-1,00000000,00000000,0,PASS
40,5,f16,C4,7,16384,24,6441aebc43e8962a,1,1,0,-1,00000000,00000000,0,PASS
40,5,f16,C0,8,16384,24,449b099b7bfd0383,1,1,0,-1,00000000,00000000,0,PASS
40,5,f16,C1,8,16384,24,80cdba4d8810a5c3,1,1,0,-1,00000000,00000000,0,PASS
40,5,f16,C2,8,16384,24,af28154ffb9ea876,1,1,0,-1,00000000,00000000,0,PASS
40,5,f16,C3,8,16384,24,43cafe9ac1f4204b,1,1,0,-1,00000000,00000000,0,PASS
40,5,f16,C4,8,16384,24,9e50fb1212e9adde,1,1,0,-1,00000000,00000000,0,PASS
40,6,f16,C0,2,4096,256,61e628f524230383,1,1,0,-1,00000000,00000000,0,PASS
40,6,f16,C1,2,4096,256,f3458625c6b0adb3,1,1,0,-1,00000000,00000000,0,PASS
40,6,f16,C2,2,4096,256,eaa8b46e71e992b4,1,1,0,-1,00000000,00000000,0,PASS
40,6,f16,C3,2,4096,256,6fa5c330b6c0f8f9,1,1,0,-1,00000000,00000000,0,PASS
40,6,f16,C4,2,4096,256,4712e9c2b1324d63,1,1,0,-1,00000000,00000000,0,PASS
40,6,f16,C0,3,4096,256,f361b91bfc660383,1,1,0,-1,00000000,00000000,0,PASS
40,6,f16,C1,3,4096,256,36aaaa69a328e07a,1,1,0,-1,00000000,00000000,0,PASS
40,6,f16,C2,3,4096,256,e36dde151415c0df,1,1,0,-1,00000000,00000000,0,PASS
40,6,f16,C3,3,4096,256,e8e04747b780d14e,1,1,0,-1,00000000,00000000,0,PASS
40,6,f16,C4,3,4096,256,e34480993503b8a3,1,1,0,-1,00000000,00000000,0,PASS
40,6,f16,C0,4,4096,256,0e5df645d4a90383,1,1,0,-1,00000000,00000000,0,PASS
40,6,f16,C1,4,4096,256,cb611474e6bf1763,1,1,0,-1,00000000,00000000,0,PASS
40,6,f16,C2,4,4096,256,a668df01d5618865,1,1,0,-1,00000000,00000000,0,PASS
40,6,f16,C3,4,4096,256,75317154112e689a,1,1,0,-1,00000000,00000000,0,PASS
40,6,f16,C4,4,4096,256,04144d081eb41f66,1,1,0,-1,00000000,00000000,0,PASS
40,6,f16,C0,5,4096,256,649de072acec0383,1,1,0,-1,00000000,00000000,0,PASS
40,6,f16,C1,5,4096,256,7d3627c9d35592aa,1,1,0,-1,00000000,00000000,0,PASS
40,6,f16,C2,5,4096,256,d13581044f3dfab0,1,1,0,-1,00000000,00000000,0,PASS
40,6,f16,C3,5,4096,256,bb2e95c9667eb8fc,1,1,0,-1,00000000,00000000,0,PASS
40,6,f16,C4,5,4096,256,9ca02a032bb24fc6,1,1,0,-1,00000000,00000000,0,PASS
40,6,f16,C0,6,4096,256,a7e477a2852f0383,1,1,0,-1,00000000,00000000,0,PASS
40,6,f16,C1,6,4096,256,a8f5fc63ca83b793,1,1,0,-1,00000000,00000000,0,PASS
40,6,f16,C2,6,4096,256,2e2a6a2802a71ed0,1,1,0,-1,00000000,00000000,0,PASS
40,6,f16,C3,6,4096,256,36d4da5bf54a3808,1,1,0,-1,00000000,00000000,0,PASS
40,6,f16,C4,6,4096,256,e725a82e9783c012,1,1,0,-1,00000000,00000000,0,PASS
40,6,f16,C0,7,4096,256,89f4bbd55d720383,1,1,0,-1,00000000,00000000,0,PASS
40,6,f16,C1,7,4096,256,8a1e5e5f2f1ad85a,1,1,0,-1,00000000,00000000,0,PASS
40,6,f16,C2,7,4096,256,38cba9f3d15ed87c,1,1,0,-1,00000000,00000000,0,PASS
40,6,f16,C3,7,4096,256,b8d844fd7df968bc,1,1,0,-1,00000000,00000000,0,PASS
40,6,f16,C4,7,4096,256,a56d33ae4c8c775a,1,1,0,-1,00000000,00000000,0,PASS
40,6,f16,C0,8,4096,256,bc91ad0b35b50383,1,1,0,-1,00000000,00000000,0,PASS
40,6,f16,C1,8,4096,256,b049445697c9a5c3,1,1,0,-1,00000000,00000000,0,PASS
40,6,f16,C2,8,4096,256,7efc99aea35888c7,1,1,0,-1,00000000,00000000,0,PASS
40,6,f16,C3,8,4096,256,74cd2ad91f31a58c,1,1,0,-1,00000000,00000000,0,PASS
40,6,f16,C4,8,4096,256,d8f79ecae2861f1f,1,1,0,-1,00000000,00000000,0,PASS
41,0,f16,C0,2,16384,24,bc91ad0b35b50383,1,1,0,-1,00000000,00000000,0,PASS
41,0,f16,C1,2,16384,24,5dc3d7543112adb3,1,1,0,-1,00000000,00000000,0,PASS
41,0,f16,C2,2,16384,24,2182d4551e4fe2a3,1,1,0,-1,00000000,00000000,0,PASS
41,0,f16,C3,2,16384,24,9ab9645fc0058b23,1,1,0,-1,00000000,00000000,0,PASS
41,0,f16,C4,2,16384,24,b25fa2af1f4d979f,1,1,0,-1,00000000,00000000,0,PASS
41,0,f16,C0,3,16384,24,8fc0340096c10383,1,1,0,-1,00000000,00000000,0,PASS
41,0,f16,C1,3,16384,24,b7a628de7278e07a,1,1,0,-1,00000000,00000000,0,PASS
41,0,f16,C2,3,16384,24,05a69f75d2d8e36d,1,1,0,-1,00000000,00000000,0,PASS
41,0,f16,C3,3,16384,24,07470f663c0193f4,1,1,0,-1,00000000,00000000,0,PASS
41,0,f16,C4,3,16384,24,f5166e1daf6a5307,1,1,0,-1,00000000,00000000,0,PASS
41,0,f16,C0,4,16384,24,f8a98b25f7cd0383,1,1,0,-1,00000000,00000000,0,PASS
41,0,f16,C1,4,16384,24,6dd2f6a152781763,1,1,0,-1,00000000,00000000,0,PASS
41,0,f16,C2,4,16384,24,03b1a534c5b2c557,1,1,0,-1,00000000,00000000,0,PASS
41,0,f16,C3,4,16384,24,77d2c33be3e9081e,1,1,0,-1,00000000,00000000,0,PASS
41,0,f16,C4,4,16384,24,77f735b69bbdcc77,1,1,0,-1,00000000,00000000,0,PASS
41,0,f16,C0,5,16384,24,680db27b58d90383,1,1,0,-1,00000000,00000000,0,PASS
41,0,f16,C1,5,16384,24,849b32211e8c92aa,1,1,0,-1,00000000,00000000,0,PASS
41,0,f16,C2,5,16384,24,5c63d5b6c8cd0fe7,1,1,0,-1,00000000,00000000,0,PASS
41,0,f16,C3,5,16384,24,346e02e22c1d77dd,1,1,0,-1,00000000,00000000,0,PASS
41,0,f16,C4,5,16384,24,afa0291542a0c337,1,1,0,-1,00000000,00000000,0,PASS
41,0,f16,C0,6,16384,24,4eacaa00b9e50383,1,1,0,-1,00000000,00000000,0,PASS
41,0,f16,C1,6,16384,24,aa9ab88976b3b793,1,1,0,-1,00000000,00000000,0,PASS
41,0,f16,C2,6,16384,24,7492baf760eee0bc,1,1,0,-1,00000000,00000000,0,PASS
41,0,f16,C3,6,16384,24,ee24a2f248323a83,1,1,0,-1,00000000,00000000,0,PASS
41,0,f16,C4,6,16384,24,f28d61a32b65fc0a,1,1,0,-1,00000000,00000000,0,PASS
41,0,f16,C0,7,16384,24,1d4671b61af10383,1,1,0,-1,00000000,00000000,0,PASS
41,0,f16,C1,7,16384,24,3a7a16ba8fd8d85a,1,1,0,-1,00000000,00000000,0,PASS
41,0,f16,C2,7,16384,24,711aa99ced25a706,1,1,0,-1,00000000,00000000,0,PASS
41,0,f16,C3,7,16384,24,3b0311272619f467,1,1,0,-1,00000000,00000000,0,PASS
41,0,f16,C4,7,16384,24,6441aebc43e8962a,1,1,0,-1,00000000,00000000,0,PASS
41,0,f16,C0,8,16384,24,449b099b7bfd0383,1,1,0,-1,00000000,00000000,0,PASS
41,0,f16,C1,8,16384,24,80cdba4d8810a5c3,1,1,0,-1,00000000,00000000,0,PASS
41,0,f16,C2,8,16384,24,af28154ffb9ea876,1,1,0,-1,00000000,00000000,0,PASS
41,0,f16,C3,8,16384,24,c18b8f2c3214d4f9,1,1,0,-1,00000000,00000000,0,PASS
41,0,f16,C4,8,16384,24,9e50fb1212e9adde,1,1,0,-1,00000000,00000000,0,PASS
41,1,q8_0,C0,2,4096,1024,61e628f524230383,1,1,0,-1,00000000,00000000,0,PASS
41,1,q8_0,C1,2,4096,1024,f3458625c6b0adb3,1,1,0,-1,00000000,00000000,0,PASS
41,1,q8_0,C2,2,4096,1024,eaa8b46e71e992b4,1,1,0,-1,00000000,00000000,0,PASS
41,1,q8_0,C3,2,4096,1024,fd9fcd71965d6a18,1,1,0,-1,00000000,00000000,0,PASS
41,1,q8_0,C4,2,4096,1024,4712e9c2b1324d63,1,1,0,-1,00000000,00000000,0,PASS
41,1,q8_0,C0,3,4096,1024,f361b91bfc660383,1,1,0,-1,00000000,00000000,0,PASS
41,1,q8_0,C1,3,4096,1024,36aaaa69a328e07a,1,1,0,-1,00000000,00000000,0,PASS
41,1,q8_0,C2,3,4096,1024,e36dde151415c0df,1,1,0,-1,00000000,00000000,0,PASS
41,1,q8_0,C3,3,4096,1024,512fe2ba7d8b8aa5,1,1,0,-1,00000000,00000000,0,PASS
41,1,q8_0,C4,3,4096,1024,e34480993503b8a3,1,1,0,-1,00000000,00000000,0,PASS
41,1,q8_0,C0,4,4096,1024,0e5df645d4a90383,1,1,0,-1,00000000,00000000,0,PASS
41,1,q8_0,C1,4,4096,1024,cb611474e6bf1763,1,1,0,-1,00000000,00000000,0,PASS
41,1,q8_0,C2,4,4096,1024,a668df01d5618865,1,1,0,-1,00000000,00000000,0,PASS
41,1,q8_0,C3,4,4096,1024,fbec6463df3bc128,1,1,0,-1,00000000,00000000,0,PASS
41,1,q8_0,C4,4,4096,1024,04144d081eb41f66,1,1,0,-1,00000000,00000000,0,PASS
41,1,q8_0,C0,5,4096,1024,649de072acec0383,1,1,0,-1,00000000,00000000,0,PASS
41,1,q8_0,C1,5,4096,1024,7d3627c9d35592aa,1,1,0,-1,00000000,00000000,0,PASS
41,1,q8_0,C2,5,4096,1024,d13581044f3dfab0,1,1,0,-1,00000000,00000000,0,PASS
41,1,q8_0,C3,5,4096,1024,3c8cd858149acfc4,1,1,0,-1,00000000,00000000,0,PASS
41,1,q8_0,C4,5,4096,1024,9ca02a032bb24fc6,1,1,0,-1,00000000,00000000,0,PASS
41,1,q8_0,C0,6,4096,1024,a7e477a2852f0383,1,1,0,-1,00000000,00000000,0,PASS
41,1,q8_0,C1,6,4096,1024,a8f5fc63ca83b793,1,1,0,-1,00000000,00000000,0,PASS
41,1,q8_0,C2,6,4096,1024,2e2a6a2802a71ed0,1,1,0,-1,00000000,00000000,0,PASS
41,1,q8_0,C3,6,4096,1024,22c16ebc76d36f85,1,1,0,-1,00000000,00000000,0,PASS
41,1,q8_0,C4,6,4096,1024,e725a82e9783c012,1,1,0,-1,00000000,00000000,0,PASS
41,1,q8_0,C0,7,4096,1024,89f4bbd55d720383,1,1,0,-1,00000000,00000000,0,PASS
41,1,q8_0,C1,7,4096,1024,8a1e5e5f2f1ad85a,1,1,0,-1,00000000,00000000,0,PASS
41,1,q8_0,C2,7,4096,1024,38cba9f3d15ed87c,1,1,0,-1,00000000,00000000,0,PASS
41,1,q8_0,C3,7,4096,1024,6b3e269cd213730b,1,1,0,-1,00000000,00000000,0,PASS
41,1,q8_0,C4,7,4096,1024,a56d33ae4c8c775a,1,1,0,-1,00000000,00000000,0,PASS
41,1,q8_0,C0,8,4096,1024,bc91ad0b35b50383,1,1,0,-1,00000000,00000000,0,PASS
41,1,q8_0,C1,8,4096,1024,b049445697c9a5c3,1,1,0,-1,00000000,00000000,0,PASS
41,1,q8_0,C2,8,4096,1024,7efc99aea35888c7,1,1,0,-1,00000000,00000000,0,PASS
41,1,q8_0,C3,8,4096,1024,b42cb4c3b32d0bf8,1,1,0,-1,00000000,00000000,0,PASS
41,1,q8_0,C4,8,4096,1024,d8f79ecae2861f1f,1,1,0,-1,00000000,00000000,0,PASS
41,2,q8_0,C0,2,4096,512,61e628f524230383,1,1,0,-1,00000000,00000000,0,PASS
41,2,q8_0,C1,2,4096,512,f3458625c6b0adb3,1,1,0,-1,00000000,00000000,0,PASS
41,2,q8_0,C2,2,4096,512,eaa8b46e71e992b4,1,1,0,-1,00000000,00000000,0,PASS
41,2,q8_0,C3,2,4096,512,8ede35bb941a6a97,1,1,0,-1,00000000,00000000,0,PASS
41,2,q8_0,C4,2,4096,512,4712e9c2b1324d63,1,1,0,-1,00000000,00000000,0,PASS
41,2,q8_0,C0,3,4096,512,f361b91bfc660383,1,1,0,-1,00000000,00000000,0,PASS
41,2,q8_0,C1,3,4096,512,36aaaa69a328e07a,1,1,0,-1,00000000,00000000,0,PASS
41,2,q8_0,C2,3,4096,512,e36dde151415c0df,1,1,0,-1,00000000,00000000,0,PASS
41,2,q8_0,C3,3,4096,512,53377cdb8ec692d9,1,1,0,-1,00000000,00000000,0,PASS
41,2,q8_0,C4,3,4096,512,e34480993503b8a3,1,1,0,-1,00000000,00000000,0,PASS
41,2,q8_0,C0,4,4096,512,0e5df645d4a90383,1,1,0,-1,00000000,00000000,0,PASS
41,2,q8_0,C1,4,4096,512,cb611474e6bf1763,1,1,0,-1,00000000,00000000,0,PASS
41,2,q8_0,C2,4,4096,512,a668df01d5618865,1,1,0,-1,00000000,00000000,0,PASS
41,2,q8_0,C3,4,4096,512,578488f707ed3c46,1,1,0,-1,00000000,00000000,0,PASS
41,2,q8_0,C4,4,4096,512,04144d081eb41f66,1,1,0,-1,00000000,00000000,0,PASS
41,2,q8_0,C0,5,4096,512,649de072acec0383,1,1,0,-1,00000000,00000000,0,PASS
41,2,q8_0,C1,5,4096,512,7d3627c9d35592aa,1,1,0,-1,00000000,00000000,0,PASS
41,2,q8_0,C2,5,4096,512,d13581044f3dfab0,1,1,0,-1,00000000,00000000,0,PASS
41,2,q8_0,C3,5,4096,512,94dfa96841ca10b6,1,1,0,-1,00000000,00000000,0,PASS
41,2,q8_0,C4,5,4096,512,9ca02a032bb24fc6,1,1,0,-1,00000000,00000000,0,PASS
41,2,q8_0,C0,6,4096,512,a7e477a2852f0383,1,1,0,-1,00000000,00000000,0,PASS
41,2,q8_0,C1,6,4096,512,a8f5fc63ca83b793,1,1,0,-1,00000000,00000000,0,PASS
41,2,q8_0,C2,6,4096,512,2e2a6a2802a71ed0,1,1,0,-1,00000000,00000000,0,PASS
41,2,q8_0,C3,6,4096,512,97e37b5327597c75,1,1,0,-1,00000000,00000000,0,PASS
41,2,q8_0,C4,6,4096,512,e725a82e9783c012,1,1,0,-1,00000000,00000000,0,PASS
41,2,q8_0,C0,7,4096,512,89f4bbd55d720383,1,1,0,-1,00000000,00000000,0,PASS
41,2,q8_0,C1,7,4096,512,8a1e5e5f2f1ad85a,1,1,0,-1,00000000,00000000,0,PASS
41,2,q8_0,C2,7,4096,512,38cba9f3d15ed87c,1,1,0,-1,00000000,00000000,0,PASS
41,2,q8_0,C3,7,4096,512,0a3aafc45fa30320,1,1,0,-1,00000000,00000000,0,PASS
41,2,q8_0,C4,7,4096,512,a56d33ae4c8c775a,1,1,0,-1,00000000,00000000,0,PASS
41,2,q8_0,C0,8,4096,512,bc91ad0b35b50383,1,1,0,-1,00000000,00000000,0,PASS
41,2,q8_0,C1,8,4096,512,b049445697c9a5c3,1,1,0,-1,00000000,00000000,0,PASS
41,2,q8_0,C2,8,4096,512,7efc99aea35888c7,1,1,0,-1,00000000,00000000,0,PASS
41,2,q8_0,C3,8,4096,512,7b2d5033be8e3a0a,1,1,0,-1,00000000,00000000,0,PASS
41,2,q8_0,C4,8,4096,512,d8f79ecae2861f1f,1,1,0,-1,00000000,00000000,0,PASS
41,3,q8_0,C0,2,1024,32768,66a385207fbe8383,1,1,0,-1,00000000,00000000,0,PASS
41,3,q8_0,C1,2,1024,32768,ea4b97e88c182db3,1,1,0,-1,00000000,00000000,0,PASS
41,3,q8_0,C2,2,1024,32768,70800d37477b9cc9,1,1,0,-1,00000000,00000000,0,PASS
41,3,q8_0,C3,2,1024,32768,e2aff271949415b9,1,1,0,-1,00000000,00000000,0,PASS
41,3,q8_0,C4,2,1024,32768,71e3b48a7ebcb79f,1,1,0,-1,00000000,00000000,0,PASS
41,3,q8_0,C0,3,1024,32768,09b99610cdcf4383,1,1,0,-1,00000000,00000000,0,PASS
41,3,q8_0,C1,3,1024,32768,f303d2023f54e07a,1,1,0,-1,00000000,00000000,0,PASS
41,3,q8_0,C2,3,1024,32768,17b139ff4bb1b56e,1,1,0,-1,00000000,00000000,0,PASS
41,3,q8_0,C3,3,1024,32768,0e420fc840ff14ad,1,1,0,-1,00000000,00000000,0,PASS
41,3,q8_0,C4,3,1024,32768,7684a1bb04066307,1,1,0,-1,00000000,00000000,0,PASS
41,3,q8_0,C0,4,1024,32768,a82845d14be00383,1,1,0,-1,00000000,00000000,0,PASS
41,3,q8_0,C1,4,1024,32768,829e2379d3d0d763,1,1,0,-1,00000000,00000000,0,PASS
41,3,q8_0,C2,4,1024,32768,2c41771fb26e6aa4,1,1,0,-1,00000000,00000000,0,PASS
41,3,q8_0,C3,4,1024,32768,7c39171724d693e3,1,1,0,-1,00000000,00000000,0,PASS
41,3,q8_0,C4,4,1024,32768,00c364baeed7cc77,1,1,0,-1,00000000,00000000,0,PASS
41,3,q8_0,C0,5,1024,32768,a536a061f9f0c383,1,1,0,-1,00000000,00000000,0,PASS
41,3,q8_0,C1,5,1024,32768,cd5cb4a48887d2aa,1,1,0,-1,00000000,00000000,0,PASS
41,3,q8_0,C2,5,1024,32768,fe68e9da3c4fa0b4,1,1,0,-1,00000000,00000000,0,PASS
41,3,q8_0,C3,5,1024,32768,17a15634c6db28cc,1,1,0,-1,00000000,00000000,0,PASS
41,3,q8_0,C4,5,1024,32768,85d67414a04db337,1,1,0,-1,00000000,00000000,0,PASS
41,3,q8_0,C0,6,1024,32768,e72bb1c2d8018383,1,1,0,-1,00000000,00000000,0,PASS
41,3,q8_0,C1,6,1024,32768,606b07352f77b793,1,1,0,-1,00000000,00000000,0,PASS
41,3,q8_0,C2,6,1024,32768,aac88d06cc8d8c24,1,1,0,-1,00000000,00000000,0,PASS
41,3,q8_0,C3,6,1024,32768,7242a889352abfa6,1,1,0,-1,00000000,00000000,0,PASS
41,3,q8_0,C4,6,1024,32768,90a3e3c502279c0a,1,1,0,-1,00000000,00000000,0,PASS
41,3,q8_0,C0,7,1024,32768,d74e85f3e6124383,1,1,0,-1,00000000,00000000,0,PASS
41,3,q8_0,C1,7,1024,32768,0680c4d6b6eb585a,1,1,0,-1,00000000,00000000,0,PASS
41,3,q8_0,C2,7,1024,32768,68aeccecb4841b1a,1,1,0,-1,00000000,00000000,0,PASS
41,3,q8_0,C3,7,1024,32768,372947bf1327819e,1,1,0,-1,00000000,00000000,0,PASS
41,3,q8_0,C4,7,1024,32768,e3547e032da9e62a,1,1,0,-1,00000000,00000000,0,PASS
41,3,q8_0,C0,8,1024,32768,61e628f524230383,1,1,0,-1,00000000,00000000,0,PASS
41,3,q8_0,C1,8,1024,32768,f5568f1793b7e5c3,1,1,0,-1,00000000,00000000,0,PASS
41,3,q8_0,C2,8,1024,32768,f510f9a7c42e2707,1,1,0,-1,00000000,00000000,0,PASS
41,3,q8_0,C3,8,1024,32768,ed290b3f6fc03317,1,1,0,-1,00000000,00000000,0,PASS
41,3,q8_0,C4,8,1024,32768,bb27994fbd6c0dde,1,1,0,-1,00000000,00000000,0,PASS
41,4,q8_0,C0,2,8192,4096,0e5df645d4a90383,1,1,0,-1,00000000,00000000,0,PASS
41,4,q8_0,C1,2,8192,4096,a7596f63ea26adb3,1,1,0,-1,00000000,00000000,0,PASS
41,4,q8_0,C2,2,8192,4096,6024392d967b7573,1,1,0,-1,00000000,00000000,0,PASS
41,4,q8_0,C3,2,8192,4096,dc41e2169f11184e,1,1,0,-1,00000000,00000000,0,PASS
41,4,q8_0,C4,2,8192,4096,756a42230c87de66,1,1,0,-1,00000000,00000000,0,PASS
41,4,q8_0,C0,3,8192,4096,a7e477a2852f0383,1,1,0,-1,00000000,00000000,0,PASS
41,4,q8_0,C1,3,8192,4096,40f463593d98e07a,1,1,0,-1,00000000,00000000,0,PASS
41,4,q8_0,C2,3,8192,4096,6bda8fe4c61d0fba,1,1,0,-1,00000000,00000000,0,PASS
41,4,q8_0,C3,3,8192,4096,f1309f1dfd4f85aa,1,1,0,-1,00000000,00000000,0,PASS
41,4,q8_0,C4,3,8192,4096,7ef18a95c50f9806,1,1,0,-1,00000000,00000000,0,PASS
41,4,q8_0,C0,4,8192,4096,bc91ad0b35b50383,1,1,0,-1,00000000,00000000,0,PASS
41,4,q8_0,C1,4,8192,4096,1e7b80deb5521763,1,1,0,-1,00000000,00000000,0,PASS
41,4,q8_0,C2,4,8192,4096,95646a8ebd044b5d,1,1,0,-1,00000000,00000000,0,PASS
41,4,q8_0,C3,4,8192,4096,a3b33c5949368ca6,1,1,0,-1,00000000,00000000,0,PASS
41,4,q8_0,C4,4,8192,4096,7b7263e3adedcd6f,1,1,0,-1,00000000,00000000,0,PASS
41,4,q8_0,C0,5,8192,4096,da7d967fe63b0383,1,1,0,-1,00000000,00000000,0,PASS
41,4,q8_0,C1,5,8192,4096,2439109c971292aa,1,1,0,-1,00000000,00000000,0,PASS
41,4,q8_0,C2,5,8192,4096,ac7103964b5c796d,1,1,0,-1,00000000,00000000,0,PASS
41,4,q8_0,C3,5,8192,4096,1b523c069890bede,1,1,0,-1,00000000,00000000,0,PASS
41,4,q8_0,C4,5,8192,4096,84cd276f9ee09557,1,1,0,-1,00000000,00000000,0,PASS
41,4,q8_0,C0,6,8192,4096,8fc0340096c10383,1,1,0,-1,00000000,00000000,0,PASS
41,4,q8_0,C1,6,8192,4096,6b7fdec3ae93b793,1,1,0,-1,00000000,00000000,0,PASS
41,4,q8_0,C2,6,8192,4096,158880dca80356a5,1,1,0,-1,00000000,00000000,0,PASS
41,4,q8_0,C3,6,8192,4096,61da9bed4108f7e5,1,1,0,-1,00000000,00000000,0,PASS
41,4,q8_0,C4,6,8192,4096,6fb2cac120b4a24e,1,1,0,-1,00000000,00000000,0,PASS
41,4,q8_0,C0,7,8192,4096,6a71858d47470383,1,1,0,-1,00000000,00000000,0,PASS
41,4,q8_0,C1,7,8192,4096,665eaf56fa04d85a,1,1,0,-1,00000000,00000000,0,PASS
41,4,q8_0,C2,7,8192,4096,d0efefe3fcd897e2,1,1,0,-1,00000000,00000000,0,PASS
41,4,q8_0,C3,7,8192,4096,2758a9d7e29646b7,1,1,0,-1,00000000,00000000,0,PASS
41,4,q8_0,C4,7,8192,4096,90b943a9e7d55d36,1,1,0,-1,00000000,00000000,0,PASS
41,4,q8_0,C0,8,8192,4096,f8a98b25f7cd0383,1,1,0,-1,00000000,00000000,0,PASS
41,4,q8_0,C1,8,8192,4096,c26c1a6b3d36a5c3,1,1,0,-1,00000000,00000000,0,PASS
41,4,q8_0,C2,8,8192,4096,95ac06e3a54b4ef2,1,1,0,-1,00000000,00000000,0,PASS
41,4,q8_0,C3,8,8192,4096,d721b7feebe7d5d3,1,1,0,-1,00000000,00000000,0,PASS
41,4,q8_0,C4,8,8192,4096,3da45e1f8a9f3b1f,1,1,0,-1,00000000,00000000,0,PASS
41,5,f16,C0,2,16384,24,bc91ad0b35b50383,1,1,0,-1,00000000,00000000,0,PASS
41,5,f16,C1,2,16384,24,5dc3d7543112adb3,1,1,0,-1,00000000,00000000,0,PASS
41,5,f16,C2,2,16384,24,2182d4551e4fe2a3,1,1,0,-1,00000000,00000000,0,PASS
41,5,f16,C3,2,16384,24,b99293c875986929,1,1,0,-1,00000000,00000000,0,PASS
41,5,f16,C4,2,16384,24,b25fa2af1f4d979f,1,1,0,-1,00000000,00000000,0,PASS
41,5,f16,C0,3,16384,24,8fc0340096c10383,1,1,0,-1,00000000,00000000,0,PASS
41,5,f16,C1,3,16384,24,b7a628de7278e07a,1,1,0,-1,00000000,00000000,0,PASS
41,5,f16,C2,3,16384,24,05a69f75d2d8e36d,1,1,0,-1,00000000,00000000,0,PASS
41,5,f16,C3,3,16384,24,b52bc7bc7c13c55e,1,1,0,-1,00000000,00000000,0,PASS
41,5,f16,C4,3,16384,24,f5166e1daf6a5307,1,1,0,-1,00000000,00000000,0,PASS
41,5,f16,C0,4,16384,24,f8a98b25f7cd0383,1,1,0,-1,00000000,00000000,0,PASS
41,5,f16,C1,4,16384,24,6dd2f6a152781763,1,1,0,-1,00000000,00000000,0,PASS
41,5,f16,C2,4,16384,24,03b1a534c5b2c557,1,1,0,-1,00000000,00000000,0,PASS
41,5,f16,C3,4,16384,24,0737dc10d60ef67b,1,1,0,-1,00000000,00000000,0,PASS
41,5,f16,C4,4,16384,24,77f735b69bbdcc77,1,1,0,-1,00000000,00000000,0,PASS
41,5,f16,C0,5,16384,24,680db27b58d90383,1,1,0,-1,00000000,00000000,0,PASS
41,5,f16,C1,5,16384,24,849b32211e8c92aa,1,1,0,-1,00000000,00000000,0,PASS
41,5,f16,C2,5,16384,24,5c63d5b6c8cd0fe7,1,1,0,-1,00000000,00000000,0,PASS
41,5,f16,C3,5,16384,24,a55dd3a5a2bfb9df,1,1,0,-1,00000000,00000000,0,PASS
41,5,f16,C4,5,16384,24,afa0291542a0c337,1,1,0,-1,00000000,00000000,0,PASS
41,5,f16,C0,6,16384,24,4eacaa00b9e50383,1,1,0,-1,00000000,00000000,0,PASS
41,5,f16,C1,6,16384,24,aa9ab88976b3b793,1,1,0,-1,00000000,00000000,0,PASS
41,5,f16,C2,6,16384,24,7492baf760eee0bc,1,1,0,-1,00000000,00000000,0,PASS
41,5,f16,C3,6,16384,24,b374bd10b34fe413,1,1,0,-1,00000000,00000000,0,PASS
41,5,f16,C4,6,16384,24,f28d61a32b65fc0a,1,1,0,-1,00000000,00000000,0,PASS
41,5,f16,C0,7,16384,24,1d4671b61af10383,1,1,0,-1,00000000,00000000,0,PASS
41,5,f16,C1,7,16384,24,3a7a16ba8fd8d85a,1,1,0,-1,00000000,00000000,0,PASS
41,5,f16,C2,7,16384,24,711aa99ced25a706,1,1,0,-1,00000000,00000000,0,PASS
41,5,f16,C3,7,16384,24,6636bcd806ec061a,1,1,0,-1,00000000,00000000,0,PASS
41,5,f16,C4,7,16384,24,6441aebc43e8962a,1,1,0,-1,00000000,00000000,0,PASS
41,5,f16,C0,8,16384,24,449b099b7bfd0383,1,1,0,-1,00000000,00000000,0,PASS
41,5,f16,C1,8,16384,24,80cdba4d8810a5c3,1,1,0,-1,00000000,00000000,0,PASS
41,5,f16,C2,8,16384,24,af28154ffb9ea876,1,1,0,-1,00000000,00000000,0,PASS
41,5,f16,C3,8,16384,24,b88915932bac22be,1,1,0,-1,00000000,00000000,0,PASS
41,5,f16,C4,8,16384,24,9e50fb1212e9adde,1,1,0,-1,00000000,00000000,0,PASS
41,6,f16,C0,2,4096,256,61e628f524230383,1,1,0,-1,00000000,00000000,0,PASS
41,6,f16,C1,2,4096,256,f3458625c6b0adb3,1,1,0,-1,00000000,00000000,0,PASS
41,6,f16,C2,2,4096,256,eaa8b46e71e992b4,1,1,0,-1,00000000,00000000,0,PASS
41,6,f16,C3,2,4096,256,9e91a06079184b48,1,1,0,-1,00000000,00000000,0,PASS
41,6,f16,C4,2,4096,256,4712e9c2b1324d63,1,1,0,-1,00000000,00000000,0,PASS
41,6,f16,C0,3,4096,256,f361b91bfc660383,1,1,0,-1,00000000,00000000,0,PASS
41,6,f16,C1,3,4096,256,36aaaa69a328e07a,1,1,0,-1,00000000,00000000,0,PASS
41,6,f16,C2,3,4096,256,e36dde151415c0df,1,1,0,-1,00000000,00000000,0,PASS
41,6,f16,C3,3,4096,256,cfeddd50162cf465,1,1,0,-1,00000000,00000000,0,PASS
41,6,f16,C4,3,4096,256,e34480993503b8a3,1,1,0,-1,00000000,00000000,0,PASS
41,6,f16,C0,4,4096,256,0e5df645d4a90383,1,1,0,-1,00000000,00000000,0,PASS
41,6,f16,C1,4,4096,256,cb611474e6bf1763,1,1,0,-1,00000000,00000000,0,PASS
41,6,f16,C2,4,4096,256,a668df01d5618865,1,1,0,-1,00000000,00000000,0,PASS
41,6,f16,C3,4,4096,256,4e0a6538ae5e7676,1,1,0,-1,00000000,00000000,0,PASS
41,6,f16,C4,4,4096,256,04144d081eb41f66,1,1,0,-1,00000000,00000000,0,PASS
41,6,f16,C0,5,4096,256,649de072acec0383,1,1,0,-1,00000000,00000000,0,PASS
41,6,f16,C1,5,4096,256,7d3627c9d35592aa,1,1,0,-1,00000000,00000000,0,PASS
41,6,f16,C2,5,4096,256,d13581044f3dfab0,1,1,0,-1,00000000,00000000,0,PASS
41,6,f16,C3,5,4096,256,c47ca07cd24359fe,1,1,0,-1,00000000,00000000,0,PASS
41,6,f16,C4,5,4096,256,9ca02a032bb24fc6,1,1,0,-1,00000000,00000000,0,PASS
41,6,f16,C0,6,4096,256,a7e477a2852f0383,1,1,0,-1,00000000,00000000,0,PASS
41,6,f16,C1,6,4096,256,a8f5fc63ca83b793,1,1,0,-1,00000000,00000000,0,PASS
41,6,f16,C2,6,4096,256,2e2a6a2802a71ed0,1,1,0,-1,00000000,00000000,0,PASS
41,6,f16,C3,6,4096,256,5362cf100531d558,1,1,0,-1,00000000,00000000,0,PASS
41,6,f16,C4,6,4096,256,e725a82e9783c012,1,1,0,-1,00000000,00000000,0,PASS
41,6,f16,C0,7,4096,256,89f4bbd55d720383,1,1,0,-1,00000000,00000000,0,PASS
41,6,f16,C1,7,4096,256,8a1e5e5f2f1ad85a,1,1,0,-1,00000000,00000000,0,PASS
41,6,f16,C2,7,4096,256,38cba9f3d15ed87c,1,1,0,-1,00000000,00000000,0,PASS
41,6,f16,C3,7,4096,256,a65285c62f30ccae,1,1,0,-1,00000000,00000000,0,PASS
41,6,f16,C4,7,4096,256,a56d33ae4c8c775a,1,1,0,-1,00000000,00000000,0,PASS
41,6,f16,C0,8,4096,256,bc91ad0b35b50383,1,1,0,-1,00000000,00000000,0,PASS
41,6,f16,C1,8,4096,256,b049445697c9a5c3,1,1,0,-1,00000000,00000000,0,PASS
41,6,f16,C2,8,4096,256,7efc99aea35888c7,1,1,0,-1,00000000,00000000,0,PASS
41,6,f16,C3,8,4096,256,eacd5c301e90eefc,1,1,0,-1,00000000,00000000,0,PASS
41,6,f16,C4,8,4096,256,d8f79ecae2861f1f,1,1,0,-1,00000000,00000000,0,PASS
42,0,f16,C0,2,16384,24,bc91ad0b35b50383,1,1,0,-1,00000000,00000000,0,PASS
42,0,f16,C1,2,16384,24,5dc3d7543112adb3,1,1,0,-1,00000000,00000000,0,PASS
42,0,f16,C2,2,16384,24,2182d4551e4fe2a3,1,1,0,-1,00000000,00000000,0,PASS
42,0,f16,C3,2,16384,24,0f3e6f11bc972a61,1,1,0,-1,00000000,00000000,0,PASS
42,0,f16,C4,2,16384,24,b25fa2af1f4d979f,1,1,0,-1,00000000,00000000,0,PASS
42,0,f16,C0,3,16384,24,8fc0340096c10383,1,1,0,-1,00000000,00000000,0,PASS
42,0,f16,C1,3,16384,24,b7a628de7278e07a,1,1,0,-1,00000000,00000000,0,PASS
42,0,f16,C2,3,16384,24,05a69f75d2d8e36d,1,1,0,-1,00000000,00000000,0,PASS
42,0,f16,C3,3,16384,24,5b7aa6607faff93a,1,1,0,-1,00000000,00000000,0,PASS
42,0,f16,C4,3,16384,24,f5166e1daf6a5307,1,1,0,-1,00000000,00000000,0,PASS
42,0,f16,C0,4,16384,24,f8a98b25f7cd0383,1,1,0,-1,00000000,00000000,0,PASS
42,0,f16,C1,4,16384,24,6dd2f6a152781763,1,1,0,-1,00000000,00000000,0,PASS
42,0,f16,C2,4,16384,24,03b1a534c5b2c557,1,1,0,-1,00000000,00000000,0,PASS
42,0,f16,C3,4,16384,24,79cf24d381db32d6,1,1,0,-1,00000000,00000000,0,PASS
42,0,f16,C4,4,16384,24,77f735b69bbdcc77,1,1,0,-1,00000000,00000000,0,PASS
42,0,f16,C0,5,16384,24,680db27b58d90383,1,1,0,-1,00000000,00000000,0,PASS
42,0,f16,C1,5,16384,24,849b32211e8c92aa,1,1,0,-1,00000000,00000000,0,PASS
42,0,f16,C2,5,16384,24,5c63d5b6c8cd0fe7,1,1,0,-1,00000000,00000000,0,PASS
42,0,f16,C3,5,16384,24,31d1e89cbd40bae8,1,1,0,-1,00000000,00000000,0,PASS
42,0,f16,C4,5,16384,24,afa0291542a0c337,1,1,0,-1,00000000,00000000,0,PASS
42,0,f16,C0,6,16384,24,4eacaa00b9e50383,1,1,0,-1,00000000,00000000,0,PASS
42,0,f16,C1,6,16384,24,aa9ab88976b3b793,1,1,0,-1,00000000,00000000,0,PASS
42,0,f16,C2,6,16384,24,7492baf760eee0bc,1,1,0,-1,00000000,00000000,0,PASS
42,0,f16,C3,6,16384,24,3385c32b561988e5,1,1,0,-1,00000000,00000000,0,PASS
42,0,f16,C4,6,16384,24,f28d61a32b65fc0a,1,1,0,-1,00000000,00000000,0,PASS
42,0,f16,C0,7,16384,24,1d4671b61af10383,1,1,0,-1,00000000,00000000,0,PASS
42,0,f16,C1,7,16384,24,3a7a16ba8fd8d85a,1,1,0,-1,00000000,00000000,0,PASS
42,0,f16,C2,7,16384,24,711aa99ced25a706,1,1,0,-1,00000000,00000000,0,PASS
42,0,f16,C3,7,16384,24,114ab2063dd44a60,1,1,0,-1,00000000,00000000,0,PASS
42,0,f16,C4,7,16384,24,6441aebc43e8962a,1,1,0,-1,00000000,00000000,0,PASS
42,0,f16,C0,8,16384,24,449b099b7bfd0383,1,1,0,-1,00000000,00000000,0,PASS
42,0,f16,C1,8,16384,24,80cdba4d8810a5c3,1,1,0,-1,00000000,00000000,0,PASS
42,0,f16,C2,8,16384,24,af28154ffb9ea876,1,1,0,-1,00000000,00000000,0,PASS
42,0,f16,C3,8,16384,24,ee78d3769258390e,1,1,0,-1,00000000,00000000,0,PASS
42,0,f16,C4,8,16384,24,9e50fb1212e9adde,1,1,0,-1,00000000,00000000,0,PASS
42,1,q8_0,C0,2,4096,1024,61e628f524230383,1,1,0,-1,00000000,00000000,0,PASS
42,1,q8_0,C1,2,4096,1024,f3458625c6b0adb3,1,1,0,-1,00000000,00000000,0,PASS
42,1,q8_0,C2,2,4096,1024,eaa8b46e71e992b4,1,1,0,-1,00000000,00000000,0,PASS
42,1,q8_0,C3,2,4096,1024,f37f4af0e5f52734,1,1,0,-1,00000000,00000000,0,PASS
42,1,q8_0,C4,2,4096,1024,4712e9c2b1324d63,1,1,0,-1,00000000,00000000,0,PASS
42,1,q8_0,C0,3,4096,1024,f361b91bfc660383,1,1,0,-1,00000000,00000000,0,PASS
42,1,q8_0,C1,3,4096,1024,36aaaa69a328e07a,1,1,0,-1,00000000,00000000,0,PASS
42,1,q8_0,C2,3,4096,1024,e36dde151415c0df,1,1,0,-1,00000000,00000000,0,PASS
42,1,q8_0,C3,3,4096,1024,4a4399d6abe9edf9,1,1,0,-1,00000000,00000000,0,PASS
42,1,q8_0,C4,3,4096,1024,e34480993503b8a3,1,1,0,-1,00000000,00000000,0,PASS
42,1,q8_0,C0,4,4096,1024,0e5df645d4a90383,1,1,0,-1,00000000,00000000,0,PASS
42,1,q8_0,C1,4,4096,1024,cb611474e6bf1763,1,1,0,-1,00000000,00000000,0,PASS
42,1,q8_0,C2,4,4096,1024,a668df01d5618865,1,1,0,-1,00000000,00000000,0,PASS
42,1,q8_0,C3,4,4096,1024,2352a639449d6633,1,1,0,-1,00000000,00000000,0,PASS
42,1,q8_0,C4,4,4096,1024,04144d081eb41f66,1,1,0,-1,00000000,00000000,0,PASS
42,1,q8_0,C0,5,4096,1024,649de072acec0383,1,1,0,-1,00000000,00000000,0,PASS
42,1,q8_0,C1,5,4096,1024,7d3627c9d35592aa,1,1,0,-1,00000000,00000000,0,PASS
42,1,q8_0,C2,5,4096,1024,d13581044f3dfab0,1,1,0,-1,00000000,00000000,0,PASS
42,1,q8_0,C3,5,4096,1024,9cdecb0118a47b05,1,1,0,-1,00000000,00000000,0,PASS
42,1,q8_0,C4,5,4096,1024,9ca02a032bb24fc6,1,1,0,-1,00000000,00000000,0,PASS
42,1,q8_0,C0,6,4096,1024,a7e477a2852f0383,1,1,0,-1,00000000,00000000,0,PASS
42,1,q8_0,C1,6,4096,1024,a8f5fc63ca83b793,1,1,0,-1,00000000,00000000,0,PASS
42,1,q8_0,C2,6,4096,1024,2e2a6a2802a71ed0,1,1,0,-1,00000000,00000000,0,PASS
42,1,q8_0,C3,6,4096,1024,72a185394fcc48b7,1,1,0,-1,00000000,00000000,0,PASS
42,1,q8_0,C4,6,4096,1024,e725a82e9783c012,1,1,0,-1,00000000,00000000,0,PASS
42,1,q8_0,C0,7,4096,1024,89f4bbd55d720383,1,1,0,-1,00000000,00000000,0,PASS
42,1,q8_0,C1,7,4096,1024,8a1e5e5f2f1ad85a,1,1,0,-1,00000000,00000000,0,PASS
42,1,q8_0,C2,7,4096,1024,38cba9f3d15ed87c,1,1,0,-1,00000000,00000000,0,PASS
42,1,q8_0,C3,7,4096,1024,d18177da331a85b0,1,1,0,-1,00000000,00000000,0,PASS
42,1,q8_0,C4,7,4096,1024,a56d33ae4c8c775a,1,1,0,-1,00000000,00000000,0,PASS
42,1,q8_0,C0,8,4096,1024,bc91ad0b35b50383,1,1,0,-1,00000000,00000000,0,PASS
42,1,q8_0,C1,8,4096,1024,b049445697c9a5c3,1,1,0,-1,00000000,00000000,0,PASS
42,1,q8_0,C2,8,4096,1024,7efc99aea35888c7,1,1,0,-1,00000000,00000000,0,PASS
42,1,q8_0,C3,8,4096,1024,d71f69ac1d74d8da,1,1,0,-1,00000000,00000000,0,PASS
42,1,q8_0,C4,8,4096,1024,d8f79ecae2861f1f,1,1,0,-1,00000000,00000000,0,PASS
42,2,q8_0,C0,2,4096,512,61e628f524230383,1,1,0,-1,00000000,00000000,0,PASS
42,2,q8_0,C1,2,4096,512,f3458625c6b0adb3,1,1,0,-1,00000000,00000000,0,PASS
42,2,q8_0,C2,2,4096,512,eaa8b46e71e992b4,1,1,0,-1,00000000,00000000,0,PASS
42,2,q8_0,C3,2,4096,512,6489e5850917e91f,1,1,0,-1,00000000,00000000,0,PASS
42,2,q8_0,C4,2,4096,512,4712e9c2b1324d63,1,1,0,-1,00000000,00000000,0,PASS
42,2,q8_0,C0,3,4096,512,f361b91bfc660383,1,1,0,-1,00000000,00000000,0,PASS
42,2,q8_0,C1,3,4096,512,36aaaa69a328e07a,1,1,0,-1,00000000,00000000,0,PASS
42,2,q8_0,C2,3,4096,512,e36dde151415c0df,1,1,0,-1,00000000,00000000,0,PASS
42,2,q8_0,C3,3,4096,512,88def1ff3723ed4a,1,1,0,-1,00000000,00000000,0,PASS
42,2,q8_0,C4,3,4096,512,e34480993503b8a3,1,1,0,-1,00000000,00000000,0,PASS
42,2,q8_0,C0,4,4096,512,0e5df645d4a90383,1,1,0,-1,00000000,00000000,0,PASS
42,2,q8_0,C1,4,4096,512,cb611474e6bf1763,1,1,0,-1,00000000,00000000,0,PASS
42,2,q8_0,C2,4,4096,512,a668df01d5618865,1,1,0,-1,00000000,00000000,0,PASS
42,2,q8_0,C3,4,4096,512,93c3dc050303b2fe,1,1,0,-1,00000000,00000000,0,PASS
42,2,q8_0,C4,4,4096,512,04144d081eb41f66,1,1,0,-1,00000000,00000000,0,PASS
42,2,q8_0,C0,5,4096,512,649de072acec0383,1,1,0,-1,00000000,00000000,0,PASS
42,2,q8_0,C1,5,4096,512,7d3627c9d35592aa,1,1,0,-1,00000000,00000000,0,PASS
42,2,q8_0,C2,5,4096,512,d13581044f3dfab0,1,1,0,-1,00000000,00000000,0,PASS
42,2,q8_0,C3,5,4096,512,8c7ed71a5988db7f,1,1,0,-1,00000000,00000000,0,PASS
42,2,q8_0,C4,5,4096,512,9ca02a032bb24fc6,1,1,0,-1,00000000,00000000,0,PASS
42,2,q8_0,C0,6,4096,512,a7e477a2852f0383,1,1,0,-1,00000000,00000000,0,PASS
42,2,q8_0,C1,6,4096,512,a8f5fc63ca83b793,1,1,0,-1,00000000,00000000,0,PASS
42,2,q8_0,C2,6,4096,512,2e2a6a2802a71ed0,1,1,0,-1,00000000,00000000,0,PASS
42,2,q8_0,C3,6,4096,512,5170281ac69058f1,1,1,0,-1,00000000,00000000,0,PASS
42,2,q8_0,C4,6,4096,512,e725a82e9783c012,1,1,0,-1,00000000,00000000,0,PASS
42,2,q8_0,C0,7,4096,512,89f4bbd55d720383,1,1,0,-1,00000000,00000000,0,PASS
42,2,q8_0,C1,7,4096,512,8a1e5e5f2f1ad85a,1,1,0,-1,00000000,00000000,0,PASS
42,2,q8_0,C2,7,4096,512,38cba9f3d15ed87c,1,1,0,-1,00000000,00000000,0,PASS
42,2,q8_0,C3,7,4096,512,9afca2314202edc0,1,1,0,-1,00000000,00000000,0,PASS
42,2,q8_0,C4,7,4096,512,a56d33ae4c8c775a,1,1,0,-1,00000000,00000000,0,PASS
42,2,q8_0,C0,8,4096,512,bc91ad0b35b50383,1,1,0,-1,00000000,00000000,0,PASS
42,2,q8_0,C1,8,4096,512,b049445697c9a5c3,1,1,0,-1,00000000,00000000,0,PASS
42,2,q8_0,C2,8,4096,512,7efc99aea35888c7,1,1,0,-1,00000000,00000000,0,PASS
42,2,q8_0,C3,8,4096,512,bf89bdc2e11b2dad,1,1,0,-1,00000000,00000000,0,PASS
42,2,q8_0,C4,8,4096,512,d8f79ecae2861f1f,1,1,0,-1,00000000,00000000,0,PASS
42,3,q8_0,C0,2,1024,32768,66a385207fbe8383,1,1,0,-1,00000000,00000000,0,PASS
42,3,q8_0,C1,2,1024,32768,ea4b97e88c182db3,1,1,0,-1,00000000,00000000,0,PASS
42,3,q8_0,C2,2,1024,32768,70800d37477b9cc9,1,1,0,-1,00000000,00000000,0,PASS
42,3,q8_0,C3,2,1024,32768,e2158a8fe725d5bd,1,1,0,-1,00000000,00000000,0,PASS
42,3,q8_0,C4,2,1024,32768,71e3b48a7ebcb79f,1,1,0,-1,00000000,00000000,0,PASS
42,3,q8_0,C0,3,1024,32768,09b99610cdcf4383,1,1,0,-1,00000000,00000000,0,PASS
42,3,q8_0,C1,3,1024,32768,f303d2023f54e07a,1,1,0,-1,00000000,00000000,0,PASS
42,3,q8_0,C2,3,1024,32768,17b139ff4bb1b56e,1,1,0,-1,00000000,00000000,0,PASS
42,3,q8_0,C3,3,1024,32768,fcc232939fd15ff9,1,1,0,-1,00000000,00000000,0,PASS
42,3,q8_0,C4,3,1024,32768,7684a1bb04066307,1,1,0,-1,00000000,00000000,0,PASS
42,3,q8_0,C0,4,1024,32768,a82845d14be00383,1,1,0,-1,00000000,00000000,0,PASS
42,3,q8_0,C1,4,1024,32768,829e2379d3d0d763,1,1,0,-1,00000000,00000000,0,PASS
42,3,q8_0,C2,4,1024,32768,2c41771fb26e6aa4,1,1,0,-1,00000000,00000000,0,PASS
42,3,q8_0,C3,4,1024,32768,c2b07972c01bfcb8,1,1,0,-1,00000000,00000000,0,PASS
42,3,q8_0,C4,4,1024,32768,00c364baeed7cc77,1,1,0,-1,00000000,00000000,0,PASS
42,3,q8_0,C0,5,1024,32768,a536a061f9f0c383,1,1,0,-1,00000000,00000000,0,PASS
42,3,q8_0,C1,5,1024,32768,cd5cb4a48887d2aa,1,1,0,-1,00000000,00000000,0,PASS
42,3,q8_0,C2,5,1024,32768,fe68e9da3c4fa0b4,1,1,0,-1,00000000,00000000,0,PASS
42,3,q8_0,C3,5,1024,32768,fdca228ddb4818c5,1,1,0,-1,00000000,00000000,0,PASS
42,3,q8_0,C4,5,1024,32768,85d67414a04db337,1,1,0,-1,00000000,00000000,0,PASS
42,3,q8_0,C0,6,1024,32768,e72bb1c2d8018383,1,1,0,-1,00000000,00000000,0,PASS
42,3,q8_0,C1,6,1024,32768,606b07352f77b793,1,1,0,-1,00000000,00000000,0,PASS
42,3,q8_0,C2,6,1024,32768,aac88d06cc8d8c24,1,1,0,-1,00000000,00000000,0,PASS
42,3,q8_0,C3,6,1024,32768,3c37050b133d8865,1,1,0,-1,00000000,00000000,0,PASS
42,3,q8_0,C4,6,1024,32768,90a3e3c502279c0a,1,1,0,-1,00000000,00000000,0,PASS
42,3,q8_0,C0,7,1024,32768,d74e85f3e6124383,1,1,0,-1,00000000,00000000,0,PASS
42,3,q8_0,C1,7,1024,32768,0680c4d6b6eb585a,1,1,0,-1,00000000,00000000,0,PASS
42,3,q8_0,C2,7,1024,32768,68aeccecb4841b1a,1,1,0,-1,00000000,00000000,0,PASS
42,3,q8_0,C3,7,1024,32768,6345171796ce661c,1,1,0,-1,00000000,00000000,0,PASS
42,3,q8_0,C4,7,1024,32768,e3547e032da9e62a,1,1,0,-1,00000000,00000000,0,PASS
42,3,q8_0,C0,8,1024,32768,61e628f524230383,1,1,0,-1,00000000,00000000,0,PASS
42,3,q8_0,C1,8,1024,32768,f5568f1793b7e5c3,1,1,0,-1,00000000,00000000,0,PASS
42,3,q8_0,C2,8,1024,32768,f510f9a7c42e2707,1,1,0,-1,00000000,00000000,0,PASS
42,3,q8_0,C3,8,1024,32768,526bee21d2e0fb87,1,1,0,-1,00000000,00000000,0,PASS
42,3,q8_0,C4,8,1024,32768,bb27994fbd6c0dde,1,1,0,-1,00000000,00000000,0,PASS
42,4,q8_0,C0,2,8192,4096,0e5df645d4a90383,1,1,0,-1,00000000,00000000,0,PASS
42,4,q8_0,C1,2,8192,4096,a7596f63ea26adb3,1,1,0,-1,00000000,00000000,0,PASS
42,4,q8_0,C2,2,8192,4096,6024392d967b7573,1,1,0,-1,00000000,00000000,0,PASS
42,4,q8_0,C3,2,8192,4096,87e5e5edcd4c8e39,1,1,0,-1,00000000,00000000,0,PASS
42,4,q8_0,C4,2,8192,4096,756a42230c87de66,1,1,0,-1,00000000,00000000,0,PASS
42,4,q8_0,C0,3,8192,4096,a7e477a2852f0383,1,1,0,-1,00000000,00000000,0,PASS
42,4,q8_0,C1,3,8192,4096,40f463593d98e07a,1,1,0,-1,00000000,00000000,0,PASS
42,4,q8_0,C2,3,8192,4096,6bda8fe4c61d0fba,1,1,0,-1,00000000,00000000,0,PASS
42,4,q8_0,C3,3,8192,4096,c13fcdee4dea6a0a,1,1,0,-1,00000000,00000000,0,PASS
42,4,q8_0,C4,3,8192,4096,7ef18a95c50f9806,1,1,0,-1,00000000,00000000,0,PASS
42,4,q8_0,C0,4,8192,4096,bc91ad0b35b50383,1,1,0,-1,00000000,00000000,0,PASS
42,4,q8_0,C1,4,8192,4096,1e7b80deb5521763,1,1,0,-1,00000000,00000000,0,PASS
42,4,q8_0,C2,4,8192,4096,95646a8ebd044b5d,1,1,0,-1,00000000,00000000,0,PASS
42,4,q8_0,C3,4,8192,4096,f8468a64f2dd7c34,1,1,0,-1,00000000,00000000,0,PASS
42,4,q8_0,C4,4,8192,4096,7b7263e3adedcd6f,1,1,0,-1,00000000,00000000,0,PASS
42,4,q8_0,C0,5,8192,4096,da7d967fe63b0383,1,1,0,-1,00000000,00000000,0,PASS
42,4,q8_0,C1,5,8192,4096,2439109c971292aa,1,1,0,-1,00000000,00000000,0,PASS
42,4,q8_0,C2,5,8192,4096,ac7103964b5c796d,1,1,0,-1,00000000,00000000,0,PASS
42,4,q8_0,C3,5,8192,4096,916bd4d9b464b2d2,1,1,0,-1,00000000,00000000,0,PASS
42,4,q8_0,C4,5,8192,4096,84cd276f9ee09557,1,1,0,-1,00000000,00000000,0,PASS
42,4,q8_0,C0,6,8192,4096,8fc0340096c10383,1,1,0,-1,00000000,00000000,0,PASS
42,4,q8_0,C1,6,8192,4096,6b7fdec3ae93b793,1,1,0,-1,00000000,00000000,0,PASS
42,4,q8_0,C2,6,8192,4096,158880dca80356a5,1,1,0,-1,00000000,00000000,0,PASS
42,4,q8_0,C3,6,8192,4096,5f58051555df8d65,1,1,0,-1,00000000,00000000,0,PASS
42,4,q8_0,C4,6,8192,4096,6fb2cac120b4a24e,1,1,0,-1,00000000,00000000,0,PASS
42,4,q8_0,C0,7,8192,4096,6a71858d47470383,1,1,0,-1,00000000,00000000,0,PASS
42,4,q8_0,C1,7,8192,4096,665eaf56fa04d85a,1,1,0,-1,00000000,00000000,0,PASS
42,4,q8_0,C2,7,8192,4096,d0efefe3fcd897e2,1,1,0,-1,00000000,00000000,0,PASS
42,4,q8_0,C3,7,8192,4096,a2a23e1486bed9f8,1,1,0,-1,00000000,00000000,0,PASS
42,4,q8_0,C4,7,8192,4096,90b943a9e7d55d36,1,1,0,-1,00000000,00000000,0,PASS
42,4,q8_0,C0,8,8192,4096,f8a98b25f7cd0383,1,1,0,-1,00000000,00000000,0,PASS
42,4,q8_0,C1,8,8192,4096,c26c1a6b3d36a5c3,1,1,0,-1,00000000,00000000,0,PASS
42,4,q8_0,C2,8,8192,4096,95ac06e3a54b4ef2,1,1,0,-1,00000000,00000000,0,PASS
42,4,q8_0,C3,8,8192,4096,ef5c31ae1a87cf82,1,1,0,-1,00000000,00000000,0,PASS
42,4,q8_0,C4,8,8192,4096,3da45e1f8a9f3b1f,1,1,0,-1,00000000,00000000,0,PASS
42,5,f16,C0,2,16384,24,bc91ad0b35b50383,1,1,0,-1,00000000,00000000,0,PASS
42,5,f16,C1,2,16384,24,5dc3d7543112adb3,1,1,0,-1,00000000,00000000,0,PASS
42,5,f16,C2,2,16384,24,2182d4551e4fe2a3,1,1,0,-1,00000000,00000000,0,PASS
42,5,f16,C3,2,16384,24,39e7695e56dee73c,1,1,0,-1,00000000,00000000,0,PASS
42,5,f16,C4,2,16384,24,b25fa2af1f4d979f,1,1,0,-1,00000000,00000000,0,PASS
42,5,f16,C0,3,16384,24,8fc0340096c10383,1,1,0,-1,00000000,00000000,0,PASS
42,5,f16,C1,3,16384,24,b7a628de7278e07a,1,1,0,-1,00000000,00000000,0,PASS
42,5,f16,C2,3,16384,24,05a69f75d2d8e36d,1,1,0,-1,00000000,00000000,0,PASS
42,5,f16,C3,3,16384,24,ff2bcd58baec8afd,1,1,0,-1,00000000,00000000,0,PASS
42,5,f16,C4,3,16384,24,f5166e1daf6a5307,1,1,0,-1,00000000,00000000,0,PASS
42,5,f16,C0,4,16384,24,f8a98b25f7cd0383,1,1,0,-1,00000000,00000000,0,PASS
42,5,f16,C1,4,16384,24,6dd2f6a152781763,1,1,0,-1,00000000,00000000,0,PASS
42,5,f16,C2,4,16384,24,03b1a534c5b2c557,1,1,0,-1,00000000,00000000,0,PASS
42,5,f16,C3,4,16384,24,b8190c8dfff81e21,1,1,0,-1,00000000,00000000,0,PASS
42,5,f16,C4,4,16384,24,77f735b69bbdcc77,1,1,0,-1,00000000,00000000,0,PASS
42,5,f16,C0,5,16384,24,680db27b58d90383,1,1,0,-1,00000000,00000000,0,PASS
42,5,f16,C1,5,16384,24,849b32211e8c92aa,1,1,0,-1,00000000,00000000,0,PASS
42,5,f16,C2,5,16384,24,5c63d5b6c8cd0fe7,1,1,0,-1,00000000,00000000,0,PASS
42,5,f16,C3,5,16384,24,0063c84eaf92584b,1,1,0,-1,00000000,00000000,0,PASS
42,5,f16,C4,5,16384,24,afa0291542a0c337,1,1,0,-1,00000000,00000000,0,PASS
42,5,f16,C0,6,16384,24,4eacaa00b9e50383,1,1,0,-1,00000000,00000000,0,PASS
42,5,f16,C1,6,16384,24,aa9ab88976b3b793,1,1,0,-1,00000000,00000000,0,PASS
42,5,f16,C2,6,16384,24,7492baf760eee0bc,1,1,0,-1,00000000,00000000,0,PASS
42,5,f16,C3,6,16384,24,9bc9d1f30ffb0174,1,1,0,-1,00000000,00000000,0,PASS
42,5,f16,C4,6,16384,24,f28d61a32b65fc0a,1,1,0,-1,00000000,00000000,0,PASS
42,5,f16,C0,7,16384,24,1d4671b61af10383,1,1,0,-1,00000000,00000000,0,PASS
42,5,f16,C1,7,16384,24,3a7a16ba8fd8d85a,1,1,0,-1,00000000,00000000,0,PASS
42,5,f16,C2,7,16384,24,711aa99ced25a706,1,1,0,-1,00000000,00000000,0,PASS
42,5,f16,C3,7,16384,24,6bd826334f51e1ae,1,1,0,-1,00000000,00000000,0,PASS
42,5,f16,C4,7,16384,24,6441aebc43e8962a,1,1,0,-1,00000000,00000000,0,PASS
42,5,f16,C0,8,16384,24,449b099b7bfd0383,1,1,0,-1,00000000,00000000,0,PASS
42,5,f16,C1,8,16384,24,80cdba4d8810a5c3,1,1,0,-1,00000000,00000000,0,PASS
42,5,f16,C2,8,16384,24,af28154ffb9ea876,1,1,0,-1,00000000,00000000,0,PASS
42,5,f16,C3,8,16384,24,d668f6c3688eae17,1,1,0,-1,00000000,00000000,0,PASS
42,5,f16,C4,8,16384,24,9e50fb1212e9adde,1,1,0,-1,00000000,00000000,0,PASS
42,6,f16,C0,2,4096,256,61e628f524230383,1,1,0,-1,00000000,00000000,0,PASS
42,6,f16,C1,2,4096,256,f3458625c6b0adb3,1,1,0,-1,00000000,00000000,0,PASS
42,6,f16,C2,2,4096,256,eaa8b46e71e992b4,1,1,0,-1,00000000,00000000,0,PASS
42,6,f16,C3,2,4096,256,06a98126a196296a,1,1,0,-1,00000000,00000000,0,PASS
42,6,f16,C4,2,4096,256,4712e9c2b1324d63,1,1,0,-1,00000000,00000000,0,PASS
42,6,f16,C0,3,4096,256,f361b91bfc660383,1,1,0,-1,00000000,00000000,0,PASS
42,6,f16,C1,3,4096,256,36aaaa69a328e07a,1,1,0,-1,00000000,00000000,0,PASS
42,6,f16,C2,3,4096,256,e36dde151415c0df,1,1,0,-1,00000000,00000000,0,PASS
42,6,f16,C3,3,4096,256,149ed3ce9ae80b13,1,1,0,-1,00000000,00000000,0,PASS
42,6,f16,C4,3,4096,256,e34480993503b8a3,1,1,0,-1,00000000,00000000,0,PASS
42,6,f16,C0,4,4096,256,0e5df645d4a90383,1,1,0,-1,00000000,00000000,0,PASS
42,6,f16,C1,4,4096,256,cb611474e6bf1763,1,1,0,-1,00000000,00000000,0,PASS
42,6,f16,C2,4,4096,256,a668df01d5618865,1,1,0,-1,00000000,00000000,0,PASS
42,6,f16,C3,4,4096,256,2ca5771cd2973f2d,1,1,0,-1,00000000,00000000,0,PASS
42,6,f16,C4,4,4096,256,04144d081eb41f66,1,1,0,-1,00000000,00000000,0,PASS
42,6,f16,C0,5,4096,256,649de072acec0383,1,1,0,-1,00000000,00000000,0,PASS
42,6,f16,C1,5,4096,256,7d3627c9d35592aa,1,1,0,-1,00000000,00000000,0,PASS
42,6,f16,C2,5,4096,256,d13581044f3dfab0,1,1,0,-1,00000000,00000000,0,PASS
42,6,f16,C3,5,4096,256,0f65cfce6d69e24f,1,1,0,-1,00000000,00000000,0,PASS
42,6,f16,C4,5,4096,256,9ca02a032bb24fc6,1,1,0,-1,00000000,00000000,0,PASS
42,6,f16,C0,6,4096,256,a7e477a2852f0383,1,1,0,-1,00000000,00000000,0,PASS
42,6,f16,C1,6,4096,256,a8f5fc63ca83b793,1,1,0,-1,00000000,00000000,0,PASS
42,6,f16,C2,6,4096,256,2e2a6a2802a71ed0,1,1,0,-1,00000000,00000000,0,PASS
42,6,f16,C3,6,4096,256,074e2e1b62a9e08c,1,1,0,-1,00000000,00000000,0,PASS
42,6,f16,C4,6,4096,256,e725a82e9783c012,1,1,0,-1,00000000,00000000,0,PASS
42,6,f16,C0,7,4096,256,89f4bbd55d720383,1,1,0,-1,00000000,00000000,0,PASS
42,6,f16,C1,7,4096,256,8a1e5e5f2f1ad85a,1,1,0,-1,00000000,00000000,0,PASS
42,6,f16,C2,7,4096,256,38cba9f3d15ed87c,1,1,0,-1,00000000,00000000,0,PASS
42,6,f16,C3,7,4096,256,d5c4a2e81f3e1851,1,1,0,-1,00000000,00000000,0,PASS
42,6,f16,C4,7,4096,256,a56d33ae4c8c775a,1,1,0,-1,00000000,00000000,0,PASS
42,6,f16,C0,8,4096,256,bc91ad0b35b50383,1,1,0,-1,00000000,00000000,0,PASS
42,6,f16,C1,8,4096,256,b049445697c9a5c3,1,1,0,-1,00000000,00000000,0,PASS
42,6,f16,C2,8,4096,256,7efc99aea35888c7,1,1,0,-1,00000000,00000000,0,PASS
42,6,f16,C3,8,4096,256,bb41f35d2ba553bb,1,1,0,-1,00000000,00000000,0,PASS
42,6,f16,C4,8,4096,256,d8f79ecae2861f1f,1,1,0,-1,00000000,00000000,0,PASS
